pk_data,dt_data,dia,mes,ano,trimestre,dia_da_semana,is_final_de_semana
1,2000-01-01,1,1,2000,1,6,True
2,2000-01-02,2,1,2000,1,0,True
3,2000-01-03,3,1,2000,1,1,False
4,2000-01-04,4,1,2000,1,2,False
5,2000-01-05,5,1,2000,1,3,False
6,2000-01-06,6,1,2000,1,4,False
7,2000-01-07,7,1,2000,1,5,False
8,2000-01-08,8,1,2000,1,6,True
9,2000-01-09,9,1,2000,1,0,True
10,2000-01-10,10,1,2000,1,1,False
11,2000-01-11,11,1,2000,1,2,False
12,2000-01-12,12,1,2000,1,3,False
13,2000-01-13,13,1,2000,1,4,False
14,2000-01-14,14,1,2000,1,5,False
15,2000-01-15,15,1,2000,1,6,True
16,2000-01-16,16,1,2000,1,0,True
17,2000-01-17,17,1,2000,1,1,False
18,2000-01-18,18,1,2000,1,2,False
19,2000-01-19,19,1,2000,1,3,False
20,2000-01-20,20,1,2000,1,4,False
21,2000-01-21,21,1,2000,1,5,False
22,2000-01-22,22,1,2000,1,6,True
23,2000-01-23,23,1,2000,1,0,True
24,2000-01-24,24,1,2000,1,1,False
25,2000-01-25,25,1,2000,1,2,False
26,2000-01-26,26,1,2000,1,3,False
27,2000-01-27,27,1,2000,1,4,False
28,2000-01-28,28,1,2000,1,5,False
29,2000-01-29,29,1,2000,1,6,True
30,2000-01-30,30,1,2000,1,0,True
31,2000-01-31,31,1,2000,1,1,False
32,2000-02-01,1,2,2000,1,2,False
33,2000-02-02,2,2,2000,1,3,False
34,2000-02-03,3,2,2000,1,4,False
35,2000-02-04,4,2,2000,1,5,False
36,2000-02-05,5,2,2000,1,6,True
37,2000-02-06,6,2,2000,1,0,True
38,2000-02-07,7,2,2000,1,1,False
39,2000-02-08,8,2,2000,1,2,False
40,2000-02-09,9,2,2000,1,3,False
41,2000-02-10,10,2,2000,1,4,False
42,2000-02-11,11,2,2000,1,5,False
43,2000-02-12,12,2,2000,1,6,True
44,2000-02-13,13,2,2000,1,0,True
45,2000-02-14,14,2,2000,1,1,False
46,2000-02-15,15,2,2000,1,2,False
47,2000-02-16,16,2,2000,1,3,False
48,2000-02-17,17,2,2000,1,4,False
49,2000-02-18,18,2,2000,1,5,False
50,2000-02-19,19,2,2000,1,6,True
51,2000-02-20,20,2,2000,1,0,True
52,2000-02-21,21,2,2000,1,1,False
53,2000-02-22,22,2,2000,1,2,False
54,2000-02-23,23,2,2000,1,3,False
55,2000-02-24,24,2,2000,1,4,False
56,2000-02-25,25,2,2000,1,5,False
57,2000-02-26,26,2,2000,1,6,True
58,2000-02-27,27,2,2000,1,0,True
59,2000-02-28,28,2,2000,1,1,False
60,2000-02-29,29,2,2000,1,2,False
61,2000-03-01,1,3,2000,1,3,False
62,2000-03-02,2,3,2000,1,4,False
63,2000-03-03,3,3,2000,1,5,False
64,2000-03-04,4,3,2000,1,6,True
65,2000-03-05,5,3,2000,1,0,True
66,2000-03-06,6,3,2000,1,1,False
67,2000-03-07,7,3,2000,1,2,False
68,2000-03-08,8,3,2000,1,3,False
69,2000-03-09,9,3,2000,1,4,False
70,2000-03-10,10,3,2000,1,5,False
71,2000-03-11,11,3,2000,1,6,True
72,2000-03-12,12,3,2000,1,0,True
73,2000-03-13,13,3,2000,1,1,False
74,2000-03-14,14,3,2000,1,2,False
75,2000-03-15,15,3,2000,1,3,False
76,2000-03-16,16,3,2000,1,4,False
77,2000-03-17,17,3,2000,1,5,False
78,2000-03-18,18,3,2000,1,6,True
79,2000-03-19,19,3,2000,1,0,True
80,2000-03-20,20,3,2000,1,1,False
81,2000-03-21,21,3,2000,1,2,False
82,2000-03-22,22,3,2000,1,3,False
83,2000-03-23,23,3,2000,1,4,False
84,2000-03-24,24,3,2000,1,5,False
85,2000-03-25,25,3,2000,1,6,True
86,2000-03-26,26,3,2000,1,0,True
87,2000-03-27,27,3,2000,1,1,False
88,2000-03-28,28,3,2000,1,2,False
89,2000-03-29,29,3,2000,1,3,False
90,2000-03-30,30,3,2000,1,4,False
91,2000-03-31,31,3,2000,1,5,False
92,2000-04-01,1,4,2000,2,6,True
93,2000-04-02,2,4,2000,2,0,True
94,2000-04-03,3,4,2000,2,1,False
95,2000-04-04,4,4,2000,2,2,False
96,2000-04-05,5,4,2000,2,3,False
97,2000-04-06,6,4,2000,2,4,False
98,2000-04-07,7,4,2000,2,5,False
99,2000-04-08,8,4,2000,2,6,True
100,2000-04-09,9,4,2000,2,0,True
101,2000-04-10,10,4,2000,2,1,False
102,2000-04-11,11,4,2000,2,2,False
103,2000-04-12,12,4,2000,2,3,False
104,2000-04-13,13,4,2000,2,4,False
105,2000-04-14,14,4,2000,2,5,False
106,2000-04-15,15,4,2000,2,6,True
107,2000-04-16,16,4,2000,2,0,True
108,2000-04-17,17,4,2000,2,1,False
109,2000-04-18,18,4,2000,2,2,False
110,2000-04-19,19,4,2000,2,3,False
111,2000-04-20,20,4,2000,2,4,False
112,2000-04-21,21,4,2000,2,5,False
113,2000-04-22,22,4,2000,2,6,True
114,2000-04-23,23,4,2000,2,0,True
115,2000-04-24,24,4,2000,2,1,False
116,2000-04-25,25,4,2000,2,2,False
117,2000-04-26,26,4,2000,2,3,False
118,2000-04-27,27,4,2000,2,4,False
119,2000-04-28,28,4,2000,2,5,False
120,2000-04-29,29,4,2000,2,6,True
121,2000-04-30,30,4,2000,2,0,True
122,2000-05-01,1,5,2000,2,1,False
123,2000-05-02,2,5,2000,2,2,False
124,2000-05-03,3,5,2000,2,3,False
125,2000-05-04,4,5,2000,2,4,False
126,2000-05-05,5,5,2000,2,5,False
127,2000-05-06,6,5,2000,2,6,True
128,2000-05-07,7,5,2000,2,0,True
129,2000-05-08,8,5,2000,2,1,False
130,2000-05-09,9,5,2000,2,2,False
131,2000-05-10,10,5,2000,2,3,False
132,2000-05-11,11,5,2000,2,4,False
133,2000-05-12,12,5,2000,2,5,False
134,2000-05-13,13,5,2000,2,6,True
135,2000-05-14,14,5,2000,2,0,True
136,2000-05-15,15,5,2000,2,1,False
137,2000-05-16,16,5,2000,2,2,False
138,2000-05-17,17,5,2000,2,3,False
139,2000-05-18,18,5,2000,2,4,False
140,2000-05-19,19,5,2000,2,5,False
141,2000-05-20,20,5,2000,2,6,True
142,2000-05-21,21,5,2000,2,0,True
143,2000-05-22,22,5,2000,2,1,False
144,2000-05-23,23,5,2000,2,2,False
145,2000-05-24,24,5,2000,2,3,False
146,2000-05-25,25,5,2000,2,4,False
147,2000-05-26,26,5,2000,2,5,False
148,2000-05-27,27,5,2000,2,6,True
149,2000-05-28,28,5,2000,2,0,True
150,2000-05-29,29,5,2000,2,1,False
151,2000-05-30,30,5,2000,2,2,False
152,2000-05-31,31,5,2000,2,3,False
153,2000-06-01,1,6,2000,2,4,False
154,2000-06-02,2,6,2000,2,5,False
155,2000-06-03,3,6,2000,2,6,True
156,2000-06-04,4,6,2000,2,0,True
157,2000-06-05,5,6,2000,2,1,False
158,2000-06-06,6,6,2000,2,2,False
159,2000-06-07,7,6,2000,2,3,False
160,2000-06-08,8,6,2000,2,4,False
161,2000-06-09,9,6,2000,2,5,False
162,2000-06-10,10,6,2000,2,6,True
163,2000-06-11,11,6,2000,2,0,True
164,2000-06-12,12,6,2000,2,1,False
165,2000-06-13,13,6,2000,2,2,False
166,2000-06-14,14,6,2000,2,3,False
167,2000-06-15,15,6,2000,2,4,False
168,2000-06-16,16,6,2000,2,5,False
169,2000-06-17,17,6,2000,2,6,True
170,2000-06-18,18,6,2000,2,0,True
171,2000-06-19,19,6,2000,2,1,False
172,2000-06-20,20,6,2000,2,2,False
173,2000-06-21,21,6,2000,2,3,False
174,2000-06-22,22,6,2000,2,4,False
175,2000-06-23,23,6,2000,2,5,False
176,2000-06-24,24,6,2000,2,6,True
177,2000-06-25,25,6,2000,2,0,True
178,2000-06-26,26,6,2000,2,1,False
179,2000-06-27,27,6,2000,2,2,False
180,2000-06-28,28,6,2000,2,3,False
181,2000-06-29,29,6,2000,2,4,False
182,2000-06-30,30,6,2000,2,5,False
183,2000-07-01,1,7,2000,3,6,True
184,2000-07-02,2,7,2000,3,0,True
185,2000-07-03,3,7,2000,3,1,False
186,2000-07-04,4,7,2000,3,2,False
187,2000-07-05,5,7,2000,3,3,False
188,2000-07-06,6,7,2000,3,4,False
189,2000-07-07,7,7,2000,3,5,False
190,2000-07-08,8,7,2000,3,6,True
191,2000-07-09,9,7,2000,3,0,True
192,2000-07-10,10,7,2000,3,1,False
193,2000-07-11,11,7,2000,3,2,False
194,2000-07-12,12,7,2000,3,3,False
195,2000-07-13,13,7,2000,3,4,False
196,2000-07-14,14,7,2000,3,5,False
197,2000-07-15,15,7,2000,3,6,True
198,2000-07-16,16,7,2000,3,0,True
199,2000-07-17,17,7,2000,3,1,False
200,2000-07-18,18,7,2000,3,2,False
201,2000-07-19,19,7,2000,3,3,False
202,2000-07-20,20,7,2000,3,4,False
203,2000-07-21,21,7,2000,3,5,False
204,2000-07-22,22,7,2000,3,6,True
205,2000-07-23,23,7,2000,3,0,True
206,2000-07-24,24,7,2000,3,1,False
207,2000-07-25,25,7,2000,3,2,False
208,2000-07-26,26,7,2000,3,3,False
209,2000-07-27,27,7,2000,3,4,False
210,2000-07-28,28,7,2000,3,5,False
211,2000-07-29,29,7,2000,3,6,True
212,2000-07-30,30,7,2000,3,0,True
213,2000-07-31,31,7,2000,3,1,False
214,2000-08-01,1,8,2000,3,2,False
215,2000-08-02,2,8,2000,3,3,False
216,2000-08-03,3,8,2000,3,4,False
217,2000-08-04,4,8,2000,3,5,False
218,2000-08-05,5,8,2000,3,6,True
219,2000-08-06,6,8,2000,3,0,True
220,2000-08-07,7,8,2000,3,1,False
221,2000-08-08,8,8,2000,3,2,False
222,2000-08-09,9,8,2000,3,3,False
223,2000-08-10,10,8,2000,3,4,False
224,2000-08-11,11,8,2000,3,5,False
225,2000-08-12,12,8,2000,3,6,True
226,2000-08-13,13,8,2000,3,0,True
227,2000-08-14,14,8,2000,3,1,False
228,2000-08-15,15,8,2000,3,2,False
229,2000-08-16,16,8,2000,3,3,False
230,2000-08-17,17,8,2000,3,4,False
231,2000-08-18,18,8,2000,3,5,False
232,2000-08-19,19,8,2000,3,6,True
233,2000-08-20,20,8,2000,3,0,True
234,2000-08-21,21,8,2000,3,1,False
235,2000-08-22,22,8,2000,3,2,False
236,2000-08-23,23,8,2000,3,3,False
237,2000-08-24,24,8,2000,3,4,False
238,2000-08-25,25,8,2000,3,5,False
239,2000-08-26,26,8,2000,3,6,True
240,2000-08-27,27,8,2000,3,0,True
241,2000-08-28,28,8,2000,3,1,False
242,2000-08-29,29,8,2000,3,2,False
243,2000-08-30,30,8,2000,3,3,False
244,2000-08-31,31,8,2000,3,4,False
245,2000-09-01,1,9,2000,3,5,False
246,2000-09-02,2,9,2000,3,6,True
247,2000-09-03,3,9,2000,3,0,True
248,2000-09-04,4,9,2000,3,1,False
249,2000-09-05,5,9,2000,3,2,False
250,2000-09-06,6,9,2000,3,3,False
251,2000-09-07,7,9,2000,3,4,False
252,2000-09-08,8,9,2000,3,5,False
253,2000-09-09,9,9,2000,3,6,True
254,2000-09-10,10,9,2000,3,0,True
255,2000-09-11,11,9,2000,3,1,False
256,2000-09-12,12,9,2000,3,2,False
257,2000-09-13,13,9,2000,3,3,False
258,2000-09-14,14,9,2000,3,4,False
259,2000-09-15,15,9,2000,3,5,False
260,2000-09-16,16,9,2000,3,6,True
261,2000-09-17,17,9,2000,3,0,True
262,2000-09-18,18,9,2000,3,1,False
263,2000-09-19,19,9,2000,3,2,False
264,2000-09-20,20,9,2000,3,3,False
265,2000-09-21,21,9,2000,3,4,False
266,2000-09-22,22,9,2000,3,5,False
267,2000-09-23,23,9,2000,3,6,True
268,2000-09-24,24,9,2000,3,0,True
269,2000-09-25,25,9,2000,3,1,False
270,2000-09-26,26,9,2000,3,2,False
271,2000-09-27,27,9,2000,3,3,False
272,2000-09-28,28,9,2000,3,4,False
273,2000-09-29,29,9,2000,3,5,False
274,2000-09-30,30,9,2000,3,6,True
275,2000-10-01,1,10,2000,4,0,True
276,2000-10-02,2,10,2000,4,1,False
277,2000-10-03,3,10,2000,4,2,False
278,2000-10-04,4,10,2000,4,3,False
279,2000-10-05,5,10,2000,4,4,False
280,2000-10-06,6,10,2000,4,5,False
281,2000-10-07,7,10,2000,4,6,True
282,2000-10-08,8,10,2000,4,0,True
283,2000-10-09,9,10,2000,4,1,False
284,2000-10-10,10,10,2000,4,2,False
285,2000-10-11,11,10,2000,4,3,False
286,2000-10-12,12,10,2000,4,4,False
287,2000-10-13,13,10,2000,4,5,False
288,2000-10-14,14,10,2000,4,6,True
289,2000-10-15,15,10,2000,4,0,True
290,2000-10-16,16,10,2000,4,1,False
291,2000-10-17,17,10,2000,4,2,False
292,2000-10-18,18,10,2000,4,3,False
293,2000-10-19,19,10,2000,4,4,False
294,2000-10-20,20,10,2000,4,5,False
295,2000-10-21,21,10,2000,4,6,True
296,2000-10-22,22,10,2000,4,0,True
297,2000-10-23,23,10,2000,4,1,False
298,2000-10-24,24,10,2000,4,2,False
299,2000-10-25,25,10,2000,4,3,False
300,2000-10-26,26,10,2000,4,4,False
301,2000-10-27,27,10,2000,4,5,False
302,2000-10-28,28,10,2000,4,6,True
303,2000-10-29,29,10,2000,4,0,True
304,2000-10-30,30,10,2000,4,1,False
305,2000-10-31,31,10,2000,4,2,False
306,2000-11-01,1,11,2000,4,3,False
307,2000-11-02,2,11,2000,4,4,False
308,2000-11-03,3,11,2000,4,5,False
309,2000-11-04,4,11,2000,4,6,True
310,2000-11-05,5,11,2000,4,0,True
311,2000-11-06,6,11,2000,4,1,False
312,2000-11-07,7,11,2000,4,2,False
313,2000-11-08,8,11,2000,4,3,False
314,2000-11-09,9,11,2000,4,4,False
315,2000-11-10,10,11,2000,4,5,False
316,2000-11-11,11,11,2000,4,6,True
317,2000-11-12,12,11,2000,4,0,True
318,2000-11-13,13,11,2000,4,1,False
319,2000-11-14,14,11,2000,4,2,False
320,2000-11-15,15,11,2000,4,3,False
321,2000-11-16,16,11,2000,4,4,False
322,2000-11-17,17,11,2000,4,5,False
323,2000-11-18,18,11,2000,4,6,True
324,2000-11-19,19,11,2000,4,0,True
325,2000-11-20,20,11,2000,4,1,False
326,2000-11-21,21,11,2000,4,2,False
327,2000-11-22,22,11,2000,4,3,False
328,2000-11-23,23,11,2000,4,4,False
329,2000-11-24,24,11,2000,4,5,False
330,2000-11-25,25,11,2000,4,6,True
331,2000-11-26,26,11,2000,4,0,True
332,2000-11-27,27,11,2000,4,1,False
333,2000-11-28,28,11,2000,4,2,False
334,2000-11-29,29,11,2000,4,3,False
335,2000-11-30,30,11,2000,4,4,False
336,2000-12-01,1,12,2000,4,5,False
337,2000-12-02,2,12,2000,4,6,True
338,2000-12-03,3,12,2000,4,0,True
339,2000-12-04,4,12,2000,4,1,False
340,2000-12-05,5,12,2000,4,2,False
341,2000-12-06,6,12,2000,4,3,False
342,2000-12-07,7,12,2000,4,4,False
343,2000-12-08,8,12,2000,4,5,False
344,2000-12-09,9,12,2000,4,6,True
345,2000-12-10,10,12,2000,4,0,True
346,2000-12-11,11,12,2000,4,1,False
347,2000-12-12,12,12,2000,4,2,False
348,2000-12-13,13,12,2000,4,3,False
349,2000-12-14,14,12,2000,4,4,False
350,2000-12-15,15,12,2000,4,5,False
351,2000-12-16,16,12,2000,4,6,True
352,2000-12-17,17,12,2000,4,0,True
353,2000-12-18,18,12,2000,4,1,False
354,2000-12-19,19,12,2000,4,2,False
355,2000-12-20,20,12,2000,4,3,False
356,2000-12-21,21,12,2000,4,4,False
357,2000-12-22,22,12,2000,4,5,False
358,2000-12-23,23,12,2000,4,6,True
359,2000-12-24,24,12,2000,4,0,True
360,2000-12-25,25,12,2000,4,1,False
361,2000-12-26,26,12,2000,4,2,False
362,2000-12-27,27,12,2000,4,3,False
363,2000-12-28,28,12,2000,4,4,False
364,2000-12-29,29,12,2000,4,5,False
365,2000-12-30,30,12,2000,4,6,True
366,2000-12-31,31,12,2000,4,0,True
367,2001-01-01,1,1,2001,1,1,False
368,2001-01-02,2,1,2001,1,2,False
369,2001-01-03,3,1,2001,1,3,False
370,2001-01-04,4,1,2001,1,4,False
371,2001-01-05,5,1,2001,1,5,False
372,2001-01-06,6,1,2001,1,6,True
373,2001-01-07,7,1,2001,1,0,True
374,2001-01-08,8,1,2001,1,1,False
375,2001-01-09,9,1,2001,1,2,False
376,2001-01-10,10,1,2001,1,3,False
377,2001-01-11,11,1,2001,1,4,False
378,2001-01-12,12,1,2001,1,5,False
379,2001-01-13,13,1,2001,1,6,True
380,2001-01-14,14,1,2001,1,0,True
381,2001-01-15,15,1,2001,1,1,False
382,2001-01-16,16,1,2001,1,2,False
383,2001-01-17,17,1,2001,1,3,False
384,2001-01-18,18,1,2001,1,4,False
385,2001-01-19,19,1,2001,1,5,False
386,2001-01-20,20,1,2001,1,6,True
387,2001-01-21,21,1,2001,1,0,True
388,2001-01-22,22,1,2001,1,1,False
389,2001-01-23,23,1,2001,1,2,False
390,2001-01-24,24,1,2001,1,3,False
391,2001-01-25,25,1,2001,1,4,False
392,2001-01-26,26,1,2001,1,5,False
393,2001-01-27,27,1,2001,1,6,True
394,2001-01-28,28,1,2001,1,0,True
395,2001-01-29,29,1,2001,1,1,False
396,2001-01-30,30,1,2001,1,2,False
397,2001-01-31,31,1,2001,1,3,False
398,2001-02-01,1,2,2001,1,4,False
399,2001-02-02,2,2,2001,1,5,False
400,2001-02-03,3,2,2001,1,6,True
401,2001-02-04,4,2,2001,1,0,True
402,2001-02-05,5,2,2001,1,1,False
403,2001-02-06,6,2,2001,1,2,False
404,2001-02-07,7,2,2001,1,3,False
405,2001-02-08,8,2,2001,1,4,False
406,2001-02-09,9,2,2001,1,5,False
407,2001-02-10,10,2,2001,1,6,True
408,2001-02-11,11,2,2001,1,0,True
409,2001-02-12,12,2,2001,1,1,False
410,2001-02-13,13,2,2001,1,2,False
411,2001-02-14,14,2,2001,1,3,False
412,2001-02-15,15,2,2001,1,4,False
413,2001-02-16,16,2,2001,1,5,False
414,2001-02-17,17,2,2001,1,6,True
415,2001-02-18,18,2,2001,1,0,True
416,2001-02-19,19,2,2001,1,1,False
417,2001-02-20,20,2,2001,1,2,False
418,2001-02-21,21,2,2001,1,3,False
419,2001-02-22,22,2,2001,1,4,False
420,2001-02-23,23,2,2001,1,5,False
421,2001-02-24,24,2,2001,1,6,True
422,2001-02-25,25,2,2001,1,0,True
423,2001-02-26,26,2,2001,1,1,False
424,2001-02-27,27,2,2001,1,2,False
425,2001-02-28,28,2,2001,1,3,False
426,2001-03-01,1,3,2001,1,4,False
427,2001-03-02,2,3,2001,1,5,False
428,2001-03-03,3,3,2001,1,6,True
429,2001-03-04,4,3,2001,1,0,True
430,2001-03-05,5,3,2001,1,1,False
431,2001-03-06,6,3,2001,1,2,False
432,2001-03-07,7,3,2001,1,3,False
433,2001-03-08,8,3,2001,1,4,False
434,2001-03-09,9,3,2001,1,5,False
435,2001-03-10,10,3,2001,1,6,True
436,2001-03-11,11,3,2001,1,0,True
437,2001-03-12,12,3,2001,1,1,False
438,2001-03-13,13,3,2001,1,2,False
439,2001-03-14,14,3,2001,1,3,False
440,2001-03-15,15,3,2001,1,4,False
441,2001-03-16,16,3,2001,1,5,False
442,2001-03-17,17,3,2001,1,6,True
443,2001-03-18,18,3,2001,1,0,True
444,2001-03-19,19,3,2001,1,1,False
445,2001-03-20,20,3,2001,1,2,False
446,2001-03-21,21,3,2001,1,3,False
447,2001-03-22,22,3,2001,1,4,False
448,2001-03-23,23,3,2001,1,5,False
449,2001-03-24,24,3,2001,1,6,True
450,2001-03-25,25,3,2001,1,0,True
451,2001-03-26,26,3,2001,1,1,False
452,2001-03-27,27,3,2001,1,2,False
453,2001-03-28,28,3,2001,1,3,False
454,2001-03-29,29,3,2001,1,4,False
455,2001-03-30,30,3,2001,1,5,False
456,2001-03-31,31,3,2001,1,6,True
457,2001-04-01,1,4,2001,2,0,True
458,2001-04-02,2,4,2001,2,1,False
459,2001-04-03,3,4,2001,2,2,False
460,2001-04-04,4,4,2001,2,3,False
461,2001-04-05,5,4,2001,2,4,False
462,2001-04-06,6,4,2001,2,5,False
463,2001-04-07,7,4,2001,2,6,True
464,2001-04-08,8,4,2001,2,0,True
465,2001-04-09,9,4,2001,2,1,False
466,2001-04-10,10,4,2001,2,2,False
467,2001-04-11,11,4,2001,2,3,False
468,2001-04-12,12,4,2001,2,4,False
469,2001-04-13,13,4,2001,2,5,False
470,2001-04-14,14,4,2001,2,6,True
471,2001-04-15,15,4,2001,2,0,True
472,2001-04-16,16,4,2001,2,1,False
473,2001-04-17,17,4,2001,2,2,False
474,2001-04-18,18,4,2001,2,3,False
475,2001-04-19,19,4,2001,2,4,False
476,2001-04-20,20,4,2001,2,5,False
477,2001-04-21,21,4,2001,2,6,True
478,2001-04-22,22,4,2001,2,0,True
479,2001-04-23,23,4,2001,2,1,False
480,2001-04-24,24,4,2001,2,2,False
481,2001-04-25,25,4,2001,2,3,False
482,2001-04-26,26,4,2001,2,4,False
483,2001-04-27,27,4,2001,2,5,False
484,2001-04-28,28,4,2001,2,6,True
485,2001-04-29,29,4,2001,2,0,True
486,2001-04-30,30,4,2001,2,1,False
487,2001-05-01,1,5,2001,2,2,False
488,2001-05-02,2,5,2001,2,3,False
489,2001-05-03,3,5,2001,2,4,False
490,2001-05-04,4,5,2001,2,5,False
491,2001-05-05,5,5,2001,2,6,True
492,2001-05-06,6,5,2001,2,0,True
493,2001-05-07,7,5,2001,2,1,False
494,2001-05-08,8,5,2001,2,2,False
495,2001-05-09,9,5,2001,2,3,False
496,2001-05-10,10,5,2001,2,4,False
497,2001-05-11,11,5,2001,2,5,False
498,2001-05-12,12,5,2001,2,6,True
499,2001-05-13,13,5,2001,2,0,True
500,2001-05-14,14,5,2001,2,1,False
501,2001-05-15,15,5,2001,2,2,False
502,2001-05-16,16,5,2001,2,3,False
503,2001-05-17,17,5,2001,2,4,False
504,2001-05-18,18,5,2001,2,5,False
505,2001-05-19,19,5,2001,2,6,True
506,2001-05-20,20,5,2001,2,0,True
507,2001-05-21,21,5,2001,2,1,False
508,2001-05-22,22,5,2001,2,2,False
509,2001-05-23,23,5,2001,2,3,False
510,2001-05-24,24,5,2001,2,4,False
511,2001-05-25,25,5,2001,2,5,False
512,2001-05-26,26,5,2001,2,6,True
513,2001-05-27,27,5,2001,2,0,True
514,2001-05-28,28,5,2001,2,1,False
515,2001-05-29,29,5,2001,2,2,False
516,2001-05-30,30,5,2001,2,3,False
517,2001-05-31,31,5,2001,2,4,False
518,2001-06-01,1,6,2001,2,5,False
519,2001-06-02,2,6,2001,2,6,True
520,2001-06-03,3,6,2001,2,0,True
521,2001-06-04,4,6,2001,2,1,False
522,2001-06-05,5,6,2001,2,2,False
523,2001-06-06,6,6,2001,2,3,False
524,2001-06-07,7,6,2001,2,4,False
525,2001-06-08,8,6,2001,2,5,False
526,2001-06-09,9,6,2001,2,6,True
527,2001-06-10,10,6,2001,2,0,True
528,2001-06-11,11,6,2001,2,1,False
529,2001-06-12,12,6,2001,2,2,False
530,2001-06-13,13,6,2001,2,3,False
531,2001-06-14,14,6,2001,2,4,False
532,2001-06-15,15,6,2001,2,5,False
533,2001-06-16,16,6,2001,2,6,True
534,2001-06-17,17,6,2001,2,0,True
535,2001-06-18,18,6,2001,2,1,False
536,2001-06-19,19,6,2001,2,2,False
537,2001-06-20,20,6,2001,2,3,False
538,2001-06-21,21,6,2001,2,4,False
539,2001-06-22,22,6,2001,2,5,False
540,2001-06-23,23,6,2001,2,6,True
541,2001-06-24,24,6,2001,2,0,True
542,2001-06-25,25,6,2001,2,1,False
543,2001-06-26,26,6,2001,2,2,False
544,2001-06-27,27,6,2001,2,3,False
545,2001-06-28,28,6,2001,2,4,False
546,2001-06-29,29,6,2001,2,5,False
547,2001-06-30,30,6,2001,2,6,True
548,2001-07-01,1,7,2001,3,0,True
549,2001-07-02,2,7,2001,3,1,False
550,2001-07-03,3,7,2001,3,2,False
551,2001-07-04,4,7,2001,3,3,False
552,2001-07-05,5,7,2001,3,4,False
553,2001-07-06,6,7,2001,3,5,False
554,2001-07-07,7,7,2001,3,6,True
555,2001-07-08,8,7,2001,3,0,True
556,2001-07-09,9,7,2001,3,1,False
557,2001-07-10,10,7,2001,3,2,False
558,2001-07-11,11,7,2001,3,3,False
559,2001-07-12,12,7,2001,3,4,False
560,2001-07-13,13,7,2001,3,5,False
561,2001-07-14,14,7,2001,3,6,True
562,2001-07-15,15,7,2001,3,0,True
563,2001-07-16,16,7,2001,3,1,False
564,2001-07-17,17,7,2001,3,2,False
565,2001-07-18,18,7,2001,3,3,False
566,2001-07-19,19,7,2001,3,4,False
567,2001-07-20,20,7,2001,3,5,False
568,2001-07-21,21,7,2001,3,6,True
569,2001-07-22,22,7,2001,3,0,True
570,2001-07-23,23,7,2001,3,1,False
571,2001-07-24,24,7,2001,3,2,False
572,2001-07-25,25,7,2001,3,3,False
573,2001-07-26,26,7,2001,3,4,False
574,2001-07-27,27,7,2001,3,5,False
575,2001-07-28,28,7,2001,3,6,True
576,2001-07-29,29,7,2001,3,0,True
577,2001-07-30,30,7,2001,3,1,False
578,2001-07-31,31,7,2001,3,2,False
579,2001-08-01,1,8,2001,3,3,False
580,2001-08-02,2,8,2001,3,4,False
581,2001-08-03,3,8,2001,3,5,False
582,2001-08-04,4,8,2001,3,6,True
583,2001-08-05,5,8,2001,3,0,True
584,2001-08-06,6,8,2001,3,1,False
585,2001-08-07,7,8,2001,3,2,False
586,2001-08-08,8,8,2001,3,3,False
587,2001-08-09,9,8,2001,3,4,False
588,2001-08-10,10,8,2001,3,5,False
589,2001-08-11,11,8,2001,3,6,True
590,2001-08-12,12,8,2001,3,0,True
591,2001-08-13,13,8,2001,3,1,False
592,2001-08-14,14,8,2001,3,2,False
593,2001-08-15,15,8,2001,3,3,False
594,2001-08-16,16,8,2001,3,4,False
595,2001-08-17,17,8,2001,3,5,False
596,2001-08-18,18,8,2001,3,6,True
597,2001-08-19,19,8,2001,3,0,True
598,2001-08-20,20,8,2001,3,1,False
599,2001-08-21,21,8,2001,3,2,False
600,2001-08-22,22,8,2001,3,3,False
601,2001-08-23,23,8,2001,3,4,False
602,2001-08-24,24,8,2001,3,5,False
603,2001-08-25,25,8,2001,3,6,True
604,2001-08-26,26,8,2001,3,0,True
605,2001-08-27,27,8,2001,3,1,False
606,2001-08-28,28,8,2001,3,2,False
607,2001-08-29,29,8,2001,3,3,False
608,2001-08-30,30,8,2001,3,4,False
609,2001-08-31,31,8,2001,3,5,False
610,2001-09-01,1,9,2001,3,6,True
611,2001-09-02,2,9,2001,3,0,True
612,2001-09-03,3,9,2001,3,1,False
613,2001-09-04,4,9,2001,3,2,False
614,2001-09-05,5,9,2001,3,3,False
615,2001-09-06,6,9,2001,3,4,False
616,2001-09-07,7,9,2001,3,5,False
617,2001-09-08,8,9,2001,3,6,True
618,2001-09-09,9,9,2001,3,0,True
619,2001-09-10,10,9,2001,3,1,False
620,2001-09-11,11,9,2001,3,2,False
621,2001-09-12,12,9,2001,3,3,False
622,2001-09-13,13,9,2001,3,4,False
623,2001-09-14,14,9,2001,3,5,False
624,2001-09-15,15,9,2001,3,6,True
625,2001-09-16,16,9,2001,3,0,True
626,2001-09-17,17,9,2001,3,1,False
627,2001-09-18,18,9,2001,3,2,False
628,2001-09-19,19,9,2001,3,3,False
629,2001-09-20,20,9,2001,3,4,False
630,2001-09-21,21,9,2001,3,5,False
631,2001-09-22,22,9,2001,3,6,True
632,2001-09-23,23,9,2001,3,0,True
633,2001-09-24,24,9,2001,3,1,False
634,2001-09-25,25,9,2001,3,2,False
635,2001-09-26,26,9,2001,3,3,False
636,2001-09-27,27,9,2001,3,4,False
637,2001-09-28,28,9,2001,3,5,False
638,2001-09-29,29,9,2001,3,6,True
639,2001-09-30,30,9,2001,3,0,True
640,2001-10-01,1,10,2001,4,1,False
641,2001-10-02,2,10,2001,4,2,False
642,2001-10-03,3,10,2001,4,3,False
643,2001-10-04,4,10,2001,4,4,False
644,2001-10-05,5,10,2001,4,5,False
645,2001-10-06,6,10,2001,4,6,True
646,2001-10-07,7,10,2001,4,0,True
647,2001-10-08,8,10,2001,4,1,False
648,2001-10-09,9,10,2001,4,2,False
649,2001-10-10,10,10,2001,4,3,False
650,2001-10-11,11,10,2001,4,4,False
651,2001-10-12,12,10,2001,4,5,False
652,2001-10-13,13,10,2001,4,6,True
653,2001-10-14,14,10,2001,4,0,True
654,2001-10-15,15,10,2001,4,1,False
655,2001-10-16,16,10,2001,4,2,False
656,2001-10-17,17,10,2001,4,3,False
657,2001-10-18,18,10,2001,4,4,False
658,2001-10-19,19,10,2001,4,5,False
659,2001-10-20,20,10,2001,4,6,True
660,2001-10-21,21,10,2001,4,0,True
661,2001-10-22,22,10,2001,4,1,False
662,2001-10-23,23,10,2001,4,2,False
663,2001-10-24,24,10,2001,4,3,False
664,2001-10-25,25,10,2001,4,4,False
665,2001-10-26,26,10,2001,4,5,False
666,2001-10-27,27,10,2001,4,6,True
667,2001-10-28,28,10,2001,4,0,True
668,2001-10-29,29,10,2001,4,1,False
669,2001-10-30,30,10,2001,4,2,False
670,2001-10-31,31,10,2001,4,3,False
671,2001-11-01,1,11,2001,4,4,False
672,2001-11-02,2,11,2001,4,5,False
673,2001-11-03,3,11,2001,4,6,True
674,2001-11-04,4,11,2001,4,0,True
675,2001-11-05,5,11,2001,4,1,False
676,2001-11-06,6,11,2001,4,2,False
677,2001-11-07,7,11,2001,4,3,False
678,2001-11-08,8,11,2001,4,4,False
679,2001-11-09,9,11,2001,4,5,False
680,2001-11-10,10,11,2001,4,6,True
681,2001-11-11,11,11,2001,4,0,True
682,2001-11-12,12,11,2001,4,1,False
683,2001-11-13,13,11,2001,4,2,False
684,2001-11-14,14,11,2001,4,3,False
685,2001-11-15,15,11,2001,4,4,False
686,2001-11-16,16,11,2001,4,5,False
687,2001-11-17,17,11,2001,4,6,True
688,2001-11-18,18,11,2001,4,0,True
689,2001-11-19,19,11,2001,4,1,False
690,2001-11-20,20,11,2001,4,2,False
691,2001-11-21,21,11,2001,4,3,False
692,2001-11-22,22,11,2001,4,4,False
693,2001-11-23,23,11,2001,4,5,False
694,2001-11-24,24,11,2001,4,6,True
695,2001-11-25,25,11,2001,4,0,True
696,2001-11-26,26,11,2001,4,1,False
697,2001-11-27,27,11,2001,4,2,False
698,2001-11-28,28,11,2001,4,3,False
699,2001-11-29,29,11,2001,4,4,False
700,2001-11-30,30,11,2001,4,5,False
701,2001-12-01,1,12,2001,4,6,True
702,2001-12-02,2,12,2001,4,0,True
703,2001-12-03,3,12,2001,4,1,False
704,2001-12-04,4,12,2001,4,2,False
705,2001-12-05,5,12,2001,4,3,False
706,2001-12-06,6,12,2001,4,4,False
707,2001-12-07,7,12,2001,4,5,False
708,2001-12-08,8,12,2001,4,6,True
709,2001-12-09,9,12,2001,4,0,True
710,2001-12-10,10,12,2001,4,1,False
711,2001-12-11,11,12,2001,4,2,False
712,2001-12-12,12,12,2001,4,3,False
713,2001-12-13,13,12,2001,4,4,False
714,2001-12-14,14,12,2001,4,5,False
715,2001-12-15,15,12,2001,4,6,True
716,2001-12-16,16,12,2001,4,0,True
717,2001-12-17,17,12,2001,4,1,False
718,2001-12-18,18,12,2001,4,2,False
719,2001-12-19,19,12,2001,4,3,False
720,2001-12-20,20,12,2001,4,4,False
721,2001-12-21,21,12,2001,4,5,False
722,2001-12-22,22,12,2001,4,6,True
723,2001-12-23,23,12,2001,4,0,True
724,2001-12-24,24,12,2001,4,1,False
725,2001-12-25,25,12,2001,4,2,False
726,2001-12-26,26,12,2001,4,3,False
727,2001-12-27,27,12,2001,4,4,False
728,2001-12-28,28,12,2001,4,5,False
729,2001-12-29,29,12,2001,4,6,True
730,2001-12-30,30,12,2001,4,0,True
731,2001-12-31,31,12,2001,4,1,False
732,2002-01-01,1,1,2002,1,2,False
733,2002-01-02,2,1,2002,1,3,False
734,2002-01-03,3,1,2002,1,4,False
735,2002-01-04,4,1,2002,1,5,False
736,2002-01-05,5,1,2002,1,6,True
737,2002-01-06,6,1,2002,1,0,True
738,2002-01-07,7,1,2002,1,1,False
739,2002-01-08,8,1,2002,1,2,False
740,2002-01-09,9,1,2002,1,3,False
741,2002-01-10,10,1,2002,1,4,False
742,2002-01-11,11,1,2002,1,5,False
743,2002-01-12,12,1,2002,1,6,True
744,2002-01-13,13,1,2002,1,0,True
745,2002-01-14,14,1,2002,1,1,False
746,2002-01-15,15,1,2002,1,2,False
747,2002-01-16,16,1,2002,1,3,False
748,2002-01-17,17,1,2002,1,4,False
749,2002-01-18,18,1,2002,1,5,False
750,2002-01-19,19,1,2002,1,6,True
751,2002-01-20,20,1,2002,1,0,True
752,2002-01-21,21,1,2002,1,1,False
753,2002-01-22,22,1,2002,1,2,False
754,2002-01-23,23,1,2002,1,3,False
755,2002-01-24,24,1,2002,1,4,False
756,2002-01-25,25,1,2002,1,5,False
757,2002-01-26,26,1,2002,1,6,True
758,2002-01-27,27,1,2002,1,0,True
759,2002-01-28,28,1,2002,1,1,False
760,2002-01-29,29,1,2002,1,2,False
761,2002-01-30,30,1,2002,1,3,False
762,2002-01-31,31,1,2002,1,4,False
763,2002-02-01,1,2,2002,1,5,False
764,2002-02-02,2,2,2002,1,6,True
765,2002-02-03,3,2,2002,1,0,True
766,2002-02-04,4,2,2002,1,1,False
767,2002-02-05,5,2,2002,1,2,False
768,2002-02-06,6,2,2002,1,3,False
769,2002-02-07,7,2,2002,1,4,False
770,2002-02-08,8,2,2002,1,5,False
771,2002-02-09,9,2,2002,1,6,True
772,2002-02-10,10,2,2002,1,0,True
773,2002-02-11,11,2,2002,1,1,False
774,2002-02-12,12,2,2002,1,2,False
775,2002-02-13,13,2,2002,1,3,False
776,2002-02-14,14,2,2002,1,4,False
777,2002-02-15,15,2,2002,1,5,False
778,2002-02-16,16,2,2002,1,6,True
779,2002-02-17,17,2,2002,1,0,True
780,2002-02-18,18,2,2002,1,1,False
781,2002-02-19,19,2,2002,1,2,False
782,2002-02-20,20,2,2002,1,3,False
783,2002-02-21,21,2,2002,1,4,False
784,2002-02-22,22,2,2002,1,5,False
785,2002-02-23,23,2,2002,1,6,True
786,2002-02-24,24,2,2002,1,0,True
787,2002-02-25,25,2,2002,1,1,False
788,2002-02-26,26,2,2002,1,2,False
789,2002-02-27,27,2,2002,1,3,False
790,2002-02-28,28,2,2002,1,4,False
791,2002-03-01,1,3,2002,1,5,False
792,2002-03-02,2,3,2002,1,6,True
793,2002-03-03,3,3,2002,1,0,True
794,2002-03-04,4,3,2002,1,1,False
795,2002-03-05,5,3,2002,1,2,False
796,2002-03-06,6,3,2002,1,3,False
797,2002-03-07,7,3,2002,1,4,False
798,2002-03-08,8,3,2002,1,5,False
799,2002-03-09,9,3,2002,1,6,True
800,2002-03-10,10,3,2002,1,0,True
801,2002-03-11,11,3,2002,1,1,False
802,2002-03-12,12,3,2002,1,2,False
803,2002-03-13,13,3,2002,1,3,False
804,2002-03-14,14,3,2002,1,4,False
805,2002-03-15,15,3,2002,1,5,False
806,2002-03-16,16,3,2002,1,6,True
807,2002-03-17,17,3,2002,1,0,True
808,2002-03-18,18,3,2002,1,1,False
809,2002-03-19,19,3,2002,1,2,False
810,2002-03-20,20,3,2002,1,3,False
811,2002-03-21,21,3,2002,1,4,False
812,2002-03-22,22,3,2002,1,5,False
813,2002-03-23,23,3,2002,1,6,True
814,2002-03-24,24,3,2002,1,0,True
815,2002-03-25,25,3,2002,1,1,False
816,2002-03-26,26,3,2002,1,2,False
817,2002-03-27,27,3,2002,1,3,False
818,2002-03-28,28,3,2002,1,4,False
819,2002-03-29,29,3,2002,1,5,False
820,2002-03-30,30,3,2002,1,6,True
821,2002-03-31,31,3,2002,1,0,True
822,2002-04-01,1,4,2002,2,1,False
823,2002-04-02,2,4,2002,2,2,False
824,2002-04-03,3,4,2002,2,3,False
825,2002-04-04,4,4,2002,2,4,False
826,2002-04-05,5,4,2002,2,5,False
827,2002-04-06,6,4,2002,2,6,True
828,2002-04-07,7,4,2002,2,0,True
829,2002-04-08,8,4,2002,2,1,False
830,2002-04-09,9,4,2002,2,2,False
831,2002-04-10,10,4,2002,2,3,False
832,2002-04-11,11,4,2002,2,4,False
833,2002-04-12,12,4,2002,2,5,False
834,2002-04-13,13,4,2002,2,6,True
835,2002-04-14,14,4,2002,2,0,True
836,2002-04-15,15,4,2002,2,1,False
837,2002-04-16,16,4,2002,2,2,False
838,2002-04-17,17,4,2002,2,3,False
839,2002-04-18,18,4,2002,2,4,False
840,2002-04-19,19,4,2002,2,5,False
841,2002-04-20,20,4,2002,2,6,True
842,2002-04-21,21,4,2002,2,0,True
843,2002-04-22,22,4,2002,2,1,False
844,2002-04-23,23,4,2002,2,2,False
845,2002-04-24,24,4,2002,2,3,False
846,2002-04-25,25,4,2002,2,4,False
847,2002-04-26,26,4,2002,2,5,False
848,2002-04-27,27,4,2002,2,6,True
849,2002-04-28,28,4,2002,2,0,True
850,2002-04-29,29,4,2002,2,1,False
851,2002-04-30,30,4,2002,2,2,False
852,2002-05-01,1,5,2002,2,3,False
853,2002-05-02,2,5,2002,2,4,False
854,2002-05-03,3,5,2002,2,5,False
855,2002-05-04,4,5,2002,2,6,True
856,2002-05-05,5,5,2002,2,0,True
857,2002-05-06,6,5,2002,2,1,False
858,2002-05-07,7,5,2002,2,2,False
859,2002-05-08,8,5,2002,2,3,False
860,2002-05-09,9,5,2002,2,4,False
861,2002-05-10,10,5,2002,2,5,False
862,2002-05-11,11,5,2002,2,6,True
863,2002-05-12,12,5,2002,2,0,True
864,2002-05-13,13,5,2002,2,1,False
865,2002-05-14,14,5,2002,2,2,False
866,2002-05-15,15,5,2002,2,3,False
867,2002-05-16,16,5,2002,2,4,False
868,2002-05-17,17,5,2002,2,5,False
869,2002-05-18,18,5,2002,2,6,True
870,2002-05-19,19,5,2002,2,0,True
871,2002-05-20,20,5,2002,2,1,False
872,2002-05-21,21,5,2002,2,2,False
873,2002-05-22,22,5,2002,2,3,False
874,2002-05-23,23,5,2002,2,4,False
875,2002-05-24,24,5,2002,2,5,False
876,2002-05-25,25,5,2002,2,6,True
877,2002-05-26,26,5,2002,2,0,True
878,2002-05-27,27,5,2002,2,1,False
879,2002-05-28,28,5,2002,2,2,False
880,2002-05-29,29,5,2002,2,3,False
881,2002-05-30,30,5,2002,2,4,False
882,2002-05-31,31,5,2002,2,5,False
883,2002-06-01,1,6,2002,2,6,True
884,2002-06-02,2,6,2002,2,0,True
885,2002-06-03,3,6,2002,2,1,False
886,2002-06-04,4,6,2002,2,2,False
887,2002-06-05,5,6,2002,2,3,False
888,2002-06-06,6,6,2002,2,4,False
889,2002-06-07,7,6,2002,2,5,False
890,2002-06-08,8,6,2002,2,6,True
891,2002-06-09,9,6,2002,2,0,True
892,2002-06-10,10,6,2002,2,1,False
893,2002-06-11,11,6,2002,2,2,False
894,2002-06-12,12,6,2002,2,3,False
895,2002-06-13,13,6,2002,2,4,False
896,2002-06-14,14,6,2002,2,5,False
897,2002-06-15,15,6,2002,2,6,True
898,2002-06-16,16,6,2002,2,0,True
899,2002-06-17,17,6,2002,2,1,False
900,2002-06-18,18,6,2002,2,2,False
901,2002-06-19,19,6,2002,2,3,False
902,2002-06-20,20,6,2002,2,4,False
903,2002-06-21,21,6,2002,2,5,False
904,2002-06-22,22,6,2002,2,6,True
905,2002-06-23,23,6,2002,2,0,True
906,2002-06-24,24,6,2002,2,1,False
907,2002-06-25,25,6,2002,2,2,False
908,2002-06-26,26,6,2002,2,3,False
909,2002-06-27,27,6,2002,2,4,False
910,2002-06-28,28,6,2002,2,5,False
911,2002-06-29,29,6,2002,2,6,True
912,2002-06-30,30,6,2002,2,0,True
913,2002-07-01,1,7,2002,3,1,False
914,2002-07-02,2,7,2002,3,2,False
915,2002-07-03,3,7,2002,3,3,False
916,2002-07-04,4,7,2002,3,4,False
917,2002-07-05,5,7,2002,3,5,False
918,2002-07-06,6,7,2002,3,6,True
919,2002-07-07,7,7,2002,3,0,True
920,2002-07-08,8,7,2002,3,1,False
921,2002-07-09,9,7,2002,3,2,False
922,2002-07-10,10,7,2002,3,3,False
923,2002-07-11,11,7,2002,3,4,False
924,2002-07-12,12,7,2002,3,5,False
925,2002-07-13,13,7,2002,3,6,True
926,2002-07-14,14,7,2002,3,0,True
927,2002-07-15,15,7,2002,3,1,False
928,2002-07-16,16,7,2002,3,2,False
929,2002-07-17,17,7,2002,3,3,False
930,2002-07-18,18,7,2002,3,4,False
931,2002-07-19,19,7,2002,3,5,False
932,2002-07-20,20,7,2002,3,6,True
933,2002-07-21,21,7,2002,3,0,True
934,2002-07-22,22,7,2002,3,1,False
935,2002-07-23,23,7,2002,3,2,False
936,2002-07-24,24,7,2002,3,3,False
937,2002-07-25,25,7,2002,3,4,False
938,2002-07-26,26,7,2002,3,5,False
939,2002-07-27,27,7,2002,3,6,True
940,2002-07-28,28,7,2002,3,0,True
941,2002-07-29,29,7,2002,3,1,False
942,2002-07-30,30,7,2002,3,2,False
943,2002-07-31,31,7,2002,3,3,False
944,2002-08-01,1,8,2002,3,4,False
945,2002-08-02,2,8,2002,3,5,False
946,2002-08-03,3,8,2002,3,6,True
947,2002-08-04,4,8,2002,3,0,True
948,2002-08-05,5,8,2002,3,1,False
949,2002-08-06,6,8,2002,3,2,False
950,2002-08-07,7,8,2002,3,3,False
951,2002-08-08,8,8,2002,3,4,False
952,2002-08-09,9,8,2002,3,5,False
953,2002-08-10,10,8,2002,3,6,True
954,2002-08-11,11,8,2002,3,0,True
955,2002-08-12,12,8,2002,3,1,False
956,2002-08-13,13,8,2002,3,2,False
957,2002-08-14,14,8,2002,3,3,False
958,2002-08-15,15,8,2002,3,4,False
959,2002-08-16,16,8,2002,3,5,False
960,2002-08-17,17,8,2002,3,6,True
961,2002-08-18,18,8,2002,3,0,True
962,2002-08-19,19,8,2002,3,1,False
963,2002-08-20,20,8,2002,3,2,False
964,2002-08-21,21,8,2002,3,3,False
965,2002-08-22,22,8,2002,3,4,False
966,2002-08-23,23,8,2002,3,5,False
967,2002-08-24,24,8,2002,3,6,True
968,2002-08-25,25,8,2002,3,0,True
969,2002-08-26,26,8,2002,3,1,False
970,2002-08-27,27,8,2002,3,2,False
971,2002-08-28,28,8,2002,3,3,False
972,2002-08-29,29,8,2002,3,4,False
973,2002-08-30,30,8,2002,3,5,False
974,2002-08-31,31,8,2002,3,6,True
975,2002-09-01,1,9,2002,3,0,True
976,2002-09-02,2,9,2002,3,1,False
977,2002-09-03,3,9,2002,3,2,False
978,2002-09-04,4,9,2002,3,3,False
979,2002-09-05,5,9,2002,3,4,False
980,2002-09-06,6,9,2002,3,5,False
981,2002-09-07,7,9,2002,3,6,True
982,2002-09-08,8,9,2002,3,0,True
983,2002-09-09,9,9,2002,3,1,False
984,2002-09-10,10,9,2002,3,2,False
985,2002-09-11,11,9,2002,3,3,False
986,2002-09-12,12,9,2002,3,4,False
987,2002-09-13,13,9,2002,3,5,False
988,2002-09-14,14,9,2002,3,6,True
989,2002-09-15,15,9,2002,3,0,True
990,2002-09-16,16,9,2002,3,1,False
991,2002-09-17,17,9,2002,3,2,False
992,2002-09-18,18,9,2002,3,3,False
993,2002-09-19,19,9,2002,3,4,False
994,2002-09-20,20,9,2002,3,5,False
995,2002-09-21,21,9,2002,3,6,True
996,2002-09-22,22,9,2002,3,0,True
997,2002-09-23,23,9,2002,3,1,False
998,2002-09-24,24,9,2002,3,2,False
999,2002-09-25,25,9,2002,3,3,False
1000,2002-09-26,26,9,2002,3,4,False
1001,2002-09-27,27,9,2002,3,5,False
1002,2002-09-28,28,9,2002,3,6,True
1003,2002-09-29,29,9,2002,3,0,True
1004,2002-09-30,30,9,2002,3,1,False
1005,2002-10-01,1,10,2002,4,2,False
1006,2002-10-02,2,10,2002,4,3,False
1007,2002-10-03,3,10,2002,4,4,False
1008,2002-10-04,4,10,2002,4,5,False
1009,2002-10-05,5,10,2002,4,6,True
1010,2002-10-06,6,10,2002,4,0,True
1011,2002-10-07,7,10,2002,4,1,False
1012,2002-10-08,8,10,2002,4,2,False
1013,2002-10-09,9,10,2002,4,3,False
1014,2002-10-10,10,10,2002,4,4,False
1015,2002-10-11,11,10,2002,4,5,False
1016,2002-10-12,12,10,2002,4,6,True
1017,2002-10-13,13,10,2002,4,0,True
1018,2002-10-14,14,10,2002,4,1,False
1019,2002-10-15,15,10,2002,4,2,False
1020,2002-10-16,16,10,2002,4,3,False
1021,2002-10-17,17,10,2002,4,4,False
1022,2002-10-18,18,10,2002,4,5,False
1023,2002-10-19,19,10,2002,4,6,True
1024,2002-10-20,20,10,2002,4,0,True
1025,2002-10-21,21,10,2002,4,1,False
1026,2002-10-22,22,10,2002,4,2,False
1027,2002-10-23,23,10,2002,4,3,False
1028,2002-10-24,24,10,2002,4,4,False
1029,2002-10-25,25,10,2002,4,5,False
1030,2002-10-26,26,10,2002,4,6,True
1031,2002-10-27,27,10,2002,4,0,True
1032,2002-10-28,28,10,2002,4,1,False
1033,2002-10-29,29,10,2002,4,2,False
1034,2002-10-30,30,10,2002,4,3,False
1035,2002-10-31,31,10,2002,4,4,False
1036,2002-11-01,1,11,2002,4,5,False
1037,2002-11-02,2,11,2002,4,6,True
1038,2002-11-03,3,11,2002,4,0,True
1039,2002-11-04,4,11,2002,4,1,False
1040,2002-11-05,5,11,2002,4,2,False
1041,2002-11-06,6,11,2002,4,3,False
1042,2002-11-07,7,11,2002,4,4,False
1043,2002-11-08,8,11,2002,4,5,False
1044,2002-11-09,9,11,2002,4,6,True
1045,2002-11-10,10,11,2002,4,0,True
1046,2002-11-11,11,11,2002,4,1,False
1047,2002-11-12,12,11,2002,4,2,False
1048,2002-11-13,13,11,2002,4,3,False
1049,2002-11-14,14,11,2002,4,4,False
1050,2002-11-15,15,11,2002,4,5,False
1051,2002-11-16,16,11,2002,4,6,True
1052,2002-11-17,17,11,2002,4,0,True
1053,2002-11-18,18,11,2002,4,1,False
1054,2002-11-19,19,11,2002,4,2,False
1055,2002-11-20,20,11,2002,4,3,False
1056,2002-11-21,21,11,2002,4,4,False
1057,2002-11-22,22,11,2002,4,5,False
1058,2002-11-23,23,11,2002,4,6,True
1059,2002-11-24,24,11,2002,4,0,True
1060,2002-11-25,25,11,2002,4,1,False
1061,2002-11-26,26,11,2002,4,2,False
1062,2002-11-27,27,11,2002,4,3,False
1063,2002-11-28,28,11,2002,4,4,False
1064,2002-11-29,29,11,2002,4,5,False
1065,2002-11-30,30,11,2002,4,6,True
1066,2002-12-01,1,12,2002,4,0,True
1067,2002-12-02,2,12,2002,4,1,False
1068,2002-12-03,3,12,2002,4,2,False
1069,2002-12-04,4,12,2002,4,3,False
1070,2002-12-05,5,12,2002,4,4,False
1071,2002-12-06,6,12,2002,4,5,False
1072,2002-12-07,7,12,2002,4,6,True
1073,2002-12-08,8,12,2002,4,0,True
1074,2002-12-09,9,12,2002,4,1,False
1075,2002-12-10,10,12,2002,4,2,False
1076,2002-12-11,11,12,2002,4,3,False
1077,2002-12-12,12,12,2002,4,4,False
1078,2002-12-13,13,12,2002,4,5,False
1079,2002-12-14,14,12,2002,4,6,True
1080,2002-12-15,15,12,2002,4,0,True
1081,2002-12-16,16,12,2002,4,1,False
1082,2002-12-17,17,12,2002,4,2,False
1083,2002-12-18,18,12,2002,4,3,False
1084,2002-12-19,19,12,2002,4,4,False
1085,2002-12-20,20,12,2002,4,5,False
1086,2002-12-21,21,12,2002,4,6,True
1087,2002-12-22,22,12,2002,4,0,True
1088,2002-12-23,23,12,2002,4,1,False
1089,2002-12-24,24,12,2002,4,2,False
1090,2002-12-25,25,12,2002,4,3,False
1091,2002-12-26,26,12,2002,4,4,False
1092,2002-12-27,27,12,2002,4,5,False
1093,2002-12-28,28,12,2002,4,6,True
1094,2002-12-29,29,12,2002,4,0,True
1095,2002-12-30,30,12,2002,4,1,False
1096,2002-12-31,31,12,2002,4,2,False
1097,2003-01-01,1,1,2003,1,3,False
1098,2003-01-02,2,1,2003,1,4,False
1099,2003-01-03,3,1,2003,1,5,False
1100,2003-01-04,4,1,2003,1,6,True
1101,2003-01-05,5,1,2003,1,0,True
1102,2003-01-06,6,1,2003,1,1,False
1103,2003-01-07,7,1,2003,1,2,False
1104,2003-01-08,8,1,2003,1,3,False
1105,2003-01-09,9,1,2003,1,4,False
1106,2003-01-10,10,1,2003,1,5,False
1107,2003-01-11,11,1,2003,1,6,True
1108,2003-01-12,12,1,2003,1,0,True
1109,2003-01-13,13,1,2003,1,1,False
1110,2003-01-14,14,1,2003,1,2,False
1111,2003-01-15,15,1,2003,1,3,False
1112,2003-01-16,16,1,2003,1,4,False
1113,2003-01-17,17,1,2003,1,5,False
1114,2003-01-18,18,1,2003,1,6,True
1115,2003-01-19,19,1,2003,1,0,True
1116,2003-01-20,20,1,2003,1,1,False
1117,2003-01-21,21,1,2003,1,2,False
1118,2003-01-22,22,1,2003,1,3,False
1119,2003-01-23,23,1,2003,1,4,False
1120,2003-01-24,24,1,2003,1,5,False
1121,2003-01-25,25,1,2003,1,6,True
1122,2003-01-26,26,1,2003,1,0,True
1123,2003-01-27,27,1,2003,1,1,False
1124,2003-01-28,28,1,2003,1,2,False
1125,2003-01-29,29,1,2003,1,3,False
1126,2003-01-30,30,1,2003,1,4,False
1127,2003-01-31,31,1,2003,1,5,False
1128,2003-02-01,1,2,2003,1,6,True
1129,2003-02-02,2,2,2003,1,0,True
1130,2003-02-03,3,2,2003,1,1,False
1131,2003-02-04,4,2,2003,1,2,False
1132,2003-02-05,5,2,2003,1,3,False
1133,2003-02-06,6,2,2003,1,4,False
1134,2003-02-07,7,2,2003,1,5,False
1135,2003-02-08,8,2,2003,1,6,True
1136,2003-02-09,9,2,2003,1,0,True
1137,2003-02-10,10,2,2003,1,1,False
1138,2003-02-11,11,2,2003,1,2,False
1139,2003-02-12,12,2,2003,1,3,False
1140,2003-02-13,13,2,2003,1,4,False
1141,2003-02-14,14,2,2003,1,5,False
1142,2003-02-15,15,2,2003,1,6,True
1143,2003-02-16,16,2,2003,1,0,True
1144,2003-02-17,17,2,2003,1,1,False
1145,2003-02-18,18,2,2003,1,2,False
1146,2003-02-19,19,2,2003,1,3,False
1147,2003-02-20,20,2,2003,1,4,False
1148,2003-02-21,21,2,2003,1,5,False
1149,2003-02-22,22,2,2003,1,6,True
1150,2003-02-23,23,2,2003,1,0,True
1151,2003-02-24,24,2,2003,1,1,False
1152,2003-02-25,25,2,2003,1,2,False
1153,2003-02-26,26,2,2003,1,3,False
1154,2003-02-27,27,2,2003,1,4,False
1155,2003-02-28,28,2,2003,1,5,False
1156,2003-03-01,1,3,2003,1,6,True
1157,2003-03-02,2,3,2003,1,0,True
1158,2003-03-03,3,3,2003,1,1,False
1159,2003-03-04,4,3,2003,1,2,False
1160,2003-03-05,5,3,2003,1,3,False
1161,2003-03-06,6,3,2003,1,4,False
1162,2003-03-07,7,3,2003,1,5,False
1163,2003-03-08,8,3,2003,1,6,True
1164,2003-03-09,9,3,2003,1,0,True
1165,2003-03-10,10,3,2003,1,1,False
1166,2003-03-11,11,3,2003,1,2,False
1167,2003-03-12,12,3,2003,1,3,False
1168,2003-03-13,13,3,2003,1,4,False
1169,2003-03-14,14,3,2003,1,5,False
1170,2003-03-15,15,3,2003,1,6,True
1171,2003-03-16,16,3,2003,1,0,True
1172,2003-03-17,17,3,2003,1,1,False
1173,2003-03-18,18,3,2003,1,2,False
1174,2003-03-19,19,3,2003,1,3,False
1175,2003-03-20,20,3,2003,1,4,False
1176,2003-03-21,21,3,2003,1,5,False
1177,2003-03-22,22,3,2003,1,6,True
1178,2003-03-23,23,3,2003,1,0,True
1179,2003-03-24,24,3,2003,1,1,False
1180,2003-03-25,25,3,2003,1,2,False
1181,2003-03-26,26,3,2003,1,3,False
1182,2003-03-27,27,3,2003,1,4,False
1183,2003-03-28,28,3,2003,1,5,False
1184,2003-03-29,29,3,2003,1,6,True
1185,2003-03-30,30,3,2003,1,0,True
1186,2003-03-31,31,3,2003,1,1,False
1187,2003-04-01,1,4,2003,2,2,False
1188,2003-04-02,2,4,2003,2,3,False
1189,2003-04-03,3,4,2003,2,4,False
1190,2003-04-04,4,4,2003,2,5,False
1191,2003-04-05,5,4,2003,2,6,True
1192,2003-04-06,6,4,2003,2,0,True
1193,2003-04-07,7,4,2003,2,1,False
1194,2003-04-08,8,4,2003,2,2,False
1195,2003-04-09,9,4,2003,2,3,False
1196,2003-04-10,10,4,2003,2,4,False
1197,2003-04-11,11,4,2003,2,5,False
1198,2003-04-12,12,4,2003,2,6,True
1199,2003-04-13,13,4,2003,2,0,True
1200,2003-04-14,14,4,2003,2,1,False
1201,2003-04-15,15,4,2003,2,2,False
1202,2003-04-16,16,4,2003,2,3,False
1203,2003-04-17,17,4,2003,2,4,False
1204,2003-04-18,18,4,2003,2,5,False
1205,2003-04-19,19,4,2003,2,6,True
1206,2003-04-20,20,4,2003,2,0,True
1207,2003-04-21,21,4,2003,2,1,False
1208,2003-04-22,22,4,2003,2,2,False
1209,2003-04-23,23,4,2003,2,3,False
1210,2003-04-24,24,4,2003,2,4,False
1211,2003-04-25,25,4,2003,2,5,False
1212,2003-04-26,26,4,2003,2,6,True
1213,2003-04-27,27,4,2003,2,0,True
1214,2003-04-28,28,4,2003,2,1,False
1215,2003-04-29,29,4,2003,2,2,False
1216,2003-04-30,30,4,2003,2,3,False
1217,2003-05-01,1,5,2003,2,4,False
1218,2003-05-02,2,5,2003,2,5,False
1219,2003-05-03,3,5,2003,2,6,True
1220,2003-05-04,4,5,2003,2,0,True
1221,2003-05-05,5,5,2003,2,1,False
1222,2003-05-06,6,5,2003,2,2,False
1223,2003-05-07,7,5,2003,2,3,False
1224,2003-05-08,8,5,2003,2,4,False
1225,2003-05-09,9,5,2003,2,5,False
1226,2003-05-10,10,5,2003,2,6,True
1227,2003-05-11,11,5,2003,2,0,True
1228,2003-05-12,12,5,2003,2,1,False
1229,2003-05-13,13,5,2003,2,2,False
1230,2003-05-14,14,5,2003,2,3,False
1231,2003-05-15,15,5,2003,2,4,False
1232,2003-05-16,16,5,2003,2,5,False
1233,2003-05-17,17,5,2003,2,6,True
1234,2003-05-18,18,5,2003,2,0,True
1235,2003-05-19,19,5,2003,2,1,False
1236,2003-05-20,20,5,2003,2,2,False
1237,2003-05-21,21,5,2003,2,3,False
1238,2003-05-22,22,5,2003,2,4,False
1239,2003-05-23,23,5,2003,2,5,False
1240,2003-05-24,24,5,2003,2,6,True
1241,2003-05-25,25,5,2003,2,0,True
1242,2003-05-26,26,5,2003,2,1,False
1243,2003-05-27,27,5,2003,2,2,False
1244,2003-05-28,28,5,2003,2,3,False
1245,2003-05-29,29,5,2003,2,4,False
1246,2003-05-30,30,5,2003,2,5,False
1247,2003-05-31,31,5,2003,2,6,True
1248,2003-06-01,1,6,2003,2,0,True
1249,2003-06-02,2,6,2003,2,1,False
1250,2003-06-03,3,6,2003,2,2,False
1251,2003-06-04,4,6,2003,2,3,False
1252,2003-06-05,5,6,2003,2,4,False
1253,2003-06-06,6,6,2003,2,5,False
1254,2003-06-07,7,6,2003,2,6,True
1255,2003-06-08,8,6,2003,2,0,True
1256,2003-06-09,9,6,2003,2,1,False
1257,2003-06-10,10,6,2003,2,2,False
1258,2003-06-11,11,6,2003,2,3,False
1259,2003-06-12,12,6,2003,2,4,False
1260,2003-06-13,13,6,2003,2,5,False
1261,2003-06-14,14,6,2003,2,6,True
1262,2003-06-15,15,6,2003,2,0,True
1263,2003-06-16,16,6,2003,2,1,False
1264,2003-06-17,17,6,2003,2,2,False
1265,2003-06-18,18,6,2003,2,3,False
1266,2003-06-19,19,6,2003,2,4,False
1267,2003-06-20,20,6,2003,2,5,False
1268,2003-06-21,21,6,2003,2,6,True
1269,2003-06-22,22,6,2003,2,0,True
1270,2003-06-23,23,6,2003,2,1,False
1271,2003-06-24,24,6,2003,2,2,False
1272,2003-06-25,25,6,2003,2,3,False
1273,2003-06-26,26,6,2003,2,4,False
1274,2003-06-27,27,6,2003,2,5,False
1275,2003-06-28,28,6,2003,2,6,True
1276,2003-06-29,29,6,2003,2,0,True
1277,2003-06-30,30,6,2003,2,1,False
1278,2003-07-01,1,7,2003,3,2,False
1279,2003-07-02,2,7,2003,3,3,False
1280,2003-07-03,3,7,2003,3,4,False
1281,2003-07-04,4,7,2003,3,5,False
1282,2003-07-05,5,7,2003,3,6,True
1283,2003-07-06,6,7,2003,3,0,True
1284,2003-07-07,7,7,2003,3,1,False
1285,2003-07-08,8,7,2003,3,2,False
1286,2003-07-09,9,7,2003,3,3,False
1287,2003-07-10,10,7,2003,3,4,False
1288,2003-07-11,11,7,2003,3,5,False
1289,2003-07-12,12,7,2003,3,6,True
1290,2003-07-13,13,7,2003,3,0,True
1291,2003-07-14,14,7,2003,3,1,False
1292,2003-07-15,15,7,2003,3,2,False
1293,2003-07-16,16,7,2003,3,3,False
1294,2003-07-17,17,7,2003,3,4,False
1295,2003-07-18,18,7,2003,3,5,False
1296,2003-07-19,19,7,2003,3,6,True
1297,2003-07-20,20,7,2003,3,0,True
1298,2003-07-21,21,7,2003,3,1,False
1299,2003-07-22,22,7,2003,3,2,False
1300,2003-07-23,23,7,2003,3,3,False
1301,2003-07-24,24,7,2003,3,4,False
1302,2003-07-25,25,7,2003,3,5,False
1303,2003-07-26,26,7,2003,3,6,True
1304,2003-07-27,27,7,2003,3,0,True
1305,2003-07-28,28,7,2003,3,1,False
1306,2003-07-29,29,7,2003,3,2,False
1307,2003-07-30,30,7,2003,3,3,False
1308,2003-07-31,31,7,2003,3,4,False
1309,2003-08-01,1,8,2003,3,5,False
1310,2003-08-02,2,8,2003,3,6,True
1311,2003-08-03,3,8,2003,3,0,True
1312,2003-08-04,4,8,2003,3,1,False
1313,2003-08-05,5,8,2003,3,2,False
1314,2003-08-06,6,8,2003,3,3,False
1315,2003-08-07,7,8,2003,3,4,False
1316,2003-08-08,8,8,2003,3,5,False
1317,2003-08-09,9,8,2003,3,6,True
1318,2003-08-10,10,8,2003,3,0,True
1319,2003-08-11,11,8,2003,3,1,False
1320,2003-08-12,12,8,2003,3,2,False
1321,2003-08-13,13,8,2003,3,3,False
1322,2003-08-14,14,8,2003,3,4,False
1323,2003-08-15,15,8,2003,3,5,False
1324,2003-08-16,16,8,2003,3,6,True
1325,2003-08-17,17,8,2003,3,0,True
1326,2003-08-18,18,8,2003,3,1,False
1327,2003-08-19,19,8,2003,3,2,False
1328,2003-08-20,20,8,2003,3,3,False
1329,2003-08-21,21,8,2003,3,4,False
1330,2003-08-22,22,8,2003,3,5,False
1331,2003-08-23,23,8,2003,3,6,True
1332,2003-08-24,24,8,2003,3,0,True
1333,2003-08-25,25,8,2003,3,1,False
1334,2003-08-26,26,8,2003,3,2,False
1335,2003-08-27,27,8,2003,3,3,False
1336,2003-08-28,28,8,2003,3,4,False
1337,2003-08-29,29,8,2003,3,5,False
1338,2003-08-30,30,8,2003,3,6,True
1339,2003-08-31,31,8,2003,3,0,True
1340,2003-09-01,1,9,2003,3,1,False
1341,2003-09-02,2,9,2003,3,2,False
1342,2003-09-03,3,9,2003,3,3,False
1343,2003-09-04,4,9,2003,3,4,False
1344,2003-09-05,5,9,2003,3,5,False
1345,2003-09-06,6,9,2003,3,6,True
1346,2003-09-07,7,9,2003,3,0,True
1347,2003-09-08,8,9,2003,3,1,False
1348,2003-09-09,9,9,2003,3,2,False
1349,2003-09-10,10,9,2003,3,3,False
1350,2003-09-11,11,9,2003,3,4,False
1351,2003-09-12,12,9,2003,3,5,False
1352,2003-09-13,13,9,2003,3,6,True
1353,2003-09-14,14,9,2003,3,0,True
1354,2003-09-15,15,9,2003,3,1,False
1355,2003-09-16,16,9,2003,3,2,False
1356,2003-09-17,17,9,2003,3,3,False
1357,2003-09-18,18,9,2003,3,4,False
1358,2003-09-19,19,9,2003,3,5,False
1359,2003-09-20,20,9,2003,3,6,True
1360,2003-09-21,21,9,2003,3,0,True
1361,2003-09-22,22,9,2003,3,1,False
1362,2003-09-23,23,9,2003,3,2,False
1363,2003-09-24,24,9,2003,3,3,False
1364,2003-09-25,25,9,2003,3,4,False
1365,2003-09-26,26,9,2003,3,5,False
1366,2003-09-27,27,9,2003,3,6,True
1367,2003-09-28,28,9,2003,3,0,True
1368,2003-09-29,29,9,2003,3,1,False
1369,2003-09-30,30,9,2003,3,2,False
1370,2003-10-01,1,10,2003,4,3,False
1371,2003-10-02,2,10,2003,4,4,False
1372,2003-10-03,3,10,2003,4,5,False
1373,2003-10-04,4,10,2003,4,6,True
1374,2003-10-05,5,10,2003,4,0,True
1375,2003-10-06,6,10,2003,4,1,False
1376,2003-10-07,7,10,2003,4,2,False
1377,2003-10-08,8,10,2003,4,3,False
1378,2003-10-09,9,10,2003,4,4,False
1379,2003-10-10,10,10,2003,4,5,False
1380,2003-10-11,11,10,2003,4,6,True
1381,2003-10-12,12,10,2003,4,0,True
1382,2003-10-13,13,10,2003,4,1,False
1383,2003-10-14,14,10,2003,4,2,False
1384,2003-10-15,15,10,2003,4,3,False
1385,2003-10-16,16,10,2003,4,4,False
1386,2003-10-17,17,10,2003,4,5,False
1387,2003-10-18,18,10,2003,4,6,True
1388,2003-10-19,19,10,2003,4,0,True
1389,2003-10-20,20,10,2003,4,1,False
1390,2003-10-21,21,10,2003,4,2,False
1391,2003-10-22,22,10,2003,4,3,False
1392,2003-10-23,23,10,2003,4,4,False
1393,2003-10-24,24,10,2003,4,5,False
1394,2003-10-25,25,10,2003,4,6,True
1395,2003-10-26,26,10,2003,4,0,True
1396,2003-10-27,27,10,2003,4,1,False
1397,2003-10-28,28,10,2003,4,2,False
1398,2003-10-29,29,10,2003,4,3,False
1399,2003-10-30,30,10,2003,4,4,False
1400,2003-10-31,31,10,2003,4,5,False
1401,2003-11-01,1,11,2003,4,6,True
1402,2003-11-02,2,11,2003,4,0,True
1403,2003-11-03,3,11,2003,4,1,False
1404,2003-11-04,4,11,2003,4,2,False
1405,2003-11-05,5,11,2003,4,3,False
1406,2003-11-06,6,11,2003,4,4,False
1407,2003-11-07,7,11,2003,4,5,False
1408,2003-11-08,8,11,2003,4,6,True
1409,2003-11-09,9,11,2003,4,0,True
1410,2003-11-10,10,11,2003,4,1,False
1411,2003-11-11,11,11,2003,4,2,False
1412,2003-11-12,12,11,2003,4,3,False
1413,2003-11-13,13,11,2003,4,4,False
1414,2003-11-14,14,11,2003,4,5,False
1415,2003-11-15,15,11,2003,4,6,True
1416,2003-11-16,16,11,2003,4,0,True
1417,2003-11-17,17,11,2003,4,1,False
1418,2003-11-18,18,11,2003,4,2,False
1419,2003-11-19,19,11,2003,4,3,False
1420,2003-11-20,20,11,2003,4,4,False
1421,2003-11-21,21,11,2003,4,5,False
1422,2003-11-22,22,11,2003,4,6,True
1423,2003-11-23,23,11,2003,4,0,True
1424,2003-11-24,24,11,2003,4,1,False
1425,2003-11-25,25,11,2003,4,2,False
1426,2003-11-26,26,11,2003,4,3,False
1427,2003-11-27,27,11,2003,4,4,False
1428,2003-11-28,28,11,2003,4,5,False
1429,2003-11-29,29,11,2003,4,6,True
1430,2003-11-30,30,11,2003,4,0,True
1431,2003-12-01,1,12,2003,4,1,False
1432,2003-12-02,2,12,2003,4,2,False
1433,2003-12-03,3,12,2003,4,3,False
1434,2003-12-04,4,12,2003,4,4,False
1435,2003-12-05,5,12,2003,4,5,False
1436,2003-12-06,6,12,2003,4,6,True
1437,2003-12-07,7,12,2003,4,0,True
1438,2003-12-08,8,12,2003,4,1,False
1439,2003-12-09,9,12,2003,4,2,False
1440,2003-12-10,10,12,2003,4,3,False
1441,2003-12-11,11,12,2003,4,4,False
1442,2003-12-12,12,12,2003,4,5,False
1443,2003-12-13,13,12,2003,4,6,True
1444,2003-12-14,14,12,2003,4,0,True
1445,2003-12-15,15,12,2003,4,1,False
1446,2003-12-16,16,12,2003,4,2,False
1447,2003-12-17,17,12,2003,4,3,False
1448,2003-12-18,18,12,2003,4,4,False
1449,2003-12-19,19,12,2003,4,5,False
1450,2003-12-20,20,12,2003,4,6,True
1451,2003-12-21,21,12,2003,4,0,True
1452,2003-12-22,22,12,2003,4,1,False
1453,2003-12-23,23,12,2003,4,2,False
1454,2003-12-24,24,12,2003,4,3,False
1455,2003-12-25,25,12,2003,4,4,False
1456,2003-12-26,26,12,2003,4,5,False
1457,2003-12-27,27,12,2003,4,6,True
1458,2003-12-28,28,12,2003,4,0,True
1459,2003-12-29,29,12,2003,4,1,False
1460,2003-12-30,30,12,2003,4,2,False
1461,2003-12-31,31,12,2003,4,3,False
1462,2004-01-01,1,1,2004,1,4,False
1463,2004-01-02,2,1,2004,1,5,False
1464,2004-01-03,3,1,2004,1,6,True
1465,2004-01-04,4,1,2004,1,0,True
1466,2004-01-05,5,1,2004,1,1,False
1467,2004-01-06,6,1,2004,1,2,False
1468,2004-01-07,7,1,2004,1,3,False
1469,2004-01-08,8,1,2004,1,4,False
1470,2004-01-09,9,1,2004,1,5,False
1471,2004-01-10,10,1,2004,1,6,True
1472,2004-01-11,11,1,2004,1,0,True
1473,2004-01-12,12,1,2004,1,1,False
1474,2004-01-13,13,1,2004,1,2,False
1475,2004-01-14,14,1,2004,1,3,False
1476,2004-01-15,15,1,2004,1,4,False
1477,2004-01-16,16,1,2004,1,5,False
1478,2004-01-17,17,1,2004,1,6,True
1479,2004-01-18,18,1,2004,1,0,True
1480,2004-01-19,19,1,2004,1,1,False
1481,2004-01-20,20,1,2004,1,2,False
1482,2004-01-21,21,1,2004,1,3,False
1483,2004-01-22,22,1,2004,1,4,False
1484,2004-01-23,23,1,2004,1,5,False
1485,2004-01-24,24,1,2004,1,6,True
1486,2004-01-25,25,1,2004,1,0,True
1487,2004-01-26,26,1,2004,1,1,False
1488,2004-01-27,27,1,2004,1,2,False
1489,2004-01-28,28,1,2004,1,3,False
1490,2004-01-29,29,1,2004,1,4,False
1491,2004-01-30,30,1,2004,1,5,False
1492,2004-01-31,31,1,2004,1,6,True
1493,2004-02-01,1,2,2004,1,0,True
1494,2004-02-02,2,2,2004,1,1,False
1495,2004-02-03,3,2,2004,1,2,False
1496,2004-02-04,4,2,2004,1,3,False
1497,2004-02-05,5,2,2004,1,4,False
1498,2004-02-06,6,2,2004,1,5,False
1499,2004-02-07,7,2,2004,1,6,True
1500,2004-02-08,8,2,2004,1,0,True
1501,2004-02-09,9,2,2004,1,1,False
1502,2004-02-10,10,2,2004,1,2,False
1503,2004-02-11,11,2,2004,1,3,False
1504,2004-02-12,12,2,2004,1,4,False
1505,2004-02-13,13,2,2004,1,5,False
1506,2004-02-14,14,2,2004,1,6,True
1507,2004-02-15,15,2,2004,1,0,True
1508,2004-02-16,16,2,2004,1,1,False
1509,2004-02-17,17,2,2004,1,2,False
1510,2004-02-18,18,2,2004,1,3,False
1511,2004-02-19,19,2,2004,1,4,False
1512,2004-02-20,20,2,2004,1,5,False
1513,2004-02-21,21,2,2004,1,6,True
1514,2004-02-22,22,2,2004,1,0,True
1515,2004-02-23,23,2,2004,1,1,False
1516,2004-02-24,24,2,2004,1,2,False
1517,2004-02-25,25,2,2004,1,3,False
1518,2004-02-26,26,2,2004,1,4,False
1519,2004-02-27,27,2,2004,1,5,False
1520,2004-02-28,28,2,2004,1,6,True
1521,2004-02-29,29,2,2004,1,0,True
1522,2004-03-01,1,3,2004,1,1,False
1523,2004-03-02,2,3,2004,1,2,False
1524,2004-03-03,3,3,2004,1,3,False
1525,2004-03-04,4,3,2004,1,4,False
1526,2004-03-05,5,3,2004,1,5,False
1527,2004-03-06,6,3,2004,1,6,True
1528,2004-03-07,7,3,2004,1,0,True
1529,2004-03-08,8,3,2004,1,1,False
1530,2004-03-09,9,3,2004,1,2,False
1531,2004-03-10,10,3,2004,1,3,False
1532,2004-03-11,11,3,2004,1,4,False
1533,2004-03-12,12,3,2004,1,5,False
1534,2004-03-13,13,3,2004,1,6,True
1535,2004-03-14,14,3,2004,1,0,True
1536,2004-03-15,15,3,2004,1,1,False
1537,2004-03-16,16,3,2004,1,2,False
1538,2004-03-17,17,3,2004,1,3,False
1539,2004-03-18,18,3,2004,1,4,False
1540,2004-03-19,19,3,2004,1,5,False
1541,2004-03-20,20,3,2004,1,6,True
1542,2004-03-21,21,3,2004,1,0,True
1543,2004-03-22,22,3,2004,1,1,False
1544,2004-03-23,23,3,2004,1,2,False
1545,2004-03-24,24,3,2004,1,3,False
1546,2004-03-25,25,3,2004,1,4,False
1547,2004-03-26,26,3,2004,1,5,False
1548,2004-03-27,27,3,2004,1,6,True
1549,2004-03-28,28,3,2004,1,0,True
1550,2004-03-29,29,3,2004,1,1,False
1551,2004-03-30,30,3,2004,1,2,False
1552,2004-03-31,31,3,2004,1,3,False
1553,2004-04-01,1,4,2004,2,4,False
1554,2004-04-02,2,4,2004,2,5,False
1555,2004-04-03,3,4,2004,2,6,True
1556,2004-04-04,4,4,2004,2,0,True
1557,2004-04-05,5,4,2004,2,1,False
1558,2004-04-06,6,4,2004,2,2,False
1559,2004-04-07,7,4,2004,2,3,False
1560,2004-04-08,8,4,2004,2,4,False
1561,2004-04-09,9,4,2004,2,5,False
1562,2004-04-10,10,4,2004,2,6,True
1563,2004-04-11,11,4,2004,2,0,True
1564,2004-04-12,12,4,2004,2,1,False
1565,2004-04-13,13,4,2004,2,2,False
1566,2004-04-14,14,4,2004,2,3,False
1567,2004-04-15,15,4,2004,2,4,False
1568,2004-04-16,16,4,2004,2,5,False
1569,2004-04-17,17,4,2004,2,6,True
1570,2004-04-18,18,4,2004,2,0,True
1571,2004-04-19,19,4,2004,2,1,False
1572,2004-04-20,20,4,2004,2,2,False
1573,2004-04-21,21,4,2004,2,3,False
1574,2004-04-22,22,4,2004,2,4,False
1575,2004-04-23,23,4,2004,2,5,False
1576,2004-04-24,24,4,2004,2,6,True
1577,2004-04-25,25,4,2004,2,0,True
1578,2004-04-26,26,4,2004,2,1,False
1579,2004-04-27,27,4,2004,2,2,False
1580,2004-04-28,28,4,2004,2,3,False
1581,2004-04-29,29,4,2004,2,4,False
1582,2004-04-30,30,4,2004,2,5,False
1583,2004-05-01,1,5,2004,2,6,True
1584,2004-05-02,2,5,2004,2,0,True
1585,2004-05-03,3,5,2004,2,1,False
1586,2004-05-04,4,5,2004,2,2,False
1587,2004-05-05,5,5,2004,2,3,False
1588,2004-05-06,6,5,2004,2,4,False
1589,2004-05-07,7,5,2004,2,5,False
1590,2004-05-08,8,5,2004,2,6,True
1591,2004-05-09,9,5,2004,2,0,True
1592,2004-05-10,10,5,2004,2,1,False
1593,2004-05-11,11,5,2004,2,2,False
1594,2004-05-12,12,5,2004,2,3,False
1595,2004-05-13,13,5,2004,2,4,False
1596,2004-05-14,14,5,2004,2,5,False
1597,2004-05-15,15,5,2004,2,6,True
1598,2004-05-16,16,5,2004,2,0,True
1599,2004-05-17,17,5,2004,2,1,False
1600,2004-05-18,18,5,2004,2,2,False
1601,2004-05-19,19,5,2004,2,3,False
1602,2004-05-20,20,5,2004,2,4,False
1603,2004-05-21,21,5,2004,2,5,False
1604,2004-05-22,22,5,2004,2,6,True
1605,2004-05-23,23,5,2004,2,0,True
1606,2004-05-24,24,5,2004,2,1,False
1607,2004-05-25,25,5,2004,2,2,False
1608,2004-05-26,26,5,2004,2,3,False
1609,2004-05-27,27,5,2004,2,4,False
1610,2004-05-28,28,5,2004,2,5,False
1611,2004-05-29,29,5,2004,2,6,True
1612,2004-05-30,30,5,2004,2,0,True
1613,2004-05-31,31,5,2004,2,1,False
1614,2004-06-01,1,6,2004,2,2,False
1615,2004-06-02,2,6,2004,2,3,False
1616,2004-06-03,3,6,2004,2,4,False
1617,2004-06-04,4,6,2004,2,5,False
1618,2004-06-05,5,6,2004,2,6,True
1619,2004-06-06,6,6,2004,2,0,True
1620,2004-06-07,7,6,2004,2,1,False
1621,2004-06-08,8,6,2004,2,2,False
1622,2004-06-09,9,6,2004,2,3,False
1623,2004-06-10,10,6,2004,2,4,False
1624,2004-06-11,11,6,2004,2,5,False
1625,2004-06-12,12,6,2004,2,6,True
1626,2004-06-13,13,6,2004,2,0,True
1627,2004-06-14,14,6,2004,2,1,False
1628,2004-06-15,15,6,2004,2,2,False
1629,2004-06-16,16,6,2004,2,3,False
1630,2004-06-17,17,6,2004,2,4,False
1631,2004-06-18,18,6,2004,2,5,False
1632,2004-06-19,19,6,2004,2,6,True
1633,2004-06-20,20,6,2004,2,0,True
1634,2004-06-21,21,6,2004,2,1,False
1635,2004-06-22,22,6,2004,2,2,False
1636,2004-06-23,23,6,2004,2,3,False
1637,2004-06-24,24,6,2004,2,4,False
1638,2004-06-25,25,6,2004,2,5,False
1639,2004-06-26,26,6,2004,2,6,True
1640,2004-06-27,27,6,2004,2,0,True
1641,2004-06-28,28,6,2004,2,1,False
1642,2004-06-29,29,6,2004,2,2,False
1643,2004-06-30,30,6,2004,2,3,False
1644,2004-07-01,1,7,2004,3,4,False
1645,2004-07-02,2,7,2004,3,5,False
1646,2004-07-03,3,7,2004,3,6,True
1647,2004-07-04,4,7,2004,3,0,True
1648,2004-07-05,5,7,2004,3,1,False
1649,2004-07-06,6,7,2004,3,2,False
1650,2004-07-07,7,7,2004,3,3,False
1651,2004-07-08,8,7,2004,3,4,False
1652,2004-07-09,9,7,2004,3,5,False
1653,2004-07-10,10,7,2004,3,6,True
1654,2004-07-11,11,7,2004,3,0,True
1655,2004-07-12,12,7,2004,3,1,False
1656,2004-07-13,13,7,2004,3,2,False
1657,2004-07-14,14,7,2004,3,3,False
1658,2004-07-15,15,7,2004,3,4,False
1659,2004-07-16,16,7,2004,3,5,False
1660,2004-07-17,17,7,2004,3,6,True
1661,2004-07-18,18,7,2004,3,0,True
1662,2004-07-19,19,7,2004,3,1,False
1663,2004-07-20,20,7,2004,3,2,False
1664,2004-07-21,21,7,2004,3,3,False
1665,2004-07-22,22,7,2004,3,4,False
1666,2004-07-23,23,7,2004,3,5,False
1667,2004-07-24,24,7,2004,3,6,True
1668,2004-07-25,25,7,2004,3,0,True
1669,2004-07-26,26,7,2004,3,1,False
1670,2004-07-27,27,7,2004,3,2,False
1671,2004-07-28,28,7,2004,3,3,False
1672,2004-07-29,29,7,2004,3,4,False
1673,2004-07-30,30,7,2004,3,5,False
1674,2004-07-31,31,7,2004,3,6,True
1675,2004-08-01,1,8,2004,3,0,True
1676,2004-08-02,2,8,2004,3,1,False
1677,2004-08-03,3,8,2004,3,2,False
1678,2004-08-04,4,8,2004,3,3,False
1679,2004-08-05,5,8,2004,3,4,False
1680,2004-08-06,6,8,2004,3,5,False
1681,2004-08-07,7,8,2004,3,6,True
1682,2004-08-08,8,8,2004,3,0,True
1683,2004-08-09,9,8,2004,3,1,False
1684,2004-08-10,10,8,2004,3,2,False
1685,2004-08-11,11,8,2004,3,3,False
1686,2004-08-12,12,8,2004,3,4,False
1687,2004-08-13,13,8,2004,3,5,False
1688,2004-08-14,14,8,2004,3,6,True
1689,2004-08-15,15,8,2004,3,0,True
1690,2004-08-16,16,8,2004,3,1,False
1691,2004-08-17,17,8,2004,3,2,False
1692,2004-08-18,18,8,2004,3,3,False
1693,2004-08-19,19,8,2004,3,4,False
1694,2004-08-20,20,8,2004,3,5,False
1695,2004-08-21,21,8,2004,3,6,True
1696,2004-08-22,22,8,2004,3,0,True
1697,2004-08-23,23,8,2004,3,1,False
1698,2004-08-24,24,8,2004,3,2,False
1699,2004-08-25,25,8,2004,3,3,False
1700,2004-08-26,26,8,2004,3,4,False
1701,2004-08-27,27,8,2004,3,5,False
1702,2004-08-28,28,8,2004,3,6,True
1703,2004-08-29,29,8,2004,3,0,True
1704,2004-08-30,30,8,2004,3,1,False
1705,2004-08-31,31,8,2004,3,2,False
1706,2004-09-01,1,9,2004,3,3,False
1707,2004-09-02,2,9,2004,3,4,False
1708,2004-09-03,3,9,2004,3,5,False
1709,2004-09-04,4,9,2004,3,6,True
1710,2004-09-05,5,9,2004,3,0,True
1711,2004-09-06,6,9,2004,3,1,False
1712,2004-09-07,7,9,2004,3,2,False
1713,2004-09-08,8,9,2004,3,3,False
1714,2004-09-09,9,9,2004,3,4,False
1715,2004-09-10,10,9,2004,3,5,False
1716,2004-09-11,11,9,2004,3,6,True
1717,2004-09-12,12,9,2004,3,0,True
1718,2004-09-13,13,9,2004,3,1,False
1719,2004-09-14,14,9,2004,3,2,False
1720,2004-09-15,15,9,2004,3,3,False
1721,2004-09-16,16,9,2004,3,4,False
1722,2004-09-17,17,9,2004,3,5,False
1723,2004-09-18,18,9,2004,3,6,True
1724,2004-09-19,19,9,2004,3,0,True
1725,2004-09-20,20,9,2004,3,1,False
1726,2004-09-21,21,9,2004,3,2,False
1727,2004-09-22,22,9,2004,3,3,False
1728,2004-09-23,23,9,2004,3,4,False
1729,2004-09-24,24,9,2004,3,5,False
1730,2004-09-25,25,9,2004,3,6,True
1731,2004-09-26,26,9,2004,3,0,True
1732,2004-09-27,27,9,2004,3,1,False
1733,2004-09-28,28,9,2004,3,2,False
1734,2004-09-29,29,9,2004,3,3,False
1735,2004-09-30,30,9,2004,3,4,False
1736,2004-10-01,1,10,2004,4,5,False
1737,2004-10-02,2,10,2004,4,6,True
1738,2004-10-03,3,10,2004,4,0,True
1739,2004-10-04,4,10,2004,4,1,False
1740,2004-10-05,5,10,2004,4,2,False
1741,2004-10-06,6,10,2004,4,3,False
1742,2004-10-07,7,10,2004,4,4,False
1743,2004-10-08,8,10,2004,4,5,False
1744,2004-10-09,9,10,2004,4,6,True
1745,2004-10-10,10,10,2004,4,0,True
1746,2004-10-11,11,10,2004,4,1,False
1747,2004-10-12,12,10,2004,4,2,False
1748,2004-10-13,13,10,2004,4,3,False
1749,2004-10-14,14,10,2004,4,4,False
1750,2004-10-15,15,10,2004,4,5,False
1751,2004-10-16,16,10,2004,4,6,True
1752,2004-10-17,17,10,2004,4,0,True
1753,2004-10-18,18,10,2004,4,1,False
1754,2004-10-19,19,10,2004,4,2,False
1755,2004-10-20,20,10,2004,4,3,False
1756,2004-10-21,21,10,2004,4,4,False
1757,2004-10-22,22,10,2004,4,5,False
1758,2004-10-23,23,10,2004,4,6,True
1759,2004-10-24,24,10,2004,4,0,True
1760,2004-10-25,25,10,2004,4,1,False
1761,2004-10-26,26,10,2004,4,2,False
1762,2004-10-27,27,10,2004,4,3,False
1763,2004-10-28,28,10,2004,4,4,False
1764,2004-10-29,29,10,2004,4,5,False
1765,2004-10-30,30,10,2004,4,6,True
1766,2004-10-31,31,10,2004,4,0,True
1767,2004-11-01,1,11,2004,4,1,False
1768,2004-11-02,2,11,2004,4,2,False
1769,2004-11-03,3,11,2004,4,3,False
1770,2004-11-04,4,11,2004,4,4,False
1771,2004-11-05,5,11,2004,4,5,False
1772,2004-11-06,6,11,2004,4,6,True
1773,2004-11-07,7,11,2004,4,0,True
1774,2004-11-08,8,11,2004,4,1,False
1775,2004-11-09,9,11,2004,4,2,False
1776,2004-11-10,10,11,2004,4,3,False
1777,2004-11-11,11,11,2004,4,4,False
1778,2004-11-12,12,11,2004,4,5,False
1779,2004-11-13,13,11,2004,4,6,True
1780,2004-11-14,14,11,2004,4,0,True
1781,2004-11-15,15,11,2004,4,1,False
1782,2004-11-16,16,11,2004,4,2,False
1783,2004-11-17,17,11,2004,4,3,False
1784,2004-11-18,18,11,2004,4,4,False
1785,2004-11-19,19,11,2004,4,5,False
1786,2004-11-20,20,11,2004,4,6,True
1787,2004-11-21,21,11,2004,4,0,True
1788,2004-11-22,22,11,2004,4,1,False
1789,2004-11-23,23,11,2004,4,2,False
1790,2004-11-24,24,11,2004,4,3,False
1791,2004-11-25,25,11,2004,4,4,False
1792,2004-11-26,26,11,2004,4,5,False
1793,2004-11-27,27,11,2004,4,6,True
1794,2004-11-28,28,11,2004,4,0,True
1795,2004-11-29,29,11,2004,4,1,False
1796,2004-11-30,30,11,2004,4,2,False
1797,2004-12-01,1,12,2004,4,3,False
1798,2004-12-02,2,12,2004,4,4,False
1799,2004-12-03,3,12,2004,4,5,False
1800,2004-12-04,4,12,2004,4,6,True
1801,2004-12-05,5,12,2004,4,0,True
1802,2004-12-06,6,12,2004,4,1,False
1803,2004-12-07,7,12,2004,4,2,False
1804,2004-12-08,8,12,2004,4,3,False
1805,2004-12-09,9,12,2004,4,4,False
1806,2004-12-10,10,12,2004,4,5,False
1807,2004-12-11,11,12,2004,4,6,True
1808,2004-12-12,12,12,2004,4,0,True
1809,2004-12-13,13,12,2004,4,1,False
1810,2004-12-14,14,12,2004,4,2,False
1811,2004-12-15,15,12,2004,4,3,False
1812,2004-12-16,16,12,2004,4,4,False
1813,2004-12-17,17,12,2004,4,5,False
1814,2004-12-18,18,12,2004,4,6,True
1815,2004-12-19,19,12,2004,4,0,True
1816,2004-12-20,20,12,2004,4,1,False
1817,2004-12-21,21,12,2004,4,2,False
1818,2004-12-22,22,12,2004,4,3,False
1819,2004-12-23,23,12,2004,4,4,False
1820,2004-12-24,24,12,2004,4,5,False
1821,2004-12-25,25,12,2004,4,6,True
1822,2004-12-26,26,12,2004,4,0,True
1823,2004-12-27,27,12,2004,4,1,False
1824,2004-12-28,28,12,2004,4,2,False
1825,2004-12-29,29,12,2004,4,3,False
1826,2004-12-30,30,12,2004,4,4,False
1827,2004-12-31,31,12,2004,4,5,False
1828,2005-01-01,1,1,2005,1,6,True
1829,2005-01-02,2,1,2005,1,0,True
1830,2005-01-03,3,1,2005,1,1,False
1831,2005-01-04,4,1,2005,1,2,False
1832,2005-01-05,5,1,2005,1,3,False
1833,2005-01-06,6,1,2005,1,4,False
1834,2005-01-07,7,1,2005,1,5,False
1835,2005-01-08,8,1,2005,1,6,True
1836,2005-01-09,9,1,2005,1,0,True
1837,2005-01-10,10,1,2005,1,1,False
1838,2005-01-11,11,1,2005,1,2,False
1839,2005-01-12,12,1,2005,1,3,False
1840,2005-01-13,13,1,2005,1,4,False
1841,2005-01-14,14,1,2005,1,5,False
1842,2005-01-15,15,1,2005,1,6,True
1843,2005-01-16,16,1,2005,1,0,True
1844,2005-01-17,17,1,2005,1,1,False
1845,2005-01-18,18,1,2005,1,2,False
1846,2005-01-19,19,1,2005,1,3,False
1847,2005-01-20,20,1,2005,1,4,False
1848,2005-01-21,21,1,2005,1,5,False
1849,2005-01-22,22,1,2005,1,6,True
1850,2005-01-23,23,1,2005,1,0,True
1851,2005-01-24,24,1,2005,1,1,False
1852,2005-01-25,25,1,2005,1,2,False
1853,2005-01-26,26,1,2005,1,3,False
1854,2005-01-27,27,1,2005,1,4,False
1855,2005-01-28,28,1,2005,1,5,False
1856,2005-01-29,29,1,2005,1,6,True
1857,2005-01-30,30,1,2005,1,0,True
1858,2005-01-31,31,1,2005,1,1,False
1859,2005-02-01,1,2,2005,1,2,False
1860,2005-02-02,2,2,2005,1,3,False
1861,2005-02-03,3,2,2005,1,4,False
1862,2005-02-04,4,2,2005,1,5,False
1863,2005-02-05,5,2,2005,1,6,True
1864,2005-02-06,6,2,2005,1,0,True
1865,2005-02-07,7,2,2005,1,1,False
1866,2005-02-08,8,2,2005,1,2,False
1867,2005-02-09,9,2,2005,1,3,False
1868,2005-02-10,10,2,2005,1,4,False
1869,2005-02-11,11,2,2005,1,5,False
1870,2005-02-12,12,2,2005,1,6,True
1871,2005-02-13,13,2,2005,1,0,True
1872,2005-02-14,14,2,2005,1,1,False
1873,2005-02-15,15,2,2005,1,2,False
1874,2005-02-16,16,2,2005,1,3,False
1875,2005-02-17,17,2,2005,1,4,False
1876,2005-02-18,18,2,2005,1,5,False
1877,2005-02-19,19,2,2005,1,6,True
1878,2005-02-20,20,2,2005,1,0,True
1879,2005-02-21,21,2,2005,1,1,False
1880,2005-02-22,22,2,2005,1,2,False
1881,2005-02-23,23,2,2005,1,3,False
1882,2005-02-24,24,2,2005,1,4,False
1883,2005-02-25,25,2,2005,1,5,False
1884,2005-02-26,26,2,2005,1,6,True
1885,2005-02-27,27,2,2005,1,0,True
1886,2005-02-28,28,2,2005,1,1,False
1887,2005-03-01,1,3,2005,1,2,False
1888,2005-03-02,2,3,2005,1,3,False
1889,2005-03-03,3,3,2005,1,4,False
1890,2005-03-04,4,3,2005,1,5,False
1891,2005-03-05,5,3,2005,1,6,True
1892,2005-03-06,6,3,2005,1,0,True
1893,2005-03-07,7,3,2005,1,1,False
1894,2005-03-08,8,3,2005,1,2,False
1895,2005-03-09,9,3,2005,1,3,False
1896,2005-03-10,10,3,2005,1,4,False
1897,2005-03-11,11,3,2005,1,5,False
1898,2005-03-12,12,3,2005,1,6,True
1899,2005-03-13,13,3,2005,1,0,True
1900,2005-03-14,14,3,2005,1,1,False
1901,2005-03-15,15,3,2005,1,2,False
1902,2005-03-16,16,3,2005,1,3,False
1903,2005-03-17,17,3,2005,1,4,False
1904,2005-03-18,18,3,2005,1,5,False
1905,2005-03-19,19,3,2005,1,6,True
1906,2005-03-20,20,3,2005,1,0,True
1907,2005-03-21,21,3,2005,1,1,False
1908,2005-03-22,22,3,2005,1,2,False
1909,2005-03-23,23,3,2005,1,3,False
1910,2005-03-24,24,3,2005,1,4,False
1911,2005-03-25,25,3,2005,1,5,False
1912,2005-03-26,26,3,2005,1,6,True
1913,2005-03-27,27,3,2005,1,0,True
1914,2005-03-28,28,3,2005,1,1,False
1915,2005-03-29,29,3,2005,1,2,False
1916,2005-03-30,30,3,2005,1,3,False
1917,2005-03-31,31,3,2005,1,4,False
1918,2005-04-01,1,4,2005,2,5,False
1919,2005-04-02,2,4,2005,2,6,True
1920,2005-04-03,3,4,2005,2,0,True
1921,2005-04-04,4,4,2005,2,1,False
1922,2005-04-05,5,4,2005,2,2,False
1923,2005-04-06,6,4,2005,2,3,False
1924,2005-04-07,7,4,2005,2,4,False
1925,2005-04-08,8,4,2005,2,5,False
1926,2005-04-09,9,4,2005,2,6,True
1927,2005-04-10,10,4,2005,2,0,True
1928,2005-04-11,11,4,2005,2,1,False
1929,2005-04-12,12,4,2005,2,2,False
1930,2005-04-13,13,4,2005,2,3,False
1931,2005-04-14,14,4,2005,2,4,False
1932,2005-04-15,15,4,2005,2,5,False
1933,2005-04-16,16,4,2005,2,6,True
1934,2005-04-17,17,4,2005,2,0,True
1935,2005-04-18,18,4,2005,2,1,False
1936,2005-04-19,19,4,2005,2,2,False
1937,2005-04-20,20,4,2005,2,3,False
1938,2005-04-21,21,4,2005,2,4,False
1939,2005-04-22,22,4,2005,2,5,False
1940,2005-04-23,23,4,2005,2,6,True
1941,2005-04-24,24,4,2005,2,0,True
1942,2005-04-25,25,4,2005,2,1,False
1943,2005-04-26,26,4,2005,2,2,False
1944,2005-04-27,27,4,2005,2,3,False
1945,2005-04-28,28,4,2005,2,4,False
1946,2005-04-29,29,4,2005,2,5,False
1947,2005-04-30,30,4,2005,2,6,True
1948,2005-05-01,1,5,2005,2,0,True
1949,2005-05-02,2,5,2005,2,1,False
1950,2005-05-03,3,5,2005,2,2,False
1951,2005-05-04,4,5,2005,2,3,False
1952,2005-05-05,5,5,2005,2,4,False
1953,2005-05-06,6,5,2005,2,5,False
1954,2005-05-07,7,5,2005,2,6,True
1955,2005-05-08,8,5,2005,2,0,True
1956,2005-05-09,9,5,2005,2,1,False
1957,2005-05-10,10,5,2005,2,2,False
1958,2005-05-11,11,5,2005,2,3,False
1959,2005-05-12,12,5,2005,2,4,False
1960,2005-05-13,13,5,2005,2,5,False
1961,2005-05-14,14,5,2005,2,6,True
1962,2005-05-15,15,5,2005,2,0,True
1963,2005-05-16,16,5,2005,2,1,False
1964,2005-05-17,17,5,2005,2,2,False
1965,2005-05-18,18,5,2005,2,3,False
1966,2005-05-19,19,5,2005,2,4,False
1967,2005-05-20,20,5,2005,2,5,False
1968,2005-05-21,21,5,2005,2,6,True
1969,2005-05-22,22,5,2005,2,0,True
1970,2005-05-23,23,5,2005,2,1,False
1971,2005-05-24,24,5,2005,2,2,False
1972,2005-05-25,25,5,2005,2,3,False
1973,2005-05-26,26,5,2005,2,4,False
1974,2005-05-27,27,5,2005,2,5,False
1975,2005-05-28,28,5,2005,2,6,True
1976,2005-05-29,29,5,2005,2,0,True
1977,2005-05-30,30,5,2005,2,1,False
1978,2005-05-31,31,5,2005,2,2,False
1979,2005-06-01,1,6,2005,2,3,False
1980,2005-06-02,2,6,2005,2,4,False
1981,2005-06-03,3,6,2005,2,5,False
1982,2005-06-04,4,6,2005,2,6,True
1983,2005-06-05,5,6,2005,2,0,True
1984,2005-06-06,6,6,2005,2,1,False
1985,2005-06-07,7,6,2005,2,2,False
1986,2005-06-08,8,6,2005,2,3,False
1987,2005-06-09,9,6,2005,2,4,False
1988,2005-06-10,10,6,2005,2,5,False
1989,2005-06-11,11,6,2005,2,6,True
1990,2005-06-12,12,6,2005,2,0,True
1991,2005-06-13,13,6,2005,2,1,False
1992,2005-06-14,14,6,2005,2,2,False
1993,2005-06-15,15,6,2005,2,3,False
1994,2005-06-16,16,6,2005,2,4,False
1995,2005-06-17,17,6,2005,2,5,False
1996,2005-06-18,18,6,2005,2,6,True
1997,2005-06-19,19,6,2005,2,0,True
1998,2005-06-20,20,6,2005,2,1,False
1999,2005-06-21,21,6,2005,2,2,False
2000,2005-06-22,22,6,2005,2,3,False
2001,2005-06-23,23,6,2005,2,4,False
2002,2005-06-24,24,6,2005,2,5,False
2003,2005-06-25,25,6,2005,2,6,True
2004,2005-06-26,26,6,2005,2,0,True
2005,2005-06-27,27,6,2005,2,1,False
2006,2005-06-28,28,6,2005,2,2,False
2007,2005-06-29,29,6,2005,2,3,False
2008,2005-06-30,30,6,2005,2,4,False
2009,2005-07-01,1,7,2005,3,5,False
2010,2005-07-02,2,7,2005,3,6,True
2011,2005-07-03,3,7,2005,3,0,True
2012,2005-07-04,4,7,2005,3,1,False
2013,2005-07-05,5,7,2005,3,2,False
2014,2005-07-06,6,7,2005,3,3,False
2015,2005-07-07,7,7,2005,3,4,False
2016,2005-07-08,8,7,2005,3,5,False
2017,2005-07-09,9,7,2005,3,6,True
2018,2005-07-10,10,7,2005,3,0,True
2019,2005-07-11,11,7,2005,3,1,False
2020,2005-07-12,12,7,2005,3,2,False
2021,2005-07-13,13,7,2005,3,3,False
2022,2005-07-14,14,7,2005,3,4,False
2023,2005-07-15,15,7,2005,3,5,False
2024,2005-07-16,16,7,2005,3,6,True
2025,2005-07-17,17,7,2005,3,0,True
2026,2005-07-18,18,7,2005,3,1,False
2027,2005-07-19,19,7,2005,3,2,False
2028,2005-07-20,20,7,2005,3,3,False
2029,2005-07-21,21,7,2005,3,4,False
2030,2005-07-22,22,7,2005,3,5,False
2031,2005-07-23,23,7,2005,3,6,True
2032,2005-07-24,24,7,2005,3,0,True
2033,2005-07-25,25,7,2005,3,1,False
2034,2005-07-26,26,7,2005,3,2,False
2035,2005-07-27,27,7,2005,3,3,False
2036,2005-07-28,28,7,2005,3,4,False
2037,2005-07-29,29,7,2005,3,5,False
2038,2005-07-30,30,7,2005,3,6,True
2039,2005-07-31,31,7,2005,3,0,True
2040,2005-08-01,1,8,2005,3,1,False
2041,2005-08-02,2,8,2005,3,2,False
2042,2005-08-03,3,8,2005,3,3,False
2043,2005-08-04,4,8,2005,3,4,False
2044,2005-08-05,5,8,2005,3,5,False
2045,2005-08-06,6,8,2005,3,6,True
2046,2005-08-07,7,8,2005,3,0,True
2047,2005-08-08,8,8,2005,3,1,False
2048,2005-08-09,9,8,2005,3,2,False
2049,2005-08-10,10,8,2005,3,3,False
2050,2005-08-11,11,8,2005,3,4,False
2051,2005-08-12,12,8,2005,3,5,False
2052,2005-08-13,13,8,2005,3,6,True
2053,2005-08-14,14,8,2005,3,0,True
2054,2005-08-15,15,8,2005,3,1,False
2055,2005-08-16,16,8,2005,3,2,False
2056,2005-08-17,17,8,2005,3,3,False
2057,2005-08-18,18,8,2005,3,4,False
2058,2005-08-19,19,8,2005,3,5,False
2059,2005-08-20,20,8,2005,3,6,True
2060,2005-08-21,21,8,2005,3,0,True
2061,2005-08-22,22,8,2005,3,1,False
2062,2005-08-23,23,8,2005,3,2,False
2063,2005-08-24,24,8,2005,3,3,False
2064,2005-08-25,25,8,2005,3,4,False
2065,2005-08-26,26,8,2005,3,5,False
2066,2005-08-27,27,8,2005,3,6,True
2067,2005-08-28,28,8,2005,3,0,True
2068,2005-08-29,29,8,2005,3,1,False
2069,2005-08-30,30,8,2005,3,2,False
2070,2005-08-31,31,8,2005,3,3,False
2071,2005-09-01,1,9,2005,3,4,False
2072,2005-09-02,2,9,2005,3,5,False
2073,2005-09-03,3,9,2005,3,6,True
2074,2005-09-04,4,9,2005,3,0,True
2075,2005-09-05,5,9,2005,3,1,False
2076,2005-09-06,6,9,2005,3,2,False
2077,2005-09-07,7,9,2005,3,3,False
2078,2005-09-08,8,9,2005,3,4,False
2079,2005-09-09,9,9,2005,3,5,False
2080,2005-09-10,10,9,2005,3,6,True
2081,2005-09-11,11,9,2005,3,0,True
2082,2005-09-12,12,9,2005,3,1,False
2083,2005-09-13,13,9,2005,3,2,False
2084,2005-09-14,14,9,2005,3,3,False
2085,2005-09-15,15,9,2005,3,4,False
2086,2005-09-16,16,9,2005,3,5,False
2087,2005-09-17,17,9,2005,3,6,True
2088,2005-09-18,18,9,2005,3,0,True
2089,2005-09-19,19,9,2005,3,1,False
2090,2005-09-20,20,9,2005,3,2,False
2091,2005-09-21,21,9,2005,3,3,False
2092,2005-09-22,22,9,2005,3,4,False
2093,2005-09-23,23,9,2005,3,5,False
2094,2005-09-24,24,9,2005,3,6,True
2095,2005-09-25,25,9,2005,3,0,True
2096,2005-09-26,26,9,2005,3,1,False
2097,2005-09-27,27,9,2005,3,2,False
2098,2005-09-28,28,9,2005,3,3,False
2099,2005-09-29,29,9,2005,3,4,False
2100,2005-09-30,30,9,2005,3,5,False
2101,2005-10-01,1,10,2005,4,6,True
2102,2005-10-02,2,10,2005,4,0,True
2103,2005-10-03,3,10,2005,4,1,False
2104,2005-10-04,4,10,2005,4,2,False
2105,2005-10-05,5,10,2005,4,3,False
2106,2005-10-06,6,10,2005,4,4,False
2107,2005-10-07,7,10,2005,4,5,False
2108,2005-10-08,8,10,2005,4,6,True
2109,2005-10-09,9,10,2005,4,0,True
2110,2005-10-10,10,10,2005,4,1,False
2111,2005-10-11,11,10,2005,4,2,False
2112,2005-10-12,12,10,2005,4,3,False
2113,2005-10-13,13,10,2005,4,4,False
2114,2005-10-14,14,10,2005,4,5,False
2115,2005-10-15,15,10,2005,4,6,True
2116,2005-10-16,16,10,2005,4,0,True
2117,2005-10-17,17,10,2005,4,1,False
2118,2005-10-18,18,10,2005,4,2,False
2119,2005-10-19,19,10,2005,4,3,False
2120,2005-10-20,20,10,2005,4,4,False
2121,2005-10-21,21,10,2005,4,5,False
2122,2005-10-22,22,10,2005,4,6,True
2123,2005-10-23,23,10,2005,4,0,True
2124,2005-10-24,24,10,2005,4,1,False
2125,2005-10-25,25,10,2005,4,2,False
2126,2005-10-26,26,10,2005,4,3,False
2127,2005-10-27,27,10,2005,4,4,False
2128,2005-10-28,28,10,2005,4,5,False
2129,2005-10-29,29,10,2005,4,6,True
2130,2005-10-30,30,10,2005,4,0,True
2131,2005-10-31,31,10,2005,4,1,False
2132,2005-11-01,1,11,2005,4,2,False
2133,2005-11-02,2,11,2005,4,3,False
2134,2005-11-03,3,11,2005,4,4,False
2135,2005-11-04,4,11,2005,4,5,False
2136,2005-11-05,5,11,2005,4,6,True
2137,2005-11-06,6,11,2005,4,0,True
2138,2005-11-07,7,11,2005,4,1,False
2139,2005-11-08,8,11,2005,4,2,False
2140,2005-11-09,9,11,2005,4,3,False
2141,2005-11-10,10,11,2005,4,4,False
2142,2005-11-11,11,11,2005,4,5,False
2143,2005-11-12,12,11,2005,4,6,True
2144,2005-11-13,13,11,2005,4,0,True
2145,2005-11-14,14,11,2005,4,1,False
2146,2005-11-15,15,11,2005,4,2,False
2147,2005-11-16,16,11,2005,4,3,False
2148,2005-11-17,17,11,2005,4,4,False
2149,2005-11-18,18,11,2005,4,5,False
2150,2005-11-19,19,11,2005,4,6,True
2151,2005-11-20,20,11,2005,4,0,True
2152,2005-11-21,21,11,2005,4,1,False
2153,2005-11-22,22,11,2005,4,2,False
2154,2005-11-23,23,11,2005,4,3,False
2155,2005-11-24,24,11,2005,4,4,False
2156,2005-11-25,25,11,2005,4,5,False
2157,2005-11-26,26,11,2005,4,6,True
2158,2005-11-27,27,11,2005,4,0,True
2159,2005-11-28,28,11,2005,4,1,False
2160,2005-11-29,29,11,2005,4,2,False
2161,2005-11-30,30,11,2005,4,3,False
2162,2005-12-01,1,12,2005,4,4,False
2163,2005-12-02,2,12,2005,4,5,False
2164,2005-12-03,3,12,2005,4,6,True
2165,2005-12-04,4,12,2005,4,0,True
2166,2005-12-05,5,12,2005,4,1,False
2167,2005-12-06,6,12,2005,4,2,False
2168,2005-12-07,7,12,2005,4,3,False
2169,2005-12-08,8,12,2005,4,4,False
2170,2005-12-09,9,12,2005,4,5,False
2171,2005-12-10,10,12,2005,4,6,True
2172,2005-12-11,11,12,2005,4,0,True
2173,2005-12-12,12,12,2005,4,1,False
2174,2005-12-13,13,12,2005,4,2,False
2175,2005-12-14,14,12,2005,4,3,False
2176,2005-12-15,15,12,2005,4,4,False
2177,2005-12-16,16,12,2005,4,5,False
2178,2005-12-17,17,12,2005,4,6,True
2179,2005-12-18,18,12,2005,4,0,True
2180,2005-12-19,19,12,2005,4,1,False
2181,2005-12-20,20,12,2005,4,2,False
2182,2005-12-21,21,12,2005,4,3,False
2183,2005-12-22,22,12,2005,4,4,False
2184,2005-12-23,23,12,2005,4,5,False
2185,2005-12-24,24,12,2005,4,6,True
2186,2005-12-25,25,12,2005,4,0,True
2187,2005-12-26,26,12,2005,4,1,False
2188,2005-12-27,27,12,2005,4,2,False
2189,2005-12-28,28,12,2005,4,3,False
2190,2005-12-29,29,12,2005,4,4,False
2191,2005-12-30,30,12,2005,4,5,False
2192,2005-12-31,31,12,2005,4,6,True
2193,2006-01-01,1,1,2006,1,0,True
2194,2006-01-02,2,1,2006,1,1,False
2195,2006-01-03,3,1,2006,1,2,False
2196,2006-01-04,4,1,2006,1,3,False
2197,2006-01-05,5,1,2006,1,4,False
2198,2006-01-06,6,1,2006,1,5,False
2199,2006-01-07,7,1,2006,1,6,True
2200,2006-01-08,8,1,2006,1,0,True
2201,2006-01-09,9,1,2006,1,1,False
2202,2006-01-10,10,1,2006,1,2,False
2203,2006-01-11,11,1,2006,1,3,False
2204,2006-01-12,12,1,2006,1,4,False
2205,2006-01-13,13,1,2006,1,5,False
2206,2006-01-14,14,1,2006,1,6,True
2207,2006-01-15,15,1,2006,1,0,True
2208,2006-01-16,16,1,2006,1,1,False
2209,2006-01-17,17,1,2006,1,2,False
2210,2006-01-18,18,1,2006,1,3,False
2211,2006-01-19,19,1,2006,1,4,False
2212,2006-01-20,20,1,2006,1,5,False
2213,2006-01-21,21,1,2006,1,6,True
2214,2006-01-22,22,1,2006,1,0,True
2215,2006-01-23,23,1,2006,1,1,False
2216,2006-01-24,24,1,2006,1,2,False
2217,2006-01-25,25,1,2006,1,3,False
2218,2006-01-26,26,1,2006,1,4,False
2219,2006-01-27,27,1,2006,1,5,False
2220,2006-01-28,28,1,2006,1,6,True
2221,2006-01-29,29,1,2006,1,0,True
2222,2006-01-30,30,1,2006,1,1,False
2223,2006-01-31,31,1,2006,1,2,False
2224,2006-02-01,1,2,2006,1,3,False
2225,2006-02-02,2,2,2006,1,4,False
2226,2006-02-03,3,2,2006,1,5,False
2227,2006-02-04,4,2,2006,1,6,True
2228,2006-02-05,5,2,2006,1,0,True
2229,2006-02-06,6,2,2006,1,1,False
2230,2006-02-07,7,2,2006,1,2,False
2231,2006-02-08,8,2,2006,1,3,False
2232,2006-02-09,9,2,2006,1,4,False
2233,2006-02-10,10,2,2006,1,5,False
2234,2006-02-11,11,2,2006,1,6,True
2235,2006-02-12,12,2,2006,1,0,True
2236,2006-02-13,13,2,2006,1,1,False
2237,2006-02-14,14,2,2006,1,2,False
2238,2006-02-15,15,2,2006,1,3,False
2239,2006-02-16,16,2,2006,1,4,False
2240,2006-02-17,17,2,2006,1,5,False
2241,2006-02-18,18,2,2006,1,6,True
2242,2006-02-19,19,2,2006,1,0,True
2243,2006-02-20,20,2,2006,1,1,False
2244,2006-02-21,21,2,2006,1,2,False
2245,2006-02-22,22,2,2006,1,3,False
2246,2006-02-23,23,2,2006,1,4,False
2247,2006-02-24,24,2,2006,1,5,False
2248,2006-02-25,25,2,2006,1,6,True
2249,2006-02-26,26,2,2006,1,0,True
2250,2006-02-27,27,2,2006,1,1,False
2251,2006-02-28,28,2,2006,1,2,False
2252,2006-03-01,1,3,2006,1,3,False
2253,2006-03-02,2,3,2006,1,4,False
2254,2006-03-03,3,3,2006,1,5,False
2255,2006-03-04,4,3,2006,1,6,True
2256,2006-03-05,5,3,2006,1,0,True
2257,2006-03-06,6,3,2006,1,1,False
2258,2006-03-07,7,3,2006,1,2,False
2259,2006-03-08,8,3,2006,1,3,False
2260,2006-03-09,9,3,2006,1,4,False
2261,2006-03-10,10,3,2006,1,5,False
2262,2006-03-11,11,3,2006,1,6,True
2263,2006-03-12,12,3,2006,1,0,True
2264,2006-03-13,13,3,2006,1,1,False
2265,2006-03-14,14,3,2006,1,2,False
2266,2006-03-15,15,3,2006,1,3,False
2267,2006-03-16,16,3,2006,1,4,False
2268,2006-03-17,17,3,2006,1,5,False
2269,2006-03-18,18,3,2006,1,6,True
2270,2006-03-19,19,3,2006,1,0,True
2271,2006-03-20,20,3,2006,1,1,False
2272,2006-03-21,21,3,2006,1,2,False
2273,2006-03-22,22,3,2006,1,3,False
2274,2006-03-23,23,3,2006,1,4,False
2275,2006-03-24,24,3,2006,1,5,False
2276,2006-03-25,25,3,2006,1,6,True
2277,2006-03-26,26,3,2006,1,0,True
2278,2006-03-27,27,3,2006,1,1,False
2279,2006-03-28,28,3,2006,1,2,False
2280,2006-03-29,29,3,2006,1,3,False
2281,2006-03-30,30,3,2006,1,4,False
2282,2006-03-31,31,3,2006,1,5,False
2283,2006-04-01,1,4,2006,2,6,True
2284,2006-04-02,2,4,2006,2,0,True
2285,2006-04-03,3,4,2006,2,1,False
2286,2006-04-04,4,4,2006,2,2,False
2287,2006-04-05,5,4,2006,2,3,False
2288,2006-04-06,6,4,2006,2,4,False
2289,2006-04-07,7,4,2006,2,5,False
2290,2006-04-08,8,4,2006,2,6,True
2291,2006-04-09,9,4,2006,2,0,True
2292,2006-04-10,10,4,2006,2,1,False
2293,2006-04-11,11,4,2006,2,2,False
2294,2006-04-12,12,4,2006,2,3,False
2295,2006-04-13,13,4,2006,2,4,False
2296,2006-04-14,14,4,2006,2,5,False
2297,2006-04-15,15,4,2006,2,6,True
2298,2006-04-16,16,4,2006,2,0,True
2299,2006-04-17,17,4,2006,2,1,False
2300,2006-04-18,18,4,2006,2,2,False
2301,2006-04-19,19,4,2006,2,3,False
2302,2006-04-20,20,4,2006,2,4,False
2303,2006-04-21,21,4,2006,2,5,False
2304,2006-04-22,22,4,2006,2,6,True
2305,2006-04-23,23,4,2006,2,0,True
2306,2006-04-24,24,4,2006,2,1,False
2307,2006-04-25,25,4,2006,2,2,False
2308,2006-04-26,26,4,2006,2,3,False
2309,2006-04-27,27,4,2006,2,4,False
2310,2006-04-28,28,4,2006,2,5,False
2311,2006-04-29,29,4,2006,2,6,True
2312,2006-04-30,30,4,2006,2,0,True
2313,2006-05-01,1,5,2006,2,1,False
2314,2006-05-02,2,5,2006,2,2,False
2315,2006-05-03,3,5,2006,2,3,False
2316,2006-05-04,4,5,2006,2,4,False
2317,2006-05-05,5,5,2006,2,5,False
2318,2006-05-06,6,5,2006,2,6,True
2319,2006-05-07,7,5,2006,2,0,True
2320,2006-05-08,8,5,2006,2,1,False
2321,2006-05-09,9,5,2006,2,2,False
2322,2006-05-10,10,5,2006,2,3,False
2323,2006-05-11,11,5,2006,2,4,False
2324,2006-05-12,12,5,2006,2,5,False
2325,2006-05-13,13,5,2006,2,6,True
2326,2006-05-14,14,5,2006,2,0,True
2327,2006-05-15,15,5,2006,2,1,False
2328,2006-05-16,16,5,2006,2,2,False
2329,2006-05-17,17,5,2006,2,3,False
2330,2006-05-18,18,5,2006,2,4,False
2331,2006-05-19,19,5,2006,2,5,False
2332,2006-05-20,20,5,2006,2,6,True
2333,2006-05-21,21,5,2006,2,0,True
2334,2006-05-22,22,5,2006,2,1,False
2335,2006-05-23,23,5,2006,2,2,False
2336,2006-05-24,24,5,2006,2,3,False
2337,2006-05-25,25,5,2006,2,4,False
2338,2006-05-26,26,5,2006,2,5,False
2339,2006-05-27,27,5,2006,2,6,True
2340,2006-05-28,28,5,2006,2,0,True
2341,2006-05-29,29,5,2006,2,1,False
2342,2006-05-30,30,5,2006,2,2,False
2343,2006-05-31,31,5,2006,2,3,False
2344,2006-06-01,1,6,2006,2,4,False
2345,2006-06-02,2,6,2006,2,5,False
2346,2006-06-03,3,6,2006,2,6,True
2347,2006-06-04,4,6,2006,2,0,True
2348,2006-06-05,5,6,2006,2,1,False
2349,2006-06-06,6,6,2006,2,2,False
2350,2006-06-07,7,6,2006,2,3,False
2351,2006-06-08,8,6,2006,2,4,False
2352,2006-06-09,9,6,2006,2,5,False
2353,2006-06-10,10,6,2006,2,6,True
2354,2006-06-11,11,6,2006,2,0,True
2355,2006-06-12,12,6,2006,2,1,False
2356,2006-06-13,13,6,2006,2,2,False
2357,2006-06-14,14,6,2006,2,3,False
2358,2006-06-15,15,6,2006,2,4,False
2359,2006-06-16,16,6,2006,2,5,False
2360,2006-06-17,17,6,2006,2,6,True
2361,2006-06-18,18,6,2006,2,0,True
2362,2006-06-19,19,6,2006,2,1,False
2363,2006-06-20,20,6,2006,2,2,False
2364,2006-06-21,21,6,2006,2,3,False
2365,2006-06-22,22,6,2006,2,4,False
2366,2006-06-23,23,6,2006,2,5,False
2367,2006-06-24,24,6,2006,2,6,True
2368,2006-06-25,25,6,2006,2,0,True
2369,2006-06-26,26,6,2006,2,1,False
2370,2006-06-27,27,6,2006,2,2,False
2371,2006-06-28,28,6,2006,2,3,False
2372,2006-06-29,29,6,2006,2,4,False
2373,2006-06-30,30,6,2006,2,5,False
2374,2006-07-01,1,7,2006,3,6,True
2375,2006-07-02,2,7,2006,3,0,True
2376,2006-07-03,3,7,2006,3,1,False
2377,2006-07-04,4,7,2006,3,2,False
2378,2006-07-05,5,7,2006,3,3,False
2379,2006-07-06,6,7,2006,3,4,False
2380,2006-07-07,7,7,2006,3,5,False
2381,2006-07-08,8,7,2006,3,6,True
2382,2006-07-09,9,7,2006,3,0,True
2383,2006-07-10,10,7,2006,3,1,False
2384,2006-07-11,11,7,2006,3,2,False
2385,2006-07-12,12,7,2006,3,3,False
2386,2006-07-13,13,7,2006,3,4,False
2387,2006-07-14,14,7,2006,3,5,False
2388,2006-07-15,15,7,2006,3,6,True
2389,2006-07-16,16,7,2006,3,0,True
2390,2006-07-17,17,7,2006,3,1,False
2391,2006-07-18,18,7,2006,3,2,False
2392,2006-07-19,19,7,2006,3,3,False
2393,2006-07-20,20,7,2006,3,4,False
2394,2006-07-21,21,7,2006,3,5,False
2395,2006-07-22,22,7,2006,3,6,True
2396,2006-07-23,23,7,2006,3,0,True
2397,2006-07-24,24,7,2006,3,1,False
2398,2006-07-25,25,7,2006,3,2,False
2399,2006-07-26,26,7,2006,3,3,False
2400,2006-07-27,27,7,2006,3,4,False
2401,2006-07-28,28,7,2006,3,5,False
2402,2006-07-29,29,7,2006,3,6,True
2403,2006-07-30,30,7,2006,3,0,True
2404,2006-07-31,31,7,2006,3,1,False
2405,2006-08-01,1,8,2006,3,2,False
2406,2006-08-02,2,8,2006,3,3,False
2407,2006-08-03,3,8,2006,3,4,False
2408,2006-08-04,4,8,2006,3,5,False
2409,2006-08-05,5,8,2006,3,6,True
2410,2006-08-06,6,8,2006,3,0,True
2411,2006-08-07,7,8,2006,3,1,False
2412,2006-08-08,8,8,2006,3,2,False
2413,2006-08-09,9,8,2006,3,3,False
2414,2006-08-10,10,8,2006,3,4,False
2415,2006-08-11,11,8,2006,3,5,False
2416,2006-08-12,12,8,2006,3,6,True
2417,2006-08-13,13,8,2006,3,0,True
2418,2006-08-14,14,8,2006,3,1,False
2419,2006-08-15,15,8,2006,3,2,False
2420,2006-08-16,16,8,2006,3,3,False
2421,2006-08-17,17,8,2006,3,4,False
2422,2006-08-18,18,8,2006,3,5,False
2423,2006-08-19,19,8,2006,3,6,True
2424,2006-08-20,20,8,2006,3,0,True
2425,2006-08-21,21,8,2006,3,1,False
2426,2006-08-22,22,8,2006,3,2,False
2427,2006-08-23,23,8,2006,3,3,False
2428,2006-08-24,24,8,2006,3,4,False
2429,2006-08-25,25,8,2006,3,5,False
2430,2006-08-26,26,8,2006,3,6,True
2431,2006-08-27,27,8,2006,3,0,True
2432,2006-08-28,28,8,2006,3,1,False
2433,2006-08-29,29,8,2006,3,2,False
2434,2006-08-30,30,8,2006,3,3,False
2435,2006-08-31,31,8,2006,3,4,False
2436,2006-09-01,1,9,2006,3,5,False
2437,2006-09-02,2,9,2006,3,6,True
2438,2006-09-03,3,9,2006,3,0,True
2439,2006-09-04,4,9,2006,3,1,False
2440,2006-09-05,5,9,2006,3,2,False
2441,2006-09-06,6,9,2006,3,3,False
2442,2006-09-07,7,9,2006,3,4,False
2443,2006-09-08,8,9,2006,3,5,False
2444,2006-09-09,9,9,2006,3,6,True
2445,2006-09-10,10,9,2006,3,0,True
2446,2006-09-11,11,9,2006,3,1,False
2447,2006-09-12,12,9,2006,3,2,False
2448,2006-09-13,13,9,2006,3,3,False
2449,2006-09-14,14,9,2006,3,4,False
2450,2006-09-15,15,9,2006,3,5,False
2451,2006-09-16,16,9,2006,3,6,True
2452,2006-09-17,17,9,2006,3,0,True
2453,2006-09-18,18,9,2006,3,1,False
2454,2006-09-19,19,9,2006,3,2,False
2455,2006-09-20,20,9,2006,3,3,False
2456,2006-09-21,21,9,2006,3,4,False
2457,2006-09-22,22,9,2006,3,5,False
2458,2006-09-23,23,9,2006,3,6,True
2459,2006-09-24,24,9,2006,3,0,True
2460,2006-09-25,25,9,2006,3,1,False
2461,2006-09-26,26,9,2006,3,2,False
2462,2006-09-27,27,9,2006,3,3,False
2463,2006-09-28,28,9,2006,3,4,False
2464,2006-09-29,29,9,2006,3,5,False
2465,2006-09-30,30,9,2006,3,6,True
2466,2006-10-01,1,10,2006,4,0,True
2467,2006-10-02,2,10,2006,4,1,False
2468,2006-10-03,3,10,2006,4,2,False
2469,2006-10-04,4,10,2006,4,3,False
2470,2006-10-05,5,10,2006,4,4,False
2471,2006-10-06,6,10,2006,4,5,False
2472,2006-10-07,7,10,2006,4,6,True
2473,2006-10-08,8,10,2006,4,0,True
2474,2006-10-09,9,10,2006,4,1,False
2475,2006-10-10,10,10,2006,4,2,False
2476,2006-10-11,11,10,2006,4,3,False
2477,2006-10-12,12,10,2006,4,4,False
2478,2006-10-13,13,10,2006,4,5,False
2479,2006-10-14,14,10,2006,4,6,True
2480,2006-10-15,15,10,2006,4,0,True
2481,2006-10-16,16,10,2006,4,1,False
2482,2006-10-17,17,10,2006,4,2,False
2483,2006-10-18,18,10,2006,4,3,False
2484,2006-10-19,19,10,2006,4,4,False
2485,2006-10-20,20,10,2006,4,5,False
2486,2006-10-21,21,10,2006,4,6,True
2487,2006-10-22,22,10,2006,4,0,True
2488,2006-10-23,23,10,2006,4,1,False
2489,2006-10-24,24,10,2006,4,2,False
2490,2006-10-25,25,10,2006,4,3,False
2491,2006-10-26,26,10,2006,4,4,False
2492,2006-10-27,27,10,2006,4,5,False
2493,2006-10-28,28,10,2006,4,6,True
2494,2006-10-29,29,10,2006,4,0,True
2495,2006-10-30,30,10,2006,4,1,False
2496,2006-10-31,31,10,2006,4,2,False
2497,2006-11-01,1,11,2006,4,3,False
2498,2006-11-02,2,11,2006,4,4,False
2499,2006-11-03,3,11,2006,4,5,False
2500,2006-11-04,4,11,2006,4,6,True
2501,2006-11-05,5,11,2006,4,0,True
2502,2006-11-06,6,11,2006,4,1,False
2503,2006-11-07,7,11,2006,4,2,False
2504,2006-11-08,8,11,2006,4,3,False
2505,2006-11-09,9,11,2006,4,4,False
2506,2006-11-10,10,11,2006,4,5,False
2507,2006-11-11,11,11,2006,4,6,True
2508,2006-11-12,12,11,2006,4,0,True
2509,2006-11-13,13,11,2006,4,1,False
2510,2006-11-14,14,11,2006,4,2,False
2511,2006-11-15,15,11,2006,4,3,False
2512,2006-11-16,16,11,2006,4,4,False
2513,2006-11-17,17,11,2006,4,5,False
2514,2006-11-18,18,11,2006,4,6,True
2515,2006-11-19,19,11,2006,4,0,True
2516,2006-11-20,20,11,2006,4,1,False
2517,2006-11-21,21,11,2006,4,2,False
2518,2006-11-22,22,11,2006,4,3,False
2519,2006-11-23,23,11,2006,4,4,False
2520,2006-11-24,24,11,2006,4,5,False
2521,2006-11-25,25,11,2006,4,6,True
2522,2006-11-26,26,11,2006,4,0,True
2523,2006-11-27,27,11,2006,4,1,False
2524,2006-11-28,28,11,2006,4,2,False
2525,2006-11-29,29,11,2006,4,3,False
2526,2006-11-30,30,11,2006,4,4,False
2527,2006-12-01,1,12,2006,4,5,False
2528,2006-12-02,2,12,2006,4,6,True
2529,2006-12-03,3,12,2006,4,0,True
2530,2006-12-04,4,12,2006,4,1,False
2531,2006-12-05,5,12,2006,4,2,False
2532,2006-12-06,6,12,2006,4,3,False
2533,2006-12-07,7,12,2006,4,4,False
2534,2006-12-08,8,12,2006,4,5,False
2535,2006-12-09,9,12,2006,4,6,True
2536,2006-12-10,10,12,2006,4,0,True
2537,2006-12-11,11,12,2006,4,1,False
2538,2006-12-12,12,12,2006,4,2,False
2539,2006-12-13,13,12,2006,4,3,False
2540,2006-12-14,14,12,2006,4,4,False
2541,2006-12-15,15,12,2006,4,5,False
2542,2006-12-16,16,12,2006,4,6,True
2543,2006-12-17,17,12,2006,4,0,True
2544,2006-12-18,18,12,2006,4,1,False
2545,2006-12-19,19,12,2006,4,2,False
2546,2006-12-20,20,12,2006,4,3,False
2547,2006-12-21,21,12,2006,4,4,False
2548,2006-12-22,22,12,2006,4,5,False
2549,2006-12-23,23,12,2006,4,6,True
2550,2006-12-24,24,12,2006,4,0,True
2551,2006-12-25,25,12,2006,4,1,False
2552,2006-12-26,26,12,2006,4,2,False
2553,2006-12-27,27,12,2006,4,3,False
2554,2006-12-28,28,12,2006,4,4,False
2555,2006-12-29,29,12,2006,4,5,False
2556,2006-12-30,30,12,2006,4,6,True
2557,2006-12-31,31,12,2006,4,0,True
2558,2007-01-01,1,1,2007,1,1,False
2559,2007-01-02,2,1,2007,1,2,False
2560,2007-01-03,3,1,2007,1,3,False
2561,2007-01-04,4,1,2007,1,4,False
2562,2007-01-05,5,1,2007,1,5,False
2563,2007-01-06,6,1,2007,1,6,True
2564,2007-01-07,7,1,2007,1,0,True
2565,2007-01-08,8,1,2007,1,1,False
2566,2007-01-09,9,1,2007,1,2,False
2567,2007-01-10,10,1,2007,1,3,False
2568,2007-01-11,11,1,2007,1,4,False
2569,2007-01-12,12,1,2007,1,5,False
2570,2007-01-13,13,1,2007,1,6,True
2571,2007-01-14,14,1,2007,1,0,True
2572,2007-01-15,15,1,2007,1,1,False
2573,2007-01-16,16,1,2007,1,2,False
2574,2007-01-17,17,1,2007,1,3,False
2575,2007-01-18,18,1,2007,1,4,False
2576,2007-01-19,19,1,2007,1,5,False
2577,2007-01-20,20,1,2007,1,6,True
2578,2007-01-21,21,1,2007,1,0,True
2579,2007-01-22,22,1,2007,1,1,False
2580,2007-01-23,23,1,2007,1,2,False
2581,2007-01-24,24,1,2007,1,3,False
2582,2007-01-25,25,1,2007,1,4,False
2583,2007-01-26,26,1,2007,1,5,False
2584,2007-01-27,27,1,2007,1,6,True
2585,2007-01-28,28,1,2007,1,0,True
2586,2007-01-29,29,1,2007,1,1,False
2587,2007-01-30,30,1,2007,1,2,False
2588,2007-01-31,31,1,2007,1,3,False
2589,2007-02-01,1,2,2007,1,4,False
2590,2007-02-02,2,2,2007,1,5,False
2591,2007-02-03,3,2,2007,1,6,True
2592,2007-02-04,4,2,2007,1,0,True
2593,2007-02-05,5,2,2007,1,1,False
2594,2007-02-06,6,2,2007,1,2,False
2595,2007-02-07,7,2,2007,1,3,False
2596,2007-02-08,8,2,2007,1,4,False
2597,2007-02-09,9,2,2007,1,5,False
2598,2007-02-10,10,2,2007,1,6,True
2599,2007-02-11,11,2,2007,1,0,True
2600,2007-02-12,12,2,2007,1,1,False
2601,2007-02-13,13,2,2007,1,2,False
2602,2007-02-14,14,2,2007,1,3,False
2603,2007-02-15,15,2,2007,1,4,False
2604,2007-02-16,16,2,2007,1,5,False
2605,2007-02-17,17,2,2007,1,6,True
2606,2007-02-18,18,2,2007,1,0,True
2607,2007-02-19,19,2,2007,1,1,False
2608,2007-02-20,20,2,2007,1,2,False
2609,2007-02-21,21,2,2007,1,3,False
2610,2007-02-22,22,2,2007,1,4,False
2611,2007-02-23,23,2,2007,1,5,False
2612,2007-02-24,24,2,2007,1,6,True
2613,2007-02-25,25,2,2007,1,0,True
2614,2007-02-26,26,2,2007,1,1,False
2615,2007-02-27,27,2,2007,1,2,False
2616,2007-02-28,28,2,2007,1,3,False
2617,2007-03-01,1,3,2007,1,4,False
2618,2007-03-02,2,3,2007,1,5,False
2619,2007-03-03,3,3,2007,1,6,True
2620,2007-03-04,4,3,2007,1,0,True
2621,2007-03-05,5,3,2007,1,1,False
2622,2007-03-06,6,3,2007,1,2,False
2623,2007-03-07,7,3,2007,1,3,False
2624,2007-03-08,8,3,2007,1,4,False
2625,2007-03-09,9,3,2007,1,5,False
2626,2007-03-10,10,3,2007,1,6,True
2627,2007-03-11,11,3,2007,1,0,True
2628,2007-03-12,12,3,2007,1,1,False
2629,2007-03-13,13,3,2007,1,2,False
2630,2007-03-14,14,3,2007,1,3,False
2631,2007-03-15,15,3,2007,1,4,False
2632,2007-03-16,16,3,2007,1,5,False
2633,2007-03-17,17,3,2007,1,6,True
2634,2007-03-18,18,3,2007,1,0,True
2635,2007-03-19,19,3,2007,1,1,False
2636,2007-03-20,20,3,2007,1,2,False
2637,2007-03-21,21,3,2007,1,3,False
2638,2007-03-22,22,3,2007,1,4,False
2639,2007-03-23,23,3,2007,1,5,False
2640,2007-03-24,24,3,2007,1,6,True
2641,2007-03-25,25,3,2007,1,0,True
2642,2007-03-26,26,3,2007,1,1,False
2643,2007-03-27,27,3,2007,1,2,False
2644,2007-03-28,28,3,2007,1,3,False
2645,2007-03-29,29,3,2007,1,4,False
2646,2007-03-30,30,3,2007,1,5,False
2647,2007-03-31,31,3,2007,1,6,True
2648,2007-04-01,1,4,2007,2,0,True
2649,2007-04-02,2,4,2007,2,1,False
2650,2007-04-03,3,4,2007,2,2,False
2651,2007-04-04,4,4,2007,2,3,False
2652,2007-04-05,5,4,2007,2,4,False
2653,2007-04-06,6,4,2007,2,5,False
2654,2007-04-07,7,4,2007,2,6,True
2655,2007-04-08,8,4,2007,2,0,True
2656,2007-04-09,9,4,2007,2,1,False
2657,2007-04-10,10,4,2007,2,2,False
2658,2007-04-11,11,4,2007,2,3,False
2659,2007-04-12,12,4,2007,2,4,False
2660,2007-04-13,13,4,2007,2,5,False
2661,2007-04-14,14,4,2007,2,6,True
2662,2007-04-15,15,4,2007,2,0,True
2663,2007-04-16,16,4,2007,2,1,False
2664,2007-04-17,17,4,2007,2,2,False
2665,2007-04-18,18,4,2007,2,3,False
2666,2007-04-19,19,4,2007,2,4,False
2667,2007-04-20,20,4,2007,2,5,False
2668,2007-04-21,21,4,2007,2,6,True
2669,2007-04-22,22,4,2007,2,0,True
2670,2007-04-23,23,4,2007,2,1,False
2671,2007-04-24,24,4,2007,2,2,False
2672,2007-04-25,25,4,2007,2,3,False
2673,2007-04-26,26,4,2007,2,4,False
2674,2007-04-27,27,4,2007,2,5,False
2675,2007-04-28,28,4,2007,2,6,True
2676,2007-04-29,29,4,2007,2,0,True
2677,2007-04-30,30,4,2007,2,1,False
2678,2007-05-01,1,5,2007,2,2,False
2679,2007-05-02,2,5,2007,2,3,False
2680,2007-05-03,3,5,2007,2,4,False
2681,2007-05-04,4,5,2007,2,5,False
2682,2007-05-05,5,5,2007,2,6,True
2683,2007-05-06,6,5,2007,2,0,True
2684,2007-05-07,7,5,2007,2,1,False
2685,2007-05-08,8,5,2007,2,2,False
2686,2007-05-09,9,5,2007,2,3,False
2687,2007-05-10,10,5,2007,2,4,False
2688,2007-05-11,11,5,2007,2,5,False
2689,2007-05-12,12,5,2007,2,6,True
2690,2007-05-13,13,5,2007,2,0,True
2691,2007-05-14,14,5,2007,2,1,False
2692,2007-05-15,15,5,2007,2,2,False
2693,2007-05-16,16,5,2007,2,3,False
2694,2007-05-17,17,5,2007,2,4,False
2695,2007-05-18,18,5,2007,2,5,False
2696,2007-05-19,19,5,2007,2,6,True
2697,2007-05-20,20,5,2007,2,0,True
2698,2007-05-21,21,5,2007,2,1,False
2699,2007-05-22,22,5,2007,2,2,False
2700,2007-05-23,23,5,2007,2,3,False
2701,2007-05-24,24,5,2007,2,4,False
2702,2007-05-25,25,5,2007,2,5,False
2703,2007-05-26,26,5,2007,2,6,True
2704,2007-05-27,27,5,2007,2,0,True
2705,2007-05-28,28,5,2007,2,1,False
2706,2007-05-29,29,5,2007,2,2,False
2707,2007-05-30,30,5,2007,2,3,False
2708,2007-05-31,31,5,2007,2,4,False
2709,2007-06-01,1,6,2007,2,5,False
2710,2007-06-02,2,6,2007,2,6,True
2711,2007-06-03,3,6,2007,2,0,True
2712,2007-06-04,4,6,2007,2,1,False
2713,2007-06-05,5,6,2007,2,2,False
2714,2007-06-06,6,6,2007,2,3,False
2715,2007-06-07,7,6,2007,2,4,False
2716,2007-06-08,8,6,2007,2,5,False
2717,2007-06-09,9,6,2007,2,6,True
2718,2007-06-10,10,6,2007,2,0,True
2719,2007-06-11,11,6,2007,2,1,False
2720,2007-06-12,12,6,2007,2,2,False
2721,2007-06-13,13,6,2007,2,3,False
2722,2007-06-14,14,6,2007,2,4,False
2723,2007-06-15,15,6,2007,2,5,False
2724,2007-06-16,16,6,2007,2,6,True
2725,2007-06-17,17,6,2007,2,0,True
2726,2007-06-18,18,6,2007,2,1,False
2727,2007-06-19,19,6,2007,2,2,False
2728,2007-06-20,20,6,2007,2,3,False
2729,2007-06-21,21,6,2007,2,4,False
2730,2007-06-22,22,6,2007,2,5,False
2731,2007-06-23,23,6,2007,2,6,True
2732,2007-06-24,24,6,2007,2,0,True
2733,2007-06-25,25,6,2007,2,1,False
2734,2007-06-26,26,6,2007,2,2,False
2735,2007-06-27,27,6,2007,2,3,False
2736,2007-06-28,28,6,2007,2,4,False
2737,2007-06-29,29,6,2007,2,5,False
2738,2007-06-30,30,6,2007,2,6,True
2739,2007-07-01,1,7,2007,3,0,True
2740,2007-07-02,2,7,2007,3,1,False
2741,2007-07-03,3,7,2007,3,2,False
2742,2007-07-04,4,7,2007,3,3,False
2743,2007-07-05,5,7,2007,3,4,False
2744,2007-07-06,6,7,2007,3,5,False
2745,2007-07-07,7,7,2007,3,6,True
2746,2007-07-08,8,7,2007,3,0,True
2747,2007-07-09,9,7,2007,3,1,False
2748,2007-07-10,10,7,2007,3,2,False
2749,2007-07-11,11,7,2007,3,3,False
2750,2007-07-12,12,7,2007,3,4,False
2751,2007-07-13,13,7,2007,3,5,False
2752,2007-07-14,14,7,2007,3,6,True
2753,2007-07-15,15,7,2007,3,0,True
2754,2007-07-16,16,7,2007,3,1,False
2755,2007-07-17,17,7,2007,3,2,False
2756,2007-07-18,18,7,2007,3,3,False
2757,2007-07-19,19,7,2007,3,4,False
2758,2007-07-20,20,7,2007,3,5,False
2759,2007-07-21,21,7,2007,3,6,True
2760,2007-07-22,22,7,2007,3,0,True
2761,2007-07-23,23,7,2007,3,1,False
2762,2007-07-24,24,7,2007,3,2,False
2763,2007-07-25,25,7,2007,3,3,False
2764,2007-07-26,26,7,2007,3,4,False
2765,2007-07-27,27,7,2007,3,5,False
2766,2007-07-28,28,7,2007,3,6,True
2767,2007-07-29,29,7,2007,3,0,True
2768,2007-07-30,30,7,2007,3,1,False
2769,2007-07-31,31,7,2007,3,2,False
2770,2007-08-01,1,8,2007,3,3,False
2771,2007-08-02,2,8,2007,3,4,False
2772,2007-08-03,3,8,2007,3,5,False
2773,2007-08-04,4,8,2007,3,6,True
2774,2007-08-05,5,8,2007,3,0,True
2775,2007-08-06,6,8,2007,3,1,False
2776,2007-08-07,7,8,2007,3,2,False
2777,2007-08-08,8,8,2007,3,3,False
2778,2007-08-09,9,8,2007,3,4,False
2779,2007-08-10,10,8,2007,3,5,False
2780,2007-08-11,11,8,2007,3,6,True
2781,2007-08-12,12,8,2007,3,0,True
2782,2007-08-13,13,8,2007,3,1,False
2783,2007-08-14,14,8,2007,3,2,False
2784,2007-08-15,15,8,2007,3,3,False
2785,2007-08-16,16,8,2007,3,4,False
2786,2007-08-17,17,8,2007,3,5,False
2787,2007-08-18,18,8,2007,3,6,True
2788,2007-08-19,19,8,2007,3,0,True
2789,2007-08-20,20,8,2007,3,1,False
2790,2007-08-21,21,8,2007,3,2,False
2791,2007-08-22,22,8,2007,3,3,False
2792,2007-08-23,23,8,2007,3,4,False
2793,2007-08-24,24,8,2007,3,5,False
2794,2007-08-25,25,8,2007,3,6,True
2795,2007-08-26,26,8,2007,3,0,True
2796,2007-08-27,27,8,2007,3,1,False
2797,2007-08-28,28,8,2007,3,2,False
2798,2007-08-29,29,8,2007,3,3,False
2799,2007-08-30,30,8,2007,3,4,False
2800,2007-08-31,31,8,2007,3,5,False
2801,2007-09-01,1,9,2007,3,6,True
2802,2007-09-02,2,9,2007,3,0,True
2803,2007-09-03,3,9,2007,3,1,False
2804,2007-09-04,4,9,2007,3,2,False
2805,2007-09-05,5,9,2007,3,3,False
2806,2007-09-06,6,9,2007,3,4,False
2807,2007-09-07,7,9,2007,3,5,False
2808,2007-09-08,8,9,2007,3,6,True
2809,2007-09-09,9,9,2007,3,0,True
2810,2007-09-10,10,9,2007,3,1,False
2811,2007-09-11,11,9,2007,3,2,False
2812,2007-09-12,12,9,2007,3,3,False
2813,2007-09-13,13,9,2007,3,4,False
2814,2007-09-14,14,9,2007,3,5,False
2815,2007-09-15,15,9,2007,3,6,True
2816,2007-09-16,16,9,2007,3,0,True
2817,2007-09-17,17,9,2007,3,1,False
2818,2007-09-18,18,9,2007,3,2,False
2819,2007-09-19,19,9,2007,3,3,False
2820,2007-09-20,20,9,2007,3,4,False
2821,2007-09-21,21,9,2007,3,5,False
2822,2007-09-22,22,9,2007,3,6,True
2823,2007-09-23,23,9,2007,3,0,True
2824,2007-09-24,24,9,2007,3,1,False
2825,2007-09-25,25,9,2007,3,2,False
2826,2007-09-26,26,9,2007,3,3,False
2827,2007-09-27,27,9,2007,3,4,False
2828,2007-09-28,28,9,2007,3,5,False
2829,2007-09-29,29,9,2007,3,6,True
2830,2007-09-30,30,9,2007,3,0,True
2831,2007-10-01,1,10,2007,4,1,False
2832,2007-10-02,2,10,2007,4,2,False
2833,2007-10-03,3,10,2007,4,3,False
2834,2007-10-04,4,10,2007,4,4,False
2835,2007-10-05,5,10,2007,4,5,False
2836,2007-10-06,6,10,2007,4,6,True
2837,2007-10-07,7,10,2007,4,0,True
2838,2007-10-08,8,10,2007,4,1,False
2839,2007-10-09,9,10,2007,4,2,False
2840,2007-10-10,10,10,2007,4,3,False
2841,2007-10-11,11,10,2007,4,4,False
2842,2007-10-12,12,10,2007,4,5,False
2843,2007-10-13,13,10,2007,4,6,True
2844,2007-10-14,14,10,2007,4,0,True
2845,2007-10-15,15,10,2007,4,1,False
2846,2007-10-16,16,10,2007,4,2,False
2847,2007-10-17,17,10,2007,4,3,False
2848,2007-10-18,18,10,2007,4,4,False
2849,2007-10-19,19,10,2007,4,5,False
2850,2007-10-20,20,10,2007,4,6,True
2851,2007-10-21,21,10,2007,4,0,True
2852,2007-10-22,22,10,2007,4,1,False
2853,2007-10-23,23,10,2007,4,2,False
2854,2007-10-24,24,10,2007,4,3,False
2855,2007-10-25,25,10,2007,4,4,False
2856,2007-10-26,26,10,2007,4,5,False
2857,2007-10-27,27,10,2007,4,6,True
2858,2007-10-28,28,10,2007,4,0,True
2859,2007-10-29,29,10,2007,4,1,False
2860,2007-10-30,30,10,2007,4,2,False
2861,2007-10-31,31,10,2007,4,3,False
2862,2007-11-01,1,11,2007,4,4,False
2863,2007-11-02,2,11,2007,4,5,False
2864,2007-11-03,3,11,2007,4,6,True
2865,2007-11-04,4,11,2007,4,0,True
2866,2007-11-05,5,11,2007,4,1,False
2867,2007-11-06,6,11,2007,4,2,False
2868,2007-11-07,7,11,2007,4,3,False
2869,2007-11-08,8,11,2007,4,4,False
2870,2007-11-09,9,11,2007,4,5,False
2871,2007-11-10,10,11,2007,4,6,True
2872,2007-11-11,11,11,2007,4,0,True
2873,2007-11-12,12,11,2007,4,1,False
2874,2007-11-13,13,11,2007,4,2,False
2875,2007-11-14,14,11,2007,4,3,False
2876,2007-11-15,15,11,2007,4,4,False
2877,2007-11-16,16,11,2007,4,5,False
2878,2007-11-17,17,11,2007,4,6,True
2879,2007-11-18,18,11,2007,4,0,True
2880,2007-11-19,19,11,2007,4,1,False
2881,2007-11-20,20,11,2007,4,2,False
2882,2007-11-21,21,11,2007,4,3,False
2883,2007-11-22,22,11,2007,4,4,False
2884,2007-11-23,23,11,2007,4,5,False
2885,2007-11-24,24,11,2007,4,6,True
2886,2007-11-25,25,11,2007,4,0,True
2887,2007-11-26,26,11,2007,4,1,False
2888,2007-11-27,27,11,2007,4,2,False
2889,2007-11-28,28,11,2007,4,3,False
2890,2007-11-29,29,11,2007,4,4,False
2891,2007-11-30,30,11,2007,4,5,False
2892,2007-12-01,1,12,2007,4,6,True
2893,2007-12-02,2,12,2007,4,0,True
2894,2007-12-03,3,12,2007,4,1,False
2895,2007-12-04,4,12,2007,4,2,False
2896,2007-12-05,5,12,2007,4,3,False
2897,2007-12-06,6,12,2007,4,4,False
2898,2007-12-07,7,12,2007,4,5,False
2899,2007-12-08,8,12,2007,4,6,True
2900,2007-12-09,9,12,2007,4,0,True
2901,2007-12-10,10,12,2007,4,1,False
2902,2007-12-11,11,12,2007,4,2,False
2903,2007-12-12,12,12,2007,4,3,False
2904,2007-12-13,13,12,2007,4,4,False
2905,2007-12-14,14,12,2007,4,5,False
2906,2007-12-15,15,12,2007,4,6,True
2907,2007-12-16,16,12,2007,4,0,True
2908,2007-12-17,17,12,2007,4,1,False
2909,2007-12-18,18,12,2007,4,2,False
2910,2007-12-19,19,12,2007,4,3,False
2911,2007-12-20,20,12,2007,4,4,False
2912,2007-12-21,21,12,2007,4,5,False
2913,2007-12-22,22,12,2007,4,6,True
2914,2007-12-23,23,12,2007,4,0,True
2915,2007-12-24,24,12,2007,4,1,False
2916,2007-12-25,25,12,2007,4,2,False
2917,2007-12-26,26,12,2007,4,3,False
2918,2007-12-27,27,12,2007,4,4,False
2919,2007-12-28,28,12,2007,4,5,False
2920,2007-12-29,29,12,2007,4,6,True
2921,2007-12-30,30,12,2007,4,0,True
2922,2007-12-31,31,12,2007,4,1,False
2923,2008-01-01,1,1,2008,1,2,False
2924,2008-01-02,2,1,2008,1,3,False
2925,2008-01-03,3,1,2008,1,4,False
2926,2008-01-04,4,1,2008,1,5,False
2927,2008-01-05,5,1,2008,1,6,True
2928,2008-01-06,6,1,2008,1,0,True
2929,2008-01-07,7,1,2008,1,1,False
2930,2008-01-08,8,1,2008,1,2,False
2931,2008-01-09,9,1,2008,1,3,False
2932,2008-01-10,10,1,2008,1,4,False
2933,2008-01-11,11,1,2008,1,5,False
2934,2008-01-12,12,1,2008,1,6,True
2935,2008-01-13,13,1,2008,1,0,True
2936,2008-01-14,14,1,2008,1,1,False
2937,2008-01-15,15,1,2008,1,2,False
2938,2008-01-16,16,1,2008,1,3,False
2939,2008-01-17,17,1,2008,1,4,False
2940,2008-01-18,18,1,2008,1,5,False
2941,2008-01-19,19,1,2008,1,6,True
2942,2008-01-20,20,1,2008,1,0,True
2943,2008-01-21,21,1,2008,1,1,False
2944,2008-01-22,22,1,2008,1,2,False
2945,2008-01-23,23,1,2008,1,3,False
2946,2008-01-24,24,1,2008,1,4,False
2947,2008-01-25,25,1,2008,1,5,False
2948,2008-01-26,26,1,2008,1,6,True
2949,2008-01-27,27,1,2008,1,0,True
2950,2008-01-28,28,1,2008,1,1,False
2951,2008-01-29,29,1,2008,1,2,False
2952,2008-01-30,30,1,2008,1,3,False
2953,2008-01-31,31,1,2008,1,4,False
2954,2008-02-01,1,2,2008,1,5,False
2955,2008-02-02,2,2,2008,1,6,True
2956,2008-02-03,3,2,2008,1,0,True
2957,2008-02-04,4,2,2008,1,1,False
2958,2008-02-05,5,2,2008,1,2,False
2959,2008-02-06,6,2,2008,1,3,False
2960,2008-02-07,7,2,2008,1,4,False
2961,2008-02-08,8,2,2008,1,5,False
2962,2008-02-09,9,2,2008,1,6,True
2963,2008-02-10,10,2,2008,1,0,True
2964,2008-02-11,11,2,2008,1,1,False
2965,2008-02-12,12,2,2008,1,2,False
2966,2008-02-13,13,2,2008,1,3,False
2967,2008-02-14,14,2,2008,1,4,False
2968,2008-02-15,15,2,2008,1,5,False
2969,2008-02-16,16,2,2008,1,6,True
2970,2008-02-17,17,2,2008,1,0,True
2971,2008-02-18,18,2,2008,1,1,False
2972,2008-02-19,19,2,2008,1,2,False
2973,2008-02-20,20,2,2008,1,3,False
2974,2008-02-21,21,2,2008,1,4,False
2975,2008-02-22,22,2,2008,1,5,False
2976,2008-02-23,23,2,2008,1,6,True
2977,2008-02-24,24,2,2008,1,0,True
2978,2008-02-25,25,2,2008,1,1,False
2979,2008-02-26,26,2,2008,1,2,False
2980,2008-02-27,27,2,2008,1,3,False
2981,2008-02-28,28,2,2008,1,4,False
2982,2008-02-29,29,2,2008,1,5,False
2983,2008-03-01,1,3,2008,1,6,True
2984,2008-03-02,2,3,2008,1,0,True
2985,2008-03-03,3,3,2008,1,1,False
2986,2008-03-04,4,3,2008,1,2,False
2987,2008-03-05,5,3,2008,1,3,False
2988,2008-03-06,6,3,2008,1,4,False
2989,2008-03-07,7,3,2008,1,5,False
2990,2008-03-08,8,3,2008,1,6,True
2991,2008-03-09,9,3,2008,1,0,True
2992,2008-03-10,10,3,2008,1,1,False
2993,2008-03-11,11,3,2008,1,2,False
2994,2008-03-12,12,3,2008,1,3,False
2995,2008-03-13,13,3,2008,1,4,False
2996,2008-03-14,14,3,2008,1,5,False
2997,2008-03-15,15,3,2008,1,6,True
2998,2008-03-16,16,3,2008,1,0,True
2999,2008-03-17,17,3,2008,1,1,False
3000,2008-03-18,18,3,2008,1,2,False
3001,2008-03-19,19,3,2008,1,3,False
3002,2008-03-20,20,3,2008,1,4,False
3003,2008-03-21,21,3,2008,1,5,False
3004,2008-03-22,22,3,2008,1,6,True
3005,2008-03-23,23,3,2008,1,0,True
3006,2008-03-24,24,3,2008,1,1,False
3007,2008-03-25,25,3,2008,1,2,False
3008,2008-03-26,26,3,2008,1,3,False
3009,2008-03-27,27,3,2008,1,4,False
3010,2008-03-28,28,3,2008,1,5,False
3011,2008-03-29,29,3,2008,1,6,True
3012,2008-03-30,30,3,2008,1,0,True
3013,2008-03-31,31,3,2008,1,1,False
3014,2008-04-01,1,4,2008,2,2,False
3015,2008-04-02,2,4,2008,2,3,False
3016,2008-04-03,3,4,2008,2,4,False
3017,2008-04-04,4,4,2008,2,5,False
3018,2008-04-05,5,4,2008,2,6,True
3019,2008-04-06,6,4,2008,2,0,True
3020,2008-04-07,7,4,2008,2,1,False
3021,2008-04-08,8,4,2008,2,2,False
3022,2008-04-09,9,4,2008,2,3,False
3023,2008-04-10,10,4,2008,2,4,False
3024,2008-04-11,11,4,2008,2,5,False
3025,2008-04-12,12,4,2008,2,6,True
3026,2008-04-13,13,4,2008,2,0,True
3027,2008-04-14,14,4,2008,2,1,False
3028,2008-04-15,15,4,2008,2,2,False
3029,2008-04-16,16,4,2008,2,3,False
3030,2008-04-17,17,4,2008,2,4,False
3031,2008-04-18,18,4,2008,2,5,False
3032,2008-04-19,19,4,2008,2,6,True
3033,2008-04-20,20,4,2008,2,0,True
3034,2008-04-21,21,4,2008,2,1,False
3035,2008-04-22,22,4,2008,2,2,False
3036,2008-04-23,23,4,2008,2,3,False
3037,2008-04-24,24,4,2008,2,4,False
3038,2008-04-25,25,4,2008,2,5,False
3039,2008-04-26,26,4,2008,2,6,True
3040,2008-04-27,27,4,2008,2,0,True
3041,2008-04-28,28,4,2008,2,1,False
3042,2008-04-29,29,4,2008,2,2,False
3043,2008-04-30,30,4,2008,2,3,False
3044,2008-05-01,1,5,2008,2,4,False
3045,2008-05-02,2,5,2008,2,5,False
3046,2008-05-03,3,5,2008,2,6,True
3047,2008-05-04,4,5,2008,2,0,True
3048,2008-05-05,5,5,2008,2,1,False
3049,2008-05-06,6,5,2008,2,2,False
3050,2008-05-07,7,5,2008,2,3,False
3051,2008-05-08,8,5,2008,2,4,False
3052,2008-05-09,9,5,2008,2,5,False
3053,2008-05-10,10,5,2008,2,6,True
3054,2008-05-11,11,5,2008,2,0,True
3055,2008-05-12,12,5,2008,2,1,False
3056,2008-05-13,13,5,2008,2,2,False
3057,2008-05-14,14,5,2008,2,3,False
3058,2008-05-15,15,5,2008,2,4,False
3059,2008-05-16,16,5,2008,2,5,False
3060,2008-05-17,17,5,2008,2,6,True
3061,2008-05-18,18,5,2008,2,0,True
3062,2008-05-19,19,5,2008,2,1,False
3063,2008-05-20,20,5,2008,2,2,False
3064,2008-05-21,21,5,2008,2,3,False
3065,2008-05-22,22,5,2008,2,4,False
3066,2008-05-23,23,5,2008,2,5,False
3067,2008-05-24,24,5,2008,2,6,True
3068,2008-05-25,25,5,2008,2,0,True
3069,2008-05-26,26,5,2008,2,1,False
3070,2008-05-27,27,5,2008,2,2,False
3071,2008-05-28,28,5,2008,2,3,False
3072,2008-05-29,29,5,2008,2,4,False
3073,2008-05-30,30,5,2008,2,5,False
3074,2008-05-31,31,5,2008,2,6,True
3075,2008-06-01,1,6,2008,2,0,True
3076,2008-06-02,2,6,2008,2,1,False
3077,2008-06-03,3,6,2008,2,2,False
3078,2008-06-04,4,6,2008,2,3,False
3079,2008-06-05,5,6,2008,2,4,False
3080,2008-06-06,6,6,2008,2,5,False
3081,2008-06-07,7,6,2008,2,6,True
3082,2008-06-08,8,6,2008,2,0,True
3083,2008-06-09,9,6,2008,2,1,False
3084,2008-06-10,10,6,2008,2,2,False
3085,2008-06-11,11,6,2008,2,3,False
3086,2008-06-12,12,6,2008,2,4,False
3087,2008-06-13,13,6,2008,2,5,False
3088,2008-06-14,14,6,2008,2,6,True
3089,2008-06-15,15,6,2008,2,0,True
3090,2008-06-16,16,6,2008,2,1,False
3091,2008-06-17,17,6,2008,2,2,False
3092,2008-06-18,18,6,2008,2,3,False
3093,2008-06-19,19,6,2008,2,4,False
3094,2008-06-20,20,6,2008,2,5,False
3095,2008-06-21,21,6,2008,2,6,True
3096,2008-06-22,22,6,2008,2,0,True
3097,2008-06-23,23,6,2008,2,1,False
3098,2008-06-24,24,6,2008,2,2,False
3099,2008-06-25,25,6,2008,2,3,False
3100,2008-06-26,26,6,2008,2,4,False
3101,2008-06-27,27,6,2008,2,5,False
3102,2008-06-28,28,6,2008,2,6,True
3103,2008-06-29,29,6,2008,2,0,True
3104,2008-06-30,30,6,2008,2,1,False
3105,2008-07-01,1,7,2008,3,2,False
3106,2008-07-02,2,7,2008,3,3,False
3107,2008-07-03,3,7,2008,3,4,False
3108,2008-07-04,4,7,2008,3,5,False
3109,2008-07-05,5,7,2008,3,6,True
3110,2008-07-06,6,7,2008,3,0,True
3111,2008-07-07,7,7,2008,3,1,False
3112,2008-07-08,8,7,2008,3,2,False
3113,2008-07-09,9,7,2008,3,3,False
3114,2008-07-10,10,7,2008,3,4,False
3115,2008-07-11,11,7,2008,3,5,False
3116,2008-07-12,12,7,2008,3,6,True
3117,2008-07-13,13,7,2008,3,0,True
3118,2008-07-14,14,7,2008,3,1,False
3119,2008-07-15,15,7,2008,3,2,False
3120,2008-07-16,16,7,2008,3,3,False
3121,2008-07-17,17,7,2008,3,4,False
3122,2008-07-18,18,7,2008,3,5,False
3123,2008-07-19,19,7,2008,3,6,True
3124,2008-07-20,20,7,2008,3,0,True
3125,2008-07-21,21,7,2008,3,1,False
3126,2008-07-22,22,7,2008,3,2,False
3127,2008-07-23,23,7,2008,3,3,False
3128,2008-07-24,24,7,2008,3,4,False
3129,2008-07-25,25,7,2008,3,5,False
3130,2008-07-26,26,7,2008,3,6,True
3131,2008-07-27,27,7,2008,3,0,True
3132,2008-07-28,28,7,2008,3,1,False
3133,2008-07-29,29,7,2008,3,2,False
3134,2008-07-30,30,7,2008,3,3,False
3135,2008-07-31,31,7,2008,3,4,False
3136,2008-08-01,1,8,2008,3,5,False
3137,2008-08-02,2,8,2008,3,6,True
3138,2008-08-03,3,8,2008,3,0,True
3139,2008-08-04,4,8,2008,3,1,False
3140,2008-08-05,5,8,2008,3,2,False
3141,2008-08-06,6,8,2008,3,3,False
3142,2008-08-07,7,8,2008,3,4,False
3143,2008-08-08,8,8,2008,3,5,False
3144,2008-08-09,9,8,2008,3,6,True
3145,2008-08-10,10,8,2008,3,0,True
3146,2008-08-11,11,8,2008,3,1,False
3147,2008-08-12,12,8,2008,3,2,False
3148,2008-08-13,13,8,2008,3,3,False
3149,2008-08-14,14,8,2008,3,4,False
3150,2008-08-15,15,8,2008,3,5,False
3151,2008-08-16,16,8,2008,3,6,True
3152,2008-08-17,17,8,2008,3,0,True
3153,2008-08-18,18,8,2008,3,1,False
3154,2008-08-19,19,8,2008,3,2,False
3155,2008-08-20,20,8,2008,3,3,False
3156,2008-08-21,21,8,2008,3,4,False
3157,2008-08-22,22,8,2008,3,5,False
3158,2008-08-23,23,8,2008,3,6,True
3159,2008-08-24,24,8,2008,3,0,True
3160,2008-08-25,25,8,2008,3,1,False
3161,2008-08-26,26,8,2008,3,2,False
3162,2008-08-27,27,8,2008,3,3,False
3163,2008-08-28,28,8,2008,3,4,False
3164,2008-08-29,29,8,2008,3,5,False
3165,2008-08-30,30,8,2008,3,6,True
3166,2008-08-31,31,8,2008,3,0,True
3167,2008-09-01,1,9,2008,3,1,False
3168,2008-09-02,2,9,2008,3,2,False
3169,2008-09-03,3,9,2008,3,3,False
3170,2008-09-04,4,9,2008,3,4,False
3171,2008-09-05,5,9,2008,3,5,False
3172,2008-09-06,6,9,2008,3,6,True
3173,2008-09-07,7,9,2008,3,0,True
3174,2008-09-08,8,9,2008,3,1,False
3175,2008-09-09,9,9,2008,3,2,False
3176,2008-09-10,10,9,2008,3,3,False
3177,2008-09-11,11,9,2008,3,4,False
3178,2008-09-12,12,9,2008,3,5,False
3179,2008-09-13,13,9,2008,3,6,True
3180,2008-09-14,14,9,2008,3,0,True
3181,2008-09-15,15,9,2008,3,1,False
3182,2008-09-16,16,9,2008,3,2,False
3183,2008-09-17,17,9,2008,3,3,False
3184,2008-09-18,18,9,2008,3,4,False
3185,2008-09-19,19,9,2008,3,5,False
3186,2008-09-20,20,9,2008,3,6,True
3187,2008-09-21,21,9,2008,3,0,True
3188,2008-09-22,22,9,2008,3,1,False
3189,2008-09-23,23,9,2008,3,2,False
3190,2008-09-24,24,9,2008,3,3,False
3191,2008-09-25,25,9,2008,3,4,False
3192,2008-09-26,26,9,2008,3,5,False
3193,2008-09-27,27,9,2008,3,6,True
3194,2008-09-28,28,9,2008,3,0,True
3195,2008-09-29,29,9,2008,3,1,False
3196,2008-09-30,30,9,2008,3,2,False
3197,2008-10-01,1,10,2008,4,3,False
3198,2008-10-02,2,10,2008,4,4,False
3199,2008-10-03,3,10,2008,4,5,False
3200,2008-10-04,4,10,2008,4,6,True
3201,2008-10-05,5,10,2008,4,0,True
3202,2008-10-06,6,10,2008,4,1,False
3203,2008-10-07,7,10,2008,4,2,False
3204,2008-10-08,8,10,2008,4,3,False
3205,2008-10-09,9,10,2008,4,4,False
3206,2008-10-10,10,10,2008,4,5,False
3207,2008-10-11,11,10,2008,4,6,True
3208,2008-10-12,12,10,2008,4,0,True
3209,2008-10-13,13,10,2008,4,1,False
3210,2008-10-14,14,10,2008,4,2,False
3211,2008-10-15,15,10,2008,4,3,False
3212,2008-10-16,16,10,2008,4,4,False
3213,2008-10-17,17,10,2008,4,5,False
3214,2008-10-18,18,10,2008,4,6,True
3215,2008-10-19,19,10,2008,4,0,True
3216,2008-10-20,20,10,2008,4,1,False
3217,2008-10-21,21,10,2008,4,2,False
3218,2008-10-22,22,10,2008,4,3,False
3219,2008-10-23,23,10,2008,4,4,False
3220,2008-10-24,24,10,2008,4,5,False
3221,2008-10-25,25,10,2008,4,6,True
3222,2008-10-26,26,10,2008,4,0,True
3223,2008-10-27,27,10,2008,4,1,False
3224,2008-10-28,28,10,2008,4,2,False
3225,2008-10-29,29,10,2008,4,3,False
3226,2008-10-30,30,10,2008,4,4,False
3227,2008-10-31,31,10,2008,4,5,False
3228,2008-11-01,1,11,2008,4,6,True
3229,2008-11-02,2,11,2008,4,0,True
3230,2008-11-03,3,11,2008,4,1,False
3231,2008-11-04,4,11,2008,4,2,False
3232,2008-11-05,5,11,2008,4,3,False
3233,2008-11-06,6,11,2008,4,4,False
3234,2008-11-07,7,11,2008,4,5,False
3235,2008-11-08,8,11,2008,4,6,True
3236,2008-11-09,9,11,2008,4,0,True
3237,2008-11-10,10,11,2008,4,1,False
3238,2008-11-11,11,11,2008,4,2,False
3239,2008-11-12,12,11,2008,4,3,False
3240,2008-11-13,13,11,2008,4,4,False
3241,2008-11-14,14,11,2008,4,5,False
3242,2008-11-15,15,11,2008,4,6,True
3243,2008-11-16,16,11,2008,4,0,True
3244,2008-11-17,17,11,2008,4,1,False
3245,2008-11-18,18,11,2008,4,2,False
3246,2008-11-19,19,11,2008,4,3,False
3247,2008-11-20,20,11,2008,4,4,False
3248,2008-11-21,21,11,2008,4,5,False
3249,2008-11-22,22,11,2008,4,6,True
3250,2008-11-23,23,11,2008,4,0,True
3251,2008-11-24,24,11,2008,4,1,False
3252,2008-11-25,25,11,2008,4,2,False
3253,2008-11-26,26,11,2008,4,3,False
3254,2008-11-27,27,11,2008,4,4,False
3255,2008-11-28,28,11,2008,4,5,False
3256,2008-11-29,29,11,2008,4,6,True
3257,2008-11-30,30,11,2008,4,0,True
3258,2008-12-01,1,12,2008,4,1,False
3259,2008-12-02,2,12,2008,4,2,False
3260,2008-12-03,3,12,2008,4,3,False
3261,2008-12-04,4,12,2008,4,4,False
3262,2008-12-05,5,12,2008,4,5,False
3263,2008-12-06,6,12,2008,4,6,True
3264,2008-12-07,7,12,2008,4,0,True
3265,2008-12-08,8,12,2008,4,1,False
3266,2008-12-09,9,12,2008,4,2,False
3267,2008-12-10,10,12,2008,4,3,False
3268,2008-12-11,11,12,2008,4,4,False
3269,2008-12-12,12,12,2008,4,5,False
3270,2008-12-13,13,12,2008,4,6,True
3271,2008-12-14,14,12,2008,4,0,True
3272,2008-12-15,15,12,2008,4,1,False
3273,2008-12-16,16,12,2008,4,2,False
3274,2008-12-17,17,12,2008,4,3,False
3275,2008-12-18,18,12,2008,4,4,False
3276,2008-12-19,19,12,2008,4,5,False
3277,2008-12-20,20,12,2008,4,6,True
3278,2008-12-21,21,12,2008,4,0,True
3279,2008-12-22,22,12,2008,4,1,False
3280,2008-12-23,23,12,2008,4,2,False
3281,2008-12-24,24,12,2008,4,3,False
3282,2008-12-25,25,12,2008,4,4,False
3283,2008-12-26,26,12,2008,4,5,False
3284,2008-12-27,27,12,2008,4,6,True
3285,2008-12-28,28,12,2008,4,0,True
3286,2008-12-29,29,12,2008,4,1,False
3287,2008-12-30,30,12,2008,4,2,False
3288,2008-12-31,31,12,2008,4,3,False
3289,2009-01-01,1,1,2009,1,4,False
3290,2009-01-02,2,1,2009,1,5,False
3291,2009-01-03,3,1,2009,1,6,True
3292,2009-01-04,4,1,2009,1,0,True
3293,2009-01-05,5,1,2009,1,1,False
3294,2009-01-06,6,1,2009,1,2,False
3295,2009-01-07,7,1,2009,1,3,False
3296,2009-01-08,8,1,2009,1,4,False
3297,2009-01-09,9,1,2009,1,5,False
3298,2009-01-10,10,1,2009,1,6,True
3299,2009-01-11,11,1,2009,1,0,True
3300,2009-01-12,12,1,2009,1,1,False
3301,2009-01-13,13,1,2009,1,2,False
3302,2009-01-14,14,1,2009,1,3,False
3303,2009-01-15,15,1,2009,1,4,False
3304,2009-01-16,16,1,2009,1,5,False
3305,2009-01-17,17,1,2009,1,6,True
3306,2009-01-18,18,1,2009,1,0,True
3307,2009-01-19,19,1,2009,1,1,False
3308,2009-01-20,20,1,2009,1,2,False
3309,2009-01-21,21,1,2009,1,3,False
3310,2009-01-22,22,1,2009,1,4,False
3311,2009-01-23,23,1,2009,1,5,False
3312,2009-01-24,24,1,2009,1,6,True
3313,2009-01-25,25,1,2009,1,0,True
3314,2009-01-26,26,1,2009,1,1,False
3315,2009-01-27,27,1,2009,1,2,False
3316,2009-01-28,28,1,2009,1,3,False
3317,2009-01-29,29,1,2009,1,4,False
3318,2009-01-30,30,1,2009,1,5,False
3319,2009-01-31,31,1,2009,1,6,True
3320,2009-02-01,1,2,2009,1,0,True
3321,2009-02-02,2,2,2009,1,1,False
3322,2009-02-03,3,2,2009,1,2,False
3323,2009-02-04,4,2,2009,1,3,False
3324,2009-02-05,5,2,2009,1,4,False
3325,2009-02-06,6,2,2009,1,5,False
3326,2009-02-07,7,2,2009,1,6,True
3327,2009-02-08,8,2,2009,1,0,True
3328,2009-02-09,9,2,2009,1,1,False
3329,2009-02-10,10,2,2009,1,2,False
3330,2009-02-11,11,2,2009,1,3,False
3331,2009-02-12,12,2,2009,1,4,False
3332,2009-02-13,13,2,2009,1,5,False
3333,2009-02-14,14,2,2009,1,6,True
3334,2009-02-15,15,2,2009,1,0,True
3335,2009-02-16,16,2,2009,1,1,False
3336,2009-02-17,17,2,2009,1,2,False
3337,2009-02-18,18,2,2009,1,3,False
3338,2009-02-19,19,2,2009,1,4,False
3339,2009-02-20,20,2,2009,1,5,False
3340,2009-02-21,21,2,2009,1,6,True
3341,2009-02-22,22,2,2009,1,0,True
3342,2009-02-23,23,2,2009,1,1,False
3343,2009-02-24,24,2,2009,1,2,False
3344,2009-02-25,25,2,2009,1,3,False
3345,2009-02-26,26,2,2009,1,4,False
3346,2009-02-27,27,2,2009,1,5,False
3347,2009-02-28,28,2,2009,1,6,True
3348,2009-03-01,1,3,2009,1,0,True
3349,2009-03-02,2,3,2009,1,1,False
3350,2009-03-03,3,3,2009,1,2,False
3351,2009-03-04,4,3,2009,1,3,False
3352,2009-03-05,5,3,2009,1,4,False
3353,2009-03-06,6,3,2009,1,5,False
3354,2009-03-07,7,3,2009,1,6,True
3355,2009-03-08,8,3,2009,1,0,True
3356,2009-03-09,9,3,2009,1,1,False
3357,2009-03-10,10,3,2009,1,2,False
3358,2009-03-11,11,3,2009,1,3,False
3359,2009-03-12,12,3,2009,1,4,False
3360,2009-03-13,13,3,2009,1,5,False
3361,2009-03-14,14,3,2009,1,6,True
3362,2009-03-15,15,3,2009,1,0,True
3363,2009-03-16,16,3,2009,1,1,False
3364,2009-03-17,17,3,2009,1,2,False
3365,2009-03-18,18,3,2009,1,3,False
3366,2009-03-19,19,3,2009,1,4,False
3367,2009-03-20,20,3,2009,1,5,False
3368,2009-03-21,21,3,2009,1,6,True
3369,2009-03-22,22,3,2009,1,0,True
3370,2009-03-23,23,3,2009,1,1,False
3371,2009-03-24,24,3,2009,1,2,False
3372,2009-03-25,25,3,2009,1,3,False
3373,2009-03-26,26,3,2009,1,4,False
3374,2009-03-27,27,3,2009,1,5,False
3375,2009-03-28,28,3,2009,1,6,True
3376,2009-03-29,29,3,2009,1,0,True
3377,2009-03-30,30,3,2009,1,1,False
3378,2009-03-31,31,3,2009,1,2,False
3379,2009-04-01,1,4,2009,2,3,False
3380,2009-04-02,2,4,2009,2,4,False
3381,2009-04-03,3,4,2009,2,5,False
3382,2009-04-04,4,4,2009,2,6,True
3383,2009-04-05,5,4,2009,2,0,True
3384,2009-04-06,6,4,2009,2,1,False
3385,2009-04-07,7,4,2009,2,2,False
3386,2009-04-08,8,4,2009,2,3,False
3387,2009-04-09,9,4,2009,2,4,False
3388,2009-04-10,10,4,2009,2,5,False
3389,2009-04-11,11,4,2009,2,6,True
3390,2009-04-12,12,4,2009,2,0,True
3391,2009-04-13,13,4,2009,2,1,False
3392,2009-04-14,14,4,2009,2,2,False
3393,2009-04-15,15,4,2009,2,3,False
3394,2009-04-16,16,4,2009,2,4,False
3395,2009-04-17,17,4,2009,2,5,False
3396,2009-04-18,18,4,2009,2,6,True
3397,2009-04-19,19,4,2009,2,0,True
3398,2009-04-20,20,4,2009,2,1,False
3399,2009-04-21,21,4,2009,2,2,False
3400,2009-04-22,22,4,2009,2,3,False
3401,2009-04-23,23,4,2009,2,4,False
3402,2009-04-24,24,4,2009,2,5,False
3403,2009-04-25,25,4,2009,2,6,True
3404,2009-04-26,26,4,2009,2,0,True
3405,2009-04-27,27,4,2009,2,1,False
3406,2009-04-28,28,4,2009,2,2,False
3407,2009-04-29,29,4,2009,2,3,False
3408,2009-04-30,30,4,2009,2,4,False
3409,2009-05-01,1,5,2009,2,5,False
3410,2009-05-02,2,5,2009,2,6,True
3411,2009-05-03,3,5,2009,2,0,True
3412,2009-05-04,4,5,2009,2,1,False
3413,2009-05-05,5,5,2009,2,2,False
3414,2009-05-06,6,5,2009,2,3,False
3415,2009-05-07,7,5,2009,2,4,False
3416,2009-05-08,8,5,2009,2,5,False
3417,2009-05-09,9,5,2009,2,6,True
3418,2009-05-10,10,5,2009,2,0,True
3419,2009-05-11,11,5,2009,2,1,False
3420,2009-05-12,12,5,2009,2,2,False
3421,2009-05-13,13,5,2009,2,3,False
3422,2009-05-14,14,5,2009,2,4,False
3423,2009-05-15,15,5,2009,2,5,False
3424,2009-05-16,16,5,2009,2,6,True
3425,2009-05-17,17,5,2009,2,0,True
3426,2009-05-18,18,5,2009,2,1,False
3427,2009-05-19,19,5,2009,2,2,False
3428,2009-05-20,20,5,2009,2,3,False
3429,2009-05-21,21,5,2009,2,4,False
3430,2009-05-22,22,5,2009,2,5,False
3431,2009-05-23,23,5,2009,2,6,True
3432,2009-05-24,24,5,2009,2,0,True
3433,2009-05-25,25,5,2009,2,1,False
3434,2009-05-26,26,5,2009,2,2,False
3435,2009-05-27,27,5,2009,2,3,False
3436,2009-05-28,28,5,2009,2,4,False
3437,2009-05-29,29,5,2009,2,5,False
3438,2009-05-30,30,5,2009,2,6,True
3439,2009-05-31,31,5,2009,2,0,True
3440,2009-06-01,1,6,2009,2,1,False
3441,2009-06-02,2,6,2009,2,2,False
3442,2009-06-03,3,6,2009,2,3,False
3443,2009-06-04,4,6,2009,2,4,False
3444,2009-06-05,5,6,2009,2,5,False
3445,2009-06-06,6,6,2009,2,6,True
3446,2009-06-07,7,6,2009,2,0,True
3447,2009-06-08,8,6,2009,2,1,False
3448,2009-06-09,9,6,2009,2,2,False
3449,2009-06-10,10,6,2009,2,3,False
3450,2009-06-11,11,6,2009,2,4,False
3451,2009-06-12,12,6,2009,2,5,False
3452,2009-06-13,13,6,2009,2,6,True
3453,2009-06-14,14,6,2009,2,0,True
3454,2009-06-15,15,6,2009,2,1,False
3455,2009-06-16,16,6,2009,2,2,False
3456,2009-06-17,17,6,2009,2,3,False
3457,2009-06-18,18,6,2009,2,4,False
3458,2009-06-19,19,6,2009,2,5,False
3459,2009-06-20,20,6,2009,2,6,True
3460,2009-06-21,21,6,2009,2,0,True
3461,2009-06-22,22,6,2009,2,1,False
3462,2009-06-23,23,6,2009,2,2,False
3463,2009-06-24,24,6,2009,2,3,False
3464,2009-06-25,25,6,2009,2,4,False
3465,2009-06-26,26,6,2009,2,5,False
3466,2009-06-27,27,6,2009,2,6,True
3467,2009-06-28,28,6,2009,2,0,True
3468,2009-06-29,29,6,2009,2,1,False
3469,2009-06-30,30,6,2009,2,2,False
3470,2009-07-01,1,7,2009,3,3,False
3471,2009-07-02,2,7,2009,3,4,False
3472,2009-07-03,3,7,2009,3,5,False
3473,2009-07-04,4,7,2009,3,6,True
3474,2009-07-05,5,7,2009,3,0,True
3475,2009-07-06,6,7,2009,3,1,False
3476,2009-07-07,7,7,2009,3,2,False
3477,2009-07-08,8,7,2009,3,3,False
3478,2009-07-09,9,7,2009,3,4,False
3479,2009-07-10,10,7,2009,3,5,False
3480,2009-07-11,11,7,2009,3,6,True
3481,2009-07-12,12,7,2009,3,0,True
3482,2009-07-13,13,7,2009,3,1,False
3483,2009-07-14,14,7,2009,3,2,False
3484,2009-07-15,15,7,2009,3,3,False
3485,2009-07-16,16,7,2009,3,4,False
3486,2009-07-17,17,7,2009,3,5,False
3487,2009-07-18,18,7,2009,3,6,True
3488,2009-07-19,19,7,2009,3,0,True
3489,2009-07-20,20,7,2009,3,1,False
3490,2009-07-21,21,7,2009,3,2,False
3491,2009-07-22,22,7,2009,3,3,False
3492,2009-07-23,23,7,2009,3,4,False
3493,2009-07-24,24,7,2009,3,5,False
3494,2009-07-25,25,7,2009,3,6,True
3495,2009-07-26,26,7,2009,3,0,True
3496,2009-07-27,27,7,2009,3,1,False
3497,2009-07-28,28,7,2009,3,2,False
3498,2009-07-29,29,7,2009,3,3,False
3499,2009-07-30,30,7,2009,3,4,False
3500,2009-07-31,31,7,2009,3,5,False
3501,2009-08-01,1,8,2009,3,6,True
3502,2009-08-02,2,8,2009,3,0,True
3503,2009-08-03,3,8,2009,3,1,False
3504,2009-08-04,4,8,2009,3,2,False
3505,2009-08-05,5,8,2009,3,3,False
3506,2009-08-06,6,8,2009,3,4,False
3507,2009-08-07,7,8,2009,3,5,False
3508,2009-08-08,8,8,2009,3,6,True
3509,2009-08-09,9,8,2009,3,0,True
3510,2009-08-10,10,8,2009,3,1,False
3511,2009-08-11,11,8,2009,3,2,False
3512,2009-08-12,12,8,2009,3,3,False
3513,2009-08-13,13,8,2009,3,4,False
3514,2009-08-14,14,8,2009,3,5,False
3515,2009-08-15,15,8,2009,3,6,True
3516,2009-08-16,16,8,2009,3,0,True
3517,2009-08-17,17,8,2009,3,1,False
3518,2009-08-18,18,8,2009,3,2,False
3519,2009-08-19,19,8,2009,3,3,False
3520,2009-08-20,20,8,2009,3,4,False
3521,2009-08-21,21,8,2009,3,5,False
3522,2009-08-22,22,8,2009,3,6,True
3523,2009-08-23,23,8,2009,3,0,True
3524,2009-08-24,24,8,2009,3,1,False
3525,2009-08-25,25,8,2009,3,2,False
3526,2009-08-26,26,8,2009,3,3,False
3527,2009-08-27,27,8,2009,3,4,False
3528,2009-08-28,28,8,2009,3,5,False
3529,2009-08-29,29,8,2009,3,6,True
3530,2009-08-30,30,8,2009,3,0,True
3531,2009-08-31,31,8,2009,3,1,False
3532,2009-09-01,1,9,2009,3,2,False
3533,2009-09-02,2,9,2009,3,3,False
3534,2009-09-03,3,9,2009,3,4,False
3535,2009-09-04,4,9,2009,3,5,False
3536,2009-09-05,5,9,2009,3,6,True
3537,2009-09-06,6,9,2009,3,0,True
3538,2009-09-07,7,9,2009,3,1,False
3539,2009-09-08,8,9,2009,3,2,False
3540,2009-09-09,9,9,2009,3,3,False
3541,2009-09-10,10,9,2009,3,4,False
3542,2009-09-11,11,9,2009,3,5,False
3543,2009-09-12,12,9,2009,3,6,True
3544,2009-09-13,13,9,2009,3,0,True
3545,2009-09-14,14,9,2009,3,1,False
3546,2009-09-15,15,9,2009,3,2,False
3547,2009-09-16,16,9,2009,3,3,False
3548,2009-09-17,17,9,2009,3,4,False
3549,2009-09-18,18,9,2009,3,5,False
3550,2009-09-19,19,9,2009,3,6,True
3551,2009-09-20,20,9,2009,3,0,True
3552,2009-09-21,21,9,2009,3,1,False
3553,2009-09-22,22,9,2009,3,2,False
3554,2009-09-23,23,9,2009,3,3,False
3555,2009-09-24,24,9,2009,3,4,False
3556,2009-09-25,25,9,2009,3,5,False
3557,2009-09-26,26,9,2009,3,6,True
3558,2009-09-27,27,9,2009,3,0,True
3559,2009-09-28,28,9,2009,3,1,False
3560,2009-09-29,29,9,2009,3,2,False
3561,2009-09-30,30,9,2009,3,3,False
3562,2009-10-01,1,10,2009,4,4,False
3563,2009-10-02,2,10,2009,4,5,False
3564,2009-10-03,3,10,2009,4,6,True
3565,2009-10-04,4,10,2009,4,0,True
3566,2009-10-05,5,10,2009,4,1,False
3567,2009-10-06,6,10,2009,4,2,False
3568,2009-10-07,7,10,2009,4,3,False
3569,2009-10-08,8,10,2009,4,4,False
3570,2009-10-09,9,10,2009,4,5,False
3571,2009-10-10,10,10,2009,4,6,True
3572,2009-10-11,11,10,2009,4,0,True
3573,2009-10-12,12,10,2009,4,1,False
3574,2009-10-13,13,10,2009,4,2,False
3575,2009-10-14,14,10,2009,4,3,False
3576,2009-10-15,15,10,2009,4,4,False
3577,2009-10-16,16,10,2009,4,5,False
3578,2009-10-17,17,10,2009,4,6,True
3579,2009-10-18,18,10,2009,4,0,True
3580,2009-10-19,19,10,2009,4,1,False
3581,2009-10-20,20,10,2009,4,2,False
3582,2009-10-21,21,10,2009,4,3,False
3583,2009-10-22,22,10,2009,4,4,False
3584,2009-10-23,23,10,2009,4,5,False
3585,2009-10-24,24,10,2009,4,6,True
3586,2009-10-25,25,10,2009,4,0,True
3587,2009-10-26,26,10,2009,4,1,False
3588,2009-10-27,27,10,2009,4,2,False
3589,2009-10-28,28,10,2009,4,3,False
3590,2009-10-29,29,10,2009,4,4,False
3591,2009-10-30,30,10,2009,4,5,False
3592,2009-10-31,31,10,2009,4,6,True
3593,2009-11-01,1,11,2009,4,0,True
3594,2009-11-02,2,11,2009,4,1,False
3595,2009-11-03,3,11,2009,4,2,False
3596,2009-11-04,4,11,2009,4,3,False
3597,2009-11-05,5,11,2009,4,4,False
3598,2009-11-06,6,11,2009,4,5,False
3599,2009-11-07,7,11,2009,4,6,True
3600,2009-11-08,8,11,2009,4,0,True
3601,2009-11-09,9,11,2009,4,1,False
3602,2009-11-10,10,11,2009,4,2,False
3603,2009-11-11,11,11,2009,4,3,False
3604,2009-11-12,12,11,2009,4,4,False
3605,2009-11-13,13,11,2009,4,5,False
3606,2009-11-14,14,11,2009,4,6,True
3607,2009-11-15,15,11,2009,4,0,True
3608,2009-11-16,16,11,2009,4,1,False
3609,2009-11-17,17,11,2009,4,2,False
3610,2009-11-18,18,11,2009,4,3,False
3611,2009-11-19,19,11,2009,4,4,False
3612,2009-11-20,20,11,2009,4,5,False
3613,2009-11-21,21,11,2009,4,6,True
3614,2009-11-22,22,11,2009,4,0,True
3615,2009-11-23,23,11,2009,4,1,False
3616,2009-11-24,24,11,2009,4,2,False
3617,2009-11-25,25,11,2009,4,3,False
3618,2009-11-26,26,11,2009,4,4,False
3619,2009-11-27,27,11,2009,4,5,False
3620,2009-11-28,28,11,2009,4,6,True
3621,2009-11-29,29,11,2009,4,0,True
3622,2009-11-30,30,11,2009,4,1,False
3623,2009-12-01,1,12,2009,4,2,False
3624,2009-12-02,2,12,2009,4,3,False
3625,2009-12-03,3,12,2009,4,4,False
3626,2009-12-04,4,12,2009,4,5,False
3627,2009-12-05,5,12,2009,4,6,True
3628,2009-12-06,6,12,2009,4,0,True
3629,2009-12-07,7,12,2009,4,1,False
3630,2009-12-08,8,12,2009,4,2,False
3631,2009-12-09,9,12,2009,4,3,False
3632,2009-12-10,10,12,2009,4,4,False
3633,2009-12-11,11,12,2009,4,5,False
3634,2009-12-12,12,12,2009,4,6,True
3635,2009-12-13,13,12,2009,4,0,True
3636,2009-12-14,14,12,2009,4,1,False
3637,2009-12-15,15,12,2009,4,2,False
3638,2009-12-16,16,12,2009,4,3,False
3639,2009-12-17,17,12,2009,4,4,False
3640,2009-12-18,18,12,2009,4,5,False
3641,2009-12-19,19,12,2009,4,6,True
3642,2009-12-20,20,12,2009,4,0,True
3643,2009-12-21,21,12,2009,4,1,False
3644,2009-12-22,22,12,2009,4,2,False
3645,2009-12-23,23,12,2009,4,3,False
3646,2009-12-24,24,12,2009,4,4,False
3647,2009-12-25,25,12,2009,4,5,False
3648,2009-12-26,26,12,2009,4,6,True
3649,2009-12-27,27,12,2009,4,0,True
3650,2009-12-28,28,12,2009,4,1,False
3651,2009-12-29,29,12,2009,4,2,False
3652,2009-12-30,30,12,2009,4,3,False
3653,2009-12-31,31,12,2009,4,4,False
3654,2010-01-01,1,1,2010,1,5,False
3655,2010-01-02,2,1,2010,1,6,True
3656,2010-01-03,3,1,2010,1,0,True
3657,2010-01-04,4,1,2010,1,1,False
3658,2010-01-05,5,1,2010,1,2,False
3659,2010-01-06,6,1,2010,1,3,False
3660,2010-01-07,7,1,2010,1,4,False
3661,2010-01-08,8,1,2010,1,5,False
3662,2010-01-09,9,1,2010,1,6,True
3663,2010-01-10,10,1,2010,1,0,True
3664,2010-01-11,11,1,2010,1,1,False
3665,2010-01-12,12,1,2010,1,2,False
3666,2010-01-13,13,1,2010,1,3,False
3667,2010-01-14,14,1,2010,1,4,False
3668,2010-01-15,15,1,2010,1,5,False
3669,2010-01-16,16,1,2010,1,6,True
3670,2010-01-17,17,1,2010,1,0,True
3671,2010-01-18,18,1,2010,1,1,False
3672,2010-01-19,19,1,2010,1,2,False
3673,2010-01-20,20,1,2010,1,3,False
3674,2010-01-21,21,1,2010,1,4,False
3675,2010-01-22,22,1,2010,1,5,False
3676,2010-01-23,23,1,2010,1,6,True
3677,2010-01-24,24,1,2010,1,0,True
3678,2010-01-25,25,1,2010,1,1,False
3679,2010-01-26,26,1,2010,1,2,False
3680,2010-01-27,27,1,2010,1,3,False
3681,2010-01-28,28,1,2010,1,4,False
3682,2010-01-29,29,1,2010,1,5,False
3683,2010-01-30,30,1,2010,1,6,True
3684,2010-01-31,31,1,2010,1,0,True
3685,2010-02-01,1,2,2010,1,1,False
3686,2010-02-02,2,2,2010,1,2,False
3687,2010-02-03,3,2,2010,1,3,False
3688,2010-02-04,4,2,2010,1,4,False
3689,2010-02-05,5,2,2010,1,5,False
3690,2010-02-06,6,2,2010,1,6,True
3691,2010-02-07,7,2,2010,1,0,True
3692,2010-02-08,8,2,2010,1,1,False
3693,2010-02-09,9,2,2010,1,2,False
3694,2010-02-10,10,2,2010,1,3,False
3695,2010-02-11,11,2,2010,1,4,False
3696,2010-02-12,12,2,2010,1,5,False
3697,2010-02-13,13,2,2010,1,6,True
3698,2010-02-14,14,2,2010,1,0,True
3699,2010-02-15,15,2,2010,1,1,False
3700,2010-02-16,16,2,2010,1,2,False
3701,2010-02-17,17,2,2010,1,3,False
3702,2010-02-18,18,2,2010,1,4,False
3703,2010-02-19,19,2,2010,1,5,False
3704,2010-02-20,20,2,2010,1,6,True
3705,2010-02-21,21,2,2010,1,0,True
3706,2010-02-22,22,2,2010,1,1,False
3707,2010-02-23,23,2,2010,1,2,False
3708,2010-02-24,24,2,2010,1,3,False
3709,2010-02-25,25,2,2010,1,4,False
3710,2010-02-26,26,2,2010,1,5,False
3711,2010-02-27,27,2,2010,1,6,True
3712,2010-02-28,28,2,2010,1,0,True
3713,2010-03-01,1,3,2010,1,1,False
3714,2010-03-02,2,3,2010,1,2,False
3715,2010-03-03,3,3,2010,1,3,False
3716,2010-03-04,4,3,2010,1,4,False
3717,2010-03-05,5,3,2010,1,5,False
3718,2010-03-06,6,3,2010,1,6,True
3719,2010-03-07,7,3,2010,1,0,True
3720,2010-03-08,8,3,2010,1,1,False
3721,2010-03-09,9,3,2010,1,2,False
3722,2010-03-10,10,3,2010,1,3,False
3723,2010-03-11,11,3,2010,1,4,False
3724,2010-03-12,12,3,2010,1,5,False
3725,2010-03-13,13,3,2010,1,6,True
3726,2010-03-14,14,3,2010,1,0,True
3727,2010-03-15,15,3,2010,1,1,False
3728,2010-03-16,16,3,2010,1,2,False
3729,2010-03-17,17,3,2010,1,3,False
3730,2010-03-18,18,3,2010,1,4,False
3731,2010-03-19,19,3,2010,1,5,False
3732,2010-03-20,20,3,2010,1,6,True
3733,2010-03-21,21,3,2010,1,0,True
3734,2010-03-22,22,3,2010,1,1,False
3735,2010-03-23,23,3,2010,1,2,False
3736,2010-03-24,24,3,2010,1,3,False
3737,2010-03-25,25,3,2010,1,4,False
3738,2010-03-26,26,3,2010,1,5,False
3739,2010-03-27,27,3,2010,1,6,True
3740,2010-03-28,28,3,2010,1,0,True
3741,2010-03-29,29,3,2010,1,1,False
3742,2010-03-30,30,3,2010,1,2,False
3743,2010-03-31,31,3,2010,1,3,False
3744,2010-04-01,1,4,2010,2,4,False
3745,2010-04-02,2,4,2010,2,5,False
3746,2010-04-03,3,4,2010,2,6,True
3747,2010-04-04,4,4,2010,2,0,True
3748,2010-04-05,5,4,2010,2,1,False
3749,2010-04-06,6,4,2010,2,2,False
3750,2010-04-07,7,4,2010,2,3,False
3751,2010-04-08,8,4,2010,2,4,False
3752,2010-04-09,9,4,2010,2,5,False
3753,2010-04-10,10,4,2010,2,6,True
3754,2010-04-11,11,4,2010,2,0,True
3755,2010-04-12,12,4,2010,2,1,False
3756,2010-04-13,13,4,2010,2,2,False
3757,2010-04-14,14,4,2010,2,3,False
3758,2010-04-15,15,4,2010,2,4,False
3759,2010-04-16,16,4,2010,2,5,False
3760,2010-04-17,17,4,2010,2,6,True
3761,2010-04-18,18,4,2010,2,0,True
3762,2010-04-19,19,4,2010,2,1,False
3763,2010-04-20,20,4,2010,2,2,False
3764,2010-04-21,21,4,2010,2,3,False
3765,2010-04-22,22,4,2010,2,4,False
3766,2010-04-23,23,4,2010,2,5,False
3767,2010-04-24,24,4,2010,2,6,True
3768,2010-04-25,25,4,2010,2,0,True
3769,2010-04-26,26,4,2010,2,1,False
3770,2010-04-27,27,4,2010,2,2,False
3771,2010-04-28,28,4,2010,2,3,False
3772,2010-04-29,29,4,2010,2,4,False
3773,2010-04-30,30,4,2010,2,5,False
3774,2010-05-01,1,5,2010,2,6,True
3775,2010-05-02,2,5,2010,2,0,True
3776,2010-05-03,3,5,2010,2,1,False
3777,2010-05-04,4,5,2010,2,2,False
3778,2010-05-05,5,5,2010,2,3,False
3779,2010-05-06,6,5,2010,2,4,False
3780,2010-05-07,7,5,2010,2,5,False
3781,2010-05-08,8,5,2010,2,6,True
3782,2010-05-09,9,5,2010,2,0,True
3783,2010-05-10,10,5,2010,2,1,False
3784,2010-05-11,11,5,2010,2,2,False
3785,2010-05-12,12,5,2010,2,3,False
3786,2010-05-13,13,5,2010,2,4,False
3787,2010-05-14,14,5,2010,2,5,False
3788,2010-05-15,15,5,2010,2,6,True
3789,2010-05-16,16,5,2010,2,0,True
3790,2010-05-17,17,5,2010,2,1,False
3791,2010-05-18,18,5,2010,2,2,False
3792,2010-05-19,19,5,2010,2,3,False
3793,2010-05-20,20,5,2010,2,4,False
3794,2010-05-21,21,5,2010,2,5,False
3795,2010-05-22,22,5,2010,2,6,True
3796,2010-05-23,23,5,2010,2,0,True
3797,2010-05-24,24,5,2010,2,1,False
3798,2010-05-25,25,5,2010,2,2,False
3799,2010-05-26,26,5,2010,2,3,False
3800,2010-05-27,27,5,2010,2,4,False
3801,2010-05-28,28,5,2010,2,5,False
3802,2010-05-29,29,5,2010,2,6,True
3803,2010-05-30,30,5,2010,2,0,True
3804,2010-05-31,31,5,2010,2,1,False
3805,2010-06-01,1,6,2010,2,2,False
3806,2010-06-02,2,6,2010,2,3,False
3807,2010-06-03,3,6,2010,2,4,False
3808,2010-06-04,4,6,2010,2,5,False
3809,2010-06-05,5,6,2010,2,6,True
3810,2010-06-06,6,6,2010,2,0,True
3811,2010-06-07,7,6,2010,2,1,False
3812,2010-06-08,8,6,2010,2,2,False
3813,2010-06-09,9,6,2010,2,3,False
3814,2010-06-10,10,6,2010,2,4,False
3815,2010-06-11,11,6,2010,2,5,False
3816,2010-06-12,12,6,2010,2,6,True
3817,2010-06-13,13,6,2010,2,0,True
3818,2010-06-14,14,6,2010,2,1,False
3819,2010-06-15,15,6,2010,2,2,False
3820,2010-06-16,16,6,2010,2,3,False
3821,2010-06-17,17,6,2010,2,4,False
3822,2010-06-18,18,6,2010,2,5,False
3823,2010-06-19,19,6,2010,2,6,True
3824,2010-06-20,20,6,2010,2,0,True
3825,2010-06-21,21,6,2010,2,1,False
3826,2010-06-22,22,6,2010,2,2,False
3827,2010-06-23,23,6,2010,2,3,False
3828,2010-06-24,24,6,2010,2,4,False
3829,2010-06-25,25,6,2010,2,5,False
3830,2010-06-26,26,6,2010,2,6,True
3831,2010-06-27,27,6,2010,2,0,True
3832,2010-06-28,28,6,2010,2,1,False
3833,2010-06-29,29,6,2010,2,2,False
3834,2010-06-30,30,6,2010,2,3,False
3835,2010-07-01,1,7,2010,3,4,False
3836,2010-07-02,2,7,2010,3,5,False
3837,2010-07-03,3,7,2010,3,6,True
3838,2010-07-04,4,7,2010,3,0,True
3839,2010-07-05,5,7,2010,3,1,False
3840,2010-07-06,6,7,2010,3,2,False
3841,2010-07-07,7,7,2010,3,3,False
3842,2010-07-08,8,7,2010,3,4,False
3843,2010-07-09,9,7,2010,3,5,False
3844,2010-07-10,10,7,2010,3,6,True
3845,2010-07-11,11,7,2010,3,0,True
3846,2010-07-12,12,7,2010,3,1,False
3847,2010-07-13,13,7,2010,3,2,False
3848,2010-07-14,14,7,2010,3,3,False
3849,2010-07-15,15,7,2010,3,4,False
3850,2010-07-16,16,7,2010,3,5,False
3851,2010-07-17,17,7,2010,3,6,True
3852,2010-07-18,18,7,2010,3,0,True
3853,2010-07-19,19,7,2010,3,1,False
3854,2010-07-20,20,7,2010,3,2,False
3855,2010-07-21,21,7,2010,3,3,False
3856,2010-07-22,22,7,2010,3,4,False
3857,2010-07-23,23,7,2010,3,5,False
3858,2010-07-24,24,7,2010,3,6,True
3859,2010-07-25,25,7,2010,3,0,True
3860,2010-07-26,26,7,2010,3,1,False
3861,2010-07-27,27,7,2010,3,2,False
3862,2010-07-28,28,7,2010,3,3,False
3863,2010-07-29,29,7,2010,3,4,False
3864,2010-07-30,30,7,2010,3,5,False
3865,2010-07-31,31,7,2010,3,6,True
3866,2010-08-01,1,8,2010,3,0,True
3867,2010-08-02,2,8,2010,3,1,False
3868,2010-08-03,3,8,2010,3,2,False
3869,2010-08-04,4,8,2010,3,3,False
3870,2010-08-05,5,8,2010,3,4,False
3871,2010-08-06,6,8,2010,3,5,False
3872,2010-08-07,7,8,2010,3,6,True
3873,2010-08-08,8,8,2010,3,0,True
3874,2010-08-09,9,8,2010,3,1,False
3875,2010-08-10,10,8,2010,3,2,False
3876,2010-08-11,11,8,2010,3,3,False
3877,2010-08-12,12,8,2010,3,4,False
3878,2010-08-13,13,8,2010,3,5,False
3879,2010-08-14,14,8,2010,3,6,True
3880,2010-08-15,15,8,2010,3,0,True
3881,2010-08-16,16,8,2010,3,1,False
3882,2010-08-17,17,8,2010,3,2,False
3883,2010-08-18,18,8,2010,3,3,False
3884,2010-08-19,19,8,2010,3,4,False
3885,2010-08-20,20,8,2010,3,5,False
3886,2010-08-21,21,8,2010,3,6,True
3887,2010-08-22,22,8,2010,3,0,True
3888,2010-08-23,23,8,2010,3,1,False
3889,2010-08-24,24,8,2010,3,2,False
3890,2010-08-25,25,8,2010,3,3,False
3891,2010-08-26,26,8,2010,3,4,False
3892,2010-08-27,27,8,2010,3,5,False
3893,2010-08-28,28,8,2010,3,6,True
3894,2010-08-29,29,8,2010,3,0,True
3895,2010-08-30,30,8,2010,3,1,False
3896,2010-08-31,31,8,2010,3,2,False
3897,2010-09-01,1,9,2010,3,3,False
3898,2010-09-02,2,9,2010,3,4,False
3899,2010-09-03,3,9,2010,3,5,False
3900,2010-09-04,4,9,2010,3,6,True
3901,2010-09-05,5,9,2010,3,0,True
3902,2010-09-06,6,9,2010,3,1,False
3903,2010-09-07,7,9,2010,3,2,False
3904,2010-09-08,8,9,2010,3,3,False
3905,2010-09-09,9,9,2010,3,4,False
3906,2010-09-10,10,9,2010,3,5,False
3907,2010-09-11,11,9,2010,3,6,True
3908,2010-09-12,12,9,2010,3,0,True
3909,2010-09-13,13,9,2010,3,1,False
3910,2010-09-14,14,9,2010,3,2,False
3911,2010-09-15,15,9,2010,3,3,False
3912,2010-09-16,16,9,2010,3,4,False
3913,2010-09-17,17,9,2010,3,5,False
3914,2010-09-18,18,9,2010,3,6,True
3915,2010-09-19,19,9,2010,3,0,True
3916,2010-09-20,20,9,2010,3,1,False
3917,2010-09-21,21,9,2010,3,2,False
3918,2010-09-22,22,9,2010,3,3,False
3919,2010-09-23,23,9,2010,3,4,False
3920,2010-09-24,24,9,2010,3,5,False
3921,2010-09-25,25,9,2010,3,6,True
3922,2010-09-26,26,9,2010,3,0,True
3923,2010-09-27,27,9,2010,3,1,False
3924,2010-09-28,28,9,2010,3,2,False
3925,2010-09-29,29,9,2010,3,3,False
3926,2010-09-30,30,9,2010,3,4,False
3927,2010-10-01,1,10,2010,4,5,False
3928,2010-10-02,2,10,2010,4,6,True
3929,2010-10-03,3,10,2010,4,0,True
3930,2010-10-04,4,10,2010,4,1,False
3931,2010-10-05,5,10,2010,4,2,False
3932,2010-10-06,6,10,2010,4,3,False
3933,2010-10-07,7,10,2010,4,4,False
3934,2010-10-08,8,10,2010,4,5,False
3935,2010-10-09,9,10,2010,4,6,True
3936,2010-10-10,10,10,2010,4,0,True
3937,2010-10-11,11,10,2010,4,1,False
3938,2010-10-12,12,10,2010,4,2,False
3939,2010-10-13,13,10,2010,4,3,False
3940,2010-10-14,14,10,2010,4,4,False
3941,2010-10-15,15,10,2010,4,5,False
3942,2010-10-16,16,10,2010,4,6,True
3943,2010-10-17,17,10,2010,4,0,True
3944,2010-10-18,18,10,2010,4,1,False
3945,2010-10-19,19,10,2010,4,2,False
3946,2010-10-20,20,10,2010,4,3,False
3947,2010-10-21,21,10,2010,4,4,False
3948,2010-10-22,22,10,2010,4,5,False
3949,2010-10-23,23,10,2010,4,6,True
3950,2010-10-24,24,10,2010,4,0,True
3951,2010-10-25,25,10,2010,4,1,False
3952,2010-10-26,26,10,2010,4,2,False
3953,2010-10-27,27,10,2010,4,3,False
3954,2010-10-28,28,10,2010,4,4,False
3955,2010-10-29,29,10,2010,4,5,False
3956,2010-10-30,30,10,2010,4,6,True
3957,2010-10-31,31,10,2010,4,0,True
3958,2010-11-01,1,11,2010,4,1,False
3959,2010-11-02,2,11,2010,4,2,False
3960,2010-11-03,3,11,2010,4,3,False
3961,2010-11-04,4,11,2010,4,4,False
3962,2010-11-05,5,11,2010,4,5,False
3963,2010-11-06,6,11,2010,4,6,True
3964,2010-11-07,7,11,2010,4,0,True
3965,2010-11-08,8,11,2010,4,1,False
3966,2010-11-09,9,11,2010,4,2,False
3967,2010-11-10,10,11,2010,4,3,False
3968,2010-11-11,11,11,2010,4,4,False
3969,2010-11-12,12,11,2010,4,5,False
3970,2010-11-13,13,11,2010,4,6,True
3971,2010-11-14,14,11,2010,4,0,True
3972,2010-11-15,15,11,2010,4,1,False
3973,2010-11-16,16,11,2010,4,2,False
3974,2010-11-17,17,11,2010,4,3,False
3975,2010-11-18,18,11,2010,4,4,False
3976,2010-11-19,19,11,2010,4,5,False
3977,2010-11-20,20,11,2010,4,6,True
3978,2010-11-21,21,11,2010,4,0,True
3979,2010-11-22,22,11,2010,4,1,False
3980,2010-11-23,23,11,2010,4,2,False
3981,2010-11-24,24,11,2010,4,3,False
3982,2010-11-25,25,11,2010,4,4,False
3983,2010-11-26,26,11,2010,4,5,False
3984,2010-11-27,27,11,2010,4,6,True
3985,2010-11-28,28,11,2010,4,0,True
3986,2010-11-29,29,11,2010,4,1,False
3987,2010-11-30,30,11,2010,4,2,False
3988,2010-12-01,1,12,2010,4,3,False
3989,2010-12-02,2,12,2010,4,4,False
3990,2010-12-03,3,12,2010,4,5,False
3991,2010-12-04,4,12,2010,4,6,True
3992,2010-12-05,5,12,2010,4,0,True
3993,2010-12-06,6,12,2010,4,1,False
3994,2010-12-07,7,12,2010,4,2,False
3995,2010-12-08,8,12,2010,4,3,False
3996,2010-12-09,9,12,2010,4,4,False
3997,2010-12-10,10,12,2010,4,5,False
3998,2010-12-11,11,12,2010,4,6,True
3999,2010-12-12,12,12,2010,4,0,True
4000,2010-12-13,13,12,2010,4,1,False
4001,2010-12-14,14,12,2010,4,2,False
4002,2010-12-15,15,12,2010,4,3,False
4003,2010-12-16,16,12,2010,4,4,False
4004,2010-12-17,17,12,2010,4,5,False
4005,2010-12-18,18,12,2010,4,6,True
4006,2010-12-19,19,12,2010,4,0,True
4007,2010-12-20,20,12,2010,4,1,False
4008,2010-12-21,21,12,2010,4,2,False
4009,2010-12-22,22,12,2010,4,3,False
4010,2010-12-23,23,12,2010,4,4,False
4011,2010-12-24,24,12,2010,4,5,False
4012,2010-12-25,25,12,2010,4,6,True
4013,2010-12-26,26,12,2010,4,0,True
4014,2010-12-27,27,12,2010,4,1,False
4015,2010-12-28,28,12,2010,4,2,False
4016,2010-12-29,29,12,2010,4,3,False
4017,2010-12-30,30,12,2010,4,4,False
4018,2010-12-31,31,12,2010,4,5,False
4019,2011-01-01,1,1,2011,1,6,True
4020,2011-01-02,2,1,2011,1,0,True
4021,2011-01-03,3,1,2011,1,1,False
4022,2011-01-04,4,1,2011,1,2,False
4023,2011-01-05,5,1,2011,1,3,False
4024,2011-01-06,6,1,2011,1,4,False
4025,2011-01-07,7,1,2011,1,5,False
4026,2011-01-08,8,1,2011,1,6,True
4027,2011-01-09,9,1,2011,1,0,True
4028,2011-01-10,10,1,2011,1,1,False
4029,2011-01-11,11,1,2011,1,2,False
4030,2011-01-12,12,1,2011,1,3,False
4031,2011-01-13,13,1,2011,1,4,False
4032,2011-01-14,14,1,2011,1,5,False
4033,2011-01-15,15,1,2011,1,6,True
4034,2011-01-16,16,1,2011,1,0,True
4035,2011-01-17,17,1,2011,1,1,False
4036,2011-01-18,18,1,2011,1,2,False
4037,2011-01-19,19,1,2011,1,3,False
4038,2011-01-20,20,1,2011,1,4,False
4039,2011-01-21,21,1,2011,1,5,False
4040,2011-01-22,22,1,2011,1,6,True
4041,2011-01-23,23,1,2011,1,0,True
4042,2011-01-24,24,1,2011,1,1,False
4043,2011-01-25,25,1,2011,1,2,False
4044,2011-01-26,26,1,2011,1,3,False
4045,2011-01-27,27,1,2011,1,4,False
4046,2011-01-28,28,1,2011,1,5,False
4047,2011-01-29,29,1,2011,1,6,True
4048,2011-01-30,30,1,2011,1,0,True
4049,2011-01-31,31,1,2011,1,1,False
4050,2011-02-01,1,2,2011,1,2,False
4051,2011-02-02,2,2,2011,1,3,False
4052,2011-02-03,3,2,2011,1,4,False
4053,2011-02-04,4,2,2011,1,5,False
4054,2011-02-05,5,2,2011,1,6,True
4055,2011-02-06,6,2,2011,1,0,True
4056,2011-02-07,7,2,2011,1,1,False
4057,2011-02-08,8,2,2011,1,2,False
4058,2011-02-09,9,2,2011,1,3,False
4059,2011-02-10,10,2,2011,1,4,False
4060,2011-02-11,11,2,2011,1,5,False
4061,2011-02-12,12,2,2011,1,6,True
4062,2011-02-13,13,2,2011,1,0,True
4063,2011-02-14,14,2,2011,1,1,False
4064,2011-02-15,15,2,2011,1,2,False
4065,2011-02-16,16,2,2011,1,3,False
4066,2011-02-17,17,2,2011,1,4,False
4067,2011-02-18,18,2,2011,1,5,False
4068,2011-02-19,19,2,2011,1,6,True
4069,2011-02-20,20,2,2011,1,0,True
4070,2011-02-21,21,2,2011,1,1,False
4071,2011-02-22,22,2,2011,1,2,False
4072,2011-02-23,23,2,2011,1,3,False
4073,2011-02-24,24,2,2011,1,4,False
4074,2011-02-25,25,2,2011,1,5,False
4075,2011-02-26,26,2,2011,1,6,True
4076,2011-02-27,27,2,2011,1,0,True
4077,2011-02-28,28,2,2011,1,1,False
4078,2011-03-01,1,3,2011,1,2,False
4079,2011-03-02,2,3,2011,1,3,False
4080,2011-03-03,3,3,2011,1,4,False
4081,2011-03-04,4,3,2011,1,5,False
4082,2011-03-05,5,3,2011,1,6,True
4083,2011-03-06,6,3,2011,1,0,True
4084,2011-03-07,7,3,2011,1,1,False
4085,2011-03-08,8,3,2011,1,2,False
4086,2011-03-09,9,3,2011,1,3,False
4087,2011-03-10,10,3,2011,1,4,False
4088,2011-03-11,11,3,2011,1,5,False
4089,2011-03-12,12,3,2011,1,6,True
4090,2011-03-13,13,3,2011,1,0,True
4091,2011-03-14,14,3,2011,1,1,False
4092,2011-03-15,15,3,2011,1,2,False
4093,2011-03-16,16,3,2011,1,3,False
4094,2011-03-17,17,3,2011,1,4,False
4095,2011-03-18,18,3,2011,1,5,False
4096,2011-03-19,19,3,2011,1,6,True
4097,2011-03-20,20,3,2011,1,0,True
4098,2011-03-21,21,3,2011,1,1,False
4099,2011-03-22,22,3,2011,1,2,False
4100,2011-03-23,23,3,2011,1,3,False
4101,2011-03-24,24,3,2011,1,4,False
4102,2011-03-25,25,3,2011,1,5,False
4103,2011-03-26,26,3,2011,1,6,True
4104,2011-03-27,27,3,2011,1,0,True
4105,2011-03-28,28,3,2011,1,1,False
4106,2011-03-29,29,3,2011,1,2,False
4107,2011-03-30,30,3,2011,1,3,False
4108,2011-03-31,31,3,2011,1,4,False
4109,2011-04-01,1,4,2011,2,5,False
4110,2011-04-02,2,4,2011,2,6,True
4111,2011-04-03,3,4,2011,2,0,True
4112,2011-04-04,4,4,2011,2,1,False
4113,2011-04-05,5,4,2011,2,2,False
4114,2011-04-06,6,4,2011,2,3,False
4115,2011-04-07,7,4,2011,2,4,False
4116,2011-04-08,8,4,2011,2,5,False
4117,2011-04-09,9,4,2011,2,6,True
4118,2011-04-10,10,4,2011,2,0,True
4119,2011-04-11,11,4,2011,2,1,False
4120,2011-04-12,12,4,2011,2,2,False
4121,2011-04-13,13,4,2011,2,3,False
4122,2011-04-14,14,4,2011,2,4,False
4123,2011-04-15,15,4,2011,2,5,False
4124,2011-04-16,16,4,2011,2,6,True
4125,2011-04-17,17,4,2011,2,0,True
4126,2011-04-18,18,4,2011,2,1,False
4127,2011-04-19,19,4,2011,2,2,False
4128,2011-04-20,20,4,2011,2,3,False
4129,2011-04-21,21,4,2011,2,4,False
4130,2011-04-22,22,4,2011,2,5,False
4131,2011-04-23,23,4,2011,2,6,True
4132,2011-04-24,24,4,2011,2,0,True
4133,2011-04-25,25,4,2011,2,1,False
4134,2011-04-26,26,4,2011,2,2,False
4135,2011-04-27,27,4,2011,2,3,False
4136,2011-04-28,28,4,2011,2,4,False
4137,2011-04-29,29,4,2011,2,5,False
4138,2011-04-30,30,4,2011,2,6,True
4139,2011-05-01,1,5,2011,2,0,True
4140,2011-05-02,2,5,2011,2,1,False
4141,2011-05-03,3,5,2011,2,2,False
4142,2011-05-04,4,5,2011,2,3,False
4143,2011-05-05,5,5,2011,2,4,False
4144,2011-05-06,6,5,2011,2,5,False
4145,2011-05-07,7,5,2011,2,6,True
4146,2011-05-08,8,5,2011,2,0,True
4147,2011-05-09,9,5,2011,2,1,False
4148,2011-05-10,10,5,2011,2,2,False
4149,2011-05-11,11,5,2011,2,3,False
4150,2011-05-12,12,5,2011,2,4,False
4151,2011-05-13,13,5,2011,2,5,False
4152,2011-05-14,14,5,2011,2,6,True
4153,2011-05-15,15,5,2011,2,0,True
4154,2011-05-16,16,5,2011,2,1,False
4155,2011-05-17,17,5,2011,2,2,False
4156,2011-05-18,18,5,2011,2,3,False
4157,2011-05-19,19,5,2011,2,4,False
4158,2011-05-20,20,5,2011,2,5,False
4159,2011-05-21,21,5,2011,2,6,True
4160,2011-05-22,22,5,2011,2,0,True
4161,2011-05-23,23,5,2011,2,1,False
4162,2011-05-24,24,5,2011,2,2,False
4163,2011-05-25,25,5,2011,2,3,False
4164,2011-05-26,26,5,2011,2,4,False
4165,2011-05-27,27,5,2011,2,5,False
4166,2011-05-28,28,5,2011,2,6,True
4167,2011-05-29,29,5,2011,2,0,True
4168,2011-05-30,30,5,2011,2,1,False
4169,2011-05-31,31,5,2011,2,2,False
4170,2011-06-01,1,6,2011,2,3,False
4171,2011-06-02,2,6,2011,2,4,False
4172,2011-06-03,3,6,2011,2,5,False
4173,2011-06-04,4,6,2011,2,6,True
4174,2011-06-05,5,6,2011,2,0,True
4175,2011-06-06,6,6,2011,2,1,False
4176,2011-06-07,7,6,2011,2,2,False
4177,2011-06-08,8,6,2011,2,3,False
4178,2011-06-09,9,6,2011,2,4,False
4179,2011-06-10,10,6,2011,2,5,False
4180,2011-06-11,11,6,2011,2,6,True
4181,2011-06-12,12,6,2011,2,0,True
4182,2011-06-13,13,6,2011,2,1,False
4183,2011-06-14,14,6,2011,2,2,False
4184,2011-06-15,15,6,2011,2,3,False
4185,2011-06-16,16,6,2011,2,4,False
4186,2011-06-17,17,6,2011,2,5,False
4187,2011-06-18,18,6,2011,2,6,True
4188,2011-06-19,19,6,2011,2,0,True
4189,2011-06-20,20,6,2011,2,1,False
4190,2011-06-21,21,6,2011,2,2,False
4191,2011-06-22,22,6,2011,2,3,False
4192,2011-06-23,23,6,2011,2,4,False
4193,2011-06-24,24,6,2011,2,5,False
4194,2011-06-25,25,6,2011,2,6,True
4195,2011-06-26,26,6,2011,2,0,True
4196,2011-06-27,27,6,2011,2,1,False
4197,2011-06-28,28,6,2011,2,2,False
4198,2011-06-29,29,6,2011,2,3,False
4199,2011-06-30,30,6,2011,2,4,False
4200,2011-07-01,1,7,2011,3,5,False
4201,2011-07-02,2,7,2011,3,6,True
4202,2011-07-03,3,7,2011,3,0,True
4203,2011-07-04,4,7,2011,3,1,False
4204,2011-07-05,5,7,2011,3,2,False
4205,2011-07-06,6,7,2011,3,3,False
4206,2011-07-07,7,7,2011,3,4,False
4207,2011-07-08,8,7,2011,3,5,False
4208,2011-07-09,9,7,2011,3,6,True
4209,2011-07-10,10,7,2011,3,0,True
4210,2011-07-11,11,7,2011,3,1,False
4211,2011-07-12,12,7,2011,3,2,False
4212,2011-07-13,13,7,2011,3,3,False
4213,2011-07-14,14,7,2011,3,4,False
4214,2011-07-15,15,7,2011,3,5,False
4215,2011-07-16,16,7,2011,3,6,True
4216,2011-07-17,17,7,2011,3,0,True
4217,2011-07-18,18,7,2011,3,1,False
4218,2011-07-19,19,7,2011,3,2,False
4219,2011-07-20,20,7,2011,3,3,False
4220,2011-07-21,21,7,2011,3,4,False
4221,2011-07-22,22,7,2011,3,5,False
4222,2011-07-23,23,7,2011,3,6,True
4223,2011-07-24,24,7,2011,3,0,True
4224,2011-07-25,25,7,2011,3,1,False
4225,2011-07-26,26,7,2011,3,2,False
4226,2011-07-27,27,7,2011,3,3,False
4227,2011-07-28,28,7,2011,3,4,False
4228,2011-07-29,29,7,2011,3,5,False
4229,2011-07-30,30,7,2011,3,6,True
4230,2011-07-31,31,7,2011,3,0,True
4231,2011-08-01,1,8,2011,3,1,False
4232,2011-08-02,2,8,2011,3,2,False
4233,2011-08-03,3,8,2011,3,3,False
4234,2011-08-04,4,8,2011,3,4,False
4235,2011-08-05,5,8,2011,3,5,False
4236,2011-08-06,6,8,2011,3,6,True
4237,2011-08-07,7,8,2011,3,0,True
4238,2011-08-08,8,8,2011,3,1,False
4239,2011-08-09,9,8,2011,3,2,False
4240,2011-08-10,10,8,2011,3,3,False
4241,2011-08-11,11,8,2011,3,4,False
4242,2011-08-12,12,8,2011,3,5,False
4243,2011-08-13,13,8,2011,3,6,True
4244,2011-08-14,14,8,2011,3,0,True
4245,2011-08-15,15,8,2011,3,1,False
4246,2011-08-16,16,8,2011,3,2,False
4247,2011-08-17,17,8,2011,3,3,False
4248,2011-08-18,18,8,2011,3,4,False
4249,2011-08-19,19,8,2011,3,5,False
4250,2011-08-20,20,8,2011,3,6,True
4251,2011-08-21,21,8,2011,3,0,True
4252,2011-08-22,22,8,2011,3,1,False
4253,2011-08-23,23,8,2011,3,2,False
4254,2011-08-24,24,8,2011,3,3,False
4255,2011-08-25,25,8,2011,3,4,False
4256,2011-08-26,26,8,2011,3,5,False
4257,2011-08-27,27,8,2011,3,6,True
4258,2011-08-28,28,8,2011,3,0,True
4259,2011-08-29,29,8,2011,3,1,False
4260,2011-08-30,30,8,2011,3,2,False
4261,2011-08-31,31,8,2011,3,3,False
4262,2011-09-01,1,9,2011,3,4,False
4263,2011-09-02,2,9,2011,3,5,False
4264,2011-09-03,3,9,2011,3,6,True
4265,2011-09-04,4,9,2011,3,0,True
4266,2011-09-05,5,9,2011,3,1,False
4267,2011-09-06,6,9,2011,3,2,False
4268,2011-09-07,7,9,2011,3,3,False
4269,2011-09-08,8,9,2011,3,4,False
4270,2011-09-09,9,9,2011,3,5,False
4271,2011-09-10,10,9,2011,3,6,True
4272,2011-09-11,11,9,2011,3,0,True
4273,2011-09-12,12,9,2011,3,1,False
4274,2011-09-13,13,9,2011,3,2,False
4275,2011-09-14,14,9,2011,3,3,False
4276,2011-09-15,15,9,2011,3,4,False
4277,2011-09-16,16,9,2011,3,5,False
4278,2011-09-17,17,9,2011,3,6,True
4279,2011-09-18,18,9,2011,3,0,True
4280,2011-09-19,19,9,2011,3,1,False
4281,2011-09-20,20,9,2011,3,2,False
4282,2011-09-21,21,9,2011,3,3,False
4283,2011-09-22,22,9,2011,3,4,False
4284,2011-09-23,23,9,2011,3,5,False
4285,2011-09-24,24,9,2011,3,6,True
4286,2011-09-25,25,9,2011,3,0,True
4287,2011-09-26,26,9,2011,3,1,False
4288,2011-09-27,27,9,2011,3,2,False
4289,2011-09-28,28,9,2011,3,3,False
4290,2011-09-29,29,9,2011,3,4,False
4291,2011-09-30,30,9,2011,3,5,False
4292,2011-10-01,1,10,2011,4,6,True
4293,2011-10-02,2,10,2011,4,0,True
4294,2011-10-03,3,10,2011,4,1,False
4295,2011-10-04,4,10,2011,4,2,False
4296,2011-10-05,5,10,2011,4,3,False
4297,2011-10-06,6,10,2011,4,4,False
4298,2011-10-07,7,10,2011,4,5,False
4299,2011-10-08,8,10,2011,4,6,True
4300,2011-10-09,9,10,2011,4,0,True
4301,2011-10-10,10,10,2011,4,1,False
4302,2011-10-11,11,10,2011,4,2,False
4303,2011-10-12,12,10,2011,4,3,False
4304,2011-10-13,13,10,2011,4,4,False
4305,2011-10-14,14,10,2011,4,5,False
4306,2011-10-15,15,10,2011,4,6,True
4307,2011-10-16,16,10,2011,4,0,True
4308,2011-10-17,17,10,2011,4,1,False
4309,2011-10-18,18,10,2011,4,2,False
4310,2011-10-19,19,10,2011,4,3,False
4311,2011-10-20,20,10,2011,4,4,False
4312,2011-10-21,21,10,2011,4,5,False
4313,2011-10-22,22,10,2011,4,6,True
4314,2011-10-23,23,10,2011,4,0,True
4315,2011-10-24,24,10,2011,4,1,False
4316,2011-10-25,25,10,2011,4,2,False
4317,2011-10-26,26,10,2011,4,3,False
4318,2011-10-27,27,10,2011,4,4,False
4319,2011-10-28,28,10,2011,4,5,False
4320,2011-10-29,29,10,2011,4,6,True
4321,2011-10-30,30,10,2011,4,0,True
4322,2011-10-31,31,10,2011,4,1,False
4323,2011-11-01,1,11,2011,4,2,False
4324,2011-11-02,2,11,2011,4,3,False
4325,2011-11-03,3,11,2011,4,4,False
4326,2011-11-04,4,11,2011,4,5,False
4327,2011-11-05,5,11,2011,4,6,True
4328,2011-11-06,6,11,2011,4,0,True
4329,2011-11-07,7,11,2011,4,1,False
4330,2011-11-08,8,11,2011,4,2,False
4331,2011-11-09,9,11,2011,4,3,False
4332,2011-11-10,10,11,2011,4,4,False
4333,2011-11-11,11,11,2011,4,5,False
4334,2011-11-12,12,11,2011,4,6,True
4335,2011-11-13,13,11,2011,4,0,True
4336,2011-11-14,14,11,2011,4,1,False
4337,2011-11-15,15,11,2011,4,2,False
4338,2011-11-16,16,11,2011,4,3,False
4339,2011-11-17,17,11,2011,4,4,False
4340,2011-11-18,18,11,2011,4,5,False
4341,2011-11-19,19,11,2011,4,6,True
4342,2011-11-20,20,11,2011,4,0,True
4343,2011-11-21,21,11,2011,4,1,False
4344,2011-11-22,22,11,2011,4,2,False
4345,2011-11-23,23,11,2011,4,3,False
4346,2011-11-24,24,11,2011,4,4,False
4347,2011-11-25,25,11,2011,4,5,False
4348,2011-11-26,26,11,2011,4,6,True
4349,2011-11-27,27,11,2011,4,0,True
4350,2011-11-28,28,11,2011,4,1,False
4351,2011-11-29,29,11,2011,4,2,False
4352,2011-11-30,30,11,2011,4,3,False
4353,2011-12-01,1,12,2011,4,4,False
4354,2011-12-02,2,12,2011,4,5,False
4355,2011-12-03,3,12,2011,4,6,True
4356,2011-12-04,4,12,2011,4,0,True
4357,2011-12-05,5,12,2011,4,1,False
4358,2011-12-06,6,12,2011,4,2,False
4359,2011-12-07,7,12,2011,4,3,False
4360,2011-12-08,8,12,2011,4,4,False
4361,2011-12-09,9,12,2011,4,5,False
4362,2011-12-10,10,12,2011,4,6,True
4363,2011-12-11,11,12,2011,4,0,True
4364,2011-12-12,12,12,2011,4,1,False
4365,2011-12-13,13,12,2011,4,2,False
4366,2011-12-14,14,12,2011,4,3,False
4367,2011-12-15,15,12,2011,4,4,False
4368,2011-12-16,16,12,2011,4,5,False
4369,2011-12-17,17,12,2011,4,6,True
4370,2011-12-18,18,12,2011,4,0,True
4371,2011-12-19,19,12,2011,4,1,False
4372,2011-12-20,20,12,2011,4,2,False
4373,2011-12-21,21,12,2011,4,3,False
4374,2011-12-22,22,12,2011,4,4,False
4375,2011-12-23,23,12,2011,4,5,False
4376,2011-12-24,24,12,2011,4,6,True
4377,2011-12-25,25,12,2011,4,0,True
4378,2011-12-26,26,12,2011,4,1,False
4379,2011-12-27,27,12,2011,4,2,False
4380,2011-12-28,28,12,2011,4,3,False
4381,2011-12-29,29,12,2011,4,4,False
4382,2011-12-30,30,12,2011,4,5,False
4383,2011-12-31,31,12,2011,4,6,True
4384,2012-01-01,1,1,2012,1,0,True
4385,2012-01-02,2,1,2012,1,1,False
4386,2012-01-03,3,1,2012,1,2,False
4387,2012-01-04,4,1,2012,1,3,False
4388,2012-01-05,5,1,2012,1,4,False
4389,2012-01-06,6,1,2012,1,5,False
4390,2012-01-07,7,1,2012,1,6,True
4391,2012-01-08,8,1,2012,1,0,True
4392,2012-01-09,9,1,2012,1,1,False
4393,2012-01-10,10,1,2012,1,2,False
4394,2012-01-11,11,1,2012,1,3,False
4395,2012-01-12,12,1,2012,1,4,False
4396,2012-01-13,13,1,2012,1,5,False
4397,2012-01-14,14,1,2012,1,6,True
4398,2012-01-15,15,1,2012,1,0,True
4399,2012-01-16,16,1,2012,1,1,False
4400,2012-01-17,17,1,2012,1,2,False
4401,2012-01-18,18,1,2012,1,3,False
4402,2012-01-19,19,1,2012,1,4,False
4403,2012-01-20,20,1,2012,1,5,False
4404,2012-01-21,21,1,2012,1,6,True
4405,2012-01-22,22,1,2012,1,0,True
4406,2012-01-23,23,1,2012,1,1,False
4407,2012-01-24,24,1,2012,1,2,False
4408,2012-01-25,25,1,2012,1,3,False
4409,2012-01-26,26,1,2012,1,4,False
4410,2012-01-27,27,1,2012,1,5,False
4411,2012-01-28,28,1,2012,1,6,True
4412,2012-01-29,29,1,2012,1,0,True
4413,2012-01-30,30,1,2012,1,1,False
4414,2012-01-31,31,1,2012,1,2,False
4415,2012-02-01,1,2,2012,1,3,False
4416,2012-02-02,2,2,2012,1,4,False
4417,2012-02-03,3,2,2012,1,5,False
4418,2012-02-04,4,2,2012,1,6,True
4419,2012-02-05,5,2,2012,1,0,True
4420,2012-02-06,6,2,2012,1,1,False
4421,2012-02-07,7,2,2012,1,2,False
4422,2012-02-08,8,2,2012,1,3,False
4423,2012-02-09,9,2,2012,1,4,False
4424,2012-02-10,10,2,2012,1,5,False
4425,2012-02-11,11,2,2012,1,6,True
4426,2012-02-12,12,2,2012,1,0,True
4427,2012-02-13,13,2,2012,1,1,False
4428,2012-02-14,14,2,2012,1,2,False
4429,2012-02-15,15,2,2012,1,3,False
4430,2012-02-16,16,2,2012,1,4,False
4431,2012-02-17,17,2,2012,1,5,False
4432,2012-02-18,18,2,2012,1,6,True
4433,2012-02-19,19,2,2012,1,0,True
4434,2012-02-20,20,2,2012,1,1,False
4435,2012-02-21,21,2,2012,1,2,False
4436,2012-02-22,22,2,2012,1,3,False
4437,2012-02-23,23,2,2012,1,4,False
4438,2012-02-24,24,2,2012,1,5,False
4439,2012-02-25,25,2,2012,1,6,True
4440,2012-02-26,26,2,2012,1,0,True
4441,2012-02-27,27,2,2012,1,1,False
4442,2012-02-28,28,2,2012,1,2,False
4443,2012-02-29,29,2,2012,1,3,False
4444,2012-03-01,1,3,2012,1,4,False
4445,2012-03-02,2,3,2012,1,5,False
4446,2012-03-03,3,3,2012,1,6,True
4447,2012-03-04,4,3,2012,1,0,True
4448,2012-03-05,5,3,2012,1,1,False
4449,2012-03-06,6,3,2012,1,2,False
4450,2012-03-07,7,3,2012,1,3,False
4451,2012-03-08,8,3,2012,1,4,False
4452,2012-03-09,9,3,2012,1,5,False
4453,2012-03-10,10,3,2012,1,6,True
4454,2012-03-11,11,3,2012,1,0,True
4455,2012-03-12,12,3,2012,1,1,False
4456,2012-03-13,13,3,2012,1,2,False
4457,2012-03-14,14,3,2012,1,3,False
4458,2012-03-15,15,3,2012,1,4,False
4459,2012-03-16,16,3,2012,1,5,False
4460,2012-03-17,17,3,2012,1,6,True
4461,2012-03-18,18,3,2012,1,0,True
4462,2012-03-19,19,3,2012,1,1,False
4463,2012-03-20,20,3,2012,1,2,False
4464,2012-03-21,21,3,2012,1,3,False
4465,2012-03-22,22,3,2012,1,4,False
4466,2012-03-23,23,3,2012,1,5,False
4467,2012-03-24,24,3,2012,1,6,True
4468,2012-03-25,25,3,2012,1,0,True
4469,2012-03-26,26,3,2012,1,1,False
4470,2012-03-27,27,3,2012,1,2,False
4471,2012-03-28,28,3,2012,1,3,False
4472,2012-03-29,29,3,2012,1,4,False
4473,2012-03-30,30,3,2012,1,5,False
4474,2012-03-31,31,3,2012,1,6,True
4475,2012-04-01,1,4,2012,2,0,True
4476,2012-04-02,2,4,2012,2,1,False
4477,2012-04-03,3,4,2012,2,2,False
4478,2012-04-04,4,4,2012,2,3,False
4479,2012-04-05,5,4,2012,2,4,False
4480,2012-04-06,6,4,2012,2,5,False
4481,2012-04-07,7,4,2012,2,6,True
4482,2012-04-08,8,4,2012,2,0,True
4483,2012-04-09,9,4,2012,2,1,False
4484,2012-04-10,10,4,2012,2,2,False
4485,2012-04-11,11,4,2012,2,3,False
4486,2012-04-12,12,4,2012,2,4,False
4487,2012-04-13,13,4,2012,2,5,False
4488,2012-04-14,14,4,2012,2,6,True
4489,2012-04-15,15,4,2012,2,0,True
4490,2012-04-16,16,4,2012,2,1,False
4491,2012-04-17,17,4,2012,2,2,False
4492,2012-04-18,18,4,2012,2,3,False
4493,2012-04-19,19,4,2012,2,4,False
4494,2012-04-20,20,4,2012,2,5,False
4495,2012-04-21,21,4,2012,2,6,True
4496,2012-04-22,22,4,2012,2,0,True
4497,2012-04-23,23,4,2012,2,1,False
4498,2012-04-24,24,4,2012,2,2,False
4499,2012-04-25,25,4,2012,2,3,False
4500,2012-04-26,26,4,2012,2,4,False
4501,2012-04-27,27,4,2012,2,5,False
4502,2012-04-28,28,4,2012,2,6,True
4503,2012-04-29,29,4,2012,2,0,True
4504,2012-04-30,30,4,2012,2,1,False
4505,2012-05-01,1,5,2012,2,2,False
4506,2012-05-02,2,5,2012,2,3,False
4507,2012-05-03,3,5,2012,2,4,False
4508,2012-05-04,4,5,2012,2,5,False
4509,2012-05-05,5,5,2012,2,6,True
4510,2012-05-06,6,5,2012,2,0,True
4511,2012-05-07,7,5,2012,2,1,False
4512,2012-05-08,8,5,2012,2,2,False
4513,2012-05-09,9,5,2012,2,3,False
4514,2012-05-10,10,5,2012,2,4,False
4515,2012-05-11,11,5,2012,2,5,False
4516,2012-05-12,12,5,2012,2,6,True
4517,2012-05-13,13,5,2012,2,0,True
4518,2012-05-14,14,5,2012,2,1,False
4519,2012-05-15,15,5,2012,2,2,False
4520,2012-05-16,16,5,2012,2,3,False
4521,2012-05-17,17,5,2012,2,4,False
4522,2012-05-18,18,5,2012,2,5,False
4523,2012-05-19,19,5,2012,2,6,True
4524,2012-05-20,20,5,2012,2,0,True
4525,2012-05-21,21,5,2012,2,1,False
4526,2012-05-22,22,5,2012,2,2,False
4527,2012-05-23,23,5,2012,2,3,False
4528,2012-05-24,24,5,2012,2,4,False
4529,2012-05-25,25,5,2012,2,5,False
4530,2012-05-26,26,5,2012,2,6,True
4531,2012-05-27,27,5,2012,2,0,True
4532,2012-05-28,28,5,2012,2,1,False
4533,2012-05-29,29,5,2012,2,2,False
4534,2012-05-30,30,5,2012,2,3,False
4535,2012-05-31,31,5,2012,2,4,False
4536,2012-06-01,1,6,2012,2,5,False
4537,2012-06-02,2,6,2012,2,6,True
4538,2012-06-03,3,6,2012,2,0,True
4539,2012-06-04,4,6,2012,2,1,False
4540,2012-06-05,5,6,2012,2,2,False
4541,2012-06-06,6,6,2012,2,3,False
4542,2012-06-07,7,6,2012,2,4,False
4543,2012-06-08,8,6,2012,2,5,False
4544,2012-06-09,9,6,2012,2,6,True
4545,2012-06-10,10,6,2012,2,0,True
4546,2012-06-11,11,6,2012,2,1,False
4547,2012-06-12,12,6,2012,2,2,False
4548,2012-06-13,13,6,2012,2,3,False
4549,2012-06-14,14,6,2012,2,4,False
4550,2012-06-15,15,6,2012,2,5,False
4551,2012-06-16,16,6,2012,2,6,True
4552,2012-06-17,17,6,2012,2,0,True
4553,2012-06-18,18,6,2012,2,1,False
4554,2012-06-19,19,6,2012,2,2,False
4555,2012-06-20,20,6,2012,2,3,False
4556,2012-06-21,21,6,2012,2,4,False
4557,2012-06-22,22,6,2012,2,5,False
4558,2012-06-23,23,6,2012,2,6,True
4559,2012-06-24,24,6,2012,2,0,True
4560,2012-06-25,25,6,2012,2,1,False
4561,2012-06-26,26,6,2012,2,2,False
4562,2012-06-27,27,6,2012,2,3,False
4563,2012-06-28,28,6,2012,2,4,False
4564,2012-06-29,29,6,2012,2,5,False
4565,2012-06-30,30,6,2012,2,6,True
4566,2012-07-01,1,7,2012,3,0,True
4567,2012-07-02,2,7,2012,3,1,False
4568,2012-07-03,3,7,2012,3,2,False
4569,2012-07-04,4,7,2012,3,3,False
4570,2012-07-05,5,7,2012,3,4,False
4571,2012-07-06,6,7,2012,3,5,False
4572,2012-07-07,7,7,2012,3,6,True
4573,2012-07-08,8,7,2012,3,0,True
4574,2012-07-09,9,7,2012,3,1,False
4575,2012-07-10,10,7,2012,3,2,False
4576,2012-07-11,11,7,2012,3,3,False
4577,2012-07-12,12,7,2012,3,4,False
4578,2012-07-13,13,7,2012,3,5,False
4579,2012-07-14,14,7,2012,3,6,True
4580,2012-07-15,15,7,2012,3,0,True
4581,2012-07-16,16,7,2012,3,1,False
4582,2012-07-17,17,7,2012,3,2,False
4583,2012-07-18,18,7,2012,3,3,False
4584,2012-07-19,19,7,2012,3,4,False
4585,2012-07-20,20,7,2012,3,5,False
4586,2012-07-21,21,7,2012,3,6,True
4587,2012-07-22,22,7,2012,3,0,True
4588,2012-07-23,23,7,2012,3,1,False
4589,2012-07-24,24,7,2012,3,2,False
4590,2012-07-25,25,7,2012,3,3,False
4591,2012-07-26,26,7,2012,3,4,False
4592,2012-07-27,27,7,2012,3,5,False
4593,2012-07-28,28,7,2012,3,6,True
4594,2012-07-29,29,7,2012,3,0,True
4595,2012-07-30,30,7,2012,3,1,False
4596,2012-07-31,31,7,2012,3,2,False
4597,2012-08-01,1,8,2012,3,3,False
4598,2012-08-02,2,8,2012,3,4,False
4599,2012-08-03,3,8,2012,3,5,False
4600,2012-08-04,4,8,2012,3,6,True
4601,2012-08-05,5,8,2012,3,0,True
4602,2012-08-06,6,8,2012,3,1,False
4603,2012-08-07,7,8,2012,3,2,False
4604,2012-08-08,8,8,2012,3,3,False
4605,2012-08-09,9,8,2012,3,4,False
4606,2012-08-10,10,8,2012,3,5,False
4607,2012-08-11,11,8,2012,3,6,True
4608,2012-08-12,12,8,2012,3,0,True
4609,2012-08-13,13,8,2012,3,1,False
4610,2012-08-14,14,8,2012,3,2,False
4611,2012-08-15,15,8,2012,3,3,False
4612,2012-08-16,16,8,2012,3,4,False
4613,2012-08-17,17,8,2012,3,5,False
4614,2012-08-18,18,8,2012,3,6,True
4615,2012-08-19,19,8,2012,3,0,True
4616,2012-08-20,20,8,2012,3,1,False
4617,2012-08-21,21,8,2012,3,2,False
4618,2012-08-22,22,8,2012,3,3,False
4619,2012-08-23,23,8,2012,3,4,False
4620,2012-08-24,24,8,2012,3,5,False
4621,2012-08-25,25,8,2012,3,6,True
4622,2012-08-26,26,8,2012,3,0,True
4623,2012-08-27,27,8,2012,3,1,False
4624,2012-08-28,28,8,2012,3,2,False
4625,2012-08-29,29,8,2012,3,3,False
4626,2012-08-30,30,8,2012,3,4,False
4627,2012-08-31,31,8,2012,3,5,False
4628,2012-09-01,1,9,2012,3,6,True
4629,2012-09-02,2,9,2012,3,0,True
4630,2012-09-03,3,9,2012,3,1,False
4631,2012-09-04,4,9,2012,3,2,False
4632,2012-09-05,5,9,2012,3,3,False
4633,2012-09-06,6,9,2012,3,4,False
4634,2012-09-07,7,9,2012,3,5,False
4635,2012-09-08,8,9,2012,3,6,True
4636,2012-09-09,9,9,2012,3,0,True
4637,2012-09-10,10,9,2012,3,1,False
4638,2012-09-11,11,9,2012,3,2,False
4639,2012-09-12,12,9,2012,3,3,False
4640,2012-09-13,13,9,2012,3,4,False
4641,2012-09-14,14,9,2012,3,5,False
4642,2012-09-15,15,9,2012,3,6,True
4643,2012-09-16,16,9,2012,3,0,True
4644,2012-09-17,17,9,2012,3,1,False
4645,2012-09-18,18,9,2012,3,2,False
4646,2012-09-19,19,9,2012,3,3,False
4647,2012-09-20,20,9,2012,3,4,False
4648,2012-09-21,21,9,2012,3,5,False
4649,2012-09-22,22,9,2012,3,6,True
4650,2012-09-23,23,9,2012,3,0,True
4651,2012-09-24,24,9,2012,3,1,False
4652,2012-09-25,25,9,2012,3,2,False
4653,2012-09-26,26,9,2012,3,3,False
4654,2012-09-27,27,9,2012,3,4,False
4655,2012-09-28,28,9,2012,3,5,False
4656,2012-09-29,29,9,2012,3,6,True
4657,2012-09-30,30,9,2012,3,0,True
4658,2012-10-01,1,10,2012,4,1,False
4659,2012-10-02,2,10,2012,4,2,False
4660,2012-10-03,3,10,2012,4,3,False
4661,2012-10-04,4,10,2012,4,4,False
4662,2012-10-05,5,10,2012,4,5,False
4663,2012-10-06,6,10,2012,4,6,True
4664,2012-10-07,7,10,2012,4,0,True
4665,2012-10-08,8,10,2012,4,1,False
4666,2012-10-09,9,10,2012,4,2,False
4667,2012-10-10,10,10,2012,4,3,False
4668,2012-10-11,11,10,2012,4,4,False
4669,2012-10-12,12,10,2012,4,5,False
4670,2012-10-13,13,10,2012,4,6,True
4671,2012-10-14,14,10,2012,4,0,True
4672,2012-10-15,15,10,2012,4,1,False
4673,2012-10-16,16,10,2012,4,2,False
4674,2012-10-17,17,10,2012,4,3,False
4675,2012-10-18,18,10,2012,4,4,False
4676,2012-10-19,19,10,2012,4,5,False
4677,2012-10-20,20,10,2012,4,6,True
4678,2012-10-21,21,10,2012,4,0,True
4679,2012-10-22,22,10,2012,4,1,False
4680,2012-10-23,23,10,2012,4,2,False
4681,2012-10-24,24,10,2012,4,3,False
4682,2012-10-25,25,10,2012,4,4,False
4683,2012-10-26,26,10,2012,4,5,False
4684,2012-10-27,27,10,2012,4,6,True
4685,2012-10-28,28,10,2012,4,0,True
4686,2012-10-29,29,10,2012,4,1,False
4687,2012-10-30,30,10,2012,4,2,False
4688,2012-10-31,31,10,2012,4,3,False
4689,2012-11-01,1,11,2012,4,4,False
4690,2012-11-02,2,11,2012,4,5,False
4691,2012-11-03,3,11,2012,4,6,True
4692,2012-11-04,4,11,2012,4,0,True
4693,2012-11-05,5,11,2012,4,1,False
4694,2012-11-06,6,11,2012,4,2,False
4695,2012-11-07,7,11,2012,4,3,False
4696,2012-11-08,8,11,2012,4,4,False
4697,2012-11-09,9,11,2012,4,5,False
4698,2012-11-10,10,11,2012,4,6,True
4699,2012-11-11,11,11,2012,4,0,True
4700,2012-11-12,12,11,2012,4,1,False
4701,2012-11-13,13,11,2012,4,2,False
4702,2012-11-14,14,11,2012,4,3,False
4703,2012-11-15,15,11,2012,4,4,False
4704,2012-11-16,16,11,2012,4,5,False
4705,2012-11-17,17,11,2012,4,6,True
4706,2012-11-18,18,11,2012,4,0,True
4707,2012-11-19,19,11,2012,4,1,False
4708,2012-11-20,20,11,2012,4,2,False
4709,2012-11-21,21,11,2012,4,3,False
4710,2012-11-22,22,11,2012,4,4,False
4711,2012-11-23,23,11,2012,4,5,False
4712,2012-11-24,24,11,2012,4,6,True
4713,2012-11-25,25,11,2012,4,0,True
4714,2012-11-26,26,11,2012,4,1,False
4715,2012-11-27,27,11,2012,4,2,False
4716,2012-11-28,28,11,2012,4,3,False
4717,2012-11-29,29,11,2012,4,4,False
4718,2012-11-30,30,11,2012,4,5,False
4719,2012-12-01,1,12,2012,4,6,True
4720,2012-12-02,2,12,2012,4,0,True
4721,2012-12-03,3,12,2012,4,1,False
4722,2012-12-04,4,12,2012,4,2,False
4723,2012-12-05,5,12,2012,4,3,False
4724,2012-12-06,6,12,2012,4,4,False
4725,2012-12-07,7,12,2012,4,5,False
4726,2012-12-08,8,12,2012,4,6,True
4727,2012-12-09,9,12,2012,4,0,True
4728,2012-12-10,10,12,2012,4,1,False
4729,2012-12-11,11,12,2012,4,2,False
4730,2012-12-12,12,12,2012,4,3,False
4731,2012-12-13,13,12,2012,4,4,False
4732,2012-12-14,14,12,2012,4,5,False
4733,2012-12-15,15,12,2012,4,6,True
4734,2012-12-16,16,12,2012,4,0,True
4735,2012-12-17,17,12,2012,4,1,False
4736,2012-12-18,18,12,2012,4,2,False
4737,2012-12-19,19,12,2012,4,3,False
4738,2012-12-20,20,12,2012,4,4,False
4739,2012-12-21,21,12,2012,4,5,False
4740,2012-12-22,22,12,2012,4,6,True
4741,2012-12-23,23,12,2012,4,0,True
4742,2012-12-24,24,12,2012,4,1,False
4743,2012-12-25,25,12,2012,4,2,False
4744,2012-12-26,26,12,2012,4,3,False
4745,2012-12-27,27,12,2012,4,4,False
4746,2012-12-28,28,12,2012,4,5,False
4747,2012-12-29,29,12,2012,4,6,True
4748,2012-12-30,30,12,2012,4,0,True
4749,2012-12-31,31,12,2012,4,1,False
4750,2013-01-01,1,1,2013,1,2,False
4751,2013-01-02,2,1,2013,1,3,False
4752,2013-01-03,3,1,2013,1,4,False
4753,2013-01-04,4,1,2013,1,5,False
4754,2013-01-05,5,1,2013,1,6,True
4755,2013-01-06,6,1,2013,1,0,True
4756,2013-01-07,7,1,2013,1,1,False
4757,2013-01-08,8,1,2013,1,2,False
4758,2013-01-09,9,1,2013,1,3,False
4759,2013-01-10,10,1,2013,1,4,False
4760,2013-01-11,11,1,2013,1,5,False
4761,2013-01-12,12,1,2013,1,6,True
4762,2013-01-13,13,1,2013,1,0,True
4763,2013-01-14,14,1,2013,1,1,False
4764,2013-01-15,15,1,2013,1,2,False
4765,2013-01-16,16,1,2013,1,3,False
4766,2013-01-17,17,1,2013,1,4,False
4767,2013-01-18,18,1,2013,1,5,False
4768,2013-01-19,19,1,2013,1,6,True
4769,2013-01-20,20,1,2013,1,0,True
4770,2013-01-21,21,1,2013,1,1,False
4771,2013-01-22,22,1,2013,1,2,False
4772,2013-01-23,23,1,2013,1,3,False
4773,2013-01-24,24,1,2013,1,4,False
4774,2013-01-25,25,1,2013,1,5,False
4775,2013-01-26,26,1,2013,1,6,True
4776,2013-01-27,27,1,2013,1,0,True
4777,2013-01-28,28,1,2013,1,1,False
4778,2013-01-29,29,1,2013,1,2,False
4779,2013-01-30,30,1,2013,1,3,False
4780,2013-01-31,31,1,2013,1,4,False
4781,2013-02-01,1,2,2013,1,5,False
4782,2013-02-02,2,2,2013,1,6,True
4783,2013-02-03,3,2,2013,1,0,True
4784,2013-02-04,4,2,2013,1,1,False
4785,2013-02-05,5,2,2013,1,2,False
4786,2013-02-06,6,2,2013,1,3,False
4787,2013-02-07,7,2,2013,1,4,False
4788,2013-02-08,8,2,2013,1,5,False
4789,2013-02-09,9,2,2013,1,6,True
4790,2013-02-10,10,2,2013,1,0,True
4791,2013-02-11,11,2,2013,1,1,False
4792,2013-02-12,12,2,2013,1,2,False
4793,2013-02-13,13,2,2013,1,3,False
4794,2013-02-14,14,2,2013,1,4,False
4795,2013-02-15,15,2,2013,1,5,False
4796,2013-02-16,16,2,2013,1,6,True
4797,2013-02-17,17,2,2013,1,0,True
4798,2013-02-18,18,2,2013,1,1,False
4799,2013-02-19,19,2,2013,1,2,False
4800,2013-02-20,20,2,2013,1,3,False
4801,2013-02-21,21,2,2013,1,4,False
4802,2013-02-22,22,2,2013,1,5,False
4803,2013-02-23,23,2,2013,1,6,True
4804,2013-02-24,24,2,2013,1,0,True
4805,2013-02-25,25,2,2013,1,1,False
4806,2013-02-26,26,2,2013,1,2,False
4807,2013-02-27,27,2,2013,1,3,False
4808,2013-02-28,28,2,2013,1,4,False
4809,2013-03-01,1,3,2013,1,5,False
4810,2013-03-02,2,3,2013,1,6,True
4811,2013-03-03,3,3,2013,1,0,True
4812,2013-03-04,4,3,2013,1,1,False
4813,2013-03-05,5,3,2013,1,2,False
4814,2013-03-06,6,3,2013,1,3,False
4815,2013-03-07,7,3,2013,1,4,False
4816,2013-03-08,8,3,2013,1,5,False
4817,2013-03-09,9,3,2013,1,6,True
4818,2013-03-10,10,3,2013,1,0,True
4819,2013-03-11,11,3,2013,1,1,False
4820,2013-03-12,12,3,2013,1,2,False
4821,2013-03-13,13,3,2013,1,3,False
4822,2013-03-14,14,3,2013,1,4,False
4823,2013-03-15,15,3,2013,1,5,False
4824,2013-03-16,16,3,2013,1,6,True
4825,2013-03-17,17,3,2013,1,0,True
4826,2013-03-18,18,3,2013,1,1,False
4827,2013-03-19,19,3,2013,1,2,False
4828,2013-03-20,20,3,2013,1,3,False
4829,2013-03-21,21,3,2013,1,4,False
4830,2013-03-22,22,3,2013,1,5,False
4831,2013-03-23,23,3,2013,1,6,True
4832,2013-03-24,24,3,2013,1,0,True
4833,2013-03-25,25,3,2013,1,1,False
4834,2013-03-26,26,3,2013,1,2,False
4835,2013-03-27,27,3,2013,1,3,False
4836,2013-03-28,28,3,2013,1,4,False
4837,2013-03-29,29,3,2013,1,5,False
4838,2013-03-30,30,3,2013,1,6,True
4839,2013-03-31,31,3,2013,1,0,True
4840,2013-04-01,1,4,2013,2,1,False
4841,2013-04-02,2,4,2013,2,2,False
4842,2013-04-03,3,4,2013,2,3,False
4843,2013-04-04,4,4,2013,2,4,False
4844,2013-04-05,5,4,2013,2,5,False
4845,2013-04-06,6,4,2013,2,6,True
4846,2013-04-07,7,4,2013,2,0,True
4847,2013-04-08,8,4,2013,2,1,False
4848,2013-04-09,9,4,2013,2,2,False
4849,2013-04-10,10,4,2013,2,3,False
4850,2013-04-11,11,4,2013,2,4,False
4851,2013-04-12,12,4,2013,2,5,False
4852,2013-04-13,13,4,2013,2,6,True
4853,2013-04-14,14,4,2013,2,0,True
4854,2013-04-15,15,4,2013,2,1,False
4855,2013-04-16,16,4,2013,2,2,False
4856,2013-04-17,17,4,2013,2,3,False
4857,2013-04-18,18,4,2013,2,4,False
4858,2013-04-19,19,4,2013,2,5,False
4859,2013-04-20,20,4,2013,2,6,True
4860,2013-04-21,21,4,2013,2,0,True
4861,2013-04-22,22,4,2013,2,1,False
4862,2013-04-23,23,4,2013,2,2,False
4863,2013-04-24,24,4,2013,2,3,False
4864,2013-04-25,25,4,2013,2,4,False
4865,2013-04-26,26,4,2013,2,5,False
4866,2013-04-27,27,4,2013,2,6,True
4867,2013-04-28,28,4,2013,2,0,True
4868,2013-04-29,29,4,2013,2,1,False
4869,2013-04-30,30,4,2013,2,2,False
4870,2013-05-01,1,5,2013,2,3,False
4871,2013-05-02,2,5,2013,2,4,False
4872,2013-05-03,3,5,2013,2,5,False
4873,2013-05-04,4,5,2013,2,6,True
4874,2013-05-05,5,5,2013,2,0,True
4875,2013-05-06,6,5,2013,2,1,False
4876,2013-05-07,7,5,2013,2,2,False
4877,2013-05-08,8,5,2013,2,3,False
4878,2013-05-09,9,5,2013,2,4,False
4879,2013-05-10,10,5,2013,2,5,False
4880,2013-05-11,11,5,2013,2,6,True
4881,2013-05-12,12,5,2013,2,0,True
4882,2013-05-13,13,5,2013,2,1,False
4883,2013-05-14,14,5,2013,2,2,False
4884,2013-05-15,15,5,2013,2,3,False
4885,2013-05-16,16,5,2013,2,4,False
4886,2013-05-17,17,5,2013,2,5,False
4887,2013-05-18,18,5,2013,2,6,True
4888,2013-05-19,19,5,2013,2,0,True
4889,2013-05-20,20,5,2013,2,1,False
4890,2013-05-21,21,5,2013,2,2,False
4891,2013-05-22,22,5,2013,2,3,False
4892,2013-05-23,23,5,2013,2,4,False
4893,2013-05-24,24,5,2013,2,5,False
4894,2013-05-25,25,5,2013,2,6,True
4895,2013-05-26,26,5,2013,2,0,True
4896,2013-05-27,27,5,2013,2,1,False
4897,2013-05-28,28,5,2013,2,2,False
4898,2013-05-29,29,5,2013,2,3,False
4899,2013-05-30,30,5,2013,2,4,False
4900,2013-05-31,31,5,2013,2,5,False
4901,2013-06-01,1,6,2013,2,6,True
4902,2013-06-02,2,6,2013,2,0,True
4903,2013-06-03,3,6,2013,2,1,False
4904,2013-06-04,4,6,2013,2,2,False
4905,2013-06-05,5,6,2013,2,3,False
4906,2013-06-06,6,6,2013,2,4,False
4907,2013-06-07,7,6,2013,2,5,False
4908,2013-06-08,8,6,2013,2,6,True
4909,2013-06-09,9,6,2013,2,0,True
4910,2013-06-10,10,6,2013,2,1,False
4911,2013-06-11,11,6,2013,2,2,False
4912,2013-06-12,12,6,2013,2,3,False
4913,2013-06-13,13,6,2013,2,4,False
4914,2013-06-14,14,6,2013,2,5,False
4915,2013-06-15,15,6,2013,2,6,True
4916,2013-06-16,16,6,2013,2,0,True
4917,2013-06-17,17,6,2013,2,1,False
4918,2013-06-18,18,6,2013,2,2,False
4919,2013-06-19,19,6,2013,2,3,False
4920,2013-06-20,20,6,2013,2,4,False
4921,2013-06-21,21,6,2013,2,5,False
4922,2013-06-22,22,6,2013,2,6,True
4923,2013-06-23,23,6,2013,2,0,True
4924,2013-06-24,24,6,2013,2,1,False
4925,2013-06-25,25,6,2013,2,2,False
4926,2013-06-26,26,6,2013,2,3,False
4927,2013-06-27,27,6,2013,2,4,False
4928,2013-06-28,28,6,2013,2,5,False
4929,2013-06-29,29,6,2013,2,6,True
4930,2013-06-30,30,6,2013,2,0,True
4931,2013-07-01,1,7,2013,3,1,False
4932,2013-07-02,2,7,2013,3,2,False
4933,2013-07-03,3,7,2013,3,3,False
4934,2013-07-04,4,7,2013,3,4,False
4935,2013-07-05,5,7,2013,3,5,False
4936,2013-07-06,6,7,2013,3,6,True
4937,2013-07-07,7,7,2013,3,0,True
4938,2013-07-08,8,7,2013,3,1,False
4939,2013-07-09,9,7,2013,3,2,False
4940,2013-07-10,10,7,2013,3,3,False
4941,2013-07-11,11,7,2013,3,4,False
4942,2013-07-12,12,7,2013,3,5,False
4943,2013-07-13,13,7,2013,3,6,True
4944,2013-07-14,14,7,2013,3,0,True
4945,2013-07-15,15,7,2013,3,1,False
4946,2013-07-16,16,7,2013,3,2,False
4947,2013-07-17,17,7,2013,3,3,False
4948,2013-07-18,18,7,2013,3,4,False
4949,2013-07-19,19,7,2013,3,5,False
4950,2013-07-20,20,7,2013,3,6,True
4951,2013-07-21,21,7,2013,3,0,True
4952,2013-07-22,22,7,2013,3,1,False
4953,2013-07-23,23,7,2013,3,2,False
4954,2013-07-24,24,7,2013,3,3,False
4955,2013-07-25,25,7,2013,3,4,False
4956,2013-07-26,26,7,2013,3,5,False
4957,2013-07-27,27,7,2013,3,6,True
4958,2013-07-28,28,7,2013,3,0,True
4959,2013-07-29,29,7,2013,3,1,False
4960,2013-07-30,30,7,2013,3,2,False
4961,2013-07-31,31,7,2013,3,3,False
4962,2013-08-01,1,8,2013,3,4,False
4963,2013-08-02,2,8,2013,3,5,False
4964,2013-08-03,3,8,2013,3,6,True
4965,2013-08-04,4,8,2013,3,0,True
4966,2013-08-05,5,8,2013,3,1,False
4967,2013-08-06,6,8,2013,3,2,False
4968,2013-08-07,7,8,2013,3,3,False
4969,2013-08-08,8,8,2013,3,4,False
4970,2013-08-09,9,8,2013,3,5,False
4971,2013-08-10,10,8,2013,3,6,True
4972,2013-08-11,11,8,2013,3,0,True
4973,2013-08-12,12,8,2013,3,1,False
4974,2013-08-13,13,8,2013,3,2,False
4975,2013-08-14,14,8,2013,3,3,False
4976,2013-08-15,15,8,2013,3,4,False
4977,2013-08-16,16,8,2013,3,5,False
4978,2013-08-17,17,8,2013,3,6,True
4979,2013-08-18,18,8,2013,3,0,True
4980,2013-08-19,19,8,2013,3,1,False
4981,2013-08-20,20,8,2013,3,2,False
4982,2013-08-21,21,8,2013,3,3,False
4983,2013-08-22,22,8,2013,3,4,False
4984,2013-08-23,23,8,2013,3,5,False
4985,2013-08-24,24,8,2013,3,6,True
4986,2013-08-25,25,8,2013,3,0,True
4987,2013-08-26,26,8,2013,3,1,False
4988,2013-08-27,27,8,2013,3,2,False
4989,2013-08-28,28,8,2013,3,3,False
4990,2013-08-29,29,8,2013,3,4,False
4991,2013-08-30,30,8,2013,3,5,False
4992,2013-08-31,31,8,2013,3,6,True
4993,2013-09-01,1,9,2013,3,0,True
4994,2013-09-02,2,9,2013,3,1,False
4995,2013-09-03,3,9,2013,3,2,False
4996,2013-09-04,4,9,2013,3,3,False
4997,2013-09-05,5,9,2013,3,4,False
4998,2013-09-06,6,9,2013,3,5,False
4999,2013-09-07,7,9,2013,3,6,True
5000,2013-09-08,8,9,2013,3,0,True
5001,2013-09-09,9,9,2013,3,1,False
5002,2013-09-10,10,9,2013,3,2,False
5003,2013-09-11,11,9,2013,3,3,False
5004,2013-09-12,12,9,2013,3,4,False
5005,2013-09-13,13,9,2013,3,5,False
5006,2013-09-14,14,9,2013,3,6,True
5007,2013-09-15,15,9,2013,3,0,True
5008,2013-09-16,16,9,2013,3,1,False
5009,2013-09-17,17,9,2013,3,2,False
5010,2013-09-18,18,9,2013,3,3,False
5011,2013-09-19,19,9,2013,3,4,False
5012,2013-09-20,20,9,2013,3,5,False
5013,2013-09-21,21,9,2013,3,6,True
5014,2013-09-22,22,9,2013,3,0,True
5015,2013-09-23,23,9,2013,3,1,False
5016,2013-09-24,24,9,2013,3,2,False
5017,2013-09-25,25,9,2013,3,3,False
5018,2013-09-26,26,9,2013,3,4,False
5019,2013-09-27,27,9,2013,3,5,False
5020,2013-09-28,28,9,2013,3,6,True
5021,2013-09-29,29,9,2013,3,0,True
5022,2013-09-30,30,9,2013,3,1,False
5023,2013-10-01,1,10,2013,4,2,False
5024,2013-10-02,2,10,2013,4,3,False
5025,2013-10-03,3,10,2013,4,4,False
5026,2013-10-04,4,10,2013,4,5,False
5027,2013-10-05,5,10,2013,4,6,True
5028,2013-10-06,6,10,2013,4,0,True
5029,2013-10-07,7,10,2013,4,1,False
5030,2013-10-08,8,10,2013,4,2,False
5031,2013-10-09,9,10,2013,4,3,False
5032,2013-10-10,10,10,2013,4,4,False
5033,2013-10-11,11,10,2013,4,5,False
5034,2013-10-12,12,10,2013,4,6,True
5035,2013-10-13,13,10,2013,4,0,True
5036,2013-10-14,14,10,2013,4,1,False
5037,2013-10-15,15,10,2013,4,2,False
5038,2013-10-16,16,10,2013,4,3,False
5039,2013-10-17,17,10,2013,4,4,False
5040,2013-10-18,18,10,2013,4,5,False
5041,2013-10-19,19,10,2013,4,6,True
5042,2013-10-20,20,10,2013,4,0,True
5043,2013-10-21,21,10,2013,4,1,False
5044,2013-10-22,22,10,2013,4,2,False
5045,2013-10-23,23,10,2013,4,3,False
5046,2013-10-24,24,10,2013,4,4,False
5047,2013-10-25,25,10,2013,4,5,False
5048,2013-10-26,26,10,2013,4,6,True
5049,2013-10-27,27,10,2013,4,0,True
5050,2013-10-28,28,10,2013,4,1,False
5051,2013-10-29,29,10,2013,4,2,False
5052,2013-10-30,30,10,2013,4,3,False
5053,2013-10-31,31,10,2013,4,4,False
5054,2013-11-01,1,11,2013,4,5,False
5055,2013-11-02,2,11,2013,4,6,True
5056,2013-11-03,3,11,2013,4,0,True
5057,2013-11-04,4,11,2013,4,1,False
5058,2013-11-05,5,11,2013,4,2,False
5059,2013-11-06,6,11,2013,4,3,False
5060,2013-11-07,7,11,2013,4,4,False
5061,2013-11-08,8,11,2013,4,5,False
5062,2013-11-09,9,11,2013,4,6,True
5063,2013-11-10,10,11,2013,4,0,True
5064,2013-11-11,11,11,2013,4,1,False
5065,2013-11-12,12,11,2013,4,2,False
5066,2013-11-13,13,11,2013,4,3,False
5067,2013-11-14,14,11,2013,4,4,False
5068,2013-11-15,15,11,2013,4,5,False
5069,2013-11-16,16,11,2013,4,6,True
5070,2013-11-17,17,11,2013,4,0,True
5071,2013-11-18,18,11,2013,4,1,False
5072,2013-11-19,19,11,2013,4,2,False
5073,2013-11-20,20,11,2013,4,3,False
5074,2013-11-21,21,11,2013,4,4,False
5075,2013-11-22,22,11,2013,4,5,False
5076,2013-11-23,23,11,2013,4,6,True
5077,2013-11-24,24,11,2013,4,0,True
5078,2013-11-25,25,11,2013,4,1,False
5079,2013-11-26,26,11,2013,4,2,False
5080,2013-11-27,27,11,2013,4,3,False
5081,2013-11-28,28,11,2013,4,4,False
5082,2013-11-29,29,11,2013,4,5,False
5083,2013-11-30,30,11,2013,4,6,True
5084,2013-12-01,1,12,2013,4,0,True
5085,2013-12-02,2,12,2013,4,1,False
5086,2013-12-03,3,12,2013,4,2,False
5087,2013-12-04,4,12,2013,4,3,False
5088,2013-12-05,5,12,2013,4,4,False
5089,2013-12-06,6,12,2013,4,5,False
5090,2013-12-07,7,12,2013,4,6,True
5091,2013-12-08,8,12,2013,4,0,True
5092,2013-12-09,9,12,2013,4,1,False
5093,2013-12-10,10,12,2013,4,2,False
5094,2013-12-11,11,12,2013,4,3,False
5095,2013-12-12,12,12,2013,4,4,False
5096,2013-12-13,13,12,2013,4,5,False
5097,2013-12-14,14,12,2013,4,6,True
5098,2013-12-15,15,12,2013,4,0,True
5099,2013-12-16,16,12,2013,4,1,False
5100,2013-12-17,17,12,2013,4,2,False
5101,2013-12-18,18,12,2013,4,3,False
5102,2013-12-19,19,12,2013,4,4,False
5103,2013-12-20,20,12,2013,4,5,False
5104,2013-12-21,21,12,2013,4,6,True
5105,2013-12-22,22,12,2013,4,0,True
5106,2013-12-23,23,12,2013,4,1,False
5107,2013-12-24,24,12,2013,4,2,False
5108,2013-12-25,25,12,2013,4,3,False
5109,2013-12-26,26,12,2013,4,4,False
5110,2013-12-27,27,12,2013,4,5,False
5111,2013-12-28,28,12,2013,4,6,True
5112,2013-12-29,29,12,2013,4,0,True
5113,2013-12-30,30,12,2013,4,1,False
5114,2013-12-31,31,12,2013,4,2,False
5115,2014-01-01,1,1,2014,1,3,False
5116,2014-01-02,2,1,2014,1,4,False
5117,2014-01-03,3,1,2014,1,5,False
5118,2014-01-04,4,1,2014,1,6,True
5119,2014-01-05,5,1,2014,1,0,True
5120,2014-01-06,6,1,2014,1,1,False
5121,2014-01-07,7,1,2014,1,2,False
5122,2014-01-08,8,1,2014,1,3,False
5123,2014-01-09,9,1,2014,1,4,False
5124,2014-01-10,10,1,2014,1,5,False
5125,2014-01-11,11,1,2014,1,6,True
5126,2014-01-12,12,1,2014,1,0,True
5127,2014-01-13,13,1,2014,1,1,False
5128,2014-01-14,14,1,2014,1,2,False
5129,2014-01-15,15,1,2014,1,3,False
5130,2014-01-16,16,1,2014,1,4,False
5131,2014-01-17,17,1,2014,1,5,False
5132,2014-01-18,18,1,2014,1,6,True
5133,2014-01-19,19,1,2014,1,0,True
5134,2014-01-20,20,1,2014,1,1,False
5135,2014-01-21,21,1,2014,1,2,False
5136,2014-01-22,22,1,2014,1,3,False
5137,2014-01-23,23,1,2014,1,4,False
5138,2014-01-24,24,1,2014,1,5,False
5139,2014-01-25,25,1,2014,1,6,True
5140,2014-01-26,26,1,2014,1,0,True
5141,2014-01-27,27,1,2014,1,1,False
5142,2014-01-28,28,1,2014,1,2,False
5143,2014-01-29,29,1,2014,1,3,False
5144,2014-01-30,30,1,2014,1,4,False
5145,2014-01-31,31,1,2014,1,5,False
5146,2014-02-01,1,2,2014,1,6,True
5147,2014-02-02,2,2,2014,1,0,True
5148,2014-02-03,3,2,2014,1,1,False
5149,2014-02-04,4,2,2014,1,2,False
5150,2014-02-05,5,2,2014,1,3,False
5151,2014-02-06,6,2,2014,1,4,False
5152,2014-02-07,7,2,2014,1,5,False
5153,2014-02-08,8,2,2014,1,6,True
5154,2014-02-09,9,2,2014,1,0,True
5155,2014-02-10,10,2,2014,1,1,False
5156,2014-02-11,11,2,2014,1,2,False
5157,2014-02-12,12,2,2014,1,3,False
5158,2014-02-13,13,2,2014,1,4,False
5159,2014-02-14,14,2,2014,1,5,False
5160,2014-02-15,15,2,2014,1,6,True
5161,2014-02-16,16,2,2014,1,0,True
5162,2014-02-17,17,2,2014,1,1,False
5163,2014-02-18,18,2,2014,1,2,False
5164,2014-02-19,19,2,2014,1,3,False
5165,2014-02-20,20,2,2014,1,4,False
5166,2014-02-21,21,2,2014,1,5,False
5167,2014-02-22,22,2,2014,1,6,True
5168,2014-02-23,23,2,2014,1,0,True
5169,2014-02-24,24,2,2014,1,1,False
5170,2014-02-25,25,2,2014,1,2,False
5171,2014-02-26,26,2,2014,1,3,False
5172,2014-02-27,27,2,2014,1,4,False
5173,2014-02-28,28,2,2014,1,5,False
5174,2014-03-01,1,3,2014,1,6,True
5175,2014-03-02,2,3,2014,1,0,True
5176,2014-03-03,3,3,2014,1,1,False
5177,2014-03-04,4,3,2014,1,2,False
5178,2014-03-05,5,3,2014,1,3,False
5179,2014-03-06,6,3,2014,1,4,False
5180,2014-03-07,7,3,2014,1,5,False
5181,2014-03-08,8,3,2014,1,6,True
5182,2014-03-09,9,3,2014,1,0,True
5183,2014-03-10,10,3,2014,1,1,False
5184,2014-03-11,11,3,2014,1,2,False
5185,2014-03-12,12,3,2014,1,3,False
5186,2014-03-13,13,3,2014,1,4,False
5187,2014-03-14,14,3,2014,1,5,False
5188,2014-03-15,15,3,2014,1,6,True
5189,2014-03-16,16,3,2014,1,0,True
5190,2014-03-17,17,3,2014,1,1,False
5191,2014-03-18,18,3,2014,1,2,False
5192,2014-03-19,19,3,2014,1,3,False
5193,2014-03-20,20,3,2014,1,4,False
5194,2014-03-21,21,3,2014,1,5,False
5195,2014-03-22,22,3,2014,1,6,True
5196,2014-03-23,23,3,2014,1,0,True
5197,2014-03-24,24,3,2014,1,1,False
5198,2014-03-25,25,3,2014,1,2,False
5199,2014-03-26,26,3,2014,1,3,False
5200,2014-03-27,27,3,2014,1,4,False
5201,2014-03-28,28,3,2014,1,5,False
5202,2014-03-29,29,3,2014,1,6,True
5203,2014-03-30,30,3,2014,1,0,True
5204,2014-03-31,31,3,2014,1,1,False
5205,2014-04-01,1,4,2014,2,2,False
5206,2014-04-02,2,4,2014,2,3,False
5207,2014-04-03,3,4,2014,2,4,False
5208,2014-04-04,4,4,2014,2,5,False
5209,2014-04-05,5,4,2014,2,6,True
5210,2014-04-06,6,4,2014,2,0,True
5211,2014-04-07,7,4,2014,2,1,False
5212,2014-04-08,8,4,2014,2,2,False
5213,2014-04-09,9,4,2014,2,3,False
5214,2014-04-10,10,4,2014,2,4,False
5215,2014-04-11,11,4,2014,2,5,False
5216,2014-04-12,12,4,2014,2,6,True
5217,2014-04-13,13,4,2014,2,0,True
5218,2014-04-14,14,4,2014,2,1,False
5219,2014-04-15,15,4,2014,2,2,False
5220,2014-04-16,16,4,2014,2,3,False
5221,2014-04-17,17,4,2014,2,4,False
5222,2014-04-18,18,4,2014,2,5,False
5223,2014-04-19,19,4,2014,2,6,True
5224,2014-04-20,20,4,2014,2,0,True
5225,2014-04-21,21,4,2014,2,1,False
5226,2014-04-22,22,4,2014,2,2,False
5227,2014-04-23,23,4,2014,2,3,False
5228,2014-04-24,24,4,2014,2,4,False
5229,2014-04-25,25,4,2014,2,5,False
5230,2014-04-26,26,4,2014,2,6,True
5231,2014-04-27,27,4,2014,2,0,True
5232,2014-04-28,28,4,2014,2,1,False
5233,2014-04-29,29,4,2014,2,2,False
5234,2014-04-30,30,4,2014,2,3,False
5235,2014-05-01,1,5,2014,2,4,False
5236,2014-05-02,2,5,2014,2,5,False
5237,2014-05-03,3,5,2014,2,6,True
5238,2014-05-04,4,5,2014,2,0,True
5239,2014-05-05,5,5,2014,2,1,False
5240,2014-05-06,6,5,2014,2,2,False
5241,2014-05-07,7,5,2014,2,3,False
5242,2014-05-08,8,5,2014,2,4,False
5243,2014-05-09,9,5,2014,2,5,False
5244,2014-05-10,10,5,2014,2,6,True
5245,2014-05-11,11,5,2014,2,0,True
5246,2014-05-12,12,5,2014,2,1,False
5247,2014-05-13,13,5,2014,2,2,False
5248,2014-05-14,14,5,2014,2,3,False
5249,2014-05-15,15,5,2014,2,4,False
5250,2014-05-16,16,5,2014,2,5,False
5251,2014-05-17,17,5,2014,2,6,True
5252,2014-05-18,18,5,2014,2,0,True
5253,2014-05-19,19,5,2014,2,1,False
5254,2014-05-20,20,5,2014,2,2,False
5255,2014-05-21,21,5,2014,2,3,False
5256,2014-05-22,22,5,2014,2,4,False
5257,2014-05-23,23,5,2014,2,5,False
5258,2014-05-24,24,5,2014,2,6,True
5259,2014-05-25,25,5,2014,2,0,True
5260,2014-05-26,26,5,2014,2,1,False
5261,2014-05-27,27,5,2014,2,2,False
5262,2014-05-28,28,5,2014,2,3,False
5263,2014-05-29,29,5,2014,2,4,False
5264,2014-05-30,30,5,2014,2,5,False
5265,2014-05-31,31,5,2014,2,6,True
5266,2014-06-01,1,6,2014,2,0,True
5267,2014-06-02,2,6,2014,2,1,False
5268,2014-06-03,3,6,2014,2,2,False
5269,2014-06-04,4,6,2014,2,3,False
5270,2014-06-05,5,6,2014,2,4,False
5271,2014-06-06,6,6,2014,2,5,False
5272,2014-06-07,7,6,2014,2,6,True
5273,2014-06-08,8,6,2014,2,0,True
5274,2014-06-09,9,6,2014,2,1,False
5275,2014-06-10,10,6,2014,2,2,False
5276,2014-06-11,11,6,2014,2,3,False
5277,2014-06-12,12,6,2014,2,4,False
5278,2014-06-13,13,6,2014,2,5,False
5279,2014-06-14,14,6,2014,2,6,True
5280,2014-06-15,15,6,2014,2,0,True
5281,2014-06-16,16,6,2014,2,1,False
5282,2014-06-17,17,6,2014,2,2,False
5283,2014-06-18,18,6,2014,2,3,False
5284,2014-06-19,19,6,2014,2,4,False
5285,2014-06-20,20,6,2014,2,5,False
5286,2014-06-21,21,6,2014,2,6,True
5287,2014-06-22,22,6,2014,2,0,True
5288,2014-06-23,23,6,2014,2,1,False
5289,2014-06-24,24,6,2014,2,2,False
5290,2014-06-25,25,6,2014,2,3,False
5291,2014-06-26,26,6,2014,2,4,False
5292,2014-06-27,27,6,2014,2,5,False
5293,2014-06-28,28,6,2014,2,6,True
5294,2014-06-29,29,6,2014,2,0,True
5295,2014-06-30,30,6,2014,2,1,False
5296,2014-07-01,1,7,2014,3,2,False
5297,2014-07-02,2,7,2014,3,3,False
5298,2014-07-03,3,7,2014,3,4,False
5299,2014-07-04,4,7,2014,3,5,False
5300,2014-07-05,5,7,2014,3,6,True
5301,2014-07-06,6,7,2014,3,0,True
5302,2014-07-07,7,7,2014,3,1,False
5303,2014-07-08,8,7,2014,3,2,False
5304,2014-07-09,9,7,2014,3,3,False
5305,2014-07-10,10,7,2014,3,4,False
5306,2014-07-11,11,7,2014,3,5,False
5307,2014-07-12,12,7,2014,3,6,True
5308,2014-07-13,13,7,2014,3,0,True
5309,2014-07-14,14,7,2014,3,1,False
5310,2014-07-15,15,7,2014,3,2,False
5311,2014-07-16,16,7,2014,3,3,False
5312,2014-07-17,17,7,2014,3,4,False
5313,2014-07-18,18,7,2014,3,5,False
5314,2014-07-19,19,7,2014,3,6,True
5315,2014-07-20,20,7,2014,3,0,True
5316,2014-07-21,21,7,2014,3,1,False
5317,2014-07-22,22,7,2014,3,2,False
5318,2014-07-23,23,7,2014,3,3,False
5319,2014-07-24,24,7,2014,3,4,False
5320,2014-07-25,25,7,2014,3,5,False
5321,2014-07-26,26,7,2014,3,6,True
5322,2014-07-27,27,7,2014,3,0,True
5323,2014-07-28,28,7,2014,3,1,False
5324,2014-07-29,29,7,2014,3,2,False
5325,2014-07-30,30,7,2014,3,3,False
5326,2014-07-31,31,7,2014,3,4,False
5327,2014-08-01,1,8,2014,3,5,False
5328,2014-08-02,2,8,2014,3,6,True
5329,2014-08-03,3,8,2014,3,0,True
5330,2014-08-04,4,8,2014,3,1,False
5331,2014-08-05,5,8,2014,3,2,False
5332,2014-08-06,6,8,2014,3,3,False
5333,2014-08-07,7,8,2014,3,4,False
5334,2014-08-08,8,8,2014,3,5,False
5335,2014-08-09,9,8,2014,3,6,True
5336,2014-08-10,10,8,2014,3,0,True
5337,2014-08-11,11,8,2014,3,1,False
5338,2014-08-12,12,8,2014,3,2,False
5339,2014-08-13,13,8,2014,3,3,False
5340,2014-08-14,14,8,2014,3,4,False
5341,2014-08-15,15,8,2014,3,5,False
5342,2014-08-16,16,8,2014,3,6,True
5343,2014-08-17,17,8,2014,3,0,True
5344,2014-08-18,18,8,2014,3,1,False
5345,2014-08-19,19,8,2014,3,2,False
5346,2014-08-20,20,8,2014,3,3,False
5347,2014-08-21,21,8,2014,3,4,False
5348,2014-08-22,22,8,2014,3,5,False
5349,2014-08-23,23,8,2014,3,6,True
5350,2014-08-24,24,8,2014,3,0,True
5351,2014-08-25,25,8,2014,3,1,False
5352,2014-08-26,26,8,2014,3,2,False
5353,2014-08-27,27,8,2014,3,3,False
5354,2014-08-28,28,8,2014,3,4,False
5355,2014-08-29,29,8,2014,3,5,False
5356,2014-08-30,30,8,2014,3,6,True
5357,2014-08-31,31,8,2014,3,0,True
5358,2014-09-01,1,9,2014,3,1,False
5359,2014-09-02,2,9,2014,3,2,False
5360,2014-09-03,3,9,2014,3,3,False
5361,2014-09-04,4,9,2014,3,4,False
5362,2014-09-05,5,9,2014,3,5,False
5363,2014-09-06,6,9,2014,3,6,True
5364,2014-09-07,7,9,2014,3,0,True
5365,2014-09-08,8,9,2014,3,1,False
5366,2014-09-09,9,9,2014,3,2,False
5367,2014-09-10,10,9,2014,3,3,False
5368,2014-09-11,11,9,2014,3,4,False
5369,2014-09-12,12,9,2014,3,5,False
5370,2014-09-13,13,9,2014,3,6,True
5371,2014-09-14,14,9,2014,3,0,True
5372,2014-09-15,15,9,2014,3,1,False
5373,2014-09-16,16,9,2014,3,2,False
5374,2014-09-17,17,9,2014,3,3,False
5375,2014-09-18,18,9,2014,3,4,False
5376,2014-09-19,19,9,2014,3,5,False
5377,2014-09-20,20,9,2014,3,6,True
5378,2014-09-21,21,9,2014,3,0,True
5379,2014-09-22,22,9,2014,3,1,False
5380,2014-09-23,23,9,2014,3,2,False
5381,2014-09-24,24,9,2014,3,3,False
5382,2014-09-25,25,9,2014,3,4,False
5383,2014-09-26,26,9,2014,3,5,False
5384,2014-09-27,27,9,2014,3,6,True
5385,2014-09-28,28,9,2014,3,0,True
5386,2014-09-29,29,9,2014,3,1,False
5387,2014-09-30,30,9,2014,3,2,False
5388,2014-10-01,1,10,2014,4,3,False
5389,2014-10-02,2,10,2014,4,4,False
5390,2014-10-03,3,10,2014,4,5,False
5391,2014-10-04,4,10,2014,4,6,True
5392,2014-10-05,5,10,2014,4,0,True
5393,2014-10-06,6,10,2014,4,1,False
5394,2014-10-07,7,10,2014,4,2,False
5395,2014-10-08,8,10,2014,4,3,False
5396,2014-10-09,9,10,2014,4,4,False
5397,2014-10-10,10,10,2014,4,5,False
5398,2014-10-11,11,10,2014,4,6,True
5399,2014-10-12,12,10,2014,4,0,True
5400,2014-10-13,13,10,2014,4,1,False
5401,2014-10-14,14,10,2014,4,2,False
5402,2014-10-15,15,10,2014,4,3,False
5403,2014-10-16,16,10,2014,4,4,False
5404,2014-10-17,17,10,2014,4,5,False
5405,2014-10-18,18,10,2014,4,6,True
5406,2014-10-19,19,10,2014,4,0,True
5407,2014-10-20,20,10,2014,4,1,False
5408,2014-10-21,21,10,2014,4,2,False
5409,2014-10-22,22,10,2014,4,3,False
5410,2014-10-23,23,10,2014,4,4,False
5411,2014-10-24,24,10,2014,4,5,False
5412,2014-10-25,25,10,2014,4,6,True
5413,2014-10-26,26,10,2014,4,0,True
5414,2014-10-27,27,10,2014,4,1,False
5415,2014-10-28,28,10,2014,4,2,False
5416,2014-10-29,29,10,2014,4,3,False
5417,2014-10-30,30,10,2014,4,4,False
5418,2014-10-31,31,10,2014,4,5,False
5419,2014-11-01,1,11,2014,4,6,True
5420,2014-11-02,2,11,2014,4,0,True
5421,2014-11-03,3,11,2014,4,1,False
5422,2014-11-04,4,11,2014,4,2,False
5423,2014-11-05,5,11,2014,4,3,False
5424,2014-11-06,6,11,2014,4,4,False
5425,2014-11-07,7,11,2014,4,5,False
5426,2014-11-08,8,11,2014,4,6,True
5427,2014-11-09,9,11,2014,4,0,True
5428,2014-11-10,10,11,2014,4,1,False
5429,2014-11-11,11,11,2014,4,2,False
5430,2014-11-12,12,11,2014,4,3,False
5431,2014-11-13,13,11,2014,4,4,False
5432,2014-11-14,14,11,2014,4,5,False
5433,2014-11-15,15,11,2014,4,6,True
5434,2014-11-16,16,11,2014,4,0,True
5435,2014-11-17,17,11,2014,4,1,False
5436,2014-11-18,18,11,2014,4,2,False
5437,2014-11-19,19,11,2014,4,3,False
5438,2014-11-20,20,11,2014,4,4,False
5439,2014-11-21,21,11,2014,4,5,False
5440,2014-11-22,22,11,2014,4,6,True
5441,2014-11-23,23,11,2014,4,0,True
5442,2014-11-24,24,11,2014,4,1,False
5443,2014-11-25,25,11,2014,4,2,False
5444,2014-11-26,26,11,2014,4,3,False
5445,2014-11-27,27,11,2014,4,4,False
5446,2014-11-28,28,11,2014,4,5,False
5447,2014-11-29,29,11,2014,4,6,True
5448,2014-11-30,30,11,2014,4,0,True
5449,2014-12-01,1,12,2014,4,1,False
5450,2014-12-02,2,12,2014,4,2,False
5451,2014-12-03,3,12,2014,4,3,False
5452,2014-12-04,4,12,2014,4,4,False
5453,2014-12-05,5,12,2014,4,5,False
5454,2014-12-06,6,12,2014,4,6,True
5455,2014-12-07,7,12,2014,4,0,True
5456,2014-12-08,8,12,2014,4,1,False
5457,2014-12-09,9,12,2014,4,2,False
5458,2014-12-10,10,12,2014,4,3,False
5459,2014-12-11,11,12,2014,4,4,False
5460,2014-12-12,12,12,2014,4,5,False
5461,2014-12-13,13,12,2014,4,6,True
5462,2014-12-14,14,12,2014,4,0,True
5463,2014-12-15,15,12,2014,4,1,False
5464,2014-12-16,16,12,2014,4,2,False
5465,2014-12-17,17,12,2014,4,3,False
5466,2014-12-18,18,12,2014,4,4,False
5467,2014-12-19,19,12,2014,4,5,False
5468,2014-12-20,20,12,2014,4,6,True
5469,2014-12-21,21,12,2014,4,0,True
5470,2014-12-22,22,12,2014,4,1,False
5471,2014-12-23,23,12,2014,4,2,False
5472,2014-12-24,24,12,2014,4,3,False
5473,2014-12-25,25,12,2014,4,4,False
5474,2014-12-26,26,12,2014,4,5,False
5475,2014-12-27,27,12,2014,4,6,True
5476,2014-12-28,28,12,2014,4,0,True
5477,2014-12-29,29,12,2014,4,1,False
5478,2014-12-30,30,12,2014,4,2,False
5479,2014-12-31,31,12,2014,4,3,False
5480,2015-01-01,1,1,2015,1,4,False
5481,2015-01-02,2,1,2015,1,5,False
5482,2015-01-03,3,1,2015,1,6,True
5483,2015-01-04,4,1,2015,1,0,True
5484,2015-01-05,5,1,2015,1,1,False
5485,2015-01-06,6,1,2015,1,2,False
5486,2015-01-07,7,1,2015,1,3,False
5487,2015-01-08,8,1,2015,1,4,False
5488,2015-01-09,9,1,2015,1,5,False
5489,2015-01-10,10,1,2015,1,6,True
5490,2015-01-11,11,1,2015,1,0,True
5491,2015-01-12,12,1,2015,1,1,False
5492,2015-01-13,13,1,2015,1,2,False
5493,2015-01-14,14,1,2015,1,3,False
5494,2015-01-15,15,1,2015,1,4,False
5495,2015-01-16,16,1,2015,1,5,False
5496,2015-01-17,17,1,2015,1,6,True
5497,2015-01-18,18,1,2015,1,0,True
5498,2015-01-19,19,1,2015,1,1,False
5499,2015-01-20,20,1,2015,1,2,False
5500,2015-01-21,21,1,2015,1,3,False
5501,2015-01-22,22,1,2015,1,4,False
5502,2015-01-23,23,1,2015,1,5,False
5503,2015-01-24,24,1,2015,1,6,True
5504,2015-01-25,25,1,2015,1,0,True
5505,2015-01-26,26,1,2015,1,1,False
5506,2015-01-27,27,1,2015,1,2,False
5507,2015-01-28,28,1,2015,1,3,False
5508,2015-01-29,29,1,2015,1,4,False
5509,2015-01-30,30,1,2015,1,5,False
5510,2015-01-31,31,1,2015,1,6,True
5511,2015-02-01,1,2,2015,1,0,True
5512,2015-02-02,2,2,2015,1,1,False
5513,2015-02-03,3,2,2015,1,2,False
5514,2015-02-04,4,2,2015,1,3,False
5515,2015-02-05,5,2,2015,1,4,False
5516,2015-02-06,6,2,2015,1,5,False
5517,2015-02-07,7,2,2015,1,6,True
5518,2015-02-08,8,2,2015,1,0,True
5519,2015-02-09,9,2,2015,1,1,False
5520,2015-02-10,10,2,2015,1,2,False
5521,2015-02-11,11,2,2015,1,3,False
5522,2015-02-12,12,2,2015,1,4,False
5523,2015-02-13,13,2,2015,1,5,False
5524,2015-02-14,14,2,2015,1,6,True
5525,2015-02-15,15,2,2015,1,0,True
5526,2015-02-16,16,2,2015,1,1,False
5527,2015-02-17,17,2,2015,1,2,False
5528,2015-02-18,18,2,2015,1,3,False
5529,2015-02-19,19,2,2015,1,4,False
5530,2015-02-20,20,2,2015,1,5,False
5531,2015-02-21,21,2,2015,1,6,True
5532,2015-02-22,22,2,2015,1,0,True
5533,2015-02-23,23,2,2015,1,1,False
5534,2015-02-24,24,2,2015,1,2,False
5535,2015-02-25,25,2,2015,1,3,False
5536,2015-02-26,26,2,2015,1,4,False
5537,2015-02-27,27,2,2015,1,5,False
5538,2015-02-28,28,2,2015,1,6,True
5539,2015-03-01,1,3,2015,1,0,True
5540,2015-03-02,2,3,2015,1,1,False
5541,2015-03-03,3,3,2015,1,2,False
5542,2015-03-04,4,3,2015,1,3,False
5543,2015-03-05,5,3,2015,1,4,False
5544,2015-03-06,6,3,2015,1,5,False
5545,2015-03-07,7,3,2015,1,6,True
5546,2015-03-08,8,3,2015,1,0,True
5547,2015-03-09,9,3,2015,1,1,False
5548,2015-03-10,10,3,2015,1,2,False
5549,2015-03-11,11,3,2015,1,3,False
5550,2015-03-12,12,3,2015,1,4,False
5551,2015-03-13,13,3,2015,1,5,False
5552,2015-03-14,14,3,2015,1,6,True
5553,2015-03-15,15,3,2015,1,0,True
5554,2015-03-16,16,3,2015,1,1,False
5555,2015-03-17,17,3,2015,1,2,False
5556,2015-03-18,18,3,2015,1,3,False
5557,2015-03-19,19,3,2015,1,4,False
5558,2015-03-20,20,3,2015,1,5,False
5559,2015-03-21,21,3,2015,1,6,True
5560,2015-03-22,22,3,2015,1,0,True
5561,2015-03-23,23,3,2015,1,1,False
5562,2015-03-24,24,3,2015,1,2,False
5563,2015-03-25,25,3,2015,1,3,False
5564,2015-03-26,26,3,2015,1,4,False
5565,2015-03-27,27,3,2015,1,5,False
5566,2015-03-28,28,3,2015,1,6,True
5567,2015-03-29,29,3,2015,1,0,True
5568,2015-03-30,30,3,2015,1,1,False
5569,2015-03-31,31,3,2015,1,2,False
5570,2015-04-01,1,4,2015,2,3,False
5571,2015-04-02,2,4,2015,2,4,False
5572,2015-04-03,3,4,2015,2,5,False
5573,2015-04-04,4,4,2015,2,6,True
5574,2015-04-05,5,4,2015,2,0,True
5575,2015-04-06,6,4,2015,2,1,False
5576,2015-04-07,7,4,2015,2,2,False
5577,2015-04-08,8,4,2015,2,3,False
5578,2015-04-09,9,4,2015,2,4,False
5579,2015-04-10,10,4,2015,2,5,False
5580,2015-04-11,11,4,2015,2,6,True
5581,2015-04-12,12,4,2015,2,0,True
5582,2015-04-13,13,4,2015,2,1,False
5583,2015-04-14,14,4,2015,2,2,False
5584,2015-04-15,15,4,2015,2,3,False
5585,2015-04-16,16,4,2015,2,4,False
5586,2015-04-17,17,4,2015,2,5,False
5587,2015-04-18,18,4,2015,2,6,True
5588,2015-04-19,19,4,2015,2,0,True
5589,2015-04-20,20,4,2015,2,1,False
5590,2015-04-21,21,4,2015,2,2,False
5591,2015-04-22,22,4,2015,2,3,False
5592,2015-04-23,23,4,2015,2,4,False
5593,2015-04-24,24,4,2015,2,5,False
5594,2015-04-25,25,4,2015,2,6,True
5595,2015-04-26,26,4,2015,2,0,True
5596,2015-04-27,27,4,2015,2,1,False
5597,2015-04-28,28,4,2015,2,2,False
5598,2015-04-29,29,4,2015,2,3,False
5599,2015-04-30,30,4,2015,2,4,False
5600,2015-05-01,1,5,2015,2,5,False
5601,2015-05-02,2,5,2015,2,6,True
5602,2015-05-03,3,5,2015,2,0,True
5603,2015-05-04,4,5,2015,2,1,False
5604,2015-05-05,5,5,2015,2,2,False
5605,2015-05-06,6,5,2015,2,3,False
5606,2015-05-07,7,5,2015,2,4,False
5607,2015-05-08,8,5,2015,2,5,False
5608,2015-05-09,9,5,2015,2,6,True
5609,2015-05-10,10,5,2015,2,0,True
5610,2015-05-11,11,5,2015,2,1,False
5611,2015-05-12,12,5,2015,2,2,False
5612,2015-05-13,13,5,2015,2,3,False
5613,2015-05-14,14,5,2015,2,4,False
5614,2015-05-15,15,5,2015,2,5,False
5615,2015-05-16,16,5,2015,2,6,True
5616,2015-05-17,17,5,2015,2,0,True
5617,2015-05-18,18,5,2015,2,1,False
5618,2015-05-19,19,5,2015,2,2,False
5619,2015-05-20,20,5,2015,2,3,False
5620,2015-05-21,21,5,2015,2,4,False
5621,2015-05-22,22,5,2015,2,5,False
5622,2015-05-23,23,5,2015,2,6,True
5623,2015-05-24,24,5,2015,2,0,True
5624,2015-05-25,25,5,2015,2,1,False
5625,2015-05-26,26,5,2015,2,2,False
5626,2015-05-27,27,5,2015,2,3,False
5627,2015-05-28,28,5,2015,2,4,False
5628,2015-05-29,29,5,2015,2,5,False
5629,2015-05-30,30,5,2015,2,6,True
5630,2015-05-31,31,5,2015,2,0,True
5631,2015-06-01,1,6,2015,2,1,False
5632,2015-06-02,2,6,2015,2,2,False
5633,2015-06-03,3,6,2015,2,3,False
5634,2015-06-04,4,6,2015,2,4,False
5635,2015-06-05,5,6,2015,2,5,False
5636,2015-06-06,6,6,2015,2,6,True
5637,2015-06-07,7,6,2015,2,0,True
5638,2015-06-08,8,6,2015,2,1,False
5639,2015-06-09,9,6,2015,2,2,False
5640,2015-06-10,10,6,2015,2,3,False
5641,2015-06-11,11,6,2015,2,4,False
5642,2015-06-12,12,6,2015,2,5,False
5643,2015-06-13,13,6,2015,2,6,True
5644,2015-06-14,14,6,2015,2,0,True
5645,2015-06-15,15,6,2015,2,1,False
5646,2015-06-16,16,6,2015,2,2,False
5647,2015-06-17,17,6,2015,2,3,False
5648,2015-06-18,18,6,2015,2,4,False
5649,2015-06-19,19,6,2015,2,5,False
5650,2015-06-20,20,6,2015,2,6,True
5651,2015-06-21,21,6,2015,2,0,True
5652,2015-06-22,22,6,2015,2,1,False
5653,2015-06-23,23,6,2015,2,2,False
5654,2015-06-24,24,6,2015,2,3,False
5655,2015-06-25,25,6,2015,2,4,False
5656,2015-06-26,26,6,2015,2,5,False
5657,2015-06-27,27,6,2015,2,6,True
5658,2015-06-28,28,6,2015,2,0,True
5659,2015-06-29,29,6,2015,2,1,False
5660,2015-06-30,30,6,2015,2,2,False
5661,2015-07-01,1,7,2015,3,3,False
5662,2015-07-02,2,7,2015,3,4,False
5663,2015-07-03,3,7,2015,3,5,False
5664,2015-07-04,4,7,2015,3,6,True
5665,2015-07-05,5,7,2015,3,0,True
5666,2015-07-06,6,7,2015,3,1,False
5667,2015-07-07,7,7,2015,3,2,False
5668,2015-07-08,8,7,2015,3,3,False
5669,2015-07-09,9,7,2015,3,4,False
5670,2015-07-10,10,7,2015,3,5,False
5671,2015-07-11,11,7,2015,3,6,True
5672,2015-07-12,12,7,2015,3,0,True
5673,2015-07-13,13,7,2015,3,1,False
5674,2015-07-14,14,7,2015,3,2,False
5675,2015-07-15,15,7,2015,3,3,False
5676,2015-07-16,16,7,2015,3,4,False
5677,2015-07-17,17,7,2015,3,5,False
5678,2015-07-18,18,7,2015,3,6,True
5679,2015-07-19,19,7,2015,3,0,True
5680,2015-07-20,20,7,2015,3,1,False
5681,2015-07-21,21,7,2015,3,2,False
5682,2015-07-22,22,7,2015,3,3,False
5683,2015-07-23,23,7,2015,3,4,False
5684,2015-07-24,24,7,2015,3,5,False
5685,2015-07-25,25,7,2015,3,6,True
5686,2015-07-26,26,7,2015,3,0,True
5687,2015-07-27,27,7,2015,3,1,False
5688,2015-07-28,28,7,2015,3,2,False
5689,2015-07-29,29,7,2015,3,3,False
5690,2015-07-30,30,7,2015,3,4,False
5691,2015-07-31,31,7,2015,3,5,False
5692,2015-08-01,1,8,2015,3,6,True
5693,2015-08-02,2,8,2015,3,0,True
5694,2015-08-03,3,8,2015,3,1,False
5695,2015-08-04,4,8,2015,3,2,False
5696,2015-08-05,5,8,2015,3,3,False
5697,2015-08-06,6,8,2015,3,4,False
5698,2015-08-07,7,8,2015,3,5,False
5699,2015-08-08,8,8,2015,3,6,True
5700,2015-08-09,9,8,2015,3,0,True
5701,2015-08-10,10,8,2015,3,1,False
5702,2015-08-11,11,8,2015,3,2,False
5703,2015-08-12,12,8,2015,3,3,False
5704,2015-08-13,13,8,2015,3,4,False
5705,2015-08-14,14,8,2015,3,5,False
5706,2015-08-15,15,8,2015,3,6,True
5707,2015-08-16,16,8,2015,3,0,True
5708,2015-08-17,17,8,2015,3,1,False
5709,2015-08-18,18,8,2015,3,2,False
5710,2015-08-19,19,8,2015,3,3,False
5711,2015-08-20,20,8,2015,3,4,False
5712,2015-08-21,21,8,2015,3,5,False
5713,2015-08-22,22,8,2015,3,6,True
5714,2015-08-23,23,8,2015,3,0,True
5715,2015-08-24,24,8,2015,3,1,False
5716,2015-08-25,25,8,2015,3,2,False
5717,2015-08-26,26,8,2015,3,3,False
5718,2015-08-27,27,8,2015,3,4,False
5719,2015-08-28,28,8,2015,3,5,False
5720,2015-08-29,29,8,2015,3,6,True
5721,2015-08-30,30,8,2015,3,0,True
5722,2015-08-31,31,8,2015,3,1,False
5723,2015-09-01,1,9,2015,3,2,False
5724,2015-09-02,2,9,2015,3,3,False
5725,2015-09-03,3,9,2015,3,4,False
5726,2015-09-04,4,9,2015,3,5,False
5727,2015-09-05,5,9,2015,3,6,True
5728,2015-09-06,6,9,2015,3,0,True
5729,2015-09-07,7,9,2015,3,1,False
5730,2015-09-08,8,9,2015,3,2,False
5731,2015-09-09,9,9,2015,3,3,False
5732,2015-09-10,10,9,2015,3,4,False
5733,2015-09-11,11,9,2015,3,5,False
5734,2015-09-12,12,9,2015,3,6,True
5735,2015-09-13,13,9,2015,3,0,True
5736,2015-09-14,14,9,2015,3,1,False
5737,2015-09-15,15,9,2015,3,2,False
5738,2015-09-16,16,9,2015,3,3,False
5739,2015-09-17,17,9,2015,3,4,False
5740,2015-09-18,18,9,2015,3,5,False
5741,2015-09-19,19,9,2015,3,6,True
5742,2015-09-20,20,9,2015,3,0,True
5743,2015-09-21,21,9,2015,3,1,False
5744,2015-09-22,22,9,2015,3,2,False
5745,2015-09-23,23,9,2015,3,3,False
5746,2015-09-24,24,9,2015,3,4,False
5747,2015-09-25,25,9,2015,3,5,False
5748,2015-09-26,26,9,2015,3,6,True
5749,2015-09-27,27,9,2015,3,0,True
5750,2015-09-28,28,9,2015,3,1,False
5751,2015-09-29,29,9,2015,3,2,False
5752,2015-09-30,30,9,2015,3,3,False
5753,2015-10-01,1,10,2015,4,4,False
5754,2015-10-02,2,10,2015,4,5,False
5755,2015-10-03,3,10,2015,4,6,True
5756,2015-10-04,4,10,2015,4,0,True
5757,2015-10-05,5,10,2015,4,1,False
5758,2015-10-06,6,10,2015,4,2,False
5759,2015-10-07,7,10,2015,4,3,False
5760,2015-10-08,8,10,2015,4,4,False
5761,2015-10-09,9,10,2015,4,5,False
5762,2015-10-10,10,10,2015,4,6,True
5763,2015-10-11,11,10,2015,4,0,True
5764,2015-10-12,12,10,2015,4,1,False
5765,2015-10-13,13,10,2015,4,2,False
5766,2015-10-14,14,10,2015,4,3,False
5767,2015-10-15,15,10,2015,4,4,False
5768,2015-10-16,16,10,2015,4,5,False
5769,2015-10-17,17,10,2015,4,6,True
5770,2015-10-18,18,10,2015,4,0,True
5771,2015-10-19,19,10,2015,4,1,False
5772,2015-10-20,20,10,2015,4,2,False
5773,2015-10-21,21,10,2015,4,3,False
5774,2015-10-22,22,10,2015,4,4,False
5775,2015-10-23,23,10,2015,4,5,False
5776,2015-10-24,24,10,2015,4,6,True
5777,2015-10-25,25,10,2015,4,0,True
5778,2015-10-26,26,10,2015,4,1,False
5779,2015-10-27,27,10,2015,4,2,False
5780,2015-10-28,28,10,2015,4,3,False
5781,2015-10-29,29,10,2015,4,4,False
5782,2015-10-30,30,10,2015,4,5,False
5783,2015-10-31,31,10,2015,4,6,True
5784,2015-11-01,1,11,2015,4,0,True
5785,2015-11-02,2,11,2015,4,1,False
5786,2015-11-03,3,11,2015,4,2,False
5787,2015-11-04,4,11,2015,4,3,False
5788,2015-11-05,5,11,2015,4,4,False
5789,2015-11-06,6,11,2015,4,5,False
5790,2015-11-07,7,11,2015,4,6,True
5791,2015-11-08,8,11,2015,4,0,True
5792,2015-11-09,9,11,2015,4,1,False
5793,2015-11-10,10,11,2015,4,2,False
5794,2015-11-11,11,11,2015,4,3,False
5795,2015-11-12,12,11,2015,4,4,False
5796,2015-11-13,13,11,2015,4,5,False
5797,2015-11-14,14,11,2015,4,6,True
5798,2015-11-15,15,11,2015,4,0,True
5799,2015-11-16,16,11,2015,4,1,False
5800,2015-11-17,17,11,2015,4,2,False
5801,2015-11-18,18,11,2015,4,3,False
5802,2015-11-19,19,11,2015,4,4,False
5803,2015-11-20,20,11,2015,4,5,False
5804,2015-11-21,21,11,2015,4,6,True
5805,2015-11-22,22,11,2015,4,0,True
5806,2015-11-23,23,11,2015,4,1,False
5807,2015-11-24,24,11,2015,4,2,False
5808,2015-11-25,25,11,2015,4,3,False
5809,2015-11-26,26,11,2015,4,4,False
5810,2015-11-27,27,11,2015,4,5,False
5811,2015-11-28,28,11,2015,4,6,True
5812,2015-11-29,29,11,2015,4,0,True
5813,2015-11-30,30,11,2015,4,1,False
5814,2015-12-01,1,12,2015,4,2,False
5815,2015-12-02,2,12,2015,4,3,False
5816,2015-12-03,3,12,2015,4,4,False
5817,2015-12-04,4,12,2015,4,5,False
5818,2015-12-05,5,12,2015,4,6,True
5819,2015-12-06,6,12,2015,4,0,True
5820,2015-12-07,7,12,2015,4,1,False
5821,2015-12-08,8,12,2015,4,2,False
5822,2015-12-09,9,12,2015,4,3,False
5823,2015-12-10,10,12,2015,4,4,False
5824,2015-12-11,11,12,2015,4,5,False
5825,2015-12-12,12,12,2015,4,6,True
5826,2015-12-13,13,12,2015,4,0,True
5827,2015-12-14,14,12,2015,4,1,False
5828,2015-12-15,15,12,2015,4,2,False
5829,2015-12-16,16,12,2015,4,3,False
5830,2015-12-17,17,12,2015,4,4,False
5831,2015-12-18,18,12,2015,4,5,False
5832,2015-12-19,19,12,2015,4,6,True
5833,2015-12-20,20,12,2015,4,0,True
5834,2015-12-21,21,12,2015,4,1,False
5835,2015-12-22,22,12,2015,4,2,False
5836,2015-12-23,23,12,2015,4,3,False
5837,2015-12-24,24,12,2015,4,4,False
5838,2015-12-25,25,12,2015,4,5,False
5839,2015-12-26,26,12,2015,4,6,True
5840,2015-12-27,27,12,2015,4,0,True
5841,2015-12-28,28,12,2015,4,1,False
5842,2015-12-29,29,12,2015,4,2,False
5843,2015-12-30,30,12,2015,4,3,False
5844,2015-12-31,31,12,2015,4,4,False
5845,2016-01-01,1,1,2016,1,5,False
5846,2016-01-02,2,1,2016,1,6,True
5847,2016-01-03,3,1,2016,1,0,True
5848,2016-01-04,4,1,2016,1,1,False
5849,2016-01-05,5,1,2016,1,2,False
5850,2016-01-06,6,1,2016,1,3,False
5851,2016-01-07,7,1,2016,1,4,False
5852,2016-01-08,8,1,2016,1,5,False
5853,2016-01-09,9,1,2016,1,6,True
5854,2016-01-10,10,1,2016,1,0,True
5855,2016-01-11,11,1,2016,1,1,False
5856,2016-01-12,12,1,2016,1,2,False
5857,2016-01-13,13,1,2016,1,3,False
5858,2016-01-14,14,1,2016,1,4,False
5859,2016-01-15,15,1,2016,1,5,False
5860,2016-01-16,16,1,2016,1,6,True
5861,2016-01-17,17,1,2016,1,0,True
5862,2016-01-18,18,1,2016,1,1,False
5863,2016-01-19,19,1,2016,1,2,False
5864,2016-01-20,20,1,2016,1,3,False
5865,2016-01-21,21,1,2016,1,4,False
5866,2016-01-22,22,1,2016,1,5,False
5867,2016-01-23,23,1,2016,1,6,True
5868,2016-01-24,24,1,2016,1,0,True
5869,2016-01-25,25,1,2016,1,1,False
5870,2016-01-26,26,1,2016,1,2,False
5871,2016-01-27,27,1,2016,1,3,False
5872,2016-01-28,28,1,2016,1,4,False
5873,2016-01-29,29,1,2016,1,5,False
5874,2016-01-30,30,1,2016,1,6,True
5875,2016-01-31,31,1,2016,1,0,True
5876,2016-02-01,1,2,2016,1,1,False
5877,2016-02-02,2,2,2016,1,2,False
5878,2016-02-03,3,2,2016,1,3,False
5879,2016-02-04,4,2,2016,1,4,False
5880,2016-02-05,5,2,2016,1,5,False
5881,2016-02-06,6,2,2016,1,6,True
5882,2016-02-07,7,2,2016,1,0,True
5883,2016-02-08,8,2,2016,1,1,False
5884,2016-02-09,9,2,2016,1,2,False
5885,2016-02-10,10,2,2016,1,3,False
5886,2016-02-11,11,2,2016,1,4,False
5887,2016-02-12,12,2,2016,1,5,False
5888,2016-02-13,13,2,2016,1,6,True
5889,2016-02-14,14,2,2016,1,0,True
5890,2016-02-15,15,2,2016,1,1,False
5891,2016-02-16,16,2,2016,1,2,False
5892,2016-02-17,17,2,2016,1,3,False
5893,2016-02-18,18,2,2016,1,4,False
5894,2016-02-19,19,2,2016,1,5,False
5895,2016-02-20,20,2,2016,1,6,True
5896,2016-02-21,21,2,2016,1,0,True
5897,2016-02-22,22,2,2016,1,1,False
5898,2016-02-23,23,2,2016,1,2,False
5899,2016-02-24,24,2,2016,1,3,False
5900,2016-02-25,25,2,2016,1,4,False
5901,2016-02-26,26,2,2016,1,5,False
5902,2016-02-27,27,2,2016,1,6,True
5903,2016-02-28,28,2,2016,1,0,True
5904,2016-02-29,29,2,2016,1,1,False
5905,2016-03-01,1,3,2016,1,2,False
5906,2016-03-02,2,3,2016,1,3,False
5907,2016-03-03,3,3,2016,1,4,False
5908,2016-03-04,4,3,2016,1,5,False
5909,2016-03-05,5,3,2016,1,6,True
5910,2016-03-06,6,3,2016,1,0,True
5911,2016-03-07,7,3,2016,1,1,False
5912,2016-03-08,8,3,2016,1,2,False
5913,2016-03-09,9,3,2016,1,3,False
5914,2016-03-10,10,3,2016,1,4,False
5915,2016-03-11,11,3,2016,1,5,False
5916,2016-03-12,12,3,2016,1,6,True
5917,2016-03-13,13,3,2016,1,0,True
5918,2016-03-14,14,3,2016,1,1,False
5919,2016-03-15,15,3,2016,1,2,False
5920,2016-03-16,16,3,2016,1,3,False
5921,2016-03-17,17,3,2016,1,4,False
5922,2016-03-18,18,3,2016,1,5,False
5923,2016-03-19,19,3,2016,1,6,True
5924,2016-03-20,20,3,2016,1,0,True
5925,2016-03-21,21,3,2016,1,1,False
5926,2016-03-22,22,3,2016,1,2,False
5927,2016-03-23,23,3,2016,1,3,False
5928,2016-03-24,24,3,2016,1,4,False
5929,2016-03-25,25,3,2016,1,5,False
5930,2016-03-26,26,3,2016,1,6,True
5931,2016-03-27,27,3,2016,1,0,True
5932,2016-03-28,28,3,2016,1,1,False
5933,2016-03-29,29,3,2016,1,2,False
5934,2016-03-30,30,3,2016,1,3,False
5935,2016-03-31,31,3,2016,1,4,False
5936,2016-04-01,1,4,2016,2,5,False
5937,2016-04-02,2,4,2016,2,6,True
5938,2016-04-03,3,4,2016,2,0,True
5939,2016-04-04,4,4,2016,2,1,False
5940,2016-04-05,5,4,2016,2,2,False
5941,2016-04-06,6,4,2016,2,3,False
5942,2016-04-07,7,4,2016,2,4,False
5943,2016-04-08,8,4,2016,2,5,False
5944,2016-04-09,9,4,2016,2,6,True
5945,2016-04-10,10,4,2016,2,0,True
5946,2016-04-11,11,4,2016,2,1,False
5947,2016-04-12,12,4,2016,2,2,False
5948,2016-04-13,13,4,2016,2,3,False
5949,2016-04-14,14,4,2016,2,4,False
5950,2016-04-15,15,4,2016,2,5,False
5951,2016-04-16,16,4,2016,2,6,True
5952,2016-04-17,17,4,2016,2,0,True
5953,2016-04-18,18,4,2016,2,1,False
5954,2016-04-19,19,4,2016,2,2,False
5955,2016-04-20,20,4,2016,2,3,False
5956,2016-04-21,21,4,2016,2,4,False
5957,2016-04-22,22,4,2016,2,5,False
5958,2016-04-23,23,4,2016,2,6,True
5959,2016-04-24,24,4,2016,2,0,True
5960,2016-04-25,25,4,2016,2,1,False
5961,2016-04-26,26,4,2016,2,2,False
5962,2016-04-27,27,4,2016,2,3,False
5963,2016-04-28,28,4,2016,2,4,False
5964,2016-04-29,29,4,2016,2,5,False
5965,2016-04-30,30,4,2016,2,6,True
5966,2016-05-01,1,5,2016,2,0,True
5967,2016-05-02,2,5,2016,2,1,False
5968,2016-05-03,3,5,2016,2,2,False
5969,2016-05-04,4,5,2016,2,3,False
5970,2016-05-05,5,5,2016,2,4,False
5971,2016-05-06,6,5,2016,2,5,False
5972,2016-05-07,7,5,2016,2,6,True
5973,2016-05-08,8,5,2016,2,0,True
5974,2016-05-09,9,5,2016,2,1,False
5975,2016-05-10,10,5,2016,2,2,False
5976,2016-05-11,11,5,2016,2,3,False
5977,2016-05-12,12,5,2016,2,4,False
5978,2016-05-13,13,5,2016,2,5,False
5979,2016-05-14,14,5,2016,2,6,True
5980,2016-05-15,15,5,2016,2,0,True
5981,2016-05-16,16,5,2016,2,1,False
5982,2016-05-17,17,5,2016,2,2,False
5983,2016-05-18,18,5,2016,2,3,False
5984,2016-05-19,19,5,2016,2,4,False
5985,2016-05-20,20,5,2016,2,5,False
5986,2016-05-21,21,5,2016,2,6,True
5987,2016-05-22,22,5,2016,2,0,True
5988,2016-05-23,23,5,2016,2,1,False
5989,2016-05-24,24,5,2016,2,2,False
5990,2016-05-25,25,5,2016,2,3,False
5991,2016-05-26,26,5,2016,2,4,False
5992,2016-05-27,27,5,2016,2,5,False
5993,2016-05-28,28,5,2016,2,6,True
5994,2016-05-29,29,5,2016,2,0,True
5995,2016-05-30,30,5,2016,2,1,False
5996,2016-05-31,31,5,2016,2,2,False
5997,2016-06-01,1,6,2016,2,3,False
5998,2016-06-02,2,6,2016,2,4,False
5999,2016-06-03,3,6,2016,2,5,False
6000,2016-06-04,4,6,2016,2,6,True
6001,2016-06-05,5,6,2016,2,0,True
6002,2016-06-06,6,6,2016,2,1,False
6003,2016-06-07,7,6,2016,2,2,False
6004,2016-06-08,8,6,2016,2,3,False
6005,2016-06-09,9,6,2016,2,4,False
6006,2016-06-10,10,6,2016,2,5,False
6007,2016-06-11,11,6,2016,2,6,True
6008,2016-06-12,12,6,2016,2,0,True
6009,2016-06-13,13,6,2016,2,1,False
6010,2016-06-14,14,6,2016,2,2,False
6011,2016-06-15,15,6,2016,2,3,False
6012,2016-06-16,16,6,2016,2,4,False
6013,2016-06-17,17,6,2016,2,5,False
6014,2016-06-18,18,6,2016,2,6,True
6015,2016-06-19,19,6,2016,2,0,True
6016,2016-06-20,20,6,2016,2,1,False
6017,2016-06-21,21,6,2016,2,2,False
6018,2016-06-22,22,6,2016,2,3,False
6019,2016-06-23,23,6,2016,2,4,False
6020,2016-06-24,24,6,2016,2,5,False
6021,2016-06-25,25,6,2016,2,6,True
6022,2016-06-26,26,6,2016,2,0,True
6023,2016-06-27,27,6,2016,2,1,False
6024,2016-06-28,28,6,2016,2,2,False
6025,2016-06-29,29,6,2016,2,3,False
6026,2016-06-30,30,6,2016,2,4,False
6027,2016-07-01,1,7,2016,3,5,False
6028,2016-07-02,2,7,2016,3,6,True
6029,2016-07-03,3,7,2016,3,0,True
6030,2016-07-04,4,7,2016,3,1,False
6031,2016-07-05,5,7,2016,3,2,False
6032,2016-07-06,6,7,2016,3,3,False
6033,2016-07-07,7,7,2016,3,4,False
6034,2016-07-08,8,7,2016,3,5,False
6035,2016-07-09,9,7,2016,3,6,True
6036,2016-07-10,10,7,2016,3,0,True
6037,2016-07-11,11,7,2016,3,1,False
6038,2016-07-12,12,7,2016,3,2,False
6039,2016-07-13,13,7,2016,3,3,False
6040,2016-07-14,14,7,2016,3,4,False
6041,2016-07-15,15,7,2016,3,5,False
6042,2016-07-16,16,7,2016,3,6,True
6043,2016-07-17,17,7,2016,3,0,True
6044,2016-07-18,18,7,2016,3,1,False
6045,2016-07-19,19,7,2016,3,2,False
6046,2016-07-20,20,7,2016,3,3,False
6047,2016-07-21,21,7,2016,3,4,False
6048,2016-07-22,22,7,2016,3,5,False
6049,2016-07-23,23,7,2016,3,6,True
6050,2016-07-24,24,7,2016,3,0,True
6051,2016-07-25,25,7,2016,3,1,False
6052,2016-07-26,26,7,2016,3,2,False
6053,2016-07-27,27,7,2016,3,3,False
6054,2016-07-28,28,7,2016,3,4,False
6055,2016-07-29,29,7,2016,3,5,False
6056,2016-07-30,30,7,2016,3,6,True
6057,2016-07-31,31,7,2016,3,0,True
6058,2016-08-01,1,8,2016,3,1,False
6059,2016-08-02,2,8,2016,3,2,False
6060,2016-08-03,3,8,2016,3,3,False
6061,2016-08-04,4,8,2016,3,4,False
6062,2016-08-05,5,8,2016,3,5,False
6063,2016-08-06,6,8,2016,3,6,True
6064,2016-08-07,7,8,2016,3,0,True
6065,2016-08-08,8,8,2016,3,1,False
6066,2016-08-09,9,8,2016,3,2,False
6067,2016-08-10,10,8,2016,3,3,False
6068,2016-08-11,11,8,2016,3,4,False
6069,2016-08-12,12,8,2016,3,5,False
6070,2016-08-13,13,8,2016,3,6,True
6071,2016-08-14,14,8,2016,3,0,True
6072,2016-08-15,15,8,2016,3,1,False
6073,2016-08-16,16,8,2016,3,2,False
6074,2016-08-17,17,8,2016,3,3,False
6075,2016-08-18,18,8,2016,3,4,False
6076,2016-08-19,19,8,2016,3,5,False
6077,2016-08-20,20,8,2016,3,6,True
6078,2016-08-21,21,8,2016,3,0,True
6079,2016-08-22,22,8,2016,3,1,False
6080,2016-08-23,23,8,2016,3,2,False
6081,2016-08-24,24,8,2016,3,3,False
6082,2016-08-25,25,8,2016,3,4,False
6083,2016-08-26,26,8,2016,3,5,False
6084,2016-08-27,27,8,2016,3,6,True
6085,2016-08-28,28,8,2016,3,0,True
6086,2016-08-29,29,8,2016,3,1,False
6087,2016-08-30,30,8,2016,3,2,False
6088,2016-08-31,31,8,2016,3,3,False
6089,2016-09-01,1,9,2016,3,4,False
6090,2016-09-02,2,9,2016,3,5,False
6091,2016-09-03,3,9,2016,3,6,True
6092,2016-09-04,4,9,2016,3,0,True
6093,2016-09-05,5,9,2016,3,1,False
6094,2016-09-06,6,9,2016,3,2,False
6095,2016-09-07,7,9,2016,3,3,False
6096,2016-09-08,8,9,2016,3,4,False
6097,2016-09-09,9,9,2016,3,5,False
6098,2016-09-10,10,9,2016,3,6,True
6099,2016-09-11,11,9,2016,3,0,True
6100,2016-09-12,12,9,2016,3,1,False
6101,2016-09-13,13,9,2016,3,2,False
6102,2016-09-14,14,9,2016,3,3,False
6103,2016-09-15,15,9,2016,3,4,False
6104,2016-09-16,16,9,2016,3,5,False
6105,2016-09-17,17,9,2016,3,6,True
6106,2016-09-18,18,9,2016,3,0,True
6107,2016-09-19,19,9,2016,3,1,False
6108,2016-09-20,20,9,2016,3,2,False
6109,2016-09-21,21,9,2016,3,3,False
6110,2016-09-22,22,9,2016,3,4,False
6111,2016-09-23,23,9,2016,3,5,False
6112,2016-09-24,24,9,2016,3,6,True
6113,2016-09-25,25,9,2016,3,0,True
6114,2016-09-26,26,9,2016,3,1,False
6115,2016-09-27,27,9,2016,3,2,False
6116,2016-09-28,28,9,2016,3,3,False
6117,2016-09-29,29,9,2016,3,4,False
6118,2016-09-30,30,9,2016,3,5,False
6119,2016-10-01,1,10,2016,4,6,True
6120,2016-10-02,2,10,2016,4,0,True
6121,2016-10-03,3,10,2016,4,1,False
6122,2016-10-04,4,10,2016,4,2,False
6123,2016-10-05,5,10,2016,4,3,False
6124,2016-10-06,6,10,2016,4,4,False
6125,2016-10-07,7,10,2016,4,5,False
6126,2016-10-08,8,10,2016,4,6,True
6127,2016-10-09,9,10,2016,4,0,True
6128,2016-10-10,10,10,2016,4,1,False
6129,2016-10-11,11,10,2016,4,2,False
6130,2016-10-12,12,10,2016,4,3,False
6131,2016-10-13,13,10,2016,4,4,False
6132,2016-10-14,14,10,2016,4,5,False
6133,2016-10-15,15,10,2016,4,6,True
6134,2016-10-16,16,10,2016,4,0,True
6135,2016-10-17,17,10,2016,4,1,False
6136,2016-10-18,18,10,2016,4,2,False
6137,2016-10-19,19,10,2016,4,3,False
6138,2016-10-20,20,10,2016,4,4,False
6139,2016-10-21,21,10,2016,4,5,False
6140,2016-10-22,22,10,2016,4,6,True
6141,2016-10-23,23,10,2016,4,0,True
6142,2016-10-24,24,10,2016,4,1,False
6143,2016-10-25,25,10,2016,4,2,False
6144,2016-10-26,26,10,2016,4,3,False
6145,2016-10-27,27,10,2016,4,4,False
6146,2016-10-28,28,10,2016,4,5,False
6147,2016-10-29,29,10,2016,4,6,True
6148,2016-10-30,30,10,2016,4,0,True
6149,2016-10-31,31,10,2016,4,1,False
6150,2016-11-01,1,11,2016,4,2,False
6151,2016-11-02,2,11,2016,4,3,False
6152,2016-11-03,3,11,2016,4,4,False
6153,2016-11-04,4,11,2016,4,5,False
6154,2016-11-05,5,11,2016,4,6,True
6155,2016-11-06,6,11,2016,4,0,True
6156,2016-11-07,7,11,2016,4,1,False
6157,2016-11-08,8,11,2016,4,2,False
6158,2016-11-09,9,11,2016,4,3,False
6159,2016-11-10,10,11,2016,4,4,False
6160,2016-11-11,11,11,2016,4,5,False
6161,2016-11-12,12,11,2016,4,6,True
6162,2016-11-13,13,11,2016,4,0,True
6163,2016-11-14,14,11,2016,4,1,False
6164,2016-11-15,15,11,2016,4,2,False
6165,2016-11-16,16,11,2016,4,3,False
6166,2016-11-17,17,11,2016,4,4,False
6167,2016-11-18,18,11,2016,4,5,False
6168,2016-11-19,19,11,2016,4,6,True
6169,2016-11-20,20,11,2016,4,0,True
6170,2016-11-21,21,11,2016,4,1,False
6171,2016-11-22,22,11,2016,4,2,False
6172,2016-11-23,23,11,2016,4,3,False
6173,2016-11-24,24,11,2016,4,4,False
6174,2016-11-25,25,11,2016,4,5,False
6175,2016-11-26,26,11,2016,4,6,True
6176,2016-11-27,27,11,2016,4,0,True
6177,2016-11-28,28,11,2016,4,1,False
6178,2016-11-29,29,11,2016,4,2,False
6179,2016-11-30,30,11,2016,4,3,False
6180,2016-12-01,1,12,2016,4,4,False
6181,2016-12-02,2,12,2016,4,5,False
6182,2016-12-03,3,12,2016,4,6,True
6183,2016-12-04,4,12,2016,4,0,True
6184,2016-12-05,5,12,2016,4,1,False
6185,2016-12-06,6,12,2016,4,2,False
6186,2016-12-07,7,12,2016,4,3,False
6187,2016-12-08,8,12,2016,4,4,False
6188,2016-12-09,9,12,2016,4,5,False
6189,2016-12-10,10,12,2016,4,6,True
6190,2016-12-11,11,12,2016,4,0,True
6191,2016-12-12,12,12,2016,4,1,False
6192,2016-12-13,13,12,2016,4,2,False
6193,2016-12-14,14,12,2016,4,3,False
6194,2016-12-15,15,12,2016,4,4,False
6195,2016-12-16,16,12,2016,4,5,False
6196,2016-12-17,17,12,2016,4,6,True
6197,2016-12-18,18,12,2016,4,0,True
6198,2016-12-19,19,12,2016,4,1,False
6199,2016-12-20,20,12,2016,4,2,False
6200,2016-12-21,21,12,2016,4,3,False
6201,2016-12-22,22,12,2016,4,4,False
6202,2016-12-23,23,12,2016,4,5,False
6203,2016-12-24,24,12,2016,4,6,True
6204,2016-12-25,25,12,2016,4,0,True
6205,2016-12-26,26,12,2016,4,1,False
6206,2016-12-27,27,12,2016,4,2,False
6207,2016-12-28,28,12,2016,4,3,False
6208,2016-12-29,29,12,2016,4,4,False
6209,2016-12-30,30,12,2016,4,5,False
6210,2016-12-31,31,12,2016,4,6,True
6211,2017-01-01,1,1,2017,1,0,True
6212,2017-01-02,2,1,2017,1,1,False
6213,2017-01-03,3,1,2017,1,2,False
6214,2017-01-04,4,1,2017,1,3,False
6215,2017-01-05,5,1,2017,1,4,False
6216,2017-01-06,6,1,2017,1,5,False
6217,2017-01-07,7,1,2017,1,6,True
6218,2017-01-08,8,1,2017,1,0,True
6219,2017-01-09,9,1,2017,1,1,False
6220,2017-01-10,10,1,2017,1,2,False
6221,2017-01-11,11,1,2017,1,3,False
6222,2017-01-12,12,1,2017,1,4,False
6223,2017-01-13,13,1,2017,1,5,False
6224,2017-01-14,14,1,2017,1,6,True
6225,2017-01-15,15,1,2017,1,0,True
6226,2017-01-16,16,1,2017,1,1,False
6227,2017-01-17,17,1,2017,1,2,False
6228,2017-01-18,18,1,2017,1,3,False
6229,2017-01-19,19,1,2017,1,4,False
6230,2017-01-20,20,1,2017,1,5,False
6231,2017-01-21,21,1,2017,1,6,True
6232,2017-01-22,22,1,2017,1,0,True
6233,2017-01-23,23,1,2017,1,1,False
6234,2017-01-24,24,1,2017,1,2,False
6235,2017-01-25,25,1,2017,1,3,False
6236,2017-01-26,26,1,2017,1,4,False
6237,2017-01-27,27,1,2017,1,5,False
6238,2017-01-28,28,1,2017,1,6,True
6239,2017-01-29,29,1,2017,1,0,True
6240,2017-01-30,30,1,2017,1,1,False
6241,2017-01-31,31,1,2017,1,2,False
6242,2017-02-01,1,2,2017,1,3,False
6243,2017-02-02,2,2,2017,1,4,False
6244,2017-02-03,3,2,2017,1,5,False
6245,2017-02-04,4,2,2017,1,6,True
6246,2017-02-05,5,2,2017,1,0,True
6247,2017-02-06,6,2,2017,1,1,False
6248,2017-02-07,7,2,2017,1,2,False
6249,2017-02-08,8,2,2017,1,3,False
6250,2017-02-09,9,2,2017,1,4,False
6251,2017-02-10,10,2,2017,1,5,False
6252,2017-02-11,11,2,2017,1,6,True
6253,2017-02-12,12,2,2017,1,0,True
6254,2017-02-13,13,2,2017,1,1,False
6255,2017-02-14,14,2,2017,1,2,False
6256,2017-02-15,15,2,2017,1,3,False
6257,2017-02-16,16,2,2017,1,4,False
6258,2017-02-17,17,2,2017,1,5,False
6259,2017-02-18,18,2,2017,1,6,True
6260,2017-02-19,19,2,2017,1,0,True
6261,2017-02-20,20,2,2017,1,1,False
6262,2017-02-21,21,2,2017,1,2,False
6263,2017-02-22,22,2,2017,1,3,False
6264,2017-02-23,23,2,2017,1,4,False
6265,2017-02-24,24,2,2017,1,5,False
6266,2017-02-25,25,2,2017,1,6,True
6267,2017-02-26,26,2,2017,1,0,True
6268,2017-02-27,27,2,2017,1,1,False
6269,2017-02-28,28,2,2017,1,2,False
6270,2017-03-01,1,3,2017,1,3,False
6271,2017-03-02,2,3,2017,1,4,False
6272,2017-03-03,3,3,2017,1,5,False
6273,2017-03-04,4,3,2017,1,6,True
6274,2017-03-05,5,3,2017,1,0,True
6275,2017-03-06,6,3,2017,1,1,False
6276,2017-03-07,7,3,2017,1,2,False
6277,2017-03-08,8,3,2017,1,3,False
6278,2017-03-09,9,3,2017,1,4,False
6279,2017-03-10,10,3,2017,1,5,False
6280,2017-03-11,11,3,2017,1,6,True
6281,2017-03-12,12,3,2017,1,0,True
6282,2017-03-13,13,3,2017,1,1,False
6283,2017-03-14,14,3,2017,1,2,False
6284,2017-03-15,15,3,2017,1,3,False
6285,2017-03-16,16,3,2017,1,4,False
6286,2017-03-17,17,3,2017,1,5,False
6287,2017-03-18,18,3,2017,1,6,True
6288,2017-03-19,19,3,2017,1,0,True
6289,2017-03-20,20,3,2017,1,1,False
6290,2017-03-21,21,3,2017,1,2,False
6291,2017-03-22,22,3,2017,1,3,False
6292,2017-03-23,23,3,2017,1,4,False
6293,2017-03-24,24,3,2017,1,5,False
6294,2017-03-25,25,3,2017,1,6,True
6295,2017-03-26,26,3,2017,1,0,True
6296,2017-03-27,27,3,2017,1,1,False
6297,2017-03-28,28,3,2017,1,2,False
6298,2017-03-29,29,3,2017,1,3,False
6299,2017-03-30,30,3,2017,1,4,False
6300,2017-03-31,31,3,2017,1,5,False
6301,2017-04-01,1,4,2017,2,6,True
6302,2017-04-02,2,4,2017,2,0,True
6303,2017-04-03,3,4,2017,2,1,False
6304,2017-04-04,4,4,2017,2,2,False
6305,2017-04-05,5,4,2017,2,3,False
6306,2017-04-06,6,4,2017,2,4,False
6307,2017-04-07,7,4,2017,2,5,False
6308,2017-04-08,8,4,2017,2,6,True
6309,2017-04-09,9,4,2017,2,0,True
6310,2017-04-10,10,4,2017,2,1,False
6311,2017-04-11,11,4,2017,2,2,False
6312,2017-04-12,12,4,2017,2,3,False
6313,2017-04-13,13,4,2017,2,4,False
6314,2017-04-14,14,4,2017,2,5,False
6315,2017-04-15,15,4,2017,2,6,True
6316,2017-04-16,16,4,2017,2,0,True
6317,2017-04-17,17,4,2017,2,1,False
6318,2017-04-18,18,4,2017,2,2,False
6319,2017-04-19,19,4,2017,2,3,False
6320,2017-04-20,20,4,2017,2,4,False
6321,2017-04-21,21,4,2017,2,5,False
6322,2017-04-22,22,4,2017,2,6,True
6323,2017-04-23,23,4,2017,2,0,True
6324,2017-04-24,24,4,2017,2,1,False
6325,2017-04-25,25,4,2017,2,2,False
6326,2017-04-26,26,4,2017,2,3,False
6327,2017-04-27,27,4,2017,2,4,False
6328,2017-04-28,28,4,2017,2,5,False
6329,2017-04-29,29,4,2017,2,6,True
6330,2017-04-30,30,4,2017,2,0,True
6331,2017-05-01,1,5,2017,2,1,False
6332,2017-05-02,2,5,2017,2,2,False
6333,2017-05-03,3,5,2017,2,3,False
6334,2017-05-04,4,5,2017,2,4,False
6335,2017-05-05,5,5,2017,2,5,False
6336,2017-05-06,6,5,2017,2,6,True
6337,2017-05-07,7,5,2017,2,0,True
6338,2017-05-08,8,5,2017,2,1,False
6339,2017-05-09,9,5,2017,2,2,False
6340,2017-05-10,10,5,2017,2,3,False
6341,2017-05-11,11,5,2017,2,4,False
6342,2017-05-12,12,5,2017,2,5,False
6343,2017-05-13,13,5,2017,2,6,True
6344,2017-05-14,14,5,2017,2,0,True
6345,2017-05-15,15,5,2017,2,1,False
6346,2017-05-16,16,5,2017,2,2,False
6347,2017-05-17,17,5,2017,2,3,False
6348,2017-05-18,18,5,2017,2,4,False
6349,2017-05-19,19,5,2017,2,5,False
6350,2017-05-20,20,5,2017,2,6,True
6351,2017-05-21,21,5,2017,2,0,True
6352,2017-05-22,22,5,2017,2,1,False
6353,2017-05-23,23,5,2017,2,2,False
6354,2017-05-24,24,5,2017,2,3,False
6355,2017-05-25,25,5,2017,2,4,False
6356,2017-05-26,26,5,2017,2,5,False
6357,2017-05-27,27,5,2017,2,6,True
6358,2017-05-28,28,5,2017,2,0,True
6359,2017-05-29,29,5,2017,2,1,False
6360,2017-05-30,30,5,2017,2,2,False
6361,2017-05-31,31,5,2017,2,3,False
6362,2017-06-01,1,6,2017,2,4,False
6363,2017-06-02,2,6,2017,2,5,False
6364,2017-06-03,3,6,2017,2,6,True
6365,2017-06-04,4,6,2017,2,0,True
6366,2017-06-05,5,6,2017,2,1,False
6367,2017-06-06,6,6,2017,2,2,False
6368,2017-06-07,7,6,2017,2,3,False
6369,2017-06-08,8,6,2017,2,4,False
6370,2017-06-09,9,6,2017,2,5,False
6371,2017-06-10,10,6,2017,2,6,True
6372,2017-06-11,11,6,2017,2,0,True
6373,2017-06-12,12,6,2017,2,1,False
6374,2017-06-13,13,6,2017,2,2,False
6375,2017-06-14,14,6,2017,2,3,False
6376,2017-06-15,15,6,2017,2,4,False
6377,2017-06-16,16,6,2017,2,5,False
6378,2017-06-17,17,6,2017,2,6,True
6379,2017-06-18,18,6,2017,2,0,True
6380,2017-06-19,19,6,2017,2,1,False
6381,2017-06-20,20,6,2017,2,2,False
6382,2017-06-21,21,6,2017,2,3,False
6383,2017-06-22,22,6,2017,2,4,False
6384,2017-06-23,23,6,2017,2,5,False
6385,2017-06-24,24,6,2017,2,6,True
6386,2017-06-25,25,6,2017,2,0,True
6387,2017-06-26,26,6,2017,2,1,False
6388,2017-06-27,27,6,2017,2,2,False
6389,2017-06-28,28,6,2017,2,3,False
6390,2017-06-29,29,6,2017,2,4,False
6391,2017-06-30,30,6,2017,2,5,False
6392,2017-07-01,1,7,2017,3,6,True
6393,2017-07-02,2,7,2017,3,0,True
6394,2017-07-03,3,7,2017,3,1,False
6395,2017-07-04,4,7,2017,3,2,False
6396,2017-07-05,5,7,2017,3,3,False
6397,2017-07-06,6,7,2017,3,4,False
6398,2017-07-07,7,7,2017,3,5,False
6399,2017-07-08,8,7,2017,3,6,True
6400,2017-07-09,9,7,2017,3,0,True
6401,2017-07-10,10,7,2017,3,1,False
6402,2017-07-11,11,7,2017,3,2,False
6403,2017-07-12,12,7,2017,3,3,False
6404,2017-07-13,13,7,2017,3,4,False
6405,2017-07-14,14,7,2017,3,5,False
6406,2017-07-15,15,7,2017,3,6,True
6407,2017-07-16,16,7,2017,3,0,True
6408,2017-07-17,17,7,2017,3,1,False
6409,2017-07-18,18,7,2017,3,2,False
6410,2017-07-19,19,7,2017,3,3,False
6411,2017-07-20,20,7,2017,3,4,False
6412,2017-07-21,21,7,2017,3,5,False
6413,2017-07-22,22,7,2017,3,6,True
6414,2017-07-23,23,7,2017,3,0,True
6415,2017-07-24,24,7,2017,3,1,False
6416,2017-07-25,25,7,2017,3,2,False
6417,2017-07-26,26,7,2017,3,3,False
6418,2017-07-27,27,7,2017,3,4,False
6419,2017-07-28,28,7,2017,3,5,False
6420,2017-07-29,29,7,2017,3,6,True
6421,2017-07-30,30,7,2017,3,0,True
6422,2017-07-31,31,7,2017,3,1,False
6423,2017-08-01,1,8,2017,3,2,False
6424,2017-08-02,2,8,2017,3,3,False
6425,2017-08-03,3,8,2017,3,4,False
6426,2017-08-04,4,8,2017,3,5,False
6427,2017-08-05,5,8,2017,3,6,True
6428,2017-08-06,6,8,2017,3,0,True
6429,2017-08-07,7,8,2017,3,1,False
6430,2017-08-08,8,8,2017,3,2,False
6431,2017-08-09,9,8,2017,3,3,False
6432,2017-08-10,10,8,2017,3,4,False
6433,2017-08-11,11,8,2017,3,5,False
6434,2017-08-12,12,8,2017,3,6,True
6435,2017-08-13,13,8,2017,3,0,True
6436,2017-08-14,14,8,2017,3,1,False
6437,2017-08-15,15,8,2017,3,2,False
6438,2017-08-16,16,8,2017,3,3,False
6439,2017-08-17,17,8,2017,3,4,False
6440,2017-08-18,18,8,2017,3,5,False
6441,2017-08-19,19,8,2017,3,6,True
6442,2017-08-20,20,8,2017,3,0,True
6443,2017-08-21,21,8,2017,3,1,False
6444,2017-08-22,22,8,2017,3,2,False
6445,2017-08-23,23,8,2017,3,3,False
6446,2017-08-24,24,8,2017,3,4,False
6447,2017-08-25,25,8,2017,3,5,False
6448,2017-08-26,26,8,2017,3,6,True
6449,2017-08-27,27,8,2017,3,0,True
6450,2017-08-28,28,8,2017,3,1,False
6451,2017-08-29,29,8,2017,3,2,False
6452,2017-08-30,30,8,2017,3,3,False
6453,2017-08-31,31,8,2017,3,4,False
6454,2017-09-01,1,9,2017,3,5,False
6455,2017-09-02,2,9,2017,3,6,True
6456,2017-09-03,3,9,2017,3,0,True
6457,2017-09-04,4,9,2017,3,1,False
6458,2017-09-05,5,9,2017,3,2,False
6459,2017-09-06,6,9,2017,3,3,False
6460,2017-09-07,7,9,2017,3,4,False
6461,2017-09-08,8,9,2017,3,5,False
6462,2017-09-09,9,9,2017,3,6,True
6463,2017-09-10,10,9,2017,3,0,True
6464,2017-09-11,11,9,2017,3,1,False
6465,2017-09-12,12,9,2017,3,2,False
6466,2017-09-13,13,9,2017,3,3,False
6467,2017-09-14,14,9,2017,3,4,False
6468,2017-09-15,15,9,2017,3,5,False
6469,2017-09-16,16,9,2017,3,6,True
6470,2017-09-17,17,9,2017,3,0,True
6471,2017-09-18,18,9,2017,3,1,False
6472,2017-09-19,19,9,2017,3,2,False
6473,2017-09-20,20,9,2017,3,3,False
6474,2017-09-21,21,9,2017,3,4,False
6475,2017-09-22,22,9,2017,3,5,False
6476,2017-09-23,23,9,2017,3,6,True
6477,2017-09-24,24,9,2017,3,0,True
6478,2017-09-25,25,9,2017,3,1,False
6479,2017-09-26,26,9,2017,3,2,False
6480,2017-09-27,27,9,2017,3,3,False
6481,2017-09-28,28,9,2017,3,4,False
6482,2017-09-29,29,9,2017,3,5,False
6483,2017-09-30,30,9,2017,3,6,True
6484,2017-10-01,1,10,2017,4,0,True
6485,2017-10-02,2,10,2017,4,1,False
6486,2017-10-03,3,10,2017,4,2,False
6487,2017-10-04,4,10,2017,4,3,False
6488,2017-10-05,5,10,2017,4,4,False
6489,2017-10-06,6,10,2017,4,5,False
6490,2017-10-07,7,10,2017,4,6,True
6491,2017-10-08,8,10,2017,4,0,True
6492,2017-10-09,9,10,2017,4,1,False
6493,2017-10-10,10,10,2017,4,2,False
6494,2017-10-11,11,10,2017,4,3,False
6495,2017-10-12,12,10,2017,4,4,False
6496,2017-10-13,13,10,2017,4,5,False
6497,2017-10-14,14,10,2017,4,6,True
6498,2017-10-15,15,10,2017,4,0,True
6499,2017-10-16,16,10,2017,4,1,False
6500,2017-10-17,17,10,2017,4,2,False
6501,2017-10-18,18,10,2017,4,3,False
6502,2017-10-19,19,10,2017,4,4,False
6503,2017-10-20,20,10,2017,4,5,False
6504,2017-10-21,21,10,2017,4,6,True
6505,2017-10-22,22,10,2017,4,0,True
6506,2017-10-23,23,10,2017,4,1,False
6507,2017-10-24,24,10,2017,4,2,False
6508,2017-10-25,25,10,2017,4,3,False
6509,2017-10-26,26,10,2017,4,4,False
6510,2017-10-27,27,10,2017,4,5,False
6511,2017-10-28,28,10,2017,4,6,True
6512,2017-10-29,29,10,2017,4,0,True
6513,2017-10-30,30,10,2017,4,1,False
6514,2017-10-31,31,10,2017,4,2,False
6515,2017-11-01,1,11,2017,4,3,False
6516,2017-11-02,2,11,2017,4,4,False
6517,2017-11-03,3,11,2017,4,5,False
6518,2017-11-04,4,11,2017,4,6,True
6519,2017-11-05,5,11,2017,4,0,True
6520,2017-11-06,6,11,2017,4,1,False
6521,2017-11-07,7,11,2017,4,2,False
6522,2017-11-08,8,11,2017,4,3,False
6523,2017-11-09,9,11,2017,4,4,False
6524,2017-11-10,10,11,2017,4,5,False
6525,2017-11-11,11,11,2017,4,6,True
6526,2017-11-12,12,11,2017,4,0,True
6527,2017-11-13,13,11,2017,4,1,False
6528,2017-11-14,14,11,2017,4,2,False
6529,2017-11-15,15,11,2017,4,3,False
6530,2017-11-16,16,11,2017,4,4,False
6531,2017-11-17,17,11,2017,4,5,False
6532,2017-11-18,18,11,2017,4,6,True
6533,2017-11-19,19,11,2017,4,0,True
6534,2017-11-20,20,11,2017,4,1,False
6535,2017-11-21,21,11,2017,4,2,False
6536,2017-11-22,22,11,2017,4,3,False
6537,2017-11-23,23,11,2017,4,4,False
6538,2017-11-24,24,11,2017,4,5,False
6539,2017-11-25,25,11,2017,4,6,True
6540,2017-11-26,26,11,2017,4,0,True
6541,2017-11-27,27,11,2017,4,1,False
6542,2017-11-28,28,11,2017,4,2,False
6543,2017-11-29,29,11,2017,4,3,False
6544,2017-11-30,30,11,2017,4,4,False
6545,2017-12-01,1,12,2017,4,5,False
6546,2017-12-02,2,12,2017,4,6,True
6547,2017-12-03,3,12,2017,4,0,True
6548,2017-12-04,4,12,2017,4,1,False
6549,2017-12-05,5,12,2017,4,2,False
6550,2017-12-06,6,12,2017,4,3,False
6551,2017-12-07,7,12,2017,4,4,False
6552,2017-12-08,8,12,2017,4,5,False
6553,2017-12-09,9,12,2017,4,6,True
6554,2017-12-10,10,12,2017,4,0,True
6555,2017-12-11,11,12,2017,4,1,False
6556,2017-12-12,12,12,2017,4,2,False
6557,2017-12-13,13,12,2017,4,3,False
6558,2017-12-14,14,12,2017,4,4,False
6559,2017-12-15,15,12,2017,4,5,False
6560,2017-12-16,16,12,2017,4,6,True
6561,2017-12-17,17,12,2017,4,0,True
6562,2017-12-18,18,12,2017,4,1,False
6563,2017-12-19,19,12,2017,4,2,False
6564,2017-12-20,20,12,2017,4,3,False
6565,2017-12-21,21,12,2017,4,4,False
6566,2017-12-22,22,12,2017,4,5,False
6567,2017-12-23,23,12,2017,4,6,True
6568,2017-12-24,24,12,2017,4,0,True
6569,2017-12-25,25,12,2017,4,1,False
6570,2017-12-26,26,12,2017,4,2,False
6571,2017-12-27,27,12,2017,4,3,False
6572,2017-12-28,28,12,2017,4,4,False
6573,2017-12-29,29,12,2017,4,5,False
6574,2017-12-30,30,12,2017,4,6,True
6575,2017-12-31,31,12,2017,4,0,True
6576,2018-01-01,1,1,2018,1,1,False
6577,2018-01-02,2,1,2018,1,2,False
6578,2018-01-03,3,1,2018,1,3,False
6579,2018-01-04,4,1,2018,1,4,False
6580,2018-01-05,5,1,2018,1,5,False
6581,2018-01-06,6,1,2018,1,6,True
6582,2018-01-07,7,1,2018,1,0,True
6583,2018-01-08,8,1,2018,1,1,False
6584,2018-01-09,9,1,2018,1,2,False
6585,2018-01-10,10,1,2018,1,3,False
6586,2018-01-11,11,1,2018,1,4,False
6587,2018-01-12,12,1,2018,1,5,False
6588,2018-01-13,13,1,2018,1,6,True
6589,2018-01-14,14,1,2018,1,0,True
6590,2018-01-15,15,1,2018,1,1,False
6591,2018-01-16,16,1,2018,1,2,False
6592,2018-01-17,17,1,2018,1,3,False
6593,2018-01-18,18,1,2018,1,4,False
6594,2018-01-19,19,1,2018,1,5,False
6595,2018-01-20,20,1,2018,1,6,True
6596,2018-01-21,21,1,2018,1,0,True
6597,2018-01-22,22,1,2018,1,1,False
6598,2018-01-23,23,1,2018,1,2,False
6599,2018-01-24,24,1,2018,1,3,False
6600,2018-01-25,25,1,2018,1,4,False
6601,2018-01-26,26,1,2018,1,5,False
6602,2018-01-27,27,1,2018,1,6,True
6603,2018-01-28,28,1,2018,1,0,True
6604,2018-01-29,29,1,2018,1,1,False
6605,2018-01-30,30,1,2018,1,2,False
6606,2018-01-31,31,1,2018,1,3,False
6607,2018-02-01,1,2,2018,1,4,False
6608,2018-02-02,2,2,2018,1,5,False
6609,2018-02-03,3,2,2018,1,6,True
6610,2018-02-04,4,2,2018,1,0,True
6611,2018-02-05,5,2,2018,1,1,False
6612,2018-02-06,6,2,2018,1,2,False
6613,2018-02-07,7,2,2018,1,3,False
6614,2018-02-08,8,2,2018,1,4,False
6615,2018-02-09,9,2,2018,1,5,False
6616,2018-02-10,10,2,2018,1,6,True
6617,2018-02-11,11,2,2018,1,0,True
6618,2018-02-12,12,2,2018,1,1,False
6619,2018-02-13,13,2,2018,1,2,False
6620,2018-02-14,14,2,2018,1,3,False
6621,2018-02-15,15,2,2018,1,4,False
6622,2018-02-16,16,2,2018,1,5,False
6623,2018-02-17,17,2,2018,1,6,True
6624,2018-02-18,18,2,2018,1,0,True
6625,2018-02-19,19,2,2018,1,1,False
6626,2018-02-20,20,2,2018,1,2,False
6627,2018-02-21,21,2,2018,1,3,False
6628,2018-02-22,22,2,2018,1,4,False
6629,2018-02-23,23,2,2018,1,5,False
6630,2018-02-24,24,2,2018,1,6,True
6631,2018-02-25,25,2,2018,1,0,True
6632,2018-02-26,26,2,2018,1,1,False
6633,2018-02-27,27,2,2018,1,2,False
6634,2018-02-28,28,2,2018,1,3,False
6635,2018-03-01,1,3,2018,1,4,False
6636,2018-03-02,2,3,2018,1,5,False
6637,2018-03-03,3,3,2018,1,6,True
6638,2018-03-04,4,3,2018,1,0,True
6639,2018-03-05,5,3,2018,1,1,False
6640,2018-03-06,6,3,2018,1,2,False
6641,2018-03-07,7,3,2018,1,3,False
6642,2018-03-08,8,3,2018,1,4,False
6643,2018-03-09,9,3,2018,1,5,False
6644,2018-03-10,10,3,2018,1,6,True
6645,2018-03-11,11,3,2018,1,0,True
6646,2018-03-12,12,3,2018,1,1,False
6647,2018-03-13,13,3,2018,1,2,False
6648,2018-03-14,14,3,2018,1,3,False
6649,2018-03-15,15,3,2018,1,4,False
6650,2018-03-16,16,3,2018,1,5,False
6651,2018-03-17,17,3,2018,1,6,True
6652,2018-03-18,18,3,2018,1,0,True
6653,2018-03-19,19,3,2018,1,1,False
6654,2018-03-20,20,3,2018,1,2,False
6655,2018-03-21,21,3,2018,1,3,False
6656,2018-03-22,22,3,2018,1,4,False
6657,2018-03-23,23,3,2018,1,5,False
6658,2018-03-24,24,3,2018,1,6,True
6659,2018-03-25,25,3,2018,1,0,True
6660,2018-03-26,26,3,2018,1,1,False
6661,2018-03-27,27,3,2018,1,2,False
6662,2018-03-28,28,3,2018,1,3,False
6663,2018-03-29,29,3,2018,1,4,False
6664,2018-03-30,30,3,2018,1,5,False
6665,2018-03-31,31,3,2018,1,6,True
6666,2018-04-01,1,4,2018,2,0,True
6667,2018-04-02,2,4,2018,2,1,False
6668,2018-04-03,3,4,2018,2,2,False
6669,2018-04-04,4,4,2018,2,3,False
6670,2018-04-05,5,4,2018,2,4,False
6671,2018-04-06,6,4,2018,2,5,False
6672,2018-04-07,7,4,2018,2,6,True
6673,2018-04-08,8,4,2018,2,0,True
6674,2018-04-09,9,4,2018,2,1,False
6675,2018-04-10,10,4,2018,2,2,False
6676,2018-04-11,11,4,2018,2,3,False
6677,2018-04-12,12,4,2018,2,4,False
6678,2018-04-13,13,4,2018,2,5,False
6679,2018-04-14,14,4,2018,2,6,True
6680,2018-04-15,15,4,2018,2,0,True
6681,2018-04-16,16,4,2018,2,1,False
6682,2018-04-17,17,4,2018,2,2,False
6683,2018-04-18,18,4,2018,2,3,False
6684,2018-04-19,19,4,2018,2,4,False
6685,2018-04-20,20,4,2018,2,5,False
6686,2018-04-21,21,4,2018,2,6,True
6687,2018-04-22,22,4,2018,2,0,True
6688,2018-04-23,23,4,2018,2,1,False
6689,2018-04-24,24,4,2018,2,2,False
6690,2018-04-25,25,4,2018,2,3,False
6691,2018-04-26,26,4,2018,2,4,False
6692,2018-04-27,27,4,2018,2,5,False
6693,2018-04-28,28,4,2018,2,6,True
6694,2018-04-29,29,4,2018,2,0,True
6695,2018-04-30,30,4,2018,2,1,False
6696,2018-05-01,1,5,2018,2,2,False
6697,2018-05-02,2,5,2018,2,3,False
6698,2018-05-03,3,5,2018,2,4,False
6699,2018-05-04,4,5,2018,2,5,False
6700,2018-05-05,5,5,2018,2,6,True
6701,2018-05-06,6,5,2018,2,0,True
6702,2018-05-07,7,5,2018,2,1,False
6703,2018-05-08,8,5,2018,2,2,False
6704,2018-05-09,9,5,2018,2,3,False
6705,2018-05-10,10,5,2018,2,4,False
6706,2018-05-11,11,5,2018,2,5,False
6707,2018-05-12,12,5,2018,2,6,True
6708,2018-05-13,13,5,2018,2,0,True
6709,2018-05-14,14,5,2018,2,1,False
6710,2018-05-15,15,5,2018,2,2,False
6711,2018-05-16,16,5,2018,2,3,False
6712,2018-05-17,17,5,2018,2,4,False
6713,2018-05-18,18,5,2018,2,5,False
6714,2018-05-19,19,5,2018,2,6,True
6715,2018-05-20,20,5,2018,2,0,True
6716,2018-05-21,21,5,2018,2,1,False
6717,2018-05-22,22,5,2018,2,2,False
6718,2018-05-23,23,5,2018,2,3,False
6719,2018-05-24,24,5,2018,2,4,False
6720,2018-05-25,25,5,2018,2,5,False
6721,2018-05-26,26,5,2018,2,6,True
6722,2018-05-27,27,5,2018,2,0,True
6723,2018-05-28,28,5,2018,2,1,False
6724,2018-05-29,29,5,2018,2,2,False
6725,2018-05-30,30,5,2018,2,3,False
6726,2018-05-31,31,5,2018,2,4,False
6727,2018-06-01,1,6,2018,2,5,False
6728,2018-06-02,2,6,2018,2,6,True
6729,2018-06-03,3,6,2018,2,0,True
6730,2018-06-04,4,6,2018,2,1,False
6731,2018-06-05,5,6,2018,2,2,False
6732,2018-06-06,6,6,2018,2,3,False
6733,2018-06-07,7,6,2018,2,4,False
6734,2018-06-08,8,6,2018,2,5,False
6735,2018-06-09,9,6,2018,2,6,True
6736,2018-06-10,10,6,2018,2,0,True
6737,2018-06-11,11,6,2018,2,1,False
6738,2018-06-12,12,6,2018,2,2,False
6739,2018-06-13,13,6,2018,2,3,False
6740,2018-06-14,14,6,2018,2,4,False
6741,2018-06-15,15,6,2018,2,5,False
6742,2018-06-16,16,6,2018,2,6,True
6743,2018-06-17,17,6,2018,2,0,True
6744,2018-06-18,18,6,2018,2,1,False
6745,2018-06-19,19,6,2018,2,2,False
6746,2018-06-20,20,6,2018,2,3,False
6747,2018-06-21,21,6,2018,2,4,False
6748,2018-06-22,22,6,2018,2,5,False
6749,2018-06-23,23,6,2018,2,6,True
6750,2018-06-24,24,6,2018,2,0,True
6751,2018-06-25,25,6,2018,2,1,False
6752,2018-06-26,26,6,2018,2,2,False
6753,2018-06-27,27,6,2018,2,3,False
6754,2018-06-28,28,6,2018,2,4,False
6755,2018-06-29,29,6,2018,2,5,False
6756,2018-06-30,30,6,2018,2,6,True
6757,2018-07-01,1,7,2018,3,0,True
6758,2018-07-02,2,7,2018,3,1,False
6759,2018-07-03,3,7,2018,3,2,False
6760,2018-07-04,4,7,2018,3,3,False
6761,2018-07-05,5,7,2018,3,4,False
6762,2018-07-06,6,7,2018,3,5,False
6763,2018-07-07,7,7,2018,3,6,True
6764,2018-07-08,8,7,2018,3,0,True
6765,2018-07-09,9,7,2018,3,1,False
6766,2018-07-10,10,7,2018,3,2,False
6767,2018-07-11,11,7,2018,3,3,False
6768,2018-07-12,12,7,2018,3,4,False
6769,2018-07-13,13,7,2018,3,5,False
6770,2018-07-14,14,7,2018,3,6,True
6771,2018-07-15,15,7,2018,3,0,True
6772,2018-07-16,16,7,2018,3,1,False
6773,2018-07-17,17,7,2018,3,2,False
6774,2018-07-18,18,7,2018,3,3,False
6775,2018-07-19,19,7,2018,3,4,False
6776,2018-07-20,20,7,2018,3,5,False
6777,2018-07-21,21,7,2018,3,6,True
6778,2018-07-22,22,7,2018,3,0,True
6779,2018-07-23,23,7,2018,3,1,False
6780,2018-07-24,24,7,2018,3,2,False
6781,2018-07-25,25,7,2018,3,3,False
6782,2018-07-26,26,7,2018,3,4,False
6783,2018-07-27,27,7,2018,3,5,False
6784,2018-07-28,28,7,2018,3,6,True
6785,2018-07-29,29,7,2018,3,0,True
6786,2018-07-30,30,7,2018,3,1,False
6787,2018-07-31,31,7,2018,3,2,False
6788,2018-08-01,1,8,2018,3,3,False
6789,2018-08-02,2,8,2018,3,4,False
6790,2018-08-03,3,8,2018,3,5,False
6791,2018-08-04,4,8,2018,3,6,True
6792,2018-08-05,5,8,2018,3,0,True
6793,2018-08-06,6,8,2018,3,1,False
6794,2018-08-07,7,8,2018,3,2,False
6795,2018-08-08,8,8,2018,3,3,False
6796,2018-08-09,9,8,2018,3,4,False
6797,2018-08-10,10,8,2018,3,5,False
6798,2018-08-11,11,8,2018,3,6,True
6799,2018-08-12,12,8,2018,3,0,True
6800,2018-08-13,13,8,2018,3,1,False
6801,2018-08-14,14,8,2018,3,2,False
6802,2018-08-15,15,8,2018,3,3,False
6803,2018-08-16,16,8,2018,3,4,False
6804,2018-08-17,17,8,2018,3,5,False
6805,2018-08-18,18,8,2018,3,6,True
6806,2018-08-19,19,8,2018,3,0,True
6807,2018-08-20,20,8,2018,3,1,False
6808,2018-08-21,21,8,2018,3,2,False
6809,2018-08-22,22,8,2018,3,3,False
6810,2018-08-23,23,8,2018,3,4,False
6811,2018-08-24,24,8,2018,3,5,False
6812,2018-08-25,25,8,2018,3,6,True
6813,2018-08-26,26,8,2018,3,0,True
6814,2018-08-27,27,8,2018,3,1,False
6815,2018-08-28,28,8,2018,3,2,False
6816,2018-08-29,29,8,2018,3,3,False
6817,2018-08-30,30,8,2018,3,4,False
6818,2018-08-31,31,8,2018,3,5,False
6819,2018-09-01,1,9,2018,3,6,True
6820,2018-09-02,2,9,2018,3,0,True
6821,2018-09-03,3,9,2018,3,1,False
6822,2018-09-04,4,9,2018,3,2,False
6823,2018-09-05,5,9,2018,3,3,False
6824,2018-09-06,6,9,2018,3,4,False
6825,2018-09-07,7,9,2018,3,5,False
6826,2018-09-08,8,9,2018,3,6,True
6827,2018-09-09,9,9,2018,3,0,True
6828,2018-09-10,10,9,2018,3,1,False
6829,2018-09-11,11,9,2018,3,2,False
6830,2018-09-12,12,9,2018,3,3,False
6831,2018-09-13,13,9,2018,3,4,False
6832,2018-09-14,14,9,2018,3,5,False
6833,2018-09-15,15,9,2018,3,6,True
6834,2018-09-16,16,9,2018,3,0,True
6835,2018-09-17,17,9,2018,3,1,False
6836,2018-09-18,18,9,2018,3,2,False
6837,2018-09-19,19,9,2018,3,3,False
6838,2018-09-20,20,9,2018,3,4,False
6839,2018-09-21,21,9,2018,3,5,False
6840,2018-09-22,22,9,2018,3,6,True
6841,2018-09-23,23,9,2018,3,0,True
6842,2018-09-24,24,9,2018,3,1,False
6843,2018-09-25,25,9,2018,3,2,False
6844,2018-09-26,26,9,2018,3,3,False
6845,2018-09-27,27,9,2018,3,4,False
6846,2018-09-28,28,9,2018,3,5,False
6847,2018-09-29,29,9,2018,3,6,True
6848,2018-09-30,30,9,2018,3,0,True
6849,2018-10-01,1,10,2018,4,1,False
6850,2018-10-02,2,10,2018,4,2,False
6851,2018-10-03,3,10,2018,4,3,False
6852,2018-10-04,4,10,2018,4,4,False
6853,2018-10-05,5,10,2018,4,5,False
6854,2018-10-06,6,10,2018,4,6,True
6855,2018-10-07,7,10,2018,4,0,True
6856,2018-10-08,8,10,2018,4,1,False
6857,2018-10-09,9,10,2018,4,2,False
6858,2018-10-10,10,10,2018,4,3,False
6859,2018-10-11,11,10,2018,4,4,False
6860,2018-10-12,12,10,2018,4,5,False
6861,2018-10-13,13,10,2018,4,6,True
6862,2018-10-14,14,10,2018,4,0,True
6863,2018-10-15,15,10,2018,4,1,False
6864,2018-10-16,16,10,2018,4,2,False
6865,2018-10-17,17,10,2018,4,3,False
6866,2018-10-18,18,10,2018,4,4,False
6867,2018-10-19,19,10,2018,4,5,False
6868,2018-10-20,20,10,2018,4,6,True
6869,2018-10-21,21,10,2018,4,0,True
6870,2018-10-22,22,10,2018,4,1,False
6871,2018-10-23,23,10,2018,4,2,False
6872,2018-10-24,24,10,2018,4,3,False
6873,2018-10-25,25,10,2018,4,4,False
6874,2018-10-26,26,10,2018,4,5,False
6875,2018-10-27,27,10,2018,4,6,True
6876,2018-10-28,28,10,2018,4,0,True
6877,2018-10-29,29,10,2018,4,1,False
6878,2018-10-30,30,10,2018,4,2,False
6879,2018-10-31,31,10,2018,4,3,False
6880,2018-11-01,1,11,2018,4,4,False
6881,2018-11-02,2,11,2018,4,5,False
6882,2018-11-03,3,11,2018,4,6,True
6883,2018-11-04,4,11,2018,4,0,True
6884,2018-11-05,5,11,2018,4,1,False
6885,2018-11-06,6,11,2018,4,2,False
6886,2018-11-07,7,11,2018,4,3,False
6887,2018-11-08,8,11,2018,4,4,False
6888,2018-11-09,9,11,2018,4,5,False
6889,2018-11-10,10,11,2018,4,6,True
6890,2018-11-11,11,11,2018,4,0,True
6891,2018-11-12,12,11,2018,4,1,False
6892,2018-11-13,13,11,2018,4,2,False
6893,2018-11-14,14,11,2018,4,3,False
6894,2018-11-15,15,11,2018,4,4,False
6895,2018-11-16,16,11,2018,4,5,False
6896,2018-11-17,17,11,2018,4,6,True
6897,2018-11-18,18,11,2018,4,0,True
6898,2018-11-19,19,11,2018,4,1,False
6899,2018-11-20,20,11,2018,4,2,False
6900,2018-11-21,21,11,2018,4,3,False
6901,2018-11-22,22,11,2018,4,4,False
6902,2018-11-23,23,11,2018,4,5,False
6903,2018-11-24,24,11,2018,4,6,True
6904,2018-11-25,25,11,2018,4,0,True
6905,2018-11-26,26,11,2018,4,1,False
6906,2018-11-27,27,11,2018,4,2,False
6907,2018-11-28,28,11,2018,4,3,False
6908,2018-11-29,29,11,2018,4,4,False
6909,2018-11-30,30,11,2018,4,5,False
6910,2018-12-01,1,12,2018,4,6,True
6911,2018-12-02,2,12,2018,4,0,True
6912,2018-12-03,3,12,2018,4,1,False
6913,2018-12-04,4,12,2018,4,2,False
6914,2018-12-05,5,12,2018,4,3,False
6915,2018-12-06,6,12,2018,4,4,False
6916,2018-12-07,7,12,2018,4,5,False
6917,2018-12-08,8,12,2018,4,6,True
6918,2018-12-09,9,12,2018,4,0,True
6919,2018-12-10,10,12,2018,4,1,False
6920,2018-12-11,11,12,2018,4,2,False
6921,2018-12-12,12,12,2018,4,3,False
6922,2018-12-13,13,12,2018,4,4,False
6923,2018-12-14,14,12,2018,4,5,False
6924,2018-12-15,15,12,2018,4,6,True
6925,2018-12-16,16,12,2018,4,0,True
6926,2018-12-17,17,12,2018,4,1,False
6927,2018-12-18,18,12,2018,4,2,False
6928,2018-12-19,19,12,2018,4,3,False
6929,2018-12-20,20,12,2018,4,4,False
6930,2018-12-21,21,12,2018,4,5,False
6931,2018-12-22,22,12,2018,4,6,True
6932,2018-12-23,23,12,2018,4,0,True
6933,2018-12-24,24,12,2018,4,1,False
6934,2018-12-25,25,12,2018,4,2,False
6935,2018-12-26,26,12,2018,4,3,False
6936,2018-12-27,27,12,2018,4,4,False
6937,2018-12-28,28,12,2018,4,5,False
6938,2018-12-29,29,12,2018,4,6,True
6939,2018-12-30,30,12,2018,4,0,True
6940,2018-12-31,31,12,2018,4,1,False
6941,2019-01-01,1,1,2019,1,2,False
6942,2019-01-02,2,1,2019,1,3,False
6943,2019-01-03,3,1,2019,1,4,False
6944,2019-01-04,4,1,2019,1,5,False
6945,2019-01-05,5,1,2019,1,6,True
6946,2019-01-06,6,1,2019,1,0,True
6947,2019-01-07,7,1,2019,1,1,False
6948,2019-01-08,8,1,2019,1,2,False
6949,2019-01-09,9,1,2019,1,3,False
6950,2019-01-10,10,1,2019,1,4,False
6951,2019-01-11,11,1,2019,1,5,False
6952,2019-01-12,12,1,2019,1,6,True
6953,2019-01-13,13,1,2019,1,0,True
6954,2019-01-14,14,1,2019,1,1,False
6955,2019-01-15,15,1,2019,1,2,False
6956,2019-01-16,16,1,2019,1,3,False
6957,2019-01-17,17,1,2019,1,4,False
6958,2019-01-18,18,1,2019,1,5,False
6959,2019-01-19,19,1,2019,1,6,True
6960,2019-01-20,20,1,2019,1,0,True
6961,2019-01-21,21,1,2019,1,1,False
6962,2019-01-22,22,1,2019,1,2,False
6963,2019-01-23,23,1,2019,1,3,False
6964,2019-01-24,24,1,2019,1,4,False
6965,2019-01-25,25,1,2019,1,5,False
6966,2019-01-26,26,1,2019,1,6,True
6967,2019-01-27,27,1,2019,1,0,True
6968,2019-01-28,28,1,2019,1,1,False
6969,2019-01-29,29,1,2019,1,2,False
6970,2019-01-30,30,1,2019,1,3,False
6971,2019-01-31,31,1,2019,1,4,False
6972,2019-02-01,1,2,2019,1,5,False
6973,2019-02-02,2,2,2019,1,6,True
6974,2019-02-03,3,2,2019,1,0,True
6975,2019-02-04,4,2,2019,1,1,False
6976,2019-02-05,5,2,2019,1,2,False
6977,2019-02-06,6,2,2019,1,3,False
6978,2019-02-07,7,2,2019,1,4,False
6979,2019-02-08,8,2,2019,1,5,False
6980,2019-02-09,9,2,2019,1,6,True
6981,2019-02-10,10,2,2019,1,0,True
6982,2019-02-11,11,2,2019,1,1,False
6983,2019-02-12,12,2,2019,1,2,False
6984,2019-02-13,13,2,2019,1,3,False
6985,2019-02-14,14,2,2019,1,4,False
6986,2019-02-15,15,2,2019,1,5,False
6987,2019-02-16,16,2,2019,1,6,True
6988,2019-02-17,17,2,2019,1,0,True
6989,2019-02-18,18,2,2019,1,1,False
6990,2019-02-19,19,2,2019,1,2,False
6991,2019-02-20,20,2,2019,1,3,False
6992,2019-02-21,21,2,2019,1,4,False
6993,2019-02-22,22,2,2019,1,5,False
6994,2019-02-23,23,2,2019,1,6,True
6995,2019-02-24,24,2,2019,1,0,True
6996,2019-02-25,25,2,2019,1,1,False
6997,2019-02-26,26,2,2019,1,2,False
6998,2019-02-27,27,2,2019,1,3,False
6999,2019-02-28,28,2,2019,1,4,False
7000,2019-03-01,1,3,2019,1,5,False
7001,2019-03-02,2,3,2019,1,6,True
7002,2019-03-03,3,3,2019,1,0,True
7003,2019-03-04,4,3,2019,1,1,False
7004,2019-03-05,5,3,2019,1,2,False
7005,2019-03-06,6,3,2019,1,3,False
7006,2019-03-07,7,3,2019,1,4,False
7007,2019-03-08,8,3,2019,1,5,False
7008,2019-03-09,9,3,2019,1,6,True
7009,2019-03-10,10,3,2019,1,0,True
7010,2019-03-11,11,3,2019,1,1,False
7011,2019-03-12,12,3,2019,1,2,False
7012,2019-03-13,13,3,2019,1,3,False
7013,2019-03-14,14,3,2019,1,4,False
7014,2019-03-15,15,3,2019,1,5,False
7015,2019-03-16,16,3,2019,1,6,True
7016,2019-03-17,17,3,2019,1,0,True
7017,2019-03-18,18,3,2019,1,1,False
7018,2019-03-19,19,3,2019,1,2,False
7019,2019-03-20,20,3,2019,1,3,False
7020,2019-03-21,21,3,2019,1,4,False
7021,2019-03-22,22,3,2019,1,5,False
7022,2019-03-23,23,3,2019,1,6,True
7023,2019-03-24,24,3,2019,1,0,True
7024,2019-03-25,25,3,2019,1,1,False
7025,2019-03-26,26,3,2019,1,2,False
7026,2019-03-27,27,3,2019,1,3,False
7027,2019-03-28,28,3,2019,1,4,False
7028,2019-03-29,29,3,2019,1,5,False
7029,2019-03-30,30,3,2019,1,6,True
7030,2019-03-31,31,3,2019,1,0,True
7031,2019-04-01,1,4,2019,2,1,False
7032,2019-04-02,2,4,2019,2,2,False
7033,2019-04-03,3,4,2019,2,3,False
7034,2019-04-04,4,4,2019,2,4,False
7035,2019-04-05,5,4,2019,2,5,False
7036,2019-04-06,6,4,2019,2,6,True
7037,2019-04-07,7,4,2019,2,0,True
7038,2019-04-08,8,4,2019,2,1,False
7039,2019-04-09,9,4,2019,2,2,False
7040,2019-04-10,10,4,2019,2,3,False
7041,2019-04-11,11,4,2019,2,4,False
7042,2019-04-12,12,4,2019,2,5,False
7043,2019-04-13,13,4,2019,2,6,True
7044,2019-04-14,14,4,2019,2,0,True
7045,2019-04-15,15,4,2019,2,1,False
7046,2019-04-16,16,4,2019,2,2,False
7047,2019-04-17,17,4,2019,2,3,False
7048,2019-04-18,18,4,2019,2,4,False
7049,2019-04-19,19,4,2019,2,5,False
7050,2019-04-20,20,4,2019,2,6,True
7051,2019-04-21,21,4,2019,2,0,True
7052,2019-04-22,22,4,2019,2,1,False
7053,2019-04-23,23,4,2019,2,2,False
7054,2019-04-24,24,4,2019,2,3,False
7055,2019-04-25,25,4,2019,2,4,False
7056,2019-04-26,26,4,2019,2,5,False
7057,2019-04-27,27,4,2019,2,6,True
7058,2019-04-28,28,4,2019,2,0,True
7059,2019-04-29,29,4,2019,2,1,False
7060,2019-04-30,30,4,2019,2,2,False
7061,2019-05-01,1,5,2019,2,3,False
7062,2019-05-02,2,5,2019,2,4,False
7063,2019-05-03,3,5,2019,2,5,False
7064,2019-05-04,4,5,2019,2,6,True
7065,2019-05-05,5,5,2019,2,0,True
7066,2019-05-06,6,5,2019,2,1,False
7067,2019-05-07,7,5,2019,2,2,False
7068,2019-05-08,8,5,2019,2,3,False
7069,2019-05-09,9,5,2019,2,4,False
7070,2019-05-10,10,5,2019,2,5,False
7071,2019-05-11,11,5,2019,2,6,True
7072,2019-05-12,12,5,2019,2,0,True
7073,2019-05-13,13,5,2019,2,1,False
7074,2019-05-14,14,5,2019,2,2,False
7075,2019-05-15,15,5,2019,2,3,False
7076,2019-05-16,16,5,2019,2,4,False
7077,2019-05-17,17,5,2019,2,5,False
7078,2019-05-18,18,5,2019,2,6,True
7079,2019-05-19,19,5,2019,2,0,True
7080,2019-05-20,20,5,2019,2,1,False
7081,2019-05-21,21,5,2019,2,2,False
7082,2019-05-22,22,5,2019,2,3,False
7083,2019-05-23,23,5,2019,2,4,False
7084,2019-05-24,24,5,2019,2,5,False
7085,2019-05-25,25,5,2019,2,6,True
7086,2019-05-26,26,5,2019,2,0,True
7087,2019-05-27,27,5,2019,2,1,False
7088,2019-05-28,28,5,2019,2,2,False
7089,2019-05-29,29,5,2019,2,3,False
7090,2019-05-30,30,5,2019,2,4,False
7091,2019-05-31,31,5,2019,2,5,False
7092,2019-06-01,1,6,2019,2,6,True
7093,2019-06-02,2,6,2019,2,0,True
7094,2019-06-03,3,6,2019,2,1,False
7095,2019-06-04,4,6,2019,2,2,False
7096,2019-06-05,5,6,2019,2,3,False
7097,2019-06-06,6,6,2019,2,4,False
7098,2019-06-07,7,6,2019,2,5,False
7099,2019-06-08,8,6,2019,2,6,True
7100,2019-06-09,9,6,2019,2,0,True
7101,2019-06-10,10,6,2019,2,1,False
7102,2019-06-11,11,6,2019,2,2,False
7103,2019-06-12,12,6,2019,2,3,False
7104,2019-06-13,13,6,2019,2,4,False
7105,2019-06-14,14,6,2019,2,5,False
7106,2019-06-15,15,6,2019,2,6,True
7107,2019-06-16,16,6,2019,2,0,True
7108,2019-06-17,17,6,2019,2,1,False
7109,2019-06-18,18,6,2019,2,2,False
7110,2019-06-19,19,6,2019,2,3,False
7111,2019-06-20,20,6,2019,2,4,False
7112,2019-06-21,21,6,2019,2,5,False
7113,2019-06-22,22,6,2019,2,6,True
7114,2019-06-23,23,6,2019,2,0,True
7115,2019-06-24,24,6,2019,2,1,False
7116,2019-06-25,25,6,2019,2,2,False
7117,2019-06-26,26,6,2019,2,3,False
7118,2019-06-27,27,6,2019,2,4,False
7119,2019-06-28,28,6,2019,2,5,False
7120,2019-06-29,29,6,2019,2,6,True
7121,2019-06-30,30,6,2019,2,0,True
7122,2019-07-01,1,7,2019,3,1,False
7123,2019-07-02,2,7,2019,3,2,False
7124,2019-07-03,3,7,2019,3,3,False
7125,2019-07-04,4,7,2019,3,4,False
7126,2019-07-05,5,7,2019,3,5,False
7127,2019-07-06,6,7,2019,3,6,True
7128,2019-07-07,7,7,2019,3,0,True
7129,2019-07-08,8,7,2019,3,1,False
7130,2019-07-09,9,7,2019,3,2,False
7131,2019-07-10,10,7,2019,3,3,False
7132,2019-07-11,11,7,2019,3,4,False
7133,2019-07-12,12,7,2019,3,5,False
7134,2019-07-13,13,7,2019,3,6,True
7135,2019-07-14,14,7,2019,3,0,True
7136,2019-07-15,15,7,2019,3,1,False
7137,2019-07-16,16,7,2019,3,2,False
7138,2019-07-17,17,7,2019,3,3,False
7139,2019-07-18,18,7,2019,3,4,False
7140,2019-07-19,19,7,2019,3,5,False
7141,2019-07-20,20,7,2019,3,6,True
7142,2019-07-21,21,7,2019,3,0,True
7143,2019-07-22,22,7,2019,3,1,False
7144,2019-07-23,23,7,2019,3,2,False
7145,2019-07-24,24,7,2019,3,3,False
7146,2019-07-25,25,7,2019,3,4,False
7147,2019-07-26,26,7,2019,3,5,False
7148,2019-07-27,27,7,2019,3,6,True
7149,2019-07-28,28,7,2019,3,0,True
7150,2019-07-29,29,7,2019,3,1,False
7151,2019-07-30,30,7,2019,3,2,False
7152,2019-07-31,31,7,2019,3,3,False
7153,2019-08-01,1,8,2019,3,4,False
7154,2019-08-02,2,8,2019,3,5,False
7155,2019-08-03,3,8,2019,3,6,True
7156,2019-08-04,4,8,2019,3,0,True
7157,2019-08-05,5,8,2019,3,1,False
7158,2019-08-06,6,8,2019,3,2,False
7159,2019-08-07,7,8,2019,3,3,False
7160,2019-08-08,8,8,2019,3,4,False
7161,2019-08-09,9,8,2019,3,5,False
7162,2019-08-10,10,8,2019,3,6,True
7163,2019-08-11,11,8,2019,3,0,True
7164,2019-08-12,12,8,2019,3,1,False
7165,2019-08-13,13,8,2019,3,2,False
7166,2019-08-14,14,8,2019,3,3,False
7167,2019-08-15,15,8,2019,3,4,False
7168,2019-08-16,16,8,2019,3,5,False
7169,2019-08-17,17,8,2019,3,6,True
7170,2019-08-18,18,8,2019,3,0,True
7171,2019-08-19,19,8,2019,3,1,False
7172,2019-08-20,20,8,2019,3,2,False
7173,2019-08-21,21,8,2019,3,3,False
7174,2019-08-22,22,8,2019,3,4,False
7175,2019-08-23,23,8,2019,3,5,False
7176,2019-08-24,24,8,2019,3,6,True
7177,2019-08-25,25,8,2019,3,0,True
7178,2019-08-26,26,8,2019,3,1,False
7179,2019-08-27,27,8,2019,3,2,False
7180,2019-08-28,28,8,2019,3,3,False
7181,2019-08-29,29,8,2019,3,4,False
7182,2019-08-30,30,8,2019,3,5,False
7183,2019-08-31,31,8,2019,3,6,True
7184,2019-09-01,1,9,2019,3,0,True
7185,2019-09-02,2,9,2019,3,1,False
7186,2019-09-03,3,9,2019,3,2,False
7187,2019-09-04,4,9,2019,3,3,False
7188,2019-09-05,5,9,2019,3,4,False
7189,2019-09-06,6,9,2019,3,5,False
7190,2019-09-07,7,9,2019,3,6,True
7191,2019-09-08,8,9,2019,3,0,True
7192,2019-09-09,9,9,2019,3,1,False
7193,2019-09-10,10,9,2019,3,2,False
7194,2019-09-11,11,9,2019,3,3,False
7195,2019-09-12,12,9,2019,3,4,False
7196,2019-09-13,13,9,2019,3,5,False
7197,2019-09-14,14,9,2019,3,6,True
7198,2019-09-15,15,9,2019,3,0,True
7199,2019-09-16,16,9,2019,3,1,False
7200,2019-09-17,17,9,2019,3,2,False
7201,2019-09-18,18,9,2019,3,3,False
7202,2019-09-19,19,9,2019,3,4,False
7203,2019-09-20,20,9,2019,3,5,False
7204,2019-09-21,21,9,2019,3,6,True
7205,2019-09-22,22,9,2019,3,0,True
7206,2019-09-23,23,9,2019,3,1,False
7207,2019-09-24,24,9,2019,3,2,False
7208,2019-09-25,25,9,2019,3,3,False
7209,2019-09-26,26,9,2019,3,4,False
7210,2019-09-27,27,9,2019,3,5,False
7211,2019-09-28,28,9,2019,3,6,True
7212,2019-09-29,29,9,2019,3,0,True
7213,2019-09-30,30,9,2019,3,1,False
7214,2019-10-01,1,10,2019,4,2,False
7215,2019-10-02,2,10,2019,4,3,False
7216,2019-10-03,3,10,2019,4,4,False
7217,2019-10-04,4,10,2019,4,5,False
7218,2019-10-05,5,10,2019,4,6,True
7219,2019-10-06,6,10,2019,4,0,True
7220,2019-10-07,7,10,2019,4,1,False
7221,2019-10-08,8,10,2019,4,2,False
7222,2019-10-09,9,10,2019,4,3,False
7223,2019-10-10,10,10,2019,4,4,False
7224,2019-10-11,11,10,2019,4,5,False
7225,2019-10-12,12,10,2019,4,6,True
7226,2019-10-13,13,10,2019,4,0,True
7227,2019-10-14,14,10,2019,4,1,False
7228,2019-10-15,15,10,2019,4,2,False
7229,2019-10-16,16,10,2019,4,3,False
7230,2019-10-17,17,10,2019,4,4,False
7231,2019-10-18,18,10,2019,4,5,False
7232,2019-10-19,19,10,2019,4,6,True
7233,2019-10-20,20,10,2019,4,0,True
7234,2019-10-21,21,10,2019,4,1,False
7235,2019-10-22,22,10,2019,4,2,False
7236,2019-10-23,23,10,2019,4,3,False
7237,2019-10-24,24,10,2019,4,4,False
7238,2019-10-25,25,10,2019,4,5,False
7239,2019-10-26,26,10,2019,4,6,True
7240,2019-10-27,27,10,2019,4,0,True
7241,2019-10-28,28,10,2019,4,1,False
7242,2019-10-29,29,10,2019,4,2,False
7243,2019-10-30,30,10,2019,4,3,False
7244,2019-10-31,31,10,2019,4,4,False
7245,2019-11-01,1,11,2019,4,5,False
7246,2019-11-02,2,11,2019,4,6,True
7247,2019-11-03,3,11,2019,4,0,True
7248,2019-11-04,4,11,2019,4,1,False
7249,2019-11-05,5,11,2019,4,2,False
7250,2019-11-06,6,11,2019,4,3,False
7251,2019-11-07,7,11,2019,4,4,False
7252,2019-11-08,8,11,2019,4,5,False
7253,2019-11-09,9,11,2019,4,6,True
7254,2019-11-10,10,11,2019,4,0,True
7255,2019-11-11,11,11,2019,4,1,False
7256,2019-11-12,12,11,2019,4,2,False
7257,2019-11-13,13,11,2019,4,3,False
7258,2019-11-14,14,11,2019,4,4,False
7259,2019-11-15,15,11,2019,4,5,False
7260,2019-11-16,16,11,2019,4,6,True
7261,2019-11-17,17,11,2019,4,0,True
7262,2019-11-18,18,11,2019,4,1,False
7263,2019-11-19,19,11,2019,4,2,False
7264,2019-11-20,20,11,2019,4,3,False
7265,2019-11-21,21,11,2019,4,4,False
7266,2019-11-22,22,11,2019,4,5,False
7267,2019-11-23,23,11,2019,4,6,True
7268,2019-11-24,24,11,2019,4,0,True
7269,2019-11-25,25,11,2019,4,1,False
7270,2019-11-26,26,11,2019,4,2,False
7271,2019-11-27,27,11,2019,4,3,False
7272,2019-11-28,28,11,2019,4,4,False
7273,2019-11-29,29,11,2019,4,5,False
7274,2019-11-30,30,11,2019,4,6,True
7275,2019-12-01,1,12,2019,4,0,True
7276,2019-12-02,2,12,2019,4,1,False
7277,2019-12-03,3,12,2019,4,2,False
7278,2019-12-04,4,12,2019,4,3,False
7279,2019-12-05,5,12,2019,4,4,False
7280,2019-12-06,6,12,2019,4,5,False
7281,2019-12-07,7,12,2019,4,6,True
7282,2019-12-08,8,12,2019,4,0,True
7283,2019-12-09,9,12,2019,4,1,False
7284,2019-12-10,10,12,2019,4,2,False
7285,2019-12-11,11,12,2019,4,3,False
7286,2019-12-12,12,12,2019,4,4,False
7287,2019-12-13,13,12,2019,4,5,False
7288,2019-12-14,14,12,2019,4,6,True
7289,2019-12-15,15,12,2019,4,0,True
7290,2019-12-16,16,12,2019,4,1,False
7291,2019-12-17,17,12,2019,4,2,False
7292,2019-12-18,18,12,2019,4,3,False
7293,2019-12-19,19,12,2019,4,4,False
7294,2019-12-20,20,12,2019,4,5,False
7295,2019-12-21,21,12,2019,4,6,True
7296,2019-12-22,22,12,2019,4,0,True
7297,2019-12-23,23,12,2019,4,1,False
7298,2019-12-24,24,12,2019,4,2,False
7299,2019-12-25,25,12,2019,4,3,False
7300,2019-12-26,26,12,2019,4,4,False
7301,2019-12-27,27,12,2019,4,5,False
7302,2019-12-28,28,12,2019,4,6,True
7303,2019-12-29,29,12,2019,4,0,True
7304,2019-12-30,30,12,2019,4,1,False
7305,2019-12-31,31,12,2019,4,2,False
7306,2020-01-01,1,1,2020,1,3,False
7307,2020-01-02,2,1,2020,1,4,False
7308,2020-01-03,3,1,2020,1,5,False
7309,2020-01-04,4,1,2020,1,6,True
7310,2020-01-05,5,1,2020,1,0,True
7311,2020-01-06,6,1,2020,1,1,False
7312,2020-01-07,7,1,2020,1,2,False
7313,2020-01-08,8,1,2020,1,3,False
7314,2020-01-09,9,1,2020,1,4,False
7315,2020-01-10,10,1,2020,1,5,False
7316,2020-01-11,11,1,2020,1,6,True
7317,2020-01-12,12,1,2020,1,0,True
7318,2020-01-13,13,1,2020,1,1,False
7319,2020-01-14,14,1,2020,1,2,False
7320,2020-01-15,15,1,2020,1,3,False
7321,2020-01-16,16,1,2020,1,4,False
7322,2020-01-17,17,1,2020,1,5,False
7323,2020-01-18,18,1,2020,1,6,True
7324,2020-01-19,19,1,2020,1,0,True
7325,2020-01-20,20,1,2020,1,1,False
7326,2020-01-21,21,1,2020,1,2,False
7327,2020-01-22,22,1,2020,1,3,False
7328,2020-01-23,23,1,2020,1,4,False
7329,2020-01-24,24,1,2020,1,5,False
7330,2020-01-25,25,1,2020,1,6,True
7331,2020-01-26,26,1,2020,1,0,True
7332,2020-01-27,27,1,2020,1,1,False
7333,2020-01-28,28,1,2020,1,2,False
7334,2020-01-29,29,1,2020,1,3,False
7335,2020-01-30,30,1,2020,1,4,False
7336,2020-01-31,31,1,2020,1,5,False
7337,2020-02-01,1,2,2020,1,6,True
7338,2020-02-02,2,2,2020,1,0,True
7339,2020-02-03,3,2,2020,1,1,False
7340,2020-02-04,4,2,2020,1,2,False
7341,2020-02-05,5,2,2020,1,3,False
7342,2020-02-06,6,2,2020,1,4,False
7343,2020-02-07,7,2,2020,1,5,False
7344,2020-02-08,8,2,2020,1,6,True
7345,2020-02-09,9,2,2020,1,0,True
7346,2020-02-10,10,2,2020,1,1,False
7347,2020-02-11,11,2,2020,1,2,False
7348,2020-02-12,12,2,2020,1,3,False
7349,2020-02-13,13,2,2020,1,4,False
7350,2020-02-14,14,2,2020,1,5,False
7351,2020-02-15,15,2,2020,1,6,True
7352,2020-02-16,16,2,2020,1,0,True
7353,2020-02-17,17,2,2020,1,1,False
7354,2020-02-18,18,2,2020,1,2,False
7355,2020-02-19,19,2,2020,1,3,False
7356,2020-02-20,20,2,2020,1,4,False
7357,2020-02-21,21,2,2020,1,5,False
7358,2020-02-22,22,2,2020,1,6,True
7359,2020-02-23,23,2,2020,1,0,True
7360,2020-02-24,24,2,2020,1,1,False
7361,2020-02-25,25,2,2020,1,2,False
7362,2020-02-26,26,2,2020,1,3,False
7363,2020-02-27,27,2,2020,1,4,False
7364,2020-02-28,28,2,2020,1,5,False
7365,2020-02-29,29,2,2020,1,6,True
7366,2020-03-01,1,3,2020,1,0,True
7367,2020-03-02,2,3,2020,1,1,False
7368,2020-03-03,3,3,2020,1,2,False
7369,2020-03-04,4,3,2020,1,3,False
7370,2020-03-05,5,3,2020,1,4,False
7371,2020-03-06,6,3,2020,1,5,False
7372,2020-03-07,7,3,2020,1,6,True
7373,2020-03-08,8,3,2020,1,0,True
7374,2020-03-09,9,3,2020,1,1,False
7375,2020-03-10,10,3,2020,1,2,False
7376,2020-03-11,11,3,2020,1,3,False
7377,2020-03-12,12,3,2020,1,4,False
7378,2020-03-13,13,3,2020,1,5,False
7379,2020-03-14,14,3,2020,1,6,True
7380,2020-03-15,15,3,2020,1,0,True
7381,2020-03-16,16,3,2020,1,1,False
7382,2020-03-17,17,3,2020,1,2,False
7383,2020-03-18,18,3,2020,1,3,False
7384,2020-03-19,19,3,2020,1,4,False
7385,2020-03-20,20,3,2020,1,5,False
7386,2020-03-21,21,3,2020,1,6,True
7387,2020-03-22,22,3,2020,1,0,True
7388,2020-03-23,23,3,2020,1,1,False
7389,2020-03-24,24,3,2020,1,2,False
7390,2020-03-25,25,3,2020,1,3,False
7391,2020-03-26,26,3,2020,1,4,False
7392,2020-03-27,27,3,2020,1,5,False
7393,2020-03-28,28,3,2020,1,6,True
7394,2020-03-29,29,3,2020,1,0,True
7395,2020-03-30,30,3,2020,1,1,False
7396,2020-03-31,31,3,2020,1,2,False
7397,2020-04-01,1,4,2020,2,3,False
7398,2020-04-02,2,4,2020,2,4,False
7399,2020-04-03,3,4,2020,2,5,False
7400,2020-04-04,4,4,2020,2,6,True
7401,2020-04-05,5,4,2020,2,0,True
7402,2020-04-06,6,4,2020,2,1,False
7403,2020-04-07,7,4,2020,2,2,False
7404,2020-04-08,8,4,2020,2,3,False
7405,2020-04-09,9,4,2020,2,4,False
7406,2020-04-10,10,4,2020,2,5,False
7407,2020-04-11,11,4,2020,2,6,True
7408,2020-04-12,12,4,2020,2,0,True
7409,2020-04-13,13,4,2020,2,1,False
7410,2020-04-14,14,4,2020,2,2,False
7411,2020-04-15,15,4,2020,2,3,False
7412,2020-04-16,16,4,2020,2,4,False
7413,2020-04-17,17,4,2020,2,5,False
7414,2020-04-18,18,4,2020,2,6,True
7415,2020-04-19,19,4,2020,2,0,True
7416,2020-04-20,20,4,2020,2,1,False
7417,2020-04-21,21,4,2020,2,2,False
7418,2020-04-22,22,4,2020,2,3,False
7419,2020-04-23,23,4,2020,2,4,False
7420,2020-04-24,24,4,2020,2,5,False
7421,2020-04-25,25,4,2020,2,6,True
7422,2020-04-26,26,4,2020,2,0,True
7423,2020-04-27,27,4,2020,2,1,False
7424,2020-04-28,28,4,2020,2,2,False
7425,2020-04-29,29,4,2020,2,3,False
7426,2020-04-30,30,4,2020,2,4,False
7427,2020-05-01,1,5,2020,2,5,False
7428,2020-05-02,2,5,2020,2,6,True
7429,2020-05-03,3,5,2020,2,0,True
7430,2020-05-04,4,5,2020,2,1,False
7431,2020-05-05,5,5,2020,2,2,False
7432,2020-05-06,6,5,2020,2,3,False
7433,2020-05-07,7,5,2020,2,4,False
7434,2020-05-08,8,5,2020,2,5,False
7435,2020-05-09,9,5,2020,2,6,True
7436,2020-05-10,10,5,2020,2,0,True
7437,2020-05-11,11,5,2020,2,1,False
7438,2020-05-12,12,5,2020,2,2,False
7439,2020-05-13,13,5,2020,2,3,False
7440,2020-05-14,14,5,2020,2,4,False
7441,2020-05-15,15,5,2020,2,5,False
7442,2020-05-16,16,5,2020,2,6,True
7443,2020-05-17,17,5,2020,2,0,True
7444,2020-05-18,18,5,2020,2,1,False
7445,2020-05-19,19,5,2020,2,2,False
7446,2020-05-20,20,5,2020,2,3,False
7447,2020-05-21,21,5,2020,2,4,False
7448,2020-05-22,22,5,2020,2,5,False
7449,2020-05-23,23,5,2020,2,6,True
7450,2020-05-24,24,5,2020,2,0,True
7451,2020-05-25,25,5,2020,2,1,False
7452,2020-05-26,26,5,2020,2,2,False
7453,2020-05-27,27,5,2020,2,3,False
7454,2020-05-28,28,5,2020,2,4,False
7455,2020-05-29,29,5,2020,2,5,False
7456,2020-05-30,30,5,2020,2,6,True
7457,2020-05-31,31,5,2020,2,0,True
7458,2020-06-01,1,6,2020,2,1,False
7459,2020-06-02,2,6,2020,2,2,False
7460,2020-06-03,3,6,2020,2,3,False
7461,2020-06-04,4,6,2020,2,4,False
7462,2020-06-05,5,6,2020,2,5,False
7463,2020-06-06,6,6,2020,2,6,True
7464,2020-06-07,7,6,2020,2,0,True
7465,2020-06-08,8,6,2020,2,1,False
7466,2020-06-09,9,6,2020,2,2,False
7467,2020-06-10,10,6,2020,2,3,False
7468,2020-06-11,11,6,2020,2,4,False
7469,2020-06-12,12,6,2020,2,5,False
7470,2020-06-13,13,6,2020,2,6,True
7471,2020-06-14,14,6,2020,2,0,True
7472,2020-06-15,15,6,2020,2,1,False
7473,2020-06-16,16,6,2020,2,2,False
7474,2020-06-17,17,6,2020,2,3,False
7475,2020-06-18,18,6,2020,2,4,False
7476,2020-06-19,19,6,2020,2,5,False
7477,2020-06-20,20,6,2020,2,6,True
7478,2020-06-21,21,6,2020,2,0,True
7479,2020-06-22,22,6,2020,2,1,False
7480,2020-06-23,23,6,2020,2,2,False
7481,2020-06-24,24,6,2020,2,3,False
7482,2020-06-25,25,6,2020,2,4,False
7483,2020-06-26,26,6,2020,2,5,False
7484,2020-06-27,27,6,2020,2,6,True
7485,2020-06-28,28,6,2020,2,0,True
7486,2020-06-29,29,6,2020,2,1,False
7487,2020-06-30,30,6,2020,2,2,False
7488,2020-07-01,1,7,2020,3,3,False
7489,2020-07-02,2,7,2020,3,4,False
7490,2020-07-03,3,7,2020,3,5,False
7491,2020-07-04,4,7,2020,3,6,True
7492,2020-07-05,5,7,2020,3,0,True
7493,2020-07-06,6,7,2020,3,1,False
7494,2020-07-07,7,7,2020,3,2,False
7495,2020-07-08,8,7,2020,3,3,False
7496,2020-07-09,9,7,2020,3,4,False
7497,2020-07-10,10,7,2020,3,5,False
7498,2020-07-11,11,7,2020,3,6,True
7499,2020-07-12,12,7,2020,3,0,True
7500,2020-07-13,13,7,2020,3,1,False
7501,2020-07-14,14,7,2020,3,2,False
7502,2020-07-15,15,7,2020,3,3,False
7503,2020-07-16,16,7,2020,3,4,False
7504,2020-07-17,17,7,2020,3,5,False
7505,2020-07-18,18,7,2020,3,6,True
7506,2020-07-19,19,7,2020,3,0,True
7507,2020-07-20,20,7,2020,3,1,False
7508,2020-07-21,21,7,2020,3,2,False
7509,2020-07-22,22,7,2020,3,3,False
7510,2020-07-23,23,7,2020,3,4,False
7511,2020-07-24,24,7,2020,3,5,False
7512,2020-07-25,25,7,2020,3,6,True
7513,2020-07-26,26,7,2020,3,0,True
7514,2020-07-27,27,7,2020,3,1,False
7515,2020-07-28,28,7,2020,3,2,False
7516,2020-07-29,29,7,2020,3,3,False
7517,2020-07-30,30,7,2020,3,4,False
7518,2020-07-31,31,7,2020,3,5,False
7519,2020-08-01,1,8,2020,3,6,True
7520,2020-08-02,2,8,2020,3,0,True
7521,2020-08-03,3,8,2020,3,1,False
7522,2020-08-04,4,8,2020,3,2,False
7523,2020-08-05,5,8,2020,3,3,False
7524,2020-08-06,6,8,2020,3,4,False
7525,2020-08-07,7,8,2020,3,5,False
7526,2020-08-08,8,8,2020,3,6,True
7527,2020-08-09,9,8,2020,3,0,True
7528,2020-08-10,10,8,2020,3,1,False
7529,2020-08-11,11,8,2020,3,2,False
7530,2020-08-12,12,8,2020,3,3,False
7531,2020-08-13,13,8,2020,3,4,False
7532,2020-08-14,14,8,2020,3,5,False
7533,2020-08-15,15,8,2020,3,6,True
7534,2020-08-16,16,8,2020,3,0,True
7535,2020-08-17,17,8,2020,3,1,False
7536,2020-08-18,18,8,2020,3,2,False
7537,2020-08-19,19,8,2020,3,3,False
7538,2020-08-20,20,8,2020,3,4,False
7539,2020-08-21,21,8,2020,3,5,False
7540,2020-08-22,22,8,2020,3,6,True
7541,2020-08-23,23,8,2020,3,0,True
7542,2020-08-24,24,8,2020,3,1,False
7543,2020-08-25,25,8,2020,3,2,False
7544,2020-08-26,26,8,2020,3,3,False
7545,2020-08-27,27,8,2020,3,4,False
7546,2020-08-28,28,8,2020,3,5,False
7547,2020-08-29,29,8,2020,3,6,True
7548,2020-08-30,30,8,2020,3,0,True
7549,2020-08-31,31,8,2020,3,1,False
7550,2020-09-01,1,9,2020,3,2,False
7551,2020-09-02,2,9,2020,3,3,False
7552,2020-09-03,3,9,2020,3,4,False
7553,2020-09-04,4,9,2020,3,5,False
7554,2020-09-05,5,9,2020,3,6,True
7555,2020-09-06,6,9,2020,3,0,True
7556,2020-09-07,7,9,2020,3,1,False
7557,2020-09-08,8,9,2020,3,2,False
7558,2020-09-09,9,9,2020,3,3,False
7559,2020-09-10,10,9,2020,3,4,False
7560,2020-09-11,11,9,2020,3,5,False
7561,2020-09-12,12,9,2020,3,6,True
7562,2020-09-13,13,9,2020,3,0,True
7563,2020-09-14,14,9,2020,3,1,False
7564,2020-09-15,15,9,2020,3,2,False
7565,2020-09-16,16,9,2020,3,3,False
7566,2020-09-17,17,9,2020,3,4,False
7567,2020-09-18,18,9,2020,3,5,False
7568,2020-09-19,19,9,2020,3,6,True
7569,2020-09-20,20,9,2020,3,0,True
7570,2020-09-21,21,9,2020,3,1,False
7571,2020-09-22,22,9,2020,3,2,False
7572,2020-09-23,23,9,2020,3,3,False
7573,2020-09-24,24,9,2020,3,4,False
7574,2020-09-25,25,9,2020,3,5,False
7575,2020-09-26,26,9,2020,3,6,True
7576,2020-09-27,27,9,2020,3,0,True
7577,2020-09-28,28,9,2020,3,1,False
7578,2020-09-29,29,9,2020,3,2,False
7579,2020-09-30,30,9,2020,3,3,False
7580,2020-10-01,1,10,2020,4,4,False
7581,2020-10-02,2,10,2020,4,5,False
7582,2020-10-03,3,10,2020,4,6,True
7583,2020-10-04,4,10,2020,4,0,True
7584,2020-10-05,5,10,2020,4,1,False
7585,2020-10-06,6,10,2020,4,2,False
7586,2020-10-07,7,10,2020,4,3,False
7587,2020-10-08,8,10,2020,4,4,False
7588,2020-10-09,9,10,2020,4,5,False
7589,2020-10-10,10,10,2020,4,6,True
7590,2020-10-11,11,10,2020,4,0,True
7591,2020-10-12,12,10,2020,4,1,False
7592,2020-10-13,13,10,2020,4,2,False
7593,2020-10-14,14,10,2020,4,3,False
7594,2020-10-15,15,10,2020,4,4,False
7595,2020-10-16,16,10,2020,4,5,False
7596,2020-10-17,17,10,2020,4,6,True
7597,2020-10-18,18,10,2020,4,0,True
7598,2020-10-19,19,10,2020,4,1,False
7599,2020-10-20,20,10,2020,4,2,False
7600,2020-10-21,21,10,2020,4,3,False
7601,2020-10-22,22,10,2020,4,4,False
7602,2020-10-23,23,10,2020,4,5,False
7603,2020-10-24,24,10,2020,4,6,True
7604,2020-10-25,25,10,2020,4,0,True
7605,2020-10-26,26,10,2020,4,1,False
7606,2020-10-27,27,10,2020,4,2,False
7607,2020-10-28,28,10,2020,4,3,False
7608,2020-10-29,29,10,2020,4,4,False
7609,2020-10-30,30,10,2020,4,5,False
7610,2020-10-31,31,10,2020,4,6,True
7611,2020-11-01,1,11,2020,4,0,True
7612,2020-11-02,2,11,2020,4,1,False
7613,2020-11-03,3,11,2020,4,2,False
7614,2020-11-04,4,11,2020,4,3,False
7615,2020-11-05,5,11,2020,4,4,False
7616,2020-11-06,6,11,2020,4,5,False
7617,2020-11-07,7,11,2020,4,6,True
7618,2020-11-08,8,11,2020,4,0,True
7619,2020-11-09,9,11,2020,4,1,False
7620,2020-11-10,10,11,2020,4,2,False
7621,2020-11-11,11,11,2020,4,3,False
7622,2020-11-12,12,11,2020,4,4,False
7623,2020-11-13,13,11,2020,4,5,False
7624,2020-11-14,14,11,2020,4,6,True
7625,2020-11-15,15,11,2020,4,0,True
7626,2020-11-16,16,11,2020,4,1,False
7627,2020-11-17,17,11,2020,4,2,False
7628,2020-11-18,18,11,2020,4,3,False
7629,2020-11-19,19,11,2020,4,4,False
7630,2020-11-20,20,11,2020,4,5,False
7631,2020-11-21,21,11,2020,4,6,True
7632,2020-11-22,22,11,2020,4,0,True
7633,2020-11-23,23,11,2020,4,1,False
7634,2020-11-24,24,11,2020,4,2,False
7635,2020-11-25,25,11,2020,4,3,False
7636,2020-11-26,26,11,2020,4,4,False
7637,2020-11-27,27,11,2020,4,5,False
7638,2020-11-28,28,11,2020,4,6,True
7639,2020-11-29,29,11,2020,4,0,True
7640,2020-11-30,30,11,2020,4,1,False
7641,2020-12-01,1,12,2020,4,2,False
7642,2020-12-02,2,12,2020,4,3,False
7643,2020-12-03,3,12,2020,4,4,False
7644,2020-12-04,4,12,2020,4,5,False
7645,2020-12-05,5,12,2020,4,6,True
7646,2020-12-06,6,12,2020,4,0,True
7647,2020-12-07,7,12,2020,4,1,False
7648,2020-12-08,8,12,2020,4,2,False
7649,2020-12-09,9,12,2020,4,3,False
7650,2020-12-10,10,12,2020,4,4,False
7651,2020-12-11,11,12,2020,4,5,False
7652,2020-12-12,12,12,2020,4,6,True
7653,2020-12-13,13,12,2020,4,0,True
7654,2020-12-14,14,12,2020,4,1,False
7655,2020-12-15,15,12,2020,4,2,False
7656,2020-12-16,16,12,2020,4,3,False
7657,2020-12-17,17,12,2020,4,4,False
7658,2020-12-18,18,12,2020,4,5,False
7659,2020-12-19,19,12,2020,4,6,True
7660,2020-12-20,20,12,2020,4,0,True
7661,2020-12-21,21,12,2020,4,1,False
7662,2020-12-22,22,12,2020,4,2,False
7663,2020-12-23,23,12,2020,4,3,False
7664,2020-12-24,24,12,2020,4,4,False
7665,2020-12-25,25,12,2020,4,5,False
7666,2020-12-26,26,12,2020,4,6,True
7667,2020-12-27,27,12,2020,4,0,True
7668,2020-12-28,28,12,2020,4,1,False
7669,2020-12-29,29,12,2020,4,2,False
7670,2020-12-30,30,12,2020,4,3,False
7671,2020-12-31,31,12,2020,4,4,False
7672,2021-01-01,1,1,2021,1,5,False
7673,2021-01-02,2,1,2021,1,6,True
7674,2021-01-03,3,1,2021,1,0,True
7675,2021-01-04,4,1,2021,1,1,False
7676,2021-01-05,5,1,2021,1,2,False
7677,2021-01-06,6,1,2021,1,3,False
7678,2021-01-07,7,1,2021,1,4,False
7679,2021-01-08,8,1,2021,1,5,False
7680,2021-01-09,9,1,2021,1,6,True
7681,2021-01-10,10,1,2021,1,0,True
7682,2021-01-11,11,1,2021,1,1,False
7683,2021-01-12,12,1,2021,1,2,False
7684,2021-01-13,13,1,2021,1,3,False
7685,2021-01-14,14,1,2021,1,4,False
7686,2021-01-15,15,1,2021,1,5,False
7687,2021-01-16,16,1,2021,1,6,True
7688,2021-01-17,17,1,2021,1,0,True
7689,2021-01-18,18,1,2021,1,1,False
7690,2021-01-19,19,1,2021,1,2,False
7691,2021-01-20,20,1,2021,1,3,False
7692,2021-01-21,21,1,2021,1,4,False
7693,2021-01-22,22,1,2021,1,5,False
7694,2021-01-23,23,1,2021,1,6,True
7695,2021-01-24,24,1,2021,1,0,True
7696,2021-01-25,25,1,2021,1,1,False
7697,2021-01-26,26,1,2021,1,2,False
7698,2021-01-27,27,1,2021,1,3,False
7699,2021-01-28,28,1,2021,1,4,False
7700,2021-01-29,29,1,2021,1,5,False
7701,2021-01-30,30,1,2021,1,6,True
7702,2021-01-31,31,1,2021,1,0,True
7703,2021-02-01,1,2,2021,1,1,False
7704,2021-02-02,2,2,2021,1,2,False
7705,2021-02-03,3,2,2021,1,3,False
7706,2021-02-04,4,2,2021,1,4,False
7707,2021-02-05,5,2,2021,1,5,False
7708,2021-02-06,6,2,2021,1,6,True
7709,2021-02-07,7,2,2021,1,0,True
7710,2021-02-08,8,2,2021,1,1,False
7711,2021-02-09,9,2,2021,1,2,False
7712,2021-02-10,10,2,2021,1,3,False
7713,2021-02-11,11,2,2021,1,4,False
7714,2021-02-12,12,2,2021,1,5,False
7715,2021-02-13,13,2,2021,1,6,True
7716,2021-02-14,14,2,2021,1,0,True
7717,2021-02-15,15,2,2021,1,1,False
7718,2021-02-16,16,2,2021,1,2,False
7719,2021-02-17,17,2,2021,1,3,False
7720,2021-02-18,18,2,2021,1,4,False
7721,2021-02-19,19,2,2021,1,5,False
7722,2021-02-20,20,2,2021,1,6,True
7723,2021-02-21,21,2,2021,1,0,True
7724,2021-02-22,22,2,2021,1,1,False
7725,2021-02-23,23,2,2021,1,2,False
7726,2021-02-24,24,2,2021,1,3,False
7727,2021-02-25,25,2,2021,1,4,False
7728,2021-02-26,26,2,2021,1,5,False
7729,2021-02-27,27,2,2021,1,6,True
7730,2021-02-28,28,2,2021,1,0,True
7731,2021-03-01,1,3,2021,1,1,False
7732,2021-03-02,2,3,2021,1,2,False
7733,2021-03-03,3,3,2021,1,3,False
7734,2021-03-04,4,3,2021,1,4,False
7735,2021-03-05,5,3,2021,1,5,False
7736,2021-03-06,6,3,2021,1,6,True
7737,2021-03-07,7,3,2021,1,0,True
7738,2021-03-08,8,3,2021,1,1,False
7739,2021-03-09,9,3,2021,1,2,False
7740,2021-03-10,10,3,2021,1,3,False
7741,2021-03-11,11,3,2021,1,4,False
7742,2021-03-12,12,3,2021,1,5,False
7743,2021-03-13,13,3,2021,1,6,True
7744,2021-03-14,14,3,2021,1,0,True
7745,2021-03-15,15,3,2021,1,1,False
7746,2021-03-16,16,3,2021,1,2,False
7747,2021-03-17,17,3,2021,1,3,False
7748,2021-03-18,18,3,2021,1,4,False
7749,2021-03-19,19,3,2021,1,5,False
7750,2021-03-20,20,3,2021,1,6,True
7751,2021-03-21,21,3,2021,1,0,True
7752,2021-03-22,22,3,2021,1,1,False
7753,2021-03-23,23,3,2021,1,2,False
7754,2021-03-24,24,3,2021,1,3,False
7755,2021-03-25,25,3,2021,1,4,False
7756,2021-03-26,26,3,2021,1,5,False
7757,2021-03-27,27,3,2021,1,6,True
7758,2021-03-28,28,3,2021,1,0,True
7759,2021-03-29,29,3,2021,1,1,False
7760,2021-03-30,30,3,2021,1,2,False
7761,2021-03-31,31,3,2021,1,3,False
7762,2021-04-01,1,4,2021,2,4,False
7763,2021-04-02,2,4,2021,2,5,False
7764,2021-04-03,3,4,2021,2,6,True
7765,2021-04-04,4,4,2021,2,0,True
7766,2021-04-05,5,4,2021,2,1,False
7767,2021-04-06,6,4,2021,2,2,False
7768,2021-04-07,7,4,2021,2,3,False
7769,2021-04-08,8,4,2021,2,4,False
7770,2021-04-09,9,4,2021,2,5,False
7771,2021-04-10,10,4,2021,2,6,True
7772,2021-04-11,11,4,2021,2,0,True
7773,2021-04-12,12,4,2021,2,1,False
7774,2021-04-13,13,4,2021,2,2,False
7775,2021-04-14,14,4,2021,2,3,False
7776,2021-04-15,15,4,2021,2,4,False
7777,2021-04-16,16,4,2021,2,5,False
7778,2021-04-17,17,4,2021,2,6,True
7779,2021-04-18,18,4,2021,2,0,True
7780,2021-04-19,19,4,2021,2,1,False
7781,2021-04-20,20,4,2021,2,2,False
7782,2021-04-21,21,4,2021,2,3,False
7783,2021-04-22,22,4,2021,2,4,False
7784,2021-04-23,23,4,2021,2,5,False
7785,2021-04-24,24,4,2021,2,6,True
7786,2021-04-25,25,4,2021,2,0,True
7787,2021-04-26,26,4,2021,2,1,False
7788,2021-04-27,27,4,2021,2,2,False
7789,2021-04-28,28,4,2021,2,3,False
7790,2021-04-29,29,4,2021,2,4,False
7791,2021-04-30,30,4,2021,2,5,False
7792,2021-05-01,1,5,2021,2,6,True
7793,2021-05-02,2,5,2021,2,0,True
7794,2021-05-03,3,5,2021,2,1,False
7795,2021-05-04,4,5,2021,2,2,False
7796,2021-05-05,5,5,2021,2,3,False
7797,2021-05-06,6,5,2021,2,4,False
7798,2021-05-07,7,5,2021,2,5,False
7799,2021-05-08,8,5,2021,2,6,True
7800,2021-05-09,9,5,2021,2,0,True
7801,2021-05-10,10,5,2021,2,1,False
7802,2021-05-11,11,5,2021,2,2,False
7803,2021-05-12,12,5,2021,2,3,False
7804,2021-05-13,13,5,2021,2,4,False
7805,2021-05-14,14,5,2021,2,5,False
7806,2021-05-15,15,5,2021,2,6,True
7807,2021-05-16,16,5,2021,2,0,True
7808,2021-05-17,17,5,2021,2,1,False
7809,2021-05-18,18,5,2021,2,2,False
7810,2021-05-19,19,5,2021,2,3,False
7811,2021-05-20,20,5,2021,2,4,False
7812,2021-05-21,21,5,2021,2,5,False
7813,2021-05-22,22,5,2021,2,6,True
7814,2021-05-23,23,5,2021,2,0,True
7815,2021-05-24,24,5,2021,2,1,False
7816,2021-05-25,25,5,2021,2,2,False
7817,2021-05-26,26,5,2021,2,3,False
7818,2021-05-27,27,5,2021,2,4,False
7819,2021-05-28,28,5,2021,2,5,False
7820,2021-05-29,29,5,2021,2,6,True
7821,2021-05-30,30,5,2021,2,0,True
7822,2021-05-31,31,5,2021,2,1,False
7823,2021-06-01,1,6,2021,2,2,False
7824,2021-06-02,2,6,2021,2,3,False
7825,2021-06-03,3,6,2021,2,4,False
7826,2021-06-04,4,6,2021,2,5,False
7827,2021-06-05,5,6,2021,2,6,True
7828,2021-06-06,6,6,2021,2,0,True
7829,2021-06-07,7,6,2021,2,1,False
7830,2021-06-08,8,6,2021,2,2,False
7831,2021-06-09,9,6,2021,2,3,False
7832,2021-06-10,10,6,2021,2,4,False
7833,2021-06-11,11,6,2021,2,5,False
7834,2021-06-12,12,6,2021,2,6,True
7835,2021-06-13,13,6,2021,2,0,True
7836,2021-06-14,14,6,2021,2,1,False
7837,2021-06-15,15,6,2021,2,2,False
7838,2021-06-16,16,6,2021,2,3,False
7839,2021-06-17,17,6,2021,2,4,False
7840,2021-06-18,18,6,2021,2,5,False
7841,2021-06-19,19,6,2021,2,6,True
7842,2021-06-20,20,6,2021,2,0,True
7843,2021-06-21,21,6,2021,2,1,False
7844,2021-06-22,22,6,2021,2,2,False
7845,2021-06-23,23,6,2021,2,3,False
7846,2021-06-24,24,6,2021,2,4,False
7847,2021-06-25,25,6,2021,2,5,False
7848,2021-06-26,26,6,2021,2,6,True
7849,2021-06-27,27,6,2021,2,0,True
7850,2021-06-28,28,6,2021,2,1,False
7851,2021-06-29,29,6,2021,2,2,False
7852,2021-06-30,30,6,2021,2,3,False
7853,2021-07-01,1,7,2021,3,4,False
7854,2021-07-02,2,7,2021,3,5,False
7855,2021-07-03,3,7,2021,3,6,True
7856,2021-07-04,4,7,2021,3,0,True
7857,2021-07-05,5,7,2021,3,1,False
7858,2021-07-06,6,7,2021,3,2,False
7859,2021-07-07,7,7,2021,3,3,False
7860,2021-07-08,8,7,2021,3,4,False
7861,2021-07-09,9,7,2021,3,5,False
7862,2021-07-10,10,7,2021,3,6,True
7863,2021-07-11,11,7,2021,3,0,True
7864,2021-07-12,12,7,2021,3,1,False
7865,2021-07-13,13,7,2021,3,2,False
7866,2021-07-14,14,7,2021,3,3,False
7867,2021-07-15,15,7,2021,3,4,False
7868,2021-07-16,16,7,2021,3,5,False
7869,2021-07-17,17,7,2021,3,6,True
7870,2021-07-18,18,7,2021,3,0,True
7871,2021-07-19,19,7,2021,3,1,False
7872,2021-07-20,20,7,2021,3,2,False
7873,2021-07-21,21,7,2021,3,3,False
7874,2021-07-22,22,7,2021,3,4,False
7875,2021-07-23,23,7,2021,3,5,False
7876,2021-07-24,24,7,2021,3,6,True
7877,2021-07-25,25,7,2021,3,0,True
7878,2021-07-26,26,7,2021,3,1,False
7879,2021-07-27,27,7,2021,3,2,False
7880,2021-07-28,28,7,2021,3,3,False
7881,2021-07-29,29,7,2021,3,4,False
7882,2021-07-30,30,7,2021,3,5,False
7883,2021-07-31,31,7,2021,3,6,True
7884,2021-08-01,1,8,2021,3,0,True
7885,2021-08-02,2,8,2021,3,1,False
7886,2021-08-03,3,8,2021,3,2,False
7887,2021-08-04,4,8,2021,3,3,False
7888,2021-08-05,5,8,2021,3,4,False
7889,2021-08-06,6,8,2021,3,5,False
7890,2021-08-07,7,8,2021,3,6,True
7891,2021-08-08,8,8,2021,3,0,True
7892,2021-08-09,9,8,2021,3,1,False
7893,2021-08-10,10,8,2021,3,2,False
7894,2021-08-11,11,8,2021,3,3,False
7895,2021-08-12,12,8,2021,3,4,False
7896,2021-08-13,13,8,2021,3,5,False
7897,2021-08-14,14,8,2021,3,6,True
7898,2021-08-15,15,8,2021,3,0,True
7899,2021-08-16,16,8,2021,3,1,False
7900,2021-08-17,17,8,2021,3,2,False
7901,2021-08-18,18,8,2021,3,3,False
7902,2021-08-19,19,8,2021,3,4,False
7903,2021-08-20,20,8,2021,3,5,False
7904,2021-08-21,21,8,2021,3,6,True
7905,2021-08-22,22,8,2021,3,0,True
7906,2021-08-23,23,8,2021,3,1,False
7907,2021-08-24,24,8,2021,3,2,False
7908,2021-08-25,25,8,2021,3,3,False
7909,2021-08-26,26,8,2021,3,4,False
7910,2021-08-27,27,8,2021,3,5,False
7911,2021-08-28,28,8,2021,3,6,True
7912,2021-08-29,29,8,2021,3,0,True
7913,2021-08-30,30,8,2021,3,1,False
7914,2021-08-31,31,8,2021,3,2,False
7915,2021-09-01,1,9,2021,3,3,False
7916,2021-09-02,2,9,2021,3,4,False
7917,2021-09-03,3,9,2021,3,5,False
7918,2021-09-04,4,9,2021,3,6,True
7919,2021-09-05,5,9,2021,3,0,True
7920,2021-09-06,6,9,2021,3,1,False
7921,2021-09-07,7,9,2021,3,2,False
7922,2021-09-08,8,9,2021,3,3,False
7923,2021-09-09,9,9,2021,3,4,False
7924,2021-09-10,10,9,2021,3,5,False
7925,2021-09-11,11,9,2021,3,6,True
7926,2021-09-12,12,9,2021,3,0,True
7927,2021-09-13,13,9,2021,3,1,False
7928,2021-09-14,14,9,2021,3,2,False
7929,2021-09-15,15,9,2021,3,3,False
7930,2021-09-16,16,9,2021,3,4,False
7931,2021-09-17,17,9,2021,3,5,False
7932,2021-09-18,18,9,2021,3,6,True
7933,2021-09-19,19,9,2021,3,0,True
7934,2021-09-20,20,9,2021,3,1,False
7935,2021-09-21,21,9,2021,3,2,False
7936,2021-09-22,22,9,2021,3,3,False
7937,2021-09-23,23,9,2021,3,4,False
7938,2021-09-24,24,9,2021,3,5,False
7939,2021-09-25,25,9,2021,3,6,True
7940,2021-09-26,26,9,2021,3,0,True
7941,2021-09-27,27,9,2021,3,1,False
7942,2021-09-28,28,9,2021,3,2,False
7943,2021-09-29,29,9,2021,3,3,False
7944,2021-09-30,30,9,2021,3,4,False
7945,2021-10-01,1,10,2021,4,5,False
7946,2021-10-02,2,10,2021,4,6,True
7947,2021-10-03,3,10,2021,4,0,True
7948,2021-10-04,4,10,2021,4,1,False
7949,2021-10-05,5,10,2021,4,2,False
7950,2021-10-06,6,10,2021,4,3,False
7951,2021-10-07,7,10,2021,4,4,False
7952,2021-10-08,8,10,2021,4,5,False
7953,2021-10-09,9,10,2021,4,6,True
7954,2021-10-10,10,10,2021,4,0,True
7955,2021-10-11,11,10,2021,4,1,False
7956,2021-10-12,12,10,2021,4,2,False
7957,2021-10-13,13,10,2021,4,3,False
7958,2021-10-14,14,10,2021,4,4,False
7959,2021-10-15,15,10,2021,4,5,False
7960,2021-10-16,16,10,2021,4,6,True
7961,2021-10-17,17,10,2021,4,0,True
7962,2021-10-18,18,10,2021,4,1,False
7963,2021-10-19,19,10,2021,4,2,False
7964,2021-10-20,20,10,2021,4,3,False
7965,2021-10-21,21,10,2021,4,4,False
7966,2021-10-22,22,10,2021,4,5,False
7967,2021-10-23,23,10,2021,4,6,True
7968,2021-10-24,24,10,2021,4,0,True
7969,2021-10-25,25,10,2021,4,1,False
7970,2021-10-26,26,10,2021,4,2,False
7971,2021-10-27,27,10,2021,4,3,False
7972,2021-10-28,28,10,2021,4,4,False
7973,2021-10-29,29,10,2021,4,5,False
7974,2021-10-30,30,10,2021,4,6,True
7975,2021-10-31,31,10,2021,4,0,True
7976,2021-11-01,1,11,2021,4,1,False
7977,2021-11-02,2,11,2021,4,2,False
7978,2021-11-03,3,11,2021,4,3,False
7979,2021-11-04,4,11,2021,4,4,False
7980,2021-11-05,5,11,2021,4,5,False
7981,2021-11-06,6,11,2021,4,6,True
7982,2021-11-07,7,11,2021,4,0,True
7983,2021-11-08,8,11,2021,4,1,False
7984,2021-11-09,9,11,2021,4,2,False
7985,2021-11-10,10,11,2021,4,3,False
7986,2021-11-11,11,11,2021,4,4,False
7987,2021-11-12,12,11,2021,4,5,False
7988,2021-11-13,13,11,2021,4,6,True
7989,2021-11-14,14,11,2021,4,0,True
7990,2021-11-15,15,11,2021,4,1,False
7991,2021-11-16,16,11,2021,4,2,False
7992,2021-11-17,17,11,2021,4,3,False
7993,2021-11-18,18,11,2021,4,4,False
7994,2021-11-19,19,11,2021,4,5,False
7995,2021-11-20,20,11,2021,4,6,True
7996,2021-11-21,21,11,2021,4,0,True
7997,2021-11-22,22,11,2021,4,1,False
7998,2021-11-23,23,11,2021,4,2,False
7999,2021-11-24,24,11,2021,4,3,False
8000,2021-11-25,25,11,2021,4,4,False
8001,2021-11-26,26,11,2021,4,5,False
8002,2021-11-27,27,11,2021,4,6,True
8003,2021-11-28,28,11,2021,4,0,True
8004,2021-11-29,29,11,2021,4,1,False
8005,2021-11-30,30,11,2021,4,2,False
8006,2021-12-01,1,12,2021,4,3,False
8007,2021-12-02,2,12,2021,4,4,False
8008,2021-12-03,3,12,2021,4,5,False
8009,2021-12-04,4,12,2021,4,6,True
8010,2021-12-05,5,12,2021,4,0,True
8011,2021-12-06,6,12,2021,4,1,False
8012,2021-12-07,7,12,2021,4,2,False
8013,2021-12-08,8,12,2021,4,3,False
8014,2021-12-09,9,12,2021,4,4,False
8015,2021-12-10,10,12,2021,4,5,False
8016,2021-12-11,11,12,2021,4,6,True
8017,2021-12-12,12,12,2021,4,0,True
8018,2021-12-13,13,12,2021,4,1,False
8019,2021-12-14,14,12,2021,4,2,False
8020,2021-12-15,15,12,2021,4,3,False
8021,2021-12-16,16,12,2021,4,4,False
8022,2021-12-17,17,12,2021,4,5,False
8023,2021-12-18,18,12,2021,4,6,True
8024,2021-12-19,19,12,2021,4,0,True
8025,2021-12-20,20,12,2021,4,1,False
8026,2021-12-21,21,12,2021,4,2,False
8027,2021-12-22,22,12,2021,4,3,False
8028,2021-12-23,23,12,2021,4,4,False
8029,2021-12-24,24,12,2021,4,5,False
8030,2021-12-25,25,12,2021,4,6,True
8031,2021-12-26,26,12,2021,4,0,True
8032,2021-12-27,27,12,2021,4,1,False
8033,2021-12-28,28,12,2021,4,2,False
8034,2021-12-29,29,12,2021,4,3,False
8035,2021-12-30,30,12,2021,4,4,False
8036,2021-12-31,31,12,2021,4,5,False
8037,2022-01-01,1,1,2022,1,6,True
8038,2022-01-02,2,1,2022,1,0,True
8039,2022-01-03,3,1,2022,1,1,False
8040,2022-01-04,4,1,2022,1,2,False
8041,2022-01-05,5,1,2022,1,3,False
8042,2022-01-06,6,1,2022,1,4,False
8043,2022-01-07,7,1,2022,1,5,False
8044,2022-01-08,8,1,2022,1,6,True
8045,2022-01-09,9,1,2022,1,0,True
8046,2022-01-10,10,1,2022,1,1,False
8047,2022-01-11,11,1,2022,1,2,False
8048,2022-01-12,12,1,2022,1,3,False
8049,2022-01-13,13,1,2022,1,4,False
8050,2022-01-14,14,1,2022,1,5,False
8051,2022-01-15,15,1,2022,1,6,True
8052,2022-01-16,16,1,2022,1,0,True
8053,2022-01-17,17,1,2022,1,1,False
8054,2022-01-18,18,1,2022,1,2,False
8055,2022-01-19,19,1,2022,1,3,False
8056,2022-01-20,20,1,2022,1,4,False
8057,2022-01-21,21,1,2022,1,5,False
8058,2022-01-22,22,1,2022,1,6,True
8059,2022-01-23,23,1,2022,1,0,True
8060,2022-01-24,24,1,2022,1,1,False
8061,2022-01-25,25,1,2022,1,2,False
8062,2022-01-26,26,1,2022,1,3,False
8063,2022-01-27,27,1,2022,1,4,False
8064,2022-01-28,28,1,2022,1,5,False
8065,2022-01-29,29,1,2022,1,6,True
8066,2022-01-30,30,1,2022,1,0,True
8067,2022-01-31,31,1,2022,1,1,False
8068,2022-02-01,1,2,2022,1,2,False
8069,2022-02-02,2,2,2022,1,3,False
8070,2022-02-03,3,2,2022,1,4,False
8071,2022-02-04,4,2,2022,1,5,False
8072,2022-02-05,5,2,2022,1,6,True
8073,2022-02-06,6,2,2022,1,0,True
8074,2022-02-07,7,2,2022,1,1,False
8075,2022-02-08,8,2,2022,1,2,False
8076,2022-02-09,9,2,2022,1,3,False
8077,2022-02-10,10,2,2022,1,4,False
8078,2022-02-11,11,2,2022,1,5,False
8079,2022-02-12,12,2,2022,1,6,True
8080,2022-02-13,13,2,2022,1,0,True
8081,2022-02-14,14,2,2022,1,1,False
8082,2022-02-15,15,2,2022,1,2,False
8083,2022-02-16,16,2,2022,1,3,False
8084,2022-02-17,17,2,2022,1,4,False
8085,2022-02-18,18,2,2022,1,5,False
8086,2022-02-19,19,2,2022,1,6,True
8087,2022-02-20,20,2,2022,1,0,True
8088,2022-02-21,21,2,2022,1,1,False
8089,2022-02-22,22,2,2022,1,2,False
8090,2022-02-23,23,2,2022,1,3,False
8091,2022-02-24,24,2,2022,1,4,False
8092,2022-02-25,25,2,2022,1,5,False
8093,2022-02-26,26,2,2022,1,6,True
8094,2022-02-27,27,2,2022,1,0,True
8095,2022-02-28,28,2,2022,1,1,False
8096,2022-03-01,1,3,2022,1,2,False
8097,2022-03-02,2,3,2022,1,3,False
8098,2022-03-03,3,3,2022,1,4,False
8099,2022-03-04,4,3,2022,1,5,False
8100,2022-03-05,5,3,2022,1,6,True
8101,2022-03-06,6,3,2022,1,0,True
8102,2022-03-07,7,3,2022,1,1,False
8103,2022-03-08,8,3,2022,1,2,False
8104,2022-03-09,9,3,2022,1,3,False
8105,2022-03-10,10,3,2022,1,4,False
8106,2022-03-11,11,3,2022,1,5,False
8107,2022-03-12,12,3,2022,1,6,True
8108,2022-03-13,13,3,2022,1,0,True
8109,2022-03-14,14,3,2022,1,1,False
8110,2022-03-15,15,3,2022,1,2,False
8111,2022-03-16,16,3,2022,1,3,False
8112,2022-03-17,17,3,2022,1,4,False
8113,2022-03-18,18,3,2022,1,5,False
8114,2022-03-19,19,3,2022,1,6,True
8115,2022-03-20,20,3,2022,1,0,True
8116,2022-03-21,21,3,2022,1,1,False
8117,2022-03-22,22,3,2022,1,2,False
8118,2022-03-23,23,3,2022,1,3,False
8119,2022-03-24,24,3,2022,1,4,False
8120,2022-03-25,25,3,2022,1,5,False
8121,2022-03-26,26,3,2022,1,6,True
8122,2022-03-27,27,3,2022,1,0,True
8123,2022-03-28,28,3,2022,1,1,False
8124,2022-03-29,29,3,2022,1,2,False
8125,2022-03-30,30,3,2022,1,3,False
8126,2022-03-31,31,3,2022,1,4,False
8127,2022-04-01,1,4,2022,2,5,False
8128,2022-04-02,2,4,2022,2,6,True
8129,2022-04-03,3,4,2022,2,0,True
8130,2022-04-04,4,4,2022,2,1,False
8131,2022-04-05,5,4,2022,2,2,False
8132,2022-04-06,6,4,2022,2,3,False
8133,2022-04-07,7,4,2022,2,4,False
8134,2022-04-08,8,4,2022,2,5,False
8135,2022-04-09,9,4,2022,2,6,True
8136,2022-04-10,10,4,2022,2,0,True
8137,2022-04-11,11,4,2022,2,1,False
8138,2022-04-12,12,4,2022,2,2,False
8139,2022-04-13,13,4,2022,2,3,False
8140,2022-04-14,14,4,2022,2,4,False
8141,2022-04-15,15,4,2022,2,5,False
8142,2022-04-16,16,4,2022,2,6,True
8143,2022-04-17,17,4,2022,2,0,True
8144,2022-04-18,18,4,2022,2,1,False
8145,2022-04-19,19,4,2022,2,2,False
8146,2022-04-20,20,4,2022,2,3,False
8147,2022-04-21,21,4,2022,2,4,False
8148,2022-04-22,22,4,2022,2,5,False
8149,2022-04-23,23,4,2022,2,6,True
8150,2022-04-24,24,4,2022,2,0,True
8151,2022-04-25,25,4,2022,2,1,False
8152,2022-04-26,26,4,2022,2,2,False
8153,2022-04-27,27,4,2022,2,3,False
8154,2022-04-28,28,4,2022,2,4,False
8155,2022-04-29,29,4,2022,2,5,False
8156,2022-04-30,30,4,2022,2,6,True
8157,2022-05-01,1,5,2022,2,0,True
8158,2022-05-02,2,5,2022,2,1,False
8159,2022-05-03,3,5,2022,2,2,False
8160,2022-05-04,4,5,2022,2,3,False
8161,2022-05-05,5,5,2022,2,4,False
8162,2022-05-06,6,5,2022,2,5,False
8163,2022-05-07,7,5,2022,2,6,True
8164,2022-05-08,8,5,2022,2,0,True
8165,2022-05-09,9,5,2022,2,1,False
8166,2022-05-10,10,5,2022,2,2,False
8167,2022-05-11,11,5,2022,2,3,False
8168,2022-05-12,12,5,2022,2,4,False
8169,2022-05-13,13,5,2022,2,5,False
8170,2022-05-14,14,5,2022,2,6,True
8171,2022-05-15,15,5,2022,2,0,True
8172,2022-05-16,16,5,2022,2,1,False
8173,2022-05-17,17,5,2022,2,2,False
8174,2022-05-18,18,5,2022,2,3,False
8175,2022-05-19,19,5,2022,2,4,False
8176,2022-05-20,20,5,2022,2,5,False
8177,2022-05-21,21,5,2022,2,6,True
8178,2022-05-22,22,5,2022,2,0,True
8179,2022-05-23,23,5,2022,2,1,False
8180,2022-05-24,24,5,2022,2,2,False
8181,2022-05-25,25,5,2022,2,3,False
8182,2022-05-26,26,5,2022,2,4,False
8183,2022-05-27,27,5,2022,2,5,False
8184,2022-05-28,28,5,2022,2,6,True
8185,2022-05-29,29,5,2022,2,0,True
8186,2022-05-30,30,5,2022,2,1,False
8187,2022-05-31,31,5,2022,2,2,False
8188,2022-06-01,1,6,2022,2,3,False
8189,2022-06-02,2,6,2022,2,4,False
8190,2022-06-03,3,6,2022,2,5,False
8191,2022-06-04,4,6,2022,2,6,True
8192,2022-06-05,5,6,2022,2,0,True
8193,2022-06-06,6,6,2022,2,1,False
8194,2022-06-07,7,6,2022,2,2,False
8195,2022-06-08,8,6,2022,2,3,False
8196,2022-06-09,9,6,2022,2,4,False
8197,2022-06-10,10,6,2022,2,5,False
8198,2022-06-11,11,6,2022,2,6,True
8199,2022-06-12,12,6,2022,2,0,True
8200,2022-06-13,13,6,2022,2,1,False
8201,2022-06-14,14,6,2022,2,2,False
8202,2022-06-15,15,6,2022,2,3,False
8203,2022-06-16,16,6,2022,2,4,False
8204,2022-06-17,17,6,2022,2,5,False
8205,2022-06-18,18,6,2022,2,6,True
8206,2022-06-19,19,6,2022,2,0,True
8207,2022-06-20,20,6,2022,2,1,False
8208,2022-06-21,21,6,2022,2,2,False
8209,2022-06-22,22,6,2022,2,3,False
8210,2022-06-23,23,6,2022,2,4,False
8211,2022-06-24,24,6,2022,2,5,False
8212,2022-06-25,25,6,2022,2,6,True
8213,2022-06-26,26,6,2022,2,0,True
8214,2022-06-27,27,6,2022,2,1,False
8215,2022-06-28,28,6,2022,2,2,False
8216,2022-06-29,29,6,2022,2,3,False
8217,2022-06-30,30,6,2022,2,4,False
8218,2022-07-01,1,7,2022,3,5,False
8219,2022-07-02,2,7,2022,3,6,True
8220,2022-07-03,3,7,2022,3,0,True
8221,2022-07-04,4,7,2022,3,1,False
8222,2022-07-05,5,7,2022,3,2,False
8223,2022-07-06,6,7,2022,3,3,False
8224,2022-07-07,7,7,2022,3,4,False
8225,2022-07-08,8,7,2022,3,5,False
8226,2022-07-09,9,7,2022,3,6,True
8227,2022-07-10,10,7,2022,3,0,True
8228,2022-07-11,11,7,2022,3,1,False
8229,2022-07-12,12,7,2022,3,2,False
8230,2022-07-13,13,7,2022,3,3,False
8231,2022-07-14,14,7,2022,3,4,False
8232,2022-07-15,15,7,2022,3,5,False
8233,2022-07-16,16,7,2022,3,6,True
8234,2022-07-17,17,7,2022,3,0,True
8235,2022-07-18,18,7,2022,3,1,False
8236,2022-07-19,19,7,2022,3,2,False
8237,2022-07-20,20,7,2022,3,3,False
8238,2022-07-21,21,7,2022,3,4,False
8239,2022-07-22,22,7,2022,3,5,False
8240,2022-07-23,23,7,2022,3,6,True
8241,2022-07-24,24,7,2022,3,0,True
8242,2022-07-25,25,7,2022,3,1,False
8243,2022-07-26,26,7,2022,3,2,False
8244,2022-07-27,27,7,2022,3,3,False
8245,2022-07-28,28,7,2022,3,4,False
8246,2022-07-29,29,7,2022,3,5,False
8247,2022-07-30,30,7,2022,3,6,True
8248,2022-07-31,31,7,2022,3,0,True
8249,2022-08-01,1,8,2022,3,1,False
8250,2022-08-02,2,8,2022,3,2,False
8251,2022-08-03,3,8,2022,3,3,False
8252,2022-08-04,4,8,2022,3,4,False
8253,2022-08-05,5,8,2022,3,5,False
8254,2022-08-06,6,8,2022,3,6,True
8255,2022-08-07,7,8,2022,3,0,True
8256,2022-08-08,8,8,2022,3,1,False
8257,2022-08-09,9,8,2022,3,2,False
8258,2022-08-10,10,8,2022,3,3,False
8259,2022-08-11,11,8,2022,3,4,False
8260,2022-08-12,12,8,2022,3,5,False
8261,2022-08-13,13,8,2022,3,6,True
8262,2022-08-14,14,8,2022,3,0,True
8263,2022-08-15,15,8,2022,3,1,False
8264,2022-08-16,16,8,2022,3,2,False
8265,2022-08-17,17,8,2022,3,3,False
8266,2022-08-18,18,8,2022,3,4,False
8267,2022-08-19,19,8,2022,3,5,False
8268,2022-08-20,20,8,2022,3,6,True
8269,2022-08-21,21,8,2022,3,0,True
8270,2022-08-22,22,8,2022,3,1,False
8271,2022-08-23,23,8,2022,3,2,False
8272,2022-08-24,24,8,2022,3,3,False
8273,2022-08-25,25,8,2022,3,4,False
8274,2022-08-26,26,8,2022,3,5,False
8275,2022-08-27,27,8,2022,3,6,True
8276,2022-08-28,28,8,2022,3,0,True
8277,2022-08-29,29,8,2022,3,1,False
8278,2022-08-30,30,8,2022,3,2,False
8279,2022-08-31,31,8,2022,3,3,False
8280,2022-09-01,1,9,2022,3,4,False
8281,2022-09-02,2,9,2022,3,5,False
8282,2022-09-03,3,9,2022,3,6,True
8283,2022-09-04,4,9,2022,3,0,True
8284,2022-09-05,5,9,2022,3,1,False
8285,2022-09-06,6,9,2022,3,2,False
8286,2022-09-07,7,9,2022,3,3,False
8287,2022-09-08,8,9,2022,3,4,False
8288,2022-09-09,9,9,2022,3,5,False
8289,2022-09-10,10,9,2022,3,6,True
8290,2022-09-11,11,9,2022,3,0,True
8291,2022-09-12,12,9,2022,3,1,False
8292,2022-09-13,13,9,2022,3,2,False
8293,2022-09-14,14,9,2022,3,3,False
8294,2022-09-15,15,9,2022,3,4,False
8295,2022-09-16,16,9,2022,3,5,False
8296,2022-09-17,17,9,2022,3,6,True
8297,2022-09-18,18,9,2022,3,0,True
8298,2022-09-19,19,9,2022,3,1,False
8299,2022-09-20,20,9,2022,3,2,False
8300,2022-09-21,21,9,2022,3,3,False
8301,2022-09-22,22,9,2022,3,4,False
8302,2022-09-23,23,9,2022,3,5,False
8303,2022-09-24,24,9,2022,3,6,True
8304,2022-09-25,25,9,2022,3,0,True
8305,2022-09-26,26,9,2022,3,1,False
8306,2022-09-27,27,9,2022,3,2,False
8307,2022-09-28,28,9,2022,3,3,False
8308,2022-09-29,29,9,2022,3,4,False
8309,2022-09-30,30,9,2022,3,5,False
8310,2022-10-01,1,10,2022,4,6,True
8311,2022-10-02,2,10,2022,4,0,True
8312,2022-10-03,3,10,2022,4,1,False
8313,2022-10-04,4,10,2022,4,2,False
8314,2022-10-05,5,10,2022,4,3,False
8315,2022-10-06,6,10,2022,4,4,False
8316,2022-10-07,7,10,2022,4,5,False
8317,2022-10-08,8,10,2022,4,6,True
8318,2022-10-09,9,10,2022,4,0,True
8319,2022-10-10,10,10,2022,4,1,False
8320,2022-10-11,11,10,2022,4,2,False
8321,2022-10-12,12,10,2022,4,3,False
8322,2022-10-13,13,10,2022,4,4,False
8323,2022-10-14,14,10,2022,4,5,False
8324,2022-10-15,15,10,2022,4,6,True
8325,2022-10-16,16,10,2022,4,0,True
8326,2022-10-17,17,10,2022,4,1,False
8327,2022-10-18,18,10,2022,4,2,False
8328,2022-10-19,19,10,2022,4,3,False
8329,2022-10-20,20,10,2022,4,4,False
8330,2022-10-21,21,10,2022,4,5,False
8331,2022-10-22,22,10,2022,4,6,True
8332,2022-10-23,23,10,2022,4,0,True
8333,2022-10-24,24,10,2022,4,1,False
8334,2022-10-25,25,10,2022,4,2,False
8335,2022-10-26,26,10,2022,4,3,False
8336,2022-10-27,27,10,2022,4,4,False
8337,2022-10-28,28,10,2022,4,5,False
8338,2022-10-29,29,10,2022,4,6,True
8339,2022-10-30,30,10,2022,4,0,True
8340,2022-10-31,31,10,2022,4,1,False
8341,2022-11-01,1,11,2022,4,2,False
8342,2022-11-02,2,11,2022,4,3,False
8343,2022-11-03,3,11,2022,4,4,False
8344,2022-11-04,4,11,2022,4,5,False
8345,2022-11-05,5,11,2022,4,6,True
8346,2022-11-06,6,11,2022,4,0,True
8347,2022-11-07,7,11,2022,4,1,False
8348,2022-11-08,8,11,2022,4,2,False
8349,2022-11-09,9,11,2022,4,3,False
8350,2022-11-10,10,11,2022,4,4,False
8351,2022-11-11,11,11,2022,4,5,False
8352,2022-11-12,12,11,2022,4,6,True
8353,2022-11-13,13,11,2022,4,0,True
8354,2022-11-14,14,11,2022,4,1,False
8355,2022-11-15,15,11,2022,4,2,False
8356,2022-11-16,16,11,2022,4,3,False
8357,2022-11-17,17,11,2022,4,4,False
8358,2022-11-18,18,11,2022,4,5,False
8359,2022-11-19,19,11,2022,4,6,True
8360,2022-11-20,20,11,2022,4,0,True
8361,2022-11-21,21,11,2022,4,1,False
8362,2022-11-22,22,11,2022,4,2,False
8363,2022-11-23,23,11,2022,4,3,False
8364,2022-11-24,24,11,2022,4,4,False
8365,2022-11-25,25,11,2022,4,5,False
8366,2022-11-26,26,11,2022,4,6,True
8367,2022-11-27,27,11,2022,4,0,True
8368,2022-11-28,28,11,2022,4,1,False
8369,2022-11-29,29,11,2022,4,2,False
8370,2022-11-30,30,11,2022,4,3,False
8371,2022-12-01,1,12,2022,4,4,False
8372,2022-12-02,2,12,2022,4,5,False
8373,2022-12-03,3,12,2022,4,6,True
8374,2022-12-04,4,12,2022,4,0,True
8375,2022-12-05,5,12,2022,4,1,False
8376,2022-12-06,6,12,2022,4,2,False
8377,2022-12-07,7,12,2022,4,3,False
8378,2022-12-08,8,12,2022,4,4,False
8379,2022-12-09,9,12,2022,4,5,False
8380,2022-12-10,10,12,2022,4,6,True
8381,2022-12-11,11,12,2022,4,0,True
8382,2022-12-12,12,12,2022,4,1,False
8383,2022-12-13,13,12,2022,4,2,False
8384,2022-12-14,14,12,2022,4,3,False
8385,2022-12-15,15,12,2022,4,4,False
8386,2022-12-16,16,12,2022,4,5,False
8387,2022-12-17,17,12,2022,4,6,True
8388,2022-12-18,18,12,2022,4,0,True
8389,2022-12-19,19,12,2022,4,1,False
8390,2022-12-20,20,12,2022,4,2,False
8391,2022-12-21,21,12,2022,4,3,False
8392,2022-12-22,22,12,2022,4,4,False
8393,2022-12-23,23,12,2022,4,5,False
8394,2022-12-24,24,12,2022,4,6,True
8395,2022-12-25,25,12,2022,4,0,True
8396,2022-12-26,26,12,2022,4,1,False
8397,2022-12-27,27,12,2022,4,2,False
8398,2022-12-28,28,12,2022,4,3,False
8399,2022-12-29,29,12,2022,4,4,False
8400,2022-12-30,30,12,2022,4,5,False
8401,2022-12-31,31,12,2022,4,6,True
8402,2023-01-01,1,1,2023,1,0,True
8403,2023-01-02,2,1,2023,1,1,False
8404,2023-01-03,3,1,2023,1,2,False
8405,2023-01-04,4,1,2023,1,3,False
8406,2023-01-05,5,1,2023,1,4,False
8407,2023-01-06,6,1,2023,1,5,False
8408,2023-01-07,7,1,2023,1,6,True
8409,2023-01-08,8,1,2023,1,0,True
8410,2023-01-09,9,1,2023,1,1,False
8411,2023-01-10,10,1,2023,1,2,False
8412,2023-01-11,11,1,2023,1,3,False
8413,2023-01-12,12,1,2023,1,4,False
8414,2023-01-13,13,1,2023,1,5,False
8415,2023-01-14,14,1,2023,1,6,True
8416,2023-01-15,15,1,2023,1,0,True
8417,2023-01-16,16,1,2023,1,1,False
8418,2023-01-17,17,1,2023,1,2,False
8419,2023-01-18,18,1,2023,1,3,False
8420,2023-01-19,19,1,2023,1,4,False
8421,2023-01-20,20,1,2023,1,5,False
8422,2023-01-21,21,1,2023,1,6,True
8423,2023-01-22,22,1,2023,1,0,True
8424,2023-01-23,23,1,2023,1,1,False
8425,2023-01-24,24,1,2023,1,2,False
8426,2023-01-25,25,1,2023,1,3,False
8427,2023-01-26,26,1,2023,1,4,False
8428,2023-01-27,27,1,2023,1,5,False
8429,2023-01-28,28,1,2023,1,6,True
8430,2023-01-29,29,1,2023,1,0,True
8431,2023-01-30,30,1,2023,1,1,False
8432,2023-01-31,31,1,2023,1,2,False
8433,2023-02-01,1,2,2023,1,3,False
8434,2023-02-02,2,2,2023,1,4,False
8435,2023-02-03,3,2,2023,1,5,False
8436,2023-02-04,4,2,2023,1,6,True
8437,2023-02-05,5,2,2023,1,0,True
8438,2023-02-06,6,2,2023,1,1,False
8439,2023-02-07,7,2,2023,1,2,False
8440,2023-02-08,8,2,2023,1,3,False
8441,2023-02-09,9,2,2023,1,4,False
8442,2023-02-10,10,2,2023,1,5,False
8443,2023-02-11,11,2,2023,1,6,True
8444,2023-02-12,12,2,2023,1,0,True
8445,2023-02-13,13,2,2023,1,1,False
8446,2023-02-14,14,2,2023,1,2,False
8447,2023-02-15,15,2,2023,1,3,False
8448,2023-02-16,16,2,2023,1,4,False
8449,2023-02-17,17,2,2023,1,5,False
8450,2023-02-18,18,2,2023,1,6,True
8451,2023-02-19,19,2,2023,1,0,True
8452,2023-02-20,20,2,2023,1,1,False
8453,2023-02-21,21,2,2023,1,2,False
8454,2023-02-22,22,2,2023,1,3,False
8455,2023-02-23,23,2,2023,1,4,False
8456,2023-02-24,24,2,2023,1,5,False
8457,2023-02-25,25,2,2023,1,6,True
8458,2023-02-26,26,2,2023,1,0,True
8459,2023-02-27,27,2,2023,1,1,False
8460,2023-02-28,28,2,2023,1,2,False
8461,2023-03-01,1,3,2023,1,3,False
8462,2023-03-02,2,3,2023,1,4,False
8463,2023-03-03,3,3,2023,1,5,False
8464,2023-03-04,4,3,2023,1,6,True
8465,2023-03-05,5,3,2023,1,0,True
8466,2023-03-06,6,3,2023,1,1,False
8467,2023-03-07,7,3,2023,1,2,False
8468,2023-03-08,8,3,2023,1,3,False
8469,2023-03-09,9,3,2023,1,4,False
8470,2023-03-10,10,3,2023,1,5,False
8471,2023-03-11,11,3,2023,1,6,True
8472,2023-03-12,12,3,2023,1,0,True
8473,2023-03-13,13,3,2023,1,1,False
8474,2023-03-14,14,3,2023,1,2,False
8475,2023-03-15,15,3,2023,1,3,False
8476,2023-03-16,16,3,2023,1,4,False
8477,2023-03-17,17,3,2023,1,5,False
8478,2023-03-18,18,3,2023,1,6,True
8479,2023-03-19,19,3,2023,1,0,True
8480,2023-03-20,20,3,2023,1,1,False
8481,2023-03-21,21,3,2023,1,2,False
8482,2023-03-22,22,3,2023,1,3,False
8483,2023-03-23,23,3,2023,1,4,False
8484,2023-03-24,24,3,2023,1,5,False
8485,2023-03-25,25,3,2023,1,6,True
8486,2023-03-26,26,3,2023,1,0,True
8487,2023-03-27,27,3,2023,1,1,False
8488,2023-03-28,28,3,2023,1,2,False
8489,2023-03-29,29,3,2023,1,3,False
8490,2023-03-30,30,3,2023,1,4,False
8491,2023-03-31,31,3,2023,1,5,False
8492,2023-04-01,1,4,2023,2,6,True
8493,2023-04-02,2,4,2023,2,0,True
8494,2023-04-03,3,4,2023,2,1,False
8495,2023-04-04,4,4,2023,2,2,False
8496,2023-04-05,5,4,2023,2,3,False
8497,2023-04-06,6,4,2023,2,4,False
8498,2023-04-07,7,4,2023,2,5,False
8499,2023-04-08,8,4,2023,2,6,True
8500,2023-04-09,9,4,2023,2,0,True
8501,2023-04-10,10,4,2023,2,1,False
8502,2023-04-11,11,4,2023,2,2,False
8503,2023-04-12,12,4,2023,2,3,False
8504,2023-04-13,13,4,2023,2,4,False
8505,2023-04-14,14,4,2023,2,5,False
8506,2023-04-15,15,4,2023,2,6,True
8507,2023-04-16,16,4,2023,2,0,True
8508,2023-04-17,17,4,2023,2,1,False
8509,2023-04-18,18,4,2023,2,2,False
8510,2023-04-19,19,4,2023,2,3,False
8511,2023-04-20,20,4,2023,2,4,False
8512,2023-04-21,21,4,2023,2,5,False
8513,2023-04-22,22,4,2023,2,6,True
8514,2023-04-23,23,4,2023,2,0,True
8515,2023-04-24,24,4,2023,2,1,False
8516,2023-04-25,25,4,2023,2,2,False
8517,2023-04-26,26,4,2023,2,3,False
8518,2023-04-27,27,4,2023,2,4,False
8519,2023-04-28,28,4,2023,2,5,False
8520,2023-04-29,29,4,2023,2,6,True
8521,2023-04-30,30,4,2023,2,0,True
8522,2023-05-01,1,5,2023,2,1,False
8523,2023-05-02,2,5,2023,2,2,False
8524,2023-05-03,3,5,2023,2,3,False
8525,2023-05-04,4,5,2023,2,4,False
8526,2023-05-05,5,5,2023,2,5,False
8527,2023-05-06,6,5,2023,2,6,True
8528,2023-05-07,7,5,2023,2,0,True
8529,2023-05-08,8,5,2023,2,1,False
8530,2023-05-09,9,5,2023,2,2,False
8531,2023-05-10,10,5,2023,2,3,False
8532,2023-05-11,11,5,2023,2,4,False
8533,2023-05-12,12,5,2023,2,5,False
8534,2023-05-13,13,5,2023,2,6,True
8535,2023-05-14,14,5,2023,2,0,True
8536,2023-05-15,15,5,2023,2,1,False
8537,2023-05-16,16,5,2023,2,2,False
8538,2023-05-17,17,5,2023,2,3,False
8539,2023-05-18,18,5,2023,2,4,False
8540,2023-05-19,19,5,2023,2,5,False
8541,2023-05-20,20,5,2023,2,6,True
8542,2023-05-21,21,5,2023,2,0,True
8543,2023-05-22,22,5,2023,2,1,False
8544,2023-05-23,23,5,2023,2,2,False
8545,2023-05-24,24,5,2023,2,3,False
8546,2023-05-25,25,5,2023,2,4,False
8547,2023-05-26,26,5,2023,2,5,False
8548,2023-05-27,27,5,2023,2,6,True
8549,2023-05-28,28,5,2023,2,0,True
8550,2023-05-29,29,5,2023,2,1,False
8551,2023-05-30,30,5,2023,2,2,False
8552,2023-05-31,31,5,2023,2,3,False
8553,2023-06-01,1,6,2023,2,4,False
8554,2023-06-02,2,6,2023,2,5,False
8555,2023-06-03,3,6,2023,2,6,True
8556,2023-06-04,4,6,2023,2,0,True
8557,2023-06-05,5,6,2023,2,1,False
8558,2023-06-06,6,6,2023,2,2,False
8559,2023-06-07,7,6,2023,2,3,False
8560,2023-06-08,8,6,2023,2,4,False
8561,2023-06-09,9,6,2023,2,5,False
8562,2023-06-10,10,6,2023,2,6,True
8563,2023-06-11,11,6,2023,2,0,True
8564,2023-06-12,12,6,2023,2,1,False
8565,2023-06-13,13,6,2023,2,2,False
8566,2023-06-14,14,6,2023,2,3,False
8567,2023-06-15,15,6,2023,2,4,False
8568,2023-06-16,16,6,2023,2,5,False
8569,2023-06-17,17,6,2023,2,6,True
8570,2023-06-18,18,6,2023,2,0,True
8571,2023-06-19,19,6,2023,2,1,False
8572,2023-06-20,20,6,2023,2,2,False
8573,2023-06-21,21,6,2023,2,3,False
8574,2023-06-22,22,6,2023,2,4,False
8575,2023-06-23,23,6,2023,2,5,False
8576,2023-06-24,24,6,2023,2,6,True
8577,2023-06-25,25,6,2023,2,0,True
8578,2023-06-26,26,6,2023,2,1,False
8579,2023-06-27,27,6,2023,2,2,False
8580,2023-06-28,28,6,2023,2,3,False
8581,2023-06-29,29,6,2023,2,4,False
8582,2023-06-30,30,6,2023,2,5,False
8583,2023-07-01,1,7,2023,3,6,True
8584,2023-07-02,2,7,2023,3,0,True
8585,2023-07-03,3,7,2023,3,1,False
8586,2023-07-04,4,7,2023,3,2,False
8587,2023-07-05,5,7,2023,3,3,False
8588,2023-07-06,6,7,2023,3,4,False
8589,2023-07-07,7,7,2023,3,5,False
8590,2023-07-08,8,7,2023,3,6,True
8591,2023-07-09,9,7,2023,3,0,True
8592,2023-07-10,10,7,2023,3,1,False
8593,2023-07-11,11,7,2023,3,2,False
8594,2023-07-12,12,7,2023,3,3,False
8595,2023-07-13,13,7,2023,3,4,False
8596,2023-07-14,14,7,2023,3,5,False
8597,2023-07-15,15,7,2023,3,6,True
8598,2023-07-16,16,7,2023,3,0,True
8599,2023-07-17,17,7,2023,3,1,False
8600,2023-07-18,18,7,2023,3,2,False
8601,2023-07-19,19,7,2023,3,3,False
8602,2023-07-20,20,7,2023,3,4,False
8603,2023-07-21,21,7,2023,3,5,False
8604,2023-07-22,22,7,2023,3,6,True
8605,2023-07-23,23,7,2023,3,0,True
8606,2023-07-24,24,7,2023,3,1,False
8607,2023-07-25,25,7,2023,3,2,False
8608,2023-07-26,26,7,2023,3,3,False
8609,2023-07-27,27,7,2023,3,4,False
8610,2023-07-28,28,7,2023,3,5,False
8611,2023-07-29,29,7,2023,3,6,True
8612,2023-07-30,30,7,2023,3,0,True
8613,2023-07-31,31,7,2023,3,1,False
8614,2023-08-01,1,8,2023,3,2,False
8615,2023-08-02,2,8,2023,3,3,False
8616,2023-08-03,3,8,2023,3,4,False
8617,2023-08-04,4,8,2023,3,5,False
8618,2023-08-05,5,8,2023,3,6,True
8619,2023-08-06,6,8,2023,3,0,True
8620,2023-08-07,7,8,2023,3,1,False
8621,2023-08-08,8,8,2023,3,2,False
8622,2023-08-09,9,8,2023,3,3,False
8623,2023-08-10,10,8,2023,3,4,False
8624,2023-08-11,11,8,2023,3,5,False
8625,2023-08-12,12,8,2023,3,6,True
8626,2023-08-13,13,8,2023,3,0,True
8627,2023-08-14,14,8,2023,3,1,False
8628,2023-08-15,15,8,2023,3,2,False
8629,2023-08-16,16,8,2023,3,3,False
8630,2023-08-17,17,8,2023,3,4,False
8631,2023-08-18,18,8,2023,3,5,False
8632,2023-08-19,19,8,2023,3,6,True
8633,2023-08-20,20,8,2023,3,0,True
8634,2023-08-21,21,8,2023,3,1,False
8635,2023-08-22,22,8,2023,3,2,False
8636,2023-08-23,23,8,2023,3,3,False
8637,2023-08-24,24,8,2023,3,4,False
8638,2023-08-25,25,8,2023,3,5,False
8639,2023-08-26,26,8,2023,3,6,True
8640,2023-08-27,27,8,2023,3,0,True
8641,2023-08-28,28,8,2023,3,1,False
8642,2023-08-29,29,8,2023,3,2,False
8643,2023-08-30,30,8,2023,3,3,False
8644,2023-08-31,31,8,2023,3,4,False
8645,2023-09-01,1,9,2023,3,5,False
8646,2023-09-02,2,9,2023,3,6,True
8647,2023-09-03,3,9,2023,3,0,True
8648,2023-09-04,4,9,2023,3,1,False
8649,2023-09-05,5,9,2023,3,2,False
8650,2023-09-06,6,9,2023,3,3,False
8651,2023-09-07,7,9,2023,3,4,False
8652,2023-09-08,8,9,2023,3,5,False
8653,2023-09-09,9,9,2023,3,6,True
8654,2023-09-10,10,9,2023,3,0,True
8655,2023-09-11,11,9,2023,3,1,False
8656,2023-09-12,12,9,2023,3,2,False
8657,2023-09-13,13,9,2023,3,3,False
8658,2023-09-14,14,9,2023,3,4,False
8659,2023-09-15,15,9,2023,3,5,False
8660,2023-09-16,16,9,2023,3,6,True
8661,2023-09-17,17,9,2023,3,0,True
8662,2023-09-18,18,9,2023,3,1,False
8663,2023-09-19,19,9,2023,3,2,False
8664,2023-09-20,20,9,2023,3,3,False
8665,2023-09-21,21,9,2023,3,4,False
8666,2023-09-22,22,9,2023,3,5,False
8667,2023-09-23,23,9,2023,3,6,True
8668,2023-09-24,24,9,2023,3,0,True
8669,2023-09-25,25,9,2023,3,1,False
8670,2023-09-26,26,9,2023,3,2,False
8671,2023-09-27,27,9,2023,3,3,False
8672,2023-09-28,28,9,2023,3,4,False
8673,2023-09-29,29,9,2023,3,5,False
8674,2023-09-30,30,9,2023,3,6,True
8675,2023-10-01,1,10,2023,4,0,True
8676,2023-10-02,2,10,2023,4,1,False
8677,2023-10-03,3,10,2023,4,2,False
8678,2023-10-04,4,10,2023,4,3,False
8679,2023-10-05,5,10,2023,4,4,False
8680,2023-10-06,6,10,2023,4,5,False
8681,2023-10-07,7,10,2023,4,6,True
8682,2023-10-08,8,10,2023,4,0,True
8683,2023-10-09,9,10,2023,4,1,False
8684,2023-10-10,10,10,2023,4,2,False
8685,2023-10-11,11,10,2023,4,3,False
8686,2023-10-12,12,10,2023,4,4,False
8687,2023-10-13,13,10,2023,4,5,False
8688,2023-10-14,14,10,2023,4,6,True
8689,2023-10-15,15,10,2023,4,0,True
8690,2023-10-16,16,10,2023,4,1,False
8691,2023-10-17,17,10,2023,4,2,False
8692,2023-10-18,18,10,2023,4,3,False
8693,2023-10-19,19,10,2023,4,4,False
8694,2023-10-20,20,10,2023,4,5,False
8695,2023-10-21,21,10,2023,4,6,True
8696,2023-10-22,22,10,2023,4,0,True
8697,2023-10-23,23,10,2023,4,1,False
8698,2023-10-24,24,10,2023,4,2,False
8699,2023-10-25,25,10,2023,4,3,False
8700,2023-10-26,26,10,2023,4,4,False
8701,2023-10-27,27,10,2023,4,5,False
8702,2023-10-28,28,10,2023,4,6,True
8703,2023-10-29,29,10,2023,4,0,True
8704,2023-10-30,30,10,2023,4,1,False
8705,2023-10-31,31,10,2023,4,2,False
8706,2023-11-01,1,11,2023,4,3,False
8707,2023-11-02,2,11,2023,4,4,False
8708,2023-11-03,3,11,2023,4,5,False
8709,2023-11-04,4,11,2023,4,6,True
8710,2023-11-05,5,11,2023,4,0,True
8711,2023-11-06,6,11,2023,4,1,False
8712,2023-11-07,7,11,2023,4,2,False
8713,2023-11-08,8,11,2023,4,3,False
8714,2023-11-09,9,11,2023,4,4,False
8715,2023-11-10,10,11,2023,4,5,False
8716,2023-11-11,11,11,2023,4,6,True
8717,2023-11-12,12,11,2023,4,0,True
8718,2023-11-13,13,11,2023,4,1,False
8719,2023-11-14,14,11,2023,4,2,False
8720,2023-11-15,15,11,2023,4,3,False
8721,2023-11-16,16,11,2023,4,4,False
8722,2023-11-17,17,11,2023,4,5,False
8723,2023-11-18,18,11,2023,4,6,True
8724,2023-11-19,19,11,2023,4,0,True
8725,2023-11-20,20,11,2023,4,1,False
8726,2023-11-21,21,11,2023,4,2,False
8727,2023-11-22,22,11,2023,4,3,False
8728,2023-11-23,23,11,2023,4,4,False
8729,2023-11-24,24,11,2023,4,5,False
8730,2023-11-25,25,11,2023,4,6,True
8731,2023-11-26,26,11,2023,4,0,True
8732,2023-11-27,27,11,2023,4,1,False
8733,2023-11-28,28,11,2023,4,2,False
8734,2023-11-29,29,11,2023,4,3,False
8735,2023-11-30,30,11,2023,4,4,False
8736,2023-12-01,1,12,2023,4,5,False
8737,2023-12-02,2,12,2023,4,6,True
8738,2023-12-03,3,12,2023,4,0,True
8739,2023-12-04,4,12,2023,4,1,False
8740,2023-12-05,5,12,2023,4,2,False
8741,2023-12-06,6,12,2023,4,3,False
8742,2023-12-07,7,12,2023,4,4,False
8743,2023-12-08,8,12,2023,4,5,False
8744,2023-12-09,9,12,2023,4,6,True
8745,2023-12-10,10,12,2023,4,0,True
8746,2023-12-11,11,12,2023,4,1,False
8747,2023-12-12,12,12,2023,4,2,False
8748,2023-12-13,13,12,2023,4,3,False
8749,2023-12-14,14,12,2023,4,4,False
8750,2023-12-15,15,12,2023,4,5,False
8751,2023-12-16,16,12,2023,4,6,True
8752,2023-12-17,17,12,2023,4,0,True
8753,2023-12-18,18,12,2023,4,1,False
8754,2023-12-19,19,12,2023,4,2,False
8755,2023-12-20,20,12,2023,4,3,False
8756,2023-12-21,21,12,2023,4,4,False
8757,2023-12-22,22,12,2023,4,5,False
8758,2023-12-23,23,12,2023,4,6,True
8759,2023-12-24,24,12,2023,4,0,True
8760,2023-12-25,25,12,2023,4,1,False
8761,2023-12-26,26,12,2023,4,2,False
8762,2023-12-27,27,12,2023,4,3,False
8763,2023-12-28,28,12,2023,4,4,False
8764,2023-12-29,29,12,2023,4,5,False
8765,2023-12-30,30,12,2023,4,6,True
8766,2023-12-31,31,12,2023,4,0,True
8767,2024-01-01,1,1,2024,1,1,False
8768,2024-01-02,2,1,2024,1,2,False
8769,2024-01-03,3,1,2024,1,3,False
8770,2024-01-04,4,1,2024,1,4,False
8771,2024-01-05,5,1,2024,1,5,False
8772,2024-01-06,6,1,2024,1,6,True
8773,2024-01-07,7,1,2024,1,0,True
8774,2024-01-08,8,1,2024,1,1,False
8775,2024-01-09,9,1,2024,1,2,False
8776,2024-01-10,10,1,2024,1,3,False
8777,2024-01-11,11,1,2024,1,4,False
8778,2024-01-12,12,1,2024,1,5,False
8779,2024-01-13,13,1,2024,1,6,True
8780,2024-01-14,14,1,2024,1,0,True
8781,2024-01-15,15,1,2024,1,1,False
8782,2024-01-16,16,1,2024,1,2,False
8783,2024-01-17,17,1,2024,1,3,False
8784,2024-01-18,18,1,2024,1,4,False
8785,2024-01-19,19,1,2024,1,5,False
8786,2024-01-20,20,1,2024,1,6,True
8787,2024-01-21,21,1,2024,1,0,True
8788,2024-01-22,22,1,2024,1,1,False
8789,2024-01-23,23,1,2024,1,2,False
8790,2024-01-24,24,1,2024,1,3,False
8791,2024-01-25,25,1,2024,1,4,False
8792,2024-01-26,26,1,2024,1,5,False
8793,2024-01-27,27,1,2024,1,6,True
8794,2024-01-28,28,1,2024,1,0,True
8795,2024-01-29,29,1,2024,1,1,False
8796,2024-01-30,30,1,2024,1,2,False
8797,2024-01-31,31,1,2024,1,3,False
8798,2024-02-01,1,2,2024,1,4,False
8799,2024-02-02,2,2,2024,1,5,False
8800,2024-02-03,3,2,2024,1,6,True
8801,2024-02-04,4,2,2024,1,0,True
8802,2024-02-05,5,2,2024,1,1,False
8803,2024-02-06,6,2,2024,1,2,False
8804,2024-02-07,7,2,2024,1,3,False
8805,2024-02-08,8,2,2024,1,4,False
8806,2024-02-09,9,2,2024,1,5,False
8807,2024-02-10,10,2,2024,1,6,True
8808,2024-02-11,11,2,2024,1,0,True
8809,2024-02-12,12,2,2024,1,1,False
8810,2024-02-13,13,2,2024,1,2,False
8811,2024-02-14,14,2,2024,1,3,False
8812,2024-02-15,15,2,2024,1,4,False
8813,2024-02-16,16,2,2024,1,5,False
8814,2024-02-17,17,2,2024,1,6,True
8815,2024-02-18,18,2,2024,1,0,True
8816,2024-02-19,19,2,2024,1,1,False
8817,2024-02-20,20,2,2024,1,2,False
8818,2024-02-21,21,2,2024,1,3,False
8819,2024-02-22,22,2,2024,1,4,False
8820,2024-02-23,23,2,2024,1,5,False
8821,2024-02-24,24,2,2024,1,6,True
8822,2024-02-25,25,2,2024,1,0,True
8823,2024-02-26,26,2,2024,1,1,False
8824,2024-02-27,27,2,2024,1,2,False
8825,2024-02-28,28,2,2024,1,3,False
8826,2024-02-29,29,2,2024,1,4,False
8827,2024-03-01,1,3,2024,1,5,False
8828,2024-03-02,2,3,2024,1,6,True
8829,2024-03-03,3,3,2024,1,0,True
8830,2024-03-04,4,3,2024,1,1,False
8831,2024-03-05,5,3,2024,1,2,False
8832,2024-03-06,6,3,2024,1,3,False
8833,2024-03-07,7,3,2024,1,4,False
8834,2024-03-08,8,3,2024,1,5,False
8835,2024-03-09,9,3,2024,1,6,True
8836,2024-03-10,10,3,2024,1,0,True
8837,2024-03-11,11,3,2024,1,1,False
8838,2024-03-12,12,3,2024,1,2,False
8839,2024-03-13,13,3,2024,1,3,False
8840,2024-03-14,14,3,2024,1,4,False
8841,2024-03-15,15,3,2024,1,5,False
8842,2024-03-16,16,3,2024,1,6,True
8843,2024-03-17,17,3,2024,1,0,True
8844,2024-03-18,18,3,2024,1,1,False
8845,2024-03-19,19,3,2024,1,2,False
8846,2024-03-20,20,3,2024,1,3,False
8847,2024-03-21,21,3,2024,1,4,False
8848,2024-03-22,22,3,2024,1,5,False
8849,2024-03-23,23,3,2024,1,6,True
8850,2024-03-24,24,3,2024,1,0,True
8851,2024-03-25,25,3,2024,1,1,False
8852,2024-03-26,26,3,2024,1,2,False
8853,2024-03-27,27,3,2024,1,3,False
8854,2024-03-28,28,3,2024,1,4,False
8855,2024-03-29,29,3,2024,1,5,False
8856,2024-03-30,30,3,2024,1,6,True
8857,2024-03-31,31,3,2024,1,0,True
8858,2024-04-01,1,4,2024,2,1,False
8859,2024-04-02,2,4,2024,2,2,False
8860,2024-04-03,3,4,2024,2,3,False
8861,2024-04-04,4,4,2024,2,4,False
8862,2024-04-05,5,4,2024,2,5,False
8863,2024-04-06,6,4,2024,2,6,True
8864,2024-04-07,7,4,2024,2,0,True
8865,2024-04-08,8,4,2024,2,1,False
8866,2024-04-09,9,4,2024,2,2,False
8867,2024-04-10,10,4,2024,2,3,False
8868,2024-04-11,11,4,2024,2,4,False
8869,2024-04-12,12,4,2024,2,5,False
8870,2024-04-13,13,4,2024,2,6,True
8871,2024-04-14,14,4,2024,2,0,True
8872,2024-04-15,15,4,2024,2,1,False
8873,2024-04-16,16,4,2024,2,2,False
8874,2024-04-17,17,4,2024,2,3,False
8875,2024-04-18,18,4,2024,2,4,False
8876,2024-04-19,19,4,2024,2,5,False
8877,2024-04-20,20,4,2024,2,6,True
8878,2024-04-21,21,4,2024,2,0,True
8879,2024-04-22,22,4,2024,2,1,False
8880,2024-04-23,23,4,2024,2,2,False
8881,2024-04-24,24,4,2024,2,3,False
8882,2024-04-25,25,4,2024,2,4,False
8883,2024-04-26,26,4,2024,2,5,False
8884,2024-04-27,27,4,2024,2,6,True
8885,2024-04-28,28,4,2024,2,0,True
8886,2024-04-29,29,4,2024,2,1,False
8887,2024-04-30,30,4,2024,2,2,False
8888,2024-05-01,1,5,2024,2,3,False
8889,2024-05-02,2,5,2024,2,4,False
8890,2024-05-03,3,5,2024,2,5,False
8891,2024-05-04,4,5,2024,2,6,True
8892,2024-05-05,5,5,2024,2,0,True
8893,2024-05-06,6,5,2024,2,1,False
8894,2024-05-07,7,5,2024,2,2,False
8895,2024-05-08,8,5,2024,2,3,False
8896,2024-05-09,9,5,2024,2,4,False
8897,2024-05-10,10,5,2024,2,5,False
8898,2024-05-11,11,5,2024,2,6,True
8899,2024-05-12,12,5,2024,2,0,True
8900,2024-05-13,13,5,2024,2,1,False
8901,2024-05-14,14,5,2024,2,2,False
8902,2024-05-15,15,5,2024,2,3,False
8903,2024-05-16,16,5,2024,2,4,False
8904,2024-05-17,17,5,2024,2,5,False
8905,2024-05-18,18,5,2024,2,6,True
8906,2024-05-19,19,5,2024,2,0,True
8907,2024-05-20,20,5,2024,2,1,False
8908,2024-05-21,21,5,2024,2,2,False
8909,2024-05-22,22,5,2024,2,3,False
8910,2024-05-23,23,5,2024,2,4,False
8911,2024-05-24,24,5,2024,2,5,False
8912,2024-05-25,25,5,2024,2,6,True
8913,2024-05-26,26,5,2024,2,0,True
8914,2024-05-27,27,5,2024,2,1,False
8915,2024-05-28,28,5,2024,2,2,False
8916,2024-05-29,29,5,2024,2,3,False
8917,2024-05-30,30,5,2024,2,4,False
8918,2024-05-31,31,5,2024,2,5,False
8919,2024-06-01,1,6,2024,2,6,True
8920,2024-06-02,2,6,2024,2,0,True
8921,2024-06-03,3,6,2024,2,1,False
8922,2024-06-04,4,6,2024,2,2,False
8923,2024-06-05,5,6,2024,2,3,False
8924,2024-06-06,6,6,2024,2,4,False
8925,2024-06-07,7,6,2024,2,5,False
8926,2024-06-08,8,6,2024,2,6,True
8927,2024-06-09,9,6,2024,2,0,True
8928,2024-06-10,10,6,2024,2,1,False
8929,2024-06-11,11,6,2024,2,2,False
8930,2024-06-12,12,6,2024,2,3,False
8931,2024-06-13,13,6,2024,2,4,False
8932,2024-06-14,14,6,2024,2,5,False
8933,2024-06-15,15,6,2024,2,6,True
8934,2024-06-16,16,6,2024,2,0,True
8935,2024-06-17,17,6,2024,2,1,False
8936,2024-06-18,18,6,2024,2,2,False
8937,2024-06-19,19,6,2024,2,3,False
8938,2024-06-20,20,6,2024,2,4,False
8939,2024-06-21,21,6,2024,2,5,False
8940,2024-06-22,22,6,2024,2,6,True
8941,2024-06-23,23,6,2024,2,0,True
8942,2024-06-24,24,6,2024,2,1,False
8943,2024-06-25,25,6,2024,2,2,False
8944,2024-06-26,26,6,2024,2,3,False
8945,2024-06-27,27,6,2024,2,4,False
8946,2024-06-28,28,6,2024,2,5,False
8947,2024-06-29,29,6,2024,2,6,True
8948,2024-06-30,30,6,2024,2,0,True
8949,2024-07-01,1,7,2024,3,1,False
8950,2024-07-02,2,7,2024,3,2,False
8951,2024-07-03,3,7,2024,3,3,False
8952,2024-07-04,4,7,2024,3,4,False
8953,2024-07-05,5,7,2024,3,5,False
8954,2024-07-06,6,7,2024,3,6,True
8955,2024-07-07,7,7,2024,3,0,True
8956,2024-07-08,8,7,2024,3,1,False
8957,2024-07-09,9,7,2024,3,2,False
8958,2024-07-10,10,7,2024,3,3,False
8959,2024-07-11,11,7,2024,3,4,False
8960,2024-07-12,12,7,2024,3,5,False
8961,2024-07-13,13,7,2024,3,6,True
8962,2024-07-14,14,7,2024,3,0,True
8963,2024-07-15,15,7,2024,3,1,False
8964,2024-07-16,16,7,2024,3,2,False
8965,2024-07-17,17,7,2024,3,3,False
8966,2024-07-18,18,7,2024,3,4,False
8967,2024-07-19,19,7,2024,3,5,False
8968,2024-07-20,20,7,2024,3,6,True
8969,2024-07-21,21,7,2024,3,0,True
8970,2024-07-22,22,7,2024,3,1,False
8971,2024-07-23,23,7,2024,3,2,False
8972,2024-07-24,24,7,2024,3,3,False
8973,2024-07-25,25,7,2024,3,4,False
8974,2024-07-26,26,7,2024,3,5,False
8975,2024-07-27,27,7,2024,3,6,True
8976,2024-07-28,28,7,2024,3,0,True
8977,2024-07-29,29,7,2024,3,1,False
8978,2024-07-30,30,7,2024,3,2,False
8979,2024-07-31,31,7,2024,3,3,False
8980,2024-08-01,1,8,2024,3,4,False
8981,2024-08-02,2,8,2024,3,5,False
8982,2024-08-03,3,8,2024,3,6,True
8983,2024-08-04,4,8,2024,3,0,True
8984,2024-08-05,5,8,2024,3,1,False
8985,2024-08-06,6,8,2024,3,2,False
8986,2024-08-07,7,8,2024,3,3,False
8987,2024-08-08,8,8,2024,3,4,False
8988,2024-08-09,9,8,2024,3,5,False
8989,2024-08-10,10,8,2024,3,6,True
8990,2024-08-11,11,8,2024,3,0,True
8991,2024-08-12,12,8,2024,3,1,False
8992,2024-08-13,13,8,2024,3,2,False
8993,2024-08-14,14,8,2024,3,3,False
8994,2024-08-15,15,8,2024,3,4,False
8995,2024-08-16,16,8,2024,3,5,False
8996,2024-08-17,17,8,2024,3,6,True
8997,2024-08-18,18,8,2024,3,0,True
8998,2024-08-19,19,8,2024,3,1,False
8999,2024-08-20,20,8,2024,3,2,False
9000,2024-08-21,21,8,2024,3,3,False
9001,2024-08-22,22,8,2024,3,4,False
9002,2024-08-23,23,8,2024,3,5,False
9003,2024-08-24,24,8,2024,3,6,True
9004,2024-08-25,25,8,2024,3,0,True
9005,2024-08-26,26,8,2024,3,1,False
9006,2024-08-27,27,8,2024,3,2,False
9007,2024-08-28,28,8,2024,3,3,False
9008,2024-08-29,29,8,2024,3,4,False
9009,2024-08-30,30,8,2024,3,5,False
9010,2024-08-31,31,8,2024,3,6,True
9011,2024-09-01,1,9,2024,3,0,True
9012,2024-09-02,2,9,2024,3,1,False
9013,2024-09-03,3,9,2024,3,2,False
9014,2024-09-04,4,9,2024,3,3,False
9015,2024-09-05,5,9,2024,3,4,False
9016,2024-09-06,6,9,2024,3,5,False
9017,2024-09-07,7,9,2024,3,6,True
9018,2024-09-08,8,9,2024,3,0,True
9019,2024-09-09,9,9,2024,3,1,False
9020,2024-09-10,10,9,2024,3,2,False
9021,2024-09-11,11,9,2024,3,3,False
9022,2024-09-12,12,9,2024,3,4,False
9023,2024-09-13,13,9,2024,3,5,False
9024,2024-09-14,14,9,2024,3,6,True
9025,2024-09-15,15,9,2024,3,0,True
9026,2024-09-16,16,9,2024,3,1,False
9027,2024-09-17,17,9,2024,3,2,False
9028,2024-09-18,18,9,2024,3,3,False
9029,2024-09-19,19,9,2024,3,4,False
9030,2024-09-20,20,9,2024,3,5,False
9031,2024-09-21,21,9,2024,3,6,True
9032,2024-09-22,22,9,2024,3,0,True
9033,2024-09-23,23,9,2024,3,1,False
9034,2024-09-24,24,9,2024,3,2,False
9035,2024-09-25,25,9,2024,3,3,False
9036,2024-09-26,26,9,2024,3,4,False
9037,2024-09-27,27,9,2024,3,5,False
9038,2024-09-28,28,9,2024,3,6,True
9039,2024-09-29,29,9,2024,3,0,True
9040,2024-09-30,30,9,2024,3,1,False
9041,2024-10-01,1,10,2024,4,2,False
9042,2024-10-02,2,10,2024,4,3,False
9043,2024-10-03,3,10,2024,4,4,False
9044,2024-10-04,4,10,2024,4,5,False
9045,2024-10-05,5,10,2024,4,6,True
9046,2024-10-06,6,10,2024,4,0,True
9047,2024-10-07,7,10,2024,4,1,False
9048,2024-10-08,8,10,2024,4,2,False
9049,2024-10-09,9,10,2024,4,3,False
9050,2024-10-10,10,10,2024,4,4,False
9051,2024-10-11,11,10,2024,4,5,False
9052,2024-10-12,12,10,2024,4,6,True
9053,2024-10-13,13,10,2024,4,0,True
9054,2024-10-14,14,10,2024,4,1,False
9055,2024-10-15,15,10,2024,4,2,False
9056,2024-10-16,16,10,2024,4,3,False
9057,2024-10-17,17,10,2024,4,4,False
9058,2024-10-18,18,10,2024,4,5,False
9059,2024-10-19,19,10,2024,4,6,True
9060,2024-10-20,20,10,2024,4,0,True
9061,2024-10-21,21,10,2024,4,1,False
9062,2024-10-22,22,10,2024,4,2,False
9063,2024-10-23,23,10,2024,4,3,False
9064,2024-10-24,24,10,2024,4,4,False
9065,2024-10-25,25,10,2024,4,5,False
9066,2024-10-26,26,10,2024,4,6,True
9067,2024-10-27,27,10,2024,4,0,True
9068,2024-10-28,28,10,2024,4,1,False
9069,2024-10-29,29,10,2024,4,2,False
9070,2024-10-30,30,10,2024,4,3,False
9071,2024-10-31,31,10,2024,4,4,False
9072,2024-11-01,1,11,2024,4,5,False
9073,2024-11-02,2,11,2024,4,6,True
9074,2024-11-03,3,11,2024,4,0,True
9075,2024-11-04,4,11,2024,4,1,False
9076,2024-11-05,5,11,2024,4,2,False
9077,2024-11-06,6,11,2024,4,3,False
9078,2024-11-07,7,11,2024,4,4,False
9079,2024-11-08,8,11,2024,4,5,False
9080,2024-11-09,9,11,2024,4,6,True
9081,2024-11-10,10,11,2024,4,0,True
9082,2024-11-11,11,11,2024,4,1,False
9083,2024-11-12,12,11,2024,4,2,False
9084,2024-11-13,13,11,2024,4,3,False
9085,2024-11-14,14,11,2024,4,4,False
9086,2024-11-15,15,11,2024,4,5,False
9087,2024-11-16,16,11,2024,4,6,True
9088,2024-11-17,17,11,2024,4,0,True
9089,2024-11-18,18,11,2024,4,1,False
9090,2024-11-19,19,11,2024,4,2,False
9091,2024-11-20,20,11,2024,4,3,False
9092,2024-11-21,21,11,2024,4,4,False
9093,2024-11-22,22,11,2024,4,5,False
9094,2024-11-23,23,11,2024,4,6,True
9095,2024-11-24,24,11,2024,4,0,True
9096,2024-11-25,25,11,2024,4,1,False
9097,2024-11-26,26,11,2024,4,2,False
9098,2024-11-27,27,11,2024,4,3,False
9099,2024-11-28,28,11,2024,4,4,False
9100,2024-11-29,29,11,2024,4,5,False
9101,2024-11-30,30,11,2024,4,6,True
9102,2024-12-01,1,12,2024,4,0,True
9103,2024-12-02,2,12,2024,4,1,False
9104,2024-12-03,3,12,2024,4,2,False
9105,2024-12-04,4,12,2024,4,3,False
9106,2024-12-05,5,12,2024,4,4,False
9107,2024-12-06,6,12,2024,4,5,False
9108,2024-12-07,7,12,2024,4,6,True
9109,2024-12-08,8,12,2024,4,0,True
9110,2024-12-09,9,12,2024,4,1,False
9111,2024-12-10,10,12,2024,4,2,False
9112,2024-12-11,11,12,2024,4,3,False
9113,2024-12-12,12,12,2024,4,4,False
9114,2024-12-13,13,12,2024,4,5,False
9115,2024-12-14,14,12,2024,4,6,True
9116,2024-12-15,15,12,2024,4,0,True
9117,2024-12-16,16,12,2024,4,1,False
9118,2024-12-17,17,12,2024,4,2,False
9119,2024-12-18,18,12,2024,4,3,False
9120,2024-12-19,19,12,2024,4,4,False
9121,2024-12-20,20,12,2024,4,5,False
9122,2024-12-21,21,12,2024,4,6,True
9123,2024-12-22,22,12,2024,4,0,True
9124,2024-12-23,23,12,2024,4,1,False
9125,2024-12-24,24,12,2024,4,2,False
9126,2024-12-25,25,12,2024,4,3,False
9127,2024-12-26,26,12,2024,4,4,False
9128,2024-12-27,27,12,2024,4,5,False
9129,2024-12-28,28,12,2024,4,6,True
9130,2024-12-29,29,12,2024,4,0,True
9131,2024-12-30,30,12,2024,4,1,False
9132,2024-12-31,31,12,2024,4,2,False
9133,2025-01-01,1,1,2025,1,3,False
9134,2025-01-02,2,1,2025,1,4,False
9135,2025-01-03,3,1,2025,1,5,False
9136,2025-01-04,4,1,2025,1,6,True
9137,2025-01-05,5,1,2025,1,0,True
9138,2025-01-06,6,1,2025,1,1,False
9139,2025-01-07,7,1,2025,1,2,False
9140,2025-01-08,8,1,2025,1,3,False
9141,2025-01-09,9,1,2025,1,4,False
9142,2025-01-10,10,1,2025,1,5,False
9143,2025-01-11,11,1,2025,1,6,True
9144,2025-01-12,12,1,2025,1,0,True
9145,2025-01-13,13,1,2025,1,1,False
9146,2025-01-14,14,1,2025,1,2,False
9147,2025-01-15,15,1,2025,1,3,False
9148,2025-01-16,16,1,2025,1,4,False
9149,2025-01-17,17,1,2025,1,5,False
9150,2025-01-18,18,1,2025,1,6,True
9151,2025-01-19,19,1,2025,1,0,True
9152,2025-01-20,20,1,2025,1,1,False
9153,2025-01-21,21,1,2025,1,2,False
9154,2025-01-22,22,1,2025,1,3,False
9155,2025-01-23,23,1,2025,1,4,False
9156,2025-01-24,24,1,2025,1,5,False
9157,2025-01-25,25,1,2025,1,6,True
9158,2025-01-26,26,1,2025,1,0,True
9159,2025-01-27,27,1,2025,1,1,False
9160,2025-01-28,28,1,2025,1,2,False
9161,2025-01-29,29,1,2025,1,3,False
9162,2025-01-30,30,1,2025,1,4,False
9163,2025-01-31,31,1,2025,1,5,False
9164,2025-02-01,1,2,2025,1,6,True
9165,2025-02-02,2,2,2025,1,0,True
9166,2025-02-03,3,2,2025,1,1,False
9167,2025-02-04,4,2,2025,1,2,False
9168,2025-02-05,5,2,2025,1,3,False
9169,2025-02-06,6,2,2025,1,4,False
9170,2025-02-07,7,2,2025,1,5,False
9171,2025-02-08,8,2,2025,1,6,True
9172,2025-02-09,9,2,2025,1,0,True
9173,2025-02-10,10,2,2025,1,1,False
9174,2025-02-11,11,2,2025,1,2,False
9175,2025-02-12,12,2,2025,1,3,False
9176,2025-02-13,13,2,2025,1,4,False
9177,2025-02-14,14,2,2025,1,5,False
9178,2025-02-15,15,2,2025,1,6,True
9179,2025-02-16,16,2,2025,1,0,True
9180,2025-02-17,17,2,2025,1,1,False
9181,2025-02-18,18,2,2025,1,2,False
9182,2025-02-19,19,2,2025,1,3,False
9183,2025-02-20,20,2,2025,1,4,False
9184,2025-02-21,21,2,2025,1,5,False
9185,2025-02-22,22,2,2025,1,6,True
9186,2025-02-23,23,2,2025,1,0,True
9187,2025-02-24,24,2,2025,1,1,False
9188,2025-02-25,25,2,2025,1,2,False
9189,2025-02-26,26,2,2025,1,3,False
9190,2025-02-27,27,2,2025,1,4,False
9191,2025-02-28,28,2,2025,1,5,False
9192,2025-03-01,1,3,2025,1,6,True
9193,2025-03-02,2,3,2025,1,0,True
9194,2025-03-03,3,3,2025,1,1,False
9195,2025-03-04,4,3,2025,1,2,False
9196,2025-03-05,5,3,2025,1,3,False
9197,2025-03-06,6,3,2025,1,4,False
9198,2025-03-07,7,3,2025,1,5,False
9199,2025-03-08,8,3,2025,1,6,True
9200,2025-03-09,9,3,2025,1,0,True
9201,2025-03-10,10,3,2025,1,1,False
9202,2025-03-11,11,3,2025,1,2,False
9203,2025-03-12,12,3,2025,1,3,False
9204,2025-03-13,13,3,2025,1,4,False
9205,2025-03-14,14,3,2025,1,5,False
9206,2025-03-15,15,3,2025,1,6,True
9207,2025-03-16,16,3,2025,1,0,True
9208,2025-03-17,17,3,2025,1,1,False
9209,2025-03-18,18,3,2025,1,2,False
9210,2025-03-19,19,3,2025,1,3,False
9211,2025-03-20,20,3,2025,1,4,False
9212,2025-03-21,21,3,2025,1,5,False
9213,2025-03-22,22,3,2025,1,6,True
9214,2025-03-23,23,3,2025,1,0,True
9215,2025-03-24,24,3,2025,1,1,False
9216,2025-03-25,25,3,2025,1,2,False
9217,2025-03-26,26,3,2025,1,3,False
9218,2025-03-27,27,3,2025,1,4,False
9219,2025-03-28,28,3,2025,1,5,False
9220,2025-03-29,29,3,2025,1,6,True
9221,2025-03-30,30,3,2025,1,0,True
9222,2025-03-31,31,3,2025,1,1,False
9223,2025-04-01,1,4,2025,2,2,False
9224,2025-04-02,2,4,2025,2,3,False
9225,2025-04-03,3,4,2025,2,4,False
9226,2025-04-04,4,4,2025,2,5,False
9227,2025-04-05,5,4,2025,2,6,True
9228,2025-04-06,6,4,2025,2,0,True
9229,2025-04-07,7,4,2025,2,1,False
9230,2025-04-08,8,4,2025,2,2,False
9231,2025-04-09,9,4,2025,2,3,False
9232,2025-04-10,10,4,2025,2,4,False
9233,2025-04-11,11,4,2025,2,5,False
9234,2025-04-12,12,4,2025,2,6,True
9235,2025-04-13,13,4,2025,2,0,True
9236,2025-04-14,14,4,2025,2,1,False
9237,2025-04-15,15,4,2025,2,2,False
9238,2025-04-16,16,4,2025,2,3,False
9239,2025-04-17,17,4,2025,2,4,False
9240,2025-04-18,18,4,2025,2,5,False
9241,2025-04-19,19,4,2025,2,6,True
9242,2025-04-20,20,4,2025,2,0,True
9243,2025-04-21,21,4,2025,2,1,False
9244,2025-04-22,22,4,2025,2,2,False
9245,2025-04-23,23,4,2025,2,3,False
9246,2025-04-24,24,4,2025,2,4,False
9247,2025-04-25,25,4,2025,2,5,False
9248,2025-04-26,26,4,2025,2,6,True
9249,2025-04-27,27,4,2025,2,0,True
9250,2025-04-28,28,4,2025,2,1,False
9251,2025-04-29,29,4,2025,2,2,False
9252,2025-04-30,30,4,2025,2,3,False
9253,2025-05-01,1,5,2025,2,4,False
9254,2025-05-02,2,5,2025,2,5,False
9255,2025-05-03,3,5,2025,2,6,True
9256,2025-05-04,4,5,2025,2,0,True
9257,2025-05-05,5,5,2025,2,1,False
9258,2025-05-06,6,5,2025,2,2,False
9259,2025-05-07,7,5,2025,2,3,False
9260,2025-05-08,8,5,2025,2,4,False
9261,2025-05-09,9,5,2025,2,5,False
9262,2025-05-10,10,5,2025,2,6,True
9263,2025-05-11,11,5,2025,2,0,True
9264,2025-05-12,12,5,2025,2,1,False
9265,2025-05-13,13,5,2025,2,2,False
9266,2025-05-14,14,5,2025,2,3,False
9267,2025-05-15,15,5,2025,2,4,False
9268,2025-05-16,16,5,2025,2,5,False
9269,2025-05-17,17,5,2025,2,6,True
9270,2025-05-18,18,5,2025,2,0,True
9271,2025-05-19,19,5,2025,2,1,False
9272,2025-05-20,20,5,2025,2,2,False
9273,2025-05-21,21,5,2025,2,3,False
9274,2025-05-22,22,5,2025,2,4,False
9275,2025-05-23,23,5,2025,2,5,False
9276,2025-05-24,24,5,2025,2,6,True
9277,2025-05-25,25,5,2025,2,0,True
9278,2025-05-26,26,5,2025,2,1,False
9279,2025-05-27,27,5,2025,2,2,False
9280,2025-05-28,28,5,2025,2,3,False
9281,2025-05-29,29,5,2025,2,4,False
9282,2025-05-30,30,5,2025,2,5,False
9283,2025-05-31,31,5,2025,2,6,True
9284,2025-06-01,1,6,2025,2,0,True
9285,2025-06-02,2,6,2025,2,1,False
9286,2025-06-03,3,6,2025,2,2,False
9287,2025-06-04,4,6,2025,2,3,False
9288,2025-06-05,5,6,2025,2,4,False
9289,2025-06-06,6,6,2025,2,5,False
9290,2025-06-07,7,6,2025,2,6,True
9291,2025-06-08,8,6,2025,2,0,True
9292,2025-06-09,9,6,2025,2,1,False
9293,2025-06-10,10,6,2025,2,2,False
9294,2025-06-11,11,6,2025,2,3,False
9295,2025-06-12,12,6,2025,2,4,False
9296,2025-06-13,13,6,2025,2,5,False
9297,2025-06-14,14,6,2025,2,6,True
9298,2025-06-15,15,6,2025,2,0,True
9299,2025-06-16,16,6,2025,2,1,False
9300,2025-06-17,17,6,2025,2,2,False
9301,2025-06-18,18,6,2025,2,3,False
9302,2025-06-19,19,6,2025,2,4,False
9303,2025-06-20,20,6,2025,2,5,False
9304,2025-06-21,21,6,2025,2,6,True
9305,2025-06-22,22,6,2025,2,0,True
9306,2025-06-23,23,6,2025,2,1,False
9307,2025-06-24,24,6,2025,2,2,False
9308,2025-06-25,25,6,2025,2,3,False
9309,2025-06-26,26,6,2025,2,4,False
9310,2025-06-27,27,6,2025,2,5,False
9311,2025-06-28,28,6,2025,2,6,True
9312,2025-06-29,29,6,2025,2,0,True
9313,2025-06-30,30,6,2025,2,1,False
9314,2025-07-01,1,7,2025,3,2,False
9315,2025-07-02,2,7,2025,3,3,False
9316,2025-07-03,3,7,2025,3,4,False
9317,2025-07-04,4,7,2025,3,5,False
9318,2025-07-05,5,7,2025,3,6,True
9319,2025-07-06,6,7,2025,3,0,True
9320,2025-07-07,7,7,2025,3,1,False
9321,2025-07-08,8,7,2025,3,2,False
9322,2025-07-09,9,7,2025,3,3,False
9323,2025-07-10,10,7,2025,3,4,False
9324,2025-07-11,11,7,2025,3,5,False
9325,2025-07-12,12,7,2025,3,6,True
9326,2025-07-13,13,7,2025,3,0,True
9327,2025-07-14,14,7,2025,3,1,False
9328,2025-07-15,15,7,2025,3,2,False
9329,2025-07-16,16,7,2025,3,3,False
9330,2025-07-17,17,7,2025,3,4,False
9331,2025-07-18,18,7,2025,3,5,False
9332,2025-07-19,19,7,2025,3,6,True
9333,2025-07-20,20,7,2025,3,0,True
9334,2025-07-21,21,7,2025,3,1,False
9335,2025-07-22,22,7,2025,3,2,False
9336,2025-07-23,23,7,2025,3,3,False
9337,2025-07-24,24,7,2025,3,4,False
9338,2025-07-25,25,7,2025,3,5,False
9339,2025-07-26,26,7,2025,3,6,True
9340,2025-07-27,27,7,2025,3,0,True
9341,2025-07-28,28,7,2025,3,1,False
9342,2025-07-29,29,7,2025,3,2,False
9343,2025-07-30,30,7,2025,3,3,False
9344,2025-07-31,31,7,2025,3,4,False
9345,2025-08-01,1,8,2025,3,5,False
9346,2025-08-02,2,8,2025,3,6,True
9347,2025-08-03,3,8,2025,3,0,True
9348,2025-08-04,4,8,2025,3,1,False
9349,2025-08-05,5,8,2025,3,2,False
9350,2025-08-06,6,8,2025,3,3,False
9351,2025-08-07,7,8,2025,3,4,False
9352,2025-08-08,8,8,2025,3,5,False
9353,2025-08-09,9,8,2025,3,6,True
9354,2025-08-10,10,8,2025,3,0,True
9355,2025-08-11,11,8,2025,3,1,False
9356,2025-08-12,12,8,2025,3,2,False
9357,2025-08-13,13,8,2025,3,3,False
9358,2025-08-14,14,8,2025,3,4,False
9359,2025-08-15,15,8,2025,3,5,False
9360,2025-08-16,16,8,2025,3,6,True
9361,2025-08-17,17,8,2025,3,0,True
9362,2025-08-18,18,8,2025,3,1,False
9363,2025-08-19,19,8,2025,3,2,False
9364,2025-08-20,20,8,2025,3,3,False
9365,2025-08-21,21,8,2025,3,4,False
9366,2025-08-22,22,8,2025,3,5,False
9367,2025-08-23,23,8,2025,3,6,True
9368,2025-08-24,24,8,2025,3,0,True
9369,2025-08-25,25,8,2025,3,1,False
9370,2025-08-26,26,8,2025,3,2,False
9371,2025-08-27,27,8,2025,3,3,False
9372,2025-08-28,28,8,2025,3,4,False
9373,2025-08-29,29,8,2025,3,5,False
9374,2025-08-30,30,8,2025,3,6,True
9375,2025-08-31,31,8,2025,3,0,True
9376,2025-09-01,1,9,2025,3,1,False
9377,2025-09-02,2,9,2025,3,2,False
9378,2025-09-03,3,9,2025,3,3,False
9379,2025-09-04,4,9,2025,3,4,False
9380,2025-09-05,5,9,2025,3,5,False
9381,2025-09-06,6,9,2025,3,6,True
9382,2025-09-07,7,9,2025,3,0,True
9383,2025-09-08,8,9,2025,3,1,False
9384,2025-09-09,9,9,2025,3,2,False
9385,2025-09-10,10,9,2025,3,3,False
9386,2025-09-11,11,9,2025,3,4,False
9387,2025-09-12,12,9,2025,3,5,False
9388,2025-09-13,13,9,2025,3,6,True
9389,2025-09-14,14,9,2025,3,0,True
9390,2025-09-15,15,9,2025,3,1,False
9391,2025-09-16,16,9,2025,3,2,False
9392,2025-09-17,17,9,2025,3,3,False
9393,2025-09-18,18,9,2025,3,4,False
9394,2025-09-19,19,9,2025,3,5,False
9395,2025-09-20,20,9,2025,3,6,True
9396,2025-09-21,21,9,2025,3,0,True
9397,2025-09-22,22,9,2025,3,1,False
9398,2025-09-23,23,9,2025,3,2,False
9399,2025-09-24,24,9,2025,3,3,False
9400,2025-09-25,25,9,2025,3,4,False
9401,2025-09-26,26,9,2025,3,5,False
9402,2025-09-27,27,9,2025,3,6,True
9403,2025-09-28,28,9,2025,3,0,True
9404,2025-09-29,29,9,2025,3,1,False
9405,2025-09-30,30,9,2025,3,2,False
9406,2025-10-01,1,10,2025,4,3,False
9407,2025-10-02,2,10,2025,4,4,False
9408,2025-10-03,3,10,2025,4,5,False
9409,2025-10-04,4,10,2025,4,6,True
9410,2025-10-05,5,10,2025,4,0,True
9411,2025-10-06,6,10,2025,4,1,False
9412,2025-10-07,7,10,2025,4,2,False
9413,2025-10-08,8,10,2025,4,3,False
9414,2025-10-09,9,10,2025,4,4,False
9415,2025-10-10,10,10,2025,4,5,False
9416,2025-10-11,11,10,2025,4,6,True
9417,2025-10-12,12,10,2025,4,0,True
9418,2025-10-13,13,10,2025,4,1,False
9419,2025-10-14,14,10,2025,4,2,False
9420,2025-10-15,15,10,2025,4,3,False
9421,2025-10-16,16,10,2025,4,4,False
9422,2025-10-17,17,10,2025,4,5,False
9423,2025-10-18,18,10,2025,4,6,True
9424,2025-10-19,19,10,2025,4,0,True
9425,2025-10-20,20,10,2025,4,1,False
9426,2025-10-21,21,10,2025,4,2,False
9427,2025-10-22,22,10,2025,4,3,False
9428,2025-10-23,23,10,2025,4,4,False
9429,2025-10-24,24,10,2025,4,5,False
9430,2025-10-25,25,10,2025,4,6,True
9431,2025-10-26,26,10,2025,4,0,True
9432,2025-10-27,27,10,2025,4,1,False
9433,2025-10-28,28,10,2025,4,2,False
9434,2025-10-29,29,10,2025,4,3,False
9435,2025-10-30,30,10,2025,4,4,False
9436,2025-10-31,31,10,2025,4,5,False
9437,2025-11-01,1,11,2025,4,6,True
9438,2025-11-02,2,11,2025,4,0,True
9439,2025-11-03,3,11,2025,4,1,False
9440,2025-11-04,4,11,2025,4,2,False
9441,2025-11-05,5,11,2025,4,3,False
9442,2025-11-06,6,11,2025,4,4,False
9443,2025-11-07,7,11,2025,4,5,False
9444,2025-11-08,8,11,2025,4,6,True
9445,2025-11-09,9,11,2025,4,0,True
9446,2025-11-10,10,11,2025,4,1,False
9447,2025-11-11,11,11,2025,4,2,False
9448,2025-11-12,12,11,2025,4,3,False
9449,2025-11-13,13,11,2025,4,4,False
9450,2025-11-14,14,11,2025,4,5,False
9451,2025-11-15,15,11,2025,4,6,True
9452,2025-11-16,16,11,2025,4,0,True
9453,2025-11-17,17,11,2025,4,1,False
9454,2025-11-18,18,11,2025,4,2,False
9455,2025-11-19,19,11,2025,4,3,False
9456,2025-11-20,20,11,2025,4,4,False
9457,2025-11-21,21,11,2025,4,5,False
9458,2025-11-22,22,11,2025,4,6,True
9459,2025-11-23,23,11,2025,4,0,True
9460,2025-11-24,24,11,2025,4,1,False
9461,2025-11-25,25,11,2025,4,2,False
9462,2025-11-26,26,11,2025,4,3,False
9463,2025-11-27,27,11,2025,4,4,False
9464,2025-11-28,28,11,2025,4,5,False
9465,2025-11-29,29,11,2025,4,6,True
9466,2025-11-30,30,11,2025,4,0,True
9467,2025-12-01,1,12,2025,4,1,False
9468,2025-12-02,2,12,2025,4,2,False
9469,2025-12-03,3,12,2025,4,3,False
9470,2025-12-04,4,12,2025,4,4,False
9471,2025-12-05,5,12,2025,4,5,False
9472,2025-12-06,6,12,2025,4,6,True
9473,2025-12-07,7,12,2025,4,0,True
9474,2025-12-08,8,12,2025,4,1,False
9475,2025-12-09,9,12,2025,4,2,False
9476,2025-12-10,10,12,2025,4,3,False
9477,2025-12-11,11,12,2025,4,4,False
9478,2025-12-12,12,12,2025,4,5,False
9479,2025-12-13,13,12,2025,4,6,True
9480,2025-12-14,14,12,2025,4,0,True
9481,2025-12-15,15,12,2025,4,1,False
9482,2025-12-16,16,12,2025,4,2,False
9483,2025-12-17,17,12,2025,4,3,False
9484,2025-12-18,18,12,2025,4,4,False
9485,2025-12-19,19,12,2025,4,5,False
9486,2025-12-20,20,12,2025,4,6,True
9487,2025-12-21,21,12,2025,4,0,True
9488,2025-12-22,22,12,2025,4,1,False
9489,2025-12-23,23,12,2025,4,2,False
9490,2025-12-24,24,12,2025,4,3,False
9491,2025-12-25,25,12,2025,4,4,False
9492,2025-12-26,26,12,2025,4,5,False
9493,2025-12-27,27,12,2025,4,6,True
9494,2025-12-28,28,12,2025,4,0,True
9495,2025-12-29,29,12,2025,4,1,False
9496,2025-12-30,30,12,2025,4,2,False
9497,2025-12-31,31,12,2025,4,3,False
9498,2026-01-01,1,1,2026,1,4,False
9499,2026-01-02,2,1,2026,1,5,False
9500,2026-01-03,3,1,2026,1,6,True
9501,2026-01-04,4,1,2026,1,0,True
9502,2026-01-05,5,1,2026,1,1,False
9503,2026-01-06,6,1,2026,1,2,False
9504,2026-01-07,7,1,2026,1,3,False
9505,2026-01-08,8,1,2026,1,4,False
9506,2026-01-09,9,1,2026,1,5,False
9507,2026-01-10,10,1,2026,1,6,True
9508,2026-01-11,11,1,2026,1,0,True
9509,2026-01-12,12,1,2026,1,1,False
9510,2026-01-13,13,1,2026,1,2,False
9511,2026-01-14,14,1,2026,1,3,False
9512,2026-01-15,15,1,2026,1,4,False
9513,2026-01-16,16,1,2026,1,5,False
9514,2026-01-17,17,1,2026,1,6,True
9515,2026-01-18,18,1,2026,1,0,True
9516,2026-01-19,19,1,2026,1,1,False
9517,2026-01-20,20,1,2026,1,2,False
9518,2026-01-21,21,1,2026,1,3,False
9519,2026-01-22,22,1,2026,1,4,False
9520,2026-01-23,23,1,2026,1,5,False
9521,2026-01-24,24,1,2026,1,6,True
9522,2026-01-25,25,1,2026,1,0,True
9523,2026-01-26,26,1,2026,1,1,False
9524,2026-01-27,27,1,2026,1,2,False
9525,2026-01-28,28,1,2026,1,3,False
9526,2026-01-29,29,1,2026,1,4,False
9527,2026-01-30,30,1,2026,1,5,False
9528,2026-01-31,31,1,2026,1,6,True
9529,2026-02-01,1,2,2026,1,0,True
9530,2026-02-02,2,2,2026,1,1,False
9531,2026-02-03,3,2,2026,1,2,False
9532,2026-02-04,4,2,2026,1,3,False
9533,2026-02-05,5,2,2026,1,4,False
9534,2026-02-06,6,2,2026,1,5,False
9535,2026-02-07,7,2,2026,1,6,True
9536,2026-02-08,8,2,2026,1,0,True
9537,2026-02-09,9,2,2026,1,1,False
9538,2026-02-10,10,2,2026,1,2,False
9539,2026-02-11,11,2,2026,1,3,False
9540,2026-02-12,12,2,2026,1,4,False
9541,2026-02-13,13,2,2026,1,5,False
9542,2026-02-14,14,2,2026,1,6,True
9543,2026-02-15,15,2,2026,1,0,True
9544,2026-02-16,16,2,2026,1,1,False
9545,2026-02-17,17,2,2026,1,2,False
9546,2026-02-18,18,2,2026,1,3,False
9547,2026-02-19,19,2,2026,1,4,False
9548,2026-02-20,20,2,2026,1,5,False
9549,2026-02-21,21,2,2026,1,6,True
9550,2026-02-22,22,2,2026,1,0,True
9551,2026-02-23,23,2,2026,1,1,False
9552,2026-02-24,24,2,2026,1,2,False
9553,2026-02-25,25,2,2026,1,3,False
9554,2026-02-26,26,2,2026,1,4,False
9555,2026-02-27,27,2,2026,1,5,False
9556,2026-02-28,28,2,2026,1,6,True
9557,2026-03-01,1,3,2026,1,0,True
9558,2026-03-02,2,3,2026,1,1,False
9559,2026-03-03,3,3,2026,1,2,False
9560,2026-03-04,4,3,2026,1,3,False
9561,2026-03-05,5,3,2026,1,4,False
9562,2026-03-06,6,3,2026,1,5,False
9563,2026-03-07,7,3,2026,1,6,True
9564,2026-03-08,8,3,2026,1,0,True
9565,2026-03-09,9,3,2026,1,1,False
9566,2026-03-10,10,3,2026,1,2,False
9567,2026-03-11,11,3,2026,1,3,False
9568,2026-03-12,12,3,2026,1,4,False
9569,2026-03-13,13,3,2026,1,5,False
9570,2026-03-14,14,3,2026,1,6,True
9571,2026-03-15,15,3,2026,1,0,True
9572,2026-03-16,16,3,2026,1,1,False
9573,2026-03-17,17,3,2026,1,2,False
9574,2026-03-18,18,3,2026,1,3,False
9575,2026-03-19,19,3,2026,1,4,False
9576,2026-03-20,20,3,2026,1,5,False
9577,2026-03-21,21,3,2026,1,6,True
9578,2026-03-22,22,3,2026,1,0,True
9579,2026-03-23,23,3,2026,1,1,False
9580,2026-03-24,24,3,2026,1,2,False
9581,2026-03-25,25,3,2026,1,3,False
9582,2026-03-26,26,3,2026,1,4,False
9583,2026-03-27,27,3,2026,1,5,False
9584,2026-03-28,28,3,2026,1,6,True
9585,2026-03-29,29,3,2026,1,0,True
9586,2026-03-30,30,3,2026,1,1,False
9587,2026-03-31,31,3,2026,1,2,False
9588,2026-04-01,1,4,2026,2,3,False
9589,2026-04-02,2,4,2026,2,4,False
9590,2026-04-03,3,4,2026,2,5,False
9591,2026-04-04,4,4,2026,2,6,True
9592,2026-04-05,5,4,2026,2,0,True
9593,2026-04-06,6,4,2026,2,1,False
9594,2026-04-07,7,4,2026,2,2,False
9595,2026-04-08,8,4,2026,2,3,False
9596,2026-04-09,9,4,2026,2,4,False
9597,2026-04-10,10,4,2026,2,5,False
9598,2026-04-11,11,4,2026,2,6,True
9599,2026-04-12,12,4,2026,2,0,True
9600,2026-04-13,13,4,2026,2,1,False
9601,2026-04-14,14,4,2026,2,2,False
9602,2026-04-15,15,4,2026,2,3,False
9603,2026-04-16,16,4,2026,2,4,False
9604,2026-04-17,17,4,2026,2,5,False
9605,2026-04-18,18,4,2026,2,6,True
9606,2026-04-19,19,4,2026,2,0,True
9607,2026-04-20,20,4,2026,2,1,False
9608,2026-04-21,21,4,2026,2,2,False
9609,2026-04-22,22,4,2026,2,3,False
9610,2026-04-23,23,4,2026,2,4,False
9611,2026-04-24,24,4,2026,2,5,False
9612,2026-04-25,25,4,2026,2,6,True
9613,2026-04-26,26,4,2026,2,0,True
9614,2026-04-27,27,4,2026,2,1,False
9615,2026-04-28,28,4,2026,2,2,False
9616,2026-04-29,29,4,2026,2,3,False
9617,2026-04-30,30,4,2026,2,4,False
9618,2026-05-01,1,5,2026,2,5,False
9619,2026-05-02,2,5,2026,2,6,True
9620,2026-05-03,3,5,2026,2,0,True
9621,2026-05-04,4,5,2026,2,1,False
9622,2026-05-05,5,5,2026,2,2,False
9623,2026-05-06,6,5,2026,2,3,False
9624,2026-05-07,7,5,2026,2,4,False
9625,2026-05-08,8,5,2026,2,5,False
9626,2026-05-09,9,5,2026,2,6,True
9627,2026-05-10,10,5,2026,2,0,True
9628,2026-05-11,11,5,2026,2,1,False
9629,2026-05-12,12,5,2026,2,2,False
9630,2026-05-13,13,5,2026,2,3,False
9631,2026-05-14,14,5,2026,2,4,False
9632,2026-05-15,15,5,2026,2,5,False
9633,2026-05-16,16,5,2026,2,6,True
9634,2026-05-17,17,5,2026,2,0,True
9635,2026-05-18,18,5,2026,2,1,False
9636,2026-05-19,19,5,2026,2,2,False
9637,2026-05-20,20,5,2026,2,3,False
9638,2026-05-21,21,5,2026,2,4,False
9639,2026-05-22,22,5,2026,2,5,False
9640,2026-05-23,23,5,2026,2,6,True
9641,2026-05-24,24,5,2026,2,0,True
9642,2026-05-25,25,5,2026,2,1,False
9643,2026-05-26,26,5,2026,2,2,False
9644,2026-05-27,27,5,2026,2,3,False
9645,2026-05-28,28,5,2026,2,4,False
9646,2026-05-29,29,5,2026,2,5,False
9647,2026-05-30,30,5,2026,2,6,True
9648,2026-05-31,31,5,2026,2,0,True
9649,2026-06-01,1,6,2026,2,1,False
9650,2026-06-02,2,6,2026,2,2,False
9651,2026-06-03,3,6,2026,2,3,False
9652,2026-06-04,4,6,2026,2,4,False
9653,2026-06-05,5,6,2026,2,5,False
9654,2026-06-06,6,6,2026,2,6,True
9655,2026-06-07,7,6,2026,2,0,True
9656,2026-06-08,8,6,2026,2,1,False
9657,2026-06-09,9,6,2026,2,2,False
9658,2026-06-10,10,6,2026,2,3,False
9659,2026-06-11,11,6,2026,2,4,False
9660,2026-06-12,12,6,2026,2,5,False
9661,2026-06-13,13,6,2026,2,6,True
9662,2026-06-14,14,6,2026,2,0,True
9663,2026-06-15,15,6,2026,2,1,False
9664,2026-06-16,16,6,2026,2,2,False
9665,2026-06-17,17,6,2026,2,3,False
9666,2026-06-18,18,6,2026,2,4,False
9667,2026-06-19,19,6,2026,2,5,False
9668,2026-06-20,20,6,2026,2,6,True
9669,2026-06-21,21,6,2026,2,0,True
9670,2026-06-22,22,6,2026,2,1,False
9671,2026-06-23,23,6,2026,2,2,False
9672,2026-06-24,24,6,2026,2,3,False
9673,2026-06-25,25,6,2026,2,4,False
9674,2026-06-26,26,6,2026,2,5,False
9675,2026-06-27,27,6,2026,2,6,True
9676,2026-06-28,28,6,2026,2,0,True
9677,2026-06-29,29,6,2026,2,1,False
9678,2026-06-30,30,6,2026,2,2,False
9679,2026-07-01,1,7,2026,3,3,False
9680,2026-07-02,2,7,2026,3,4,False
9681,2026-07-03,3,7,2026,3,5,False
9682,2026-07-04,4,7,2026,3,6,True
9683,2026-07-05,5,7,2026,3,0,True
9684,2026-07-06,6,7,2026,3,1,False
9685,2026-07-07,7,7,2026,3,2,False
9686,2026-07-08,8,7,2026,3,3,False
9687,2026-07-09,9,7,2026,3,4,False
9688,2026-07-10,10,7,2026,3,5,False
9689,2026-07-11,11,7,2026,3,6,True
9690,2026-07-12,12,7,2026,3,0,True
9691,2026-07-13,13,7,2026,3,1,False
9692,2026-07-14,14,7,2026,3,2,False
9693,2026-07-15,15,7,2026,3,3,False
9694,2026-07-16,16,7,2026,3,4,False
9695,2026-07-17,17,7,2026,3,5,False
9696,2026-07-18,18,7,2026,3,6,True
9697,2026-07-19,19,7,2026,3,0,True
9698,2026-07-20,20,7,2026,3,1,False
9699,2026-07-21,21,7,2026,3,2,False
9700,2026-07-22,22,7,2026,3,3,False
9701,2026-07-23,23,7,2026,3,4,False
9702,2026-07-24,24,7,2026,3,5,False
9703,2026-07-25,25,7,2026,3,6,True
9704,2026-07-26,26,7,2026,3,0,True
9705,2026-07-27,27,7,2026,3,1,False
9706,2026-07-28,28,7,2026,3,2,False
9707,2026-07-29,29,7,2026,3,3,False
9708,2026-07-30,30,7,2026,3,4,False
9709,2026-07-31,31,7,2026,3,5,False
9710,2026-08-01,1,8,2026,3,6,True
9711,2026-08-02,2,8,2026,3,0,True
9712,2026-08-03,3,8,2026,3,1,False
9713,2026-08-04,4,8,2026,3,2,False
9714,2026-08-05,5,8,2026,3,3,False
9715,2026-08-06,6,8,2026,3,4,False
9716,2026-08-07,7,8,2026,3,5,False
9717,2026-08-08,8,8,2026,3,6,True
9718,2026-08-09,9,8,2026,3,0,True
9719,2026-08-10,10,8,2026,3,1,False
9720,2026-08-11,11,8,2026,3,2,False
9721,2026-08-12,12,8,2026,3,3,False
9722,2026-08-13,13,8,2026,3,4,False
9723,2026-08-14,14,8,2026,3,5,False
9724,2026-08-15,15,8,2026,3,6,True
9725,2026-08-16,16,8,2026,3,0,True
9726,2026-08-17,17,8,2026,3,1,False
9727,2026-08-18,18,8,2026,3,2,False
9728,2026-08-19,19,8,2026,3,3,False
9729,2026-08-20,20,8,2026,3,4,False
9730,2026-08-21,21,8,2026,3,5,False
9731,2026-08-22,22,8,2026,3,6,True
9732,2026-08-23,23,8,2026,3,0,True
9733,2026-08-24,24,8,2026,3,1,False
9734,2026-08-25,25,8,2026,3,2,False
9735,2026-08-26,26,8,2026,3,3,False
9736,2026-08-27,27,8,2026,3,4,False
9737,2026-08-28,28,8,2026,3,5,False
9738,2026-08-29,29,8,2026,3,6,True
9739,2026-08-30,30,8,2026,3,0,True
9740,2026-08-31,31,8,2026,3,1,False
9741,2026-09-01,1,9,2026,3,2,False
9742,2026-09-02,2,9,2026,3,3,False
9743,2026-09-03,3,9,2026,3,4,False
9744,2026-09-04,4,9,2026,3,5,False
9745,2026-09-05,5,9,2026,3,6,True
9746,2026-09-06,6,9,2026,3,0,True
9747,2026-09-07,7,9,2026,3,1,False
9748,2026-09-08,8,9,2026,3,2,False
9749,2026-09-09,9,9,2026,3,3,False
9750,2026-09-10,10,9,2026,3,4,False
9751,2026-09-11,11,9,2026,3,5,False
9752,2026-09-12,12,9,2026,3,6,True
9753,2026-09-13,13,9,2026,3,0,True
9754,2026-09-14,14,9,2026,3,1,False
9755,2026-09-15,15,9,2026,3,2,False
9756,2026-09-16,16,9,2026,3,3,False
9757,2026-09-17,17,9,2026,3,4,False
9758,2026-09-18,18,9,2026,3,5,False
9759,2026-09-19,19,9,2026,3,6,True
9760,2026-09-20,20,9,2026,3,0,True
9761,2026-09-21,21,9,2026,3,1,False
9762,2026-09-22,22,9,2026,3,2,False
9763,2026-09-23,23,9,2026,3,3,False
9764,2026-09-24,24,9,2026,3,4,False
9765,2026-09-25,25,9,2026,3,5,False
9766,2026-09-26,26,9,2026,3,6,True
9767,2026-09-27,27,9,2026,3,0,True
9768,2026-09-28,28,9,2026,3,1,False
9769,2026-09-29,29,9,2026,3,2,False
9770,2026-09-30,30,9,2026,3,3,False
9771,2026-10-01,1,10,2026,4,4,False
9772,2026-10-02,2,10,2026,4,5,False
9773,2026-10-03,3,10,2026,4,6,True
9774,2026-10-04,4,10,2026,4,0,True
9775,2026-10-05,5,10,2026,4,1,False
9776,2026-10-06,6,10,2026,4,2,False
9777,2026-10-07,7,10,2026,4,3,False
9778,2026-10-08,8,10,2026,4,4,False
9779,2026-10-09,9,10,2026,4,5,False
9780,2026-10-10,10,10,2026,4,6,True
9781,2026-10-11,11,10,2026,4,0,True
9782,2026-10-12,12,10,2026,4,1,False
9783,2026-10-13,13,10,2026,4,2,False
9784,2026-10-14,14,10,2026,4,3,False
9785,2026-10-15,15,10,2026,4,4,False
9786,2026-10-16,16,10,2026,4,5,False
9787,2026-10-17,17,10,2026,4,6,True
9788,2026-10-18,18,10,2026,4,0,True
9789,2026-10-19,19,10,2026,4,1,False
9790,2026-10-20,20,10,2026,4,2,False
9791,2026-10-21,21,10,2026,4,3,False
9792,2026-10-22,22,10,2026,4,4,False
9793,2026-10-23,23,10,2026,4,5,False
9794,2026-10-24,24,10,2026,4,6,True
9795,2026-10-25,25,10,2026,4,0,True
9796,2026-10-26,26,10,2026,4,1,False
9797,2026-10-27,27,10,2026,4,2,False
9798,2026-10-28,28,10,2026,4,3,False
9799,2026-10-29,29,10,2026,4,4,False
9800,2026-10-30,30,10,2026,4,5,False
9801,2026-10-31,31,10,2026,4,6,True
9802,2026-11-01,1,11,2026,4,0,True
9803,2026-11-02,2,11,2026,4,1,False
9804,2026-11-03,3,11,2026,4,2,False
9805,2026-11-04,4,11,2026,4,3,False
9806,2026-11-05,5,11,2026,4,4,False
9807,2026-11-06,6,11,2026,4,5,False
9808,2026-11-07,7,11,2026,4,6,True
9809,2026-11-08,8,11,2026,4,0,True
9810,2026-11-09,9,11,2026,4,1,False
9811,2026-11-10,10,11,2026,4,2,False
9812,2026-11-11,11,11,2026,4,3,False
9813,2026-11-12,12,11,2026,4,4,False
9814,2026-11-13,13,11,2026,4,5,False
9815,2026-11-14,14,11,2026,4,6,True
9816,2026-11-15,15,11,2026,4,0,True
9817,2026-11-16,16,11,2026,4,1,False
9818,2026-11-17,17,11,2026,4,2,False
9819,2026-11-18,18,11,2026,4,3,False
9820,2026-11-19,19,11,2026,4,4,False
9821,2026-11-20,20,11,2026,4,5,False
9822,2026-11-21,21,11,2026,4,6,True
9823,2026-11-22,22,11,2026,4,0,True
9824,2026-11-23,23,11,2026,4,1,False
9825,2026-11-24,24,11,2026,4,2,False
9826,2026-11-25,25,11,2026,4,3,False
9827,2026-11-26,26,11,2026,4,4,False
9828,2026-11-27,27,11,2026,4,5,False
9829,2026-11-28,28,11,2026,4,6,True
9830,2026-11-29,29,11,2026,4,0,True
9831,2026-11-30,30,11,2026,4,1,False
9832,2026-12-01,1,12,2026,4,2,False
9833,2026-12-02,2,12,2026,4,3,False
9834,2026-12-03,3,12,2026,4,4,False
9835,2026-12-04,4,12,2026,4,5,False
9836,2026-12-05,5,12,2026,4,6,True
9837,2026-12-06,6,12,2026,4,0,True
9838,2026-12-07,7,12,2026,4,1,False
9839,2026-12-08,8,12,2026,4,2,False
9840,2026-12-09,9,12,2026,4,3,False
9841,2026-12-10,10,12,2026,4,4,False
9842,2026-12-11,11,12,2026,4,5,False
9843,2026-12-12,12,12,2026,4,6,True
9844,2026-12-13,13,12,2026,4,0,True
9845,2026-12-14,14,12,2026,4,1,False
9846,2026-12-15,15,12,2026,4,2,False
9847,2026-12-16,16,12,2026,4,3,False
9848,2026-12-17,17,12,2026,4,4,False
9849,2026-12-18,18,12,2026,4,5,False
9850,2026-12-19,19,12,2026,4,6,True
9851,2026-12-20,20,12,2026,4,0,True
9852,2026-12-21,21,12,2026,4,1,False
9853,2026-12-22,22,12,2026,4,2,False
9854,2026-12-23,23,12,2026,4,3,False
9855,2026-12-24,24,12,2026,4,4,False
9856,2026-12-25,25,12,2026,4,5,False
9857,2026-12-26,26,12,2026,4,6,True
9858,2026-12-27,27,12,2026,4,0,True
9859,2026-12-28,28,12,2026,4,1,False
9860,2026-12-29,29,12,2026,4,2,False
9861,2026-12-30,30,12,2026,4,3,False
9862,2026-12-31,31,12,2026,4,4,False
9863,2027-01-01,1,1,2027,1,5,False
9864,2027-01-02,2,1,2027,1,6,True
9865,2027-01-03,3,1,2027,1,0,True
9866,2027-01-04,4,1,2027,1,1,False
9867,2027-01-05,5,1,2027,1,2,False
9868,2027-01-06,6,1,2027,1,3,False
9869,2027-01-07,7,1,2027,1,4,False
9870,2027-01-08,8,1,2027,1,5,False
9871,2027-01-09,9,1,2027,1,6,True
9872,2027-01-10,10,1,2027,1,0,True
9873,2027-01-11,11,1,2027,1,1,False
9874,2027-01-12,12,1,2027,1,2,False
9875,2027-01-13,13,1,2027,1,3,False
9876,2027-01-14,14,1,2027,1,4,False
9877,2027-01-15,15,1,2027,1,5,False
9878,2027-01-16,16,1,2027,1,6,True
9879,2027-01-17,17,1,2027,1,0,True
9880,2027-01-18,18,1,2027,1,1,False
9881,2027-01-19,19,1,2027,1,2,False
9882,2027-01-20,20,1,2027,1,3,False
9883,2027-01-21,21,1,2027,1,4,False
9884,2027-01-22,22,1,2027,1,5,False
9885,2027-01-23,23,1,2027,1,6,True
9886,2027-01-24,24,1,2027,1,0,True
9887,2027-01-25,25,1,2027,1,1,False
9888,2027-01-26,26,1,2027,1,2,False
9889,2027-01-27,27,1,2027,1,3,False
9890,2027-01-28,28,1,2027,1,4,False
9891,2027-01-29,29,1,2027,1,5,False
9892,2027-01-30,30,1,2027,1,6,True
9893,2027-01-31,31,1,2027,1,0,True
9894,2027-02-01,1,2,2027,1,1,False
9895,2027-02-02,2,2,2027,1,2,False
9896,2027-02-03,3,2,2027,1,3,False
9897,2027-02-04,4,2,2027,1,4,False
9898,2027-02-05,5,2,2027,1,5,False
9899,2027-02-06,6,2,2027,1,6,True
9900,2027-02-07,7,2,2027,1,0,True
9901,2027-02-08,8,2,2027,1,1,False
9902,2027-02-09,9,2,2027,1,2,False
9903,2027-02-10,10,2,2027,1,3,False
9904,2027-02-11,11,2,2027,1,4,False
9905,2027-02-12,12,2,2027,1,5,False
9906,2027-02-13,13,2,2027,1,6,True
9907,2027-02-14,14,2,2027,1,0,True
9908,2027-02-15,15,2,2027,1,1,False
9909,2027-02-16,16,2,2027,1,2,False
9910,2027-02-17,17,2,2027,1,3,False
9911,2027-02-18,18,2,2027,1,4,False
9912,2027-02-19,19,2,2027,1,5,False
9913,2027-02-20,20,2,2027,1,6,True
9914,2027-02-21,21,2,2027,1,0,True
9915,2027-02-22,22,2,2027,1,1,False
9916,2027-02-23,23,2,2027,1,2,False
9917,2027-02-24,24,2,2027,1,3,False
9918,2027-02-25,25,2,2027,1,4,False
9919,2027-02-26,26,2,2027,1,5,False
9920,2027-02-27,27,2,2027,1,6,True
9921,2027-02-28,28,2,2027,1,0,True
9922,2027-03-01,1,3,2027,1,1,False
9923,2027-03-02,2,3,2027,1,2,False
9924,2027-03-03,3,3,2027,1,3,False
9925,2027-03-04,4,3,2027,1,4,False
9926,2027-03-05,5,3,2027,1,5,False
9927,2027-03-06,6,3,2027,1,6,True
9928,2027-03-07,7,3,2027,1,0,True
9929,2027-03-08,8,3,2027,1,1,False
9930,2027-03-09,9,3,2027,1,2,False
9931,2027-03-10,10,3,2027,1,3,False
9932,2027-03-11,11,3,2027,1,4,False
9933,2027-03-12,12,3,2027,1,5,False
9934,2027-03-13,13,3,2027,1,6,True
9935,2027-03-14,14,3,2027,1,0,True
9936,2027-03-15,15,3,2027,1,1,False
9937,2027-03-16,16,3,2027,1,2,False
9938,2027-03-17,17,3,2027,1,3,False
9939,2027-03-18,18,3,2027,1,4,False
9940,2027-03-19,19,3,2027,1,5,False
9941,2027-03-20,20,3,2027,1,6,True
9942,2027-03-21,21,3,2027,1,0,True
9943,2027-03-22,22,3,2027,1,1,False
9944,2027-03-23,23,3,2027,1,2,False
9945,2027-03-24,24,3,2027,1,3,False
9946,2027-03-25,25,3,2027,1,4,False
9947,2027-03-26,26,3,2027,1,5,False
9948,2027-03-27,27,3,2027,1,6,True
9949,2027-03-28,28,3,2027,1,0,True
9950,2027-03-29,29,3,2027,1,1,False
9951,2027-03-30,30,3,2027,1,2,False
9952,2027-03-31,31,3,2027,1,3,False
9953,2027-04-01,1,4,2027,2,4,False
9954,2027-04-02,2,4,2027,2,5,False
9955,2027-04-03,3,4,2027,2,6,True
9956,2027-04-04,4,4,2027,2,0,True
9957,2027-04-05,5,4,2027,2,1,False
9958,2027-04-06,6,4,2027,2,2,False
9959,2027-04-07,7,4,2027,2,3,False
9960,2027-04-08,8,4,2027,2,4,False
9961,2027-04-09,9,4,2027,2,5,False
9962,2027-04-10,10,4,2027,2,6,True
9963,2027-04-11,11,4,2027,2,0,True
9964,2027-04-12,12,4,2027,2,1,False
9965,2027-04-13,13,4,2027,2,2,False
9966,2027-04-14,14,4,2027,2,3,False
9967,2027-04-15,15,4,2027,2,4,False
9968,2027-04-16,16,4,2027,2,5,False
9969,2027-04-17,17,4,2027,2,6,True
9970,2027-04-18,18,4,2027,2,0,True
9971,2027-04-19,19,4,2027,2,1,False
9972,2027-04-20,20,4,2027,2,2,False
9973,2027-04-21,21,4,2027,2,3,False
9974,2027-04-22,22,4,2027,2,4,False
9975,2027-04-23,23,4,2027,2,5,False
9976,2027-04-24,24,4,2027,2,6,True
9977,2027-04-25,25,4,2027,2,0,True
9978,2027-04-26,26,4,2027,2,1,False
9979,2027-04-27,27,4,2027,2,2,False
9980,2027-04-28,28,4,2027,2,3,False
9981,2027-04-29,29,4,2027,2,4,False
9982,2027-04-30,30,4,2027,2,5,False
9983,2027-05-01,1,5,2027,2,6,True
9984,2027-05-02,2,5,2027,2,0,True
9985,2027-05-03,3,5,2027,2,1,False
9986,2027-05-04,4,5,2027,2,2,False
9987,2027-05-05,5,5,2027,2,3,False
9988,2027-05-06,6,5,2027,2,4,False
9989,2027-05-07,7,5,2027,2,5,False
9990,2027-05-08,8,5,2027,2,6,True
9991,2027-05-09,9,5,2027,2,0,True
9992,2027-05-10,10,5,2027,2,1,False
9993,2027-05-11,11,5,2027,2,2,False
9994,2027-05-12,12,5,2027,2,3,False
9995,2027-05-13,13,5,2027,2,4,False
9996,2027-05-14,14,5,2027,2,5,False
9997,2027-05-15,15,5,2027,2,6,True
9998,2027-05-16,16,5,2027,2,0,True
9999,2027-05-17,17,5,2027,2,1,False
10000,2027-05-18,18,5,2027,2,2,False
10001,2027-05-19,19,5,2027,2,3,False
10002,2027-05-20,20,5,2027,2,4,False
10003,2027-05-21,21,5,2027,2,5,False
10004,2027-05-22,22,5,2027,2,6,True
10005,2027-05-23,23,5,2027,2,0,True
10006,2027-05-24,24,5,2027,2,1,False
10007,2027-05-25,25,5,2027,2,2,False
10008,2027-05-26,26,5,2027,2,3,False
10009,2027-05-27,27,5,2027,2,4,False
10010,2027-05-28,28,5,2027,2,5,False
10011,2027-05-29,29,5,2027,2,6,True
10012,2027-05-30,30,5,2027,2,0,True
10013,2027-05-31,31,5,2027,2,1,False
10014,2027-06-01,1,6,2027,2,2,False
10015,2027-06-02,2,6,2027,2,3,False
10016,2027-06-03,3,6,2027,2,4,False
10017,2027-06-04,4,6,2027,2,5,False
10018,2027-06-05,5,6,2027,2,6,True
10019,2027-06-06,6,6,2027,2,0,True
10020,2027-06-07,7,6,2027,2,1,False
10021,2027-06-08,8,6,2027,2,2,False
10022,2027-06-09,9,6,2027,2,3,False
10023,2027-06-10,10,6,2027,2,4,False
10024,2027-06-11,11,6,2027,2,5,False
10025,2027-06-12,12,6,2027,2,6,True
10026,2027-06-13,13,6,2027,2,0,True
10027,2027-06-14,14,6,2027,2,1,False
10028,2027-06-15,15,6,2027,2,2,False
10029,2027-06-16,16,6,2027,2,3,False
10030,2027-06-17,17,6,2027,2,4,False
10031,2027-06-18,18,6,2027,2,5,False
10032,2027-06-19,19,6,2027,2,6,True
10033,2027-06-20,20,6,2027,2,0,True
10034,2027-06-21,21,6,2027,2,1,False
10035,2027-06-22,22,6,2027,2,2,False
10036,2027-06-23,23,6,2027,2,3,False
10037,2027-06-24,24,6,2027,2,4,False
10038,2027-06-25,25,6,2027,2,5,False
10039,2027-06-26,26,6,2027,2,6,True
10040,2027-06-27,27,6,2027,2,0,True
10041,2027-06-28,28,6,2027,2,1,False
10042,2027-06-29,29,6,2027,2,2,False
10043,2027-06-30,30,6,2027,2,3,False
10044,2027-07-01,1,7,2027,3,4,False
10045,2027-07-02,2,7,2027,3,5,False
10046,2027-07-03,3,7,2027,3,6,True
10047,2027-07-04,4,7,2027,3,0,True
10048,2027-07-05,5,7,2027,3,1,False
10049,2027-07-06,6,7,2027,3,2,False
10050,2027-07-07,7,7,2027,3,3,False
10051,2027-07-08,8,7,2027,3,4,False
10052,2027-07-09,9,7,2027,3,5,False
10053,2027-07-10,10,7,2027,3,6,True
10054,2027-07-11,11,7,2027,3,0,True
10055,2027-07-12,12,7,2027,3,1,False
10056,2027-07-13,13,7,2027,3,2,False
10057,2027-07-14,14,7,2027,3,3,False
10058,2027-07-15,15,7,2027,3,4,False
10059,2027-07-16,16,7,2027,3,5,False
10060,2027-07-17,17,7,2027,3,6,True
10061,2027-07-18,18,7,2027,3,0,True
10062,2027-07-19,19,7,2027,3,1,False
10063,2027-07-20,20,7,2027,3,2,False
10064,2027-07-21,21,7,2027,3,3,False
10065,2027-07-22,22,7,2027,3,4,False
10066,2027-07-23,23,7,2027,3,5,False
10067,2027-07-24,24,7,2027,3,6,True
10068,2027-07-25,25,7,2027,3,0,True
10069,2027-07-26,26,7,2027,3,1,False
10070,2027-07-27,27,7,2027,3,2,False
10071,2027-07-28,28,7,2027,3,3,False
10072,2027-07-29,29,7,2027,3,4,False
10073,2027-07-30,30,7,2027,3,5,False
10074,2027-07-31,31,7,2027,3,6,True
10075,2027-08-01,1,8,2027,3,0,True
10076,2027-08-02,2,8,2027,3,1,False
10077,2027-08-03,3,8,2027,3,2,False
10078,2027-08-04,4,8,2027,3,3,False
10079,2027-08-05,5,8,2027,3,4,False
10080,2027-08-06,6,8,2027,3,5,False
10081,2027-08-07,7,8,2027,3,6,True
10082,2027-08-08,8,8,2027,3,0,True
10083,2027-08-09,9,8,2027,3,1,False
10084,2027-08-10,10,8,2027,3,2,False
10085,2027-08-11,11,8,2027,3,3,False
10086,2027-08-12,12,8,2027,3,4,False
10087,2027-08-13,13,8,2027,3,5,False
10088,2027-08-14,14,8,2027,3,6,True
10089,2027-08-15,15,8,2027,3,0,True
10090,2027-08-16,16,8,2027,3,1,False
10091,2027-08-17,17,8,2027,3,2,False
10092,2027-08-18,18,8,2027,3,3,False
10093,2027-08-19,19,8,2027,3,4,False
10094,2027-08-20,20,8,2027,3,5,False
10095,2027-08-21,21,8,2027,3,6,True
10096,2027-08-22,22,8,2027,3,0,True
10097,2027-08-23,23,8,2027,3,1,False
10098,2027-08-24,24,8,2027,3,2,False
10099,2027-08-25,25,8,2027,3,3,False
10100,2027-08-26,26,8,2027,3,4,False
10101,2027-08-27,27,8,2027,3,5,False
10102,2027-08-28,28,8,2027,3,6,True
10103,2027-08-29,29,8,2027,3,0,True
10104,2027-08-30,30,8,2027,3,1,False
10105,2027-08-31,31,8,2027,3,2,False
10106,2027-09-01,1,9,2027,3,3,False
10107,2027-09-02,2,9,2027,3,4,False
10108,2027-09-03,3,9,2027,3,5,False
10109,2027-09-04,4,9,2027,3,6,True
10110,2027-09-05,5,9,2027,3,0,True
10111,2027-09-06,6,9,2027,3,1,False
10112,2027-09-07,7,9,2027,3,2,False
10113,2027-09-08,8,9,2027,3,3,False
10114,2027-09-09,9,9,2027,3,4,False
10115,2027-09-10,10,9,2027,3,5,False
10116,2027-09-11,11,9,2027,3,6,True
10117,2027-09-12,12,9,2027,3,0,True
10118,2027-09-13,13,9,2027,3,1,False
10119,2027-09-14,14,9,2027,3,2,False
10120,2027-09-15,15,9,2027,3,3,False
10121,2027-09-16,16,9,2027,3,4,False
10122,2027-09-17,17,9,2027,3,5,False
10123,2027-09-18,18,9,2027,3,6,True
10124,2027-09-19,19,9,2027,3,0,True
10125,2027-09-20,20,9,2027,3,1,False
10126,2027-09-21,21,9,2027,3,2,False
10127,2027-09-22,22,9,2027,3,3,False
10128,2027-09-23,23,9,2027,3,4,False
10129,2027-09-24,24,9,2027,3,5,False
10130,2027-09-25,25,9,2027,3,6,True
10131,2027-09-26,26,9,2027,3,0,True
10132,2027-09-27,27,9,2027,3,1,False
10133,2027-09-28,28,9,2027,3,2,False
10134,2027-09-29,29,9,2027,3,3,False
10135,2027-09-30,30,9,2027,3,4,False
10136,2027-10-01,1,10,2027,4,5,False
10137,2027-10-02,2,10,2027,4,6,True
10138,2027-10-03,3,10,2027,4,0,True
10139,2027-10-04,4,10,2027,4,1,False
10140,2027-10-05,5,10,2027,4,2,False
10141,2027-10-06,6,10,2027,4,3,False
10142,2027-10-07,7,10,2027,4,4,False
10143,2027-10-08,8,10,2027,4,5,False
10144,2027-10-09,9,10,2027,4,6,True
10145,2027-10-10,10,10,2027,4,0,True
10146,2027-10-11,11,10,2027,4,1,False
10147,2027-10-12,12,10,2027,4,2,False
10148,2027-10-13,13,10,2027,4,3,False
10149,2027-10-14,14,10,2027,4,4,False
10150,2027-10-15,15,10,2027,4,5,False
10151,2027-10-16,16,10,2027,4,6,True
10152,2027-10-17,17,10,2027,4,0,True
10153,2027-10-18,18,10,2027,4,1,False
10154,2027-10-19,19,10,2027,4,2,False
10155,2027-10-20,20,10,2027,4,3,False
10156,2027-10-21,21,10,2027,4,4,False
10157,2027-10-22,22,10,2027,4,5,False
10158,2027-10-23,23,10,2027,4,6,True
10159,2027-10-24,24,10,2027,4,0,True
10160,2027-10-25,25,10,2027,4,1,False
10161,2027-10-26,26,10,2027,4,2,False
10162,2027-10-27,27,10,2027,4,3,False
10163,2027-10-28,28,10,2027,4,4,False
10164,2027-10-29,29,10,2027,4,5,False
10165,2027-10-30,30,10,2027,4,6,True
10166,2027-10-31,31,10,2027,4,0,True
10167,2027-11-01,1,11,2027,4,1,False
10168,2027-11-02,2,11,2027,4,2,False
10169,2027-11-03,3,11,2027,4,3,False
10170,2027-11-04,4,11,2027,4,4,False
10171,2027-11-05,5,11,2027,4,5,False
10172,2027-11-06,6,11,2027,4,6,True
10173,2027-11-07,7,11,2027,4,0,True
10174,2027-11-08,8,11,2027,4,1,False
10175,2027-11-09,9,11,2027,4,2,False
10176,2027-11-10,10,11,2027,4,3,False
10177,2027-11-11,11,11,2027,4,4,False
10178,2027-11-12,12,11,2027,4,5,False
10179,2027-11-13,13,11,2027,4,6,True
10180,2027-11-14,14,11,2027,4,0,True
10181,2027-11-15,15,11,2027,4,1,False
10182,2027-11-16,16,11,2027,4,2,False
10183,2027-11-17,17,11,2027,4,3,False
10184,2027-11-18,18,11,2027,4,4,False
10185,2027-11-19,19,11,2027,4,5,False
10186,2027-11-20,20,11,2027,4,6,True
10187,2027-11-21,21,11,2027,4,0,True
10188,2027-11-22,22,11,2027,4,1,False
10189,2027-11-23,23,11,2027,4,2,False
10190,2027-11-24,24,11,2027,4,3,False
10191,2027-11-25,25,11,2027,4,4,False
10192,2027-11-26,26,11,2027,4,5,False
10193,2027-11-27,27,11,2027,4,6,True
10194,2027-11-28,28,11,2027,4,0,True
10195,2027-11-29,29,11,2027,4,1,False
10196,2027-11-30,30,11,2027,4,2,False
10197,2027-12-01,1,12,2027,4,3,False
10198,2027-12-02,2,12,2027,4,4,False
10199,2027-12-03,3,12,2027,4,5,False
10200,2027-12-04,4,12,2027,4,6,True
10201,2027-12-05,5,12,2027,4,0,True
10202,2027-12-06,6,12,2027,4,1,False
10203,2027-12-07,7,12,2027,4,2,False
10204,2027-12-08,8,12,2027,4,3,False
10205,2027-12-09,9,12,2027,4,4,False
10206,2027-12-10,10,12,2027,4,5,False
10207,2027-12-11,11,12,2027,4,6,True
10208,2027-12-12,12,12,2027,4,0,True
10209,2027-12-13,13,12,2027,4,1,False
10210,2027-12-14,14,12,2027,4,2,False
10211,2027-12-15,15,12,2027,4,3,False
10212,2027-12-16,16,12,2027,4,4,False
10213,2027-12-17,17,12,2027,4,5,False
10214,2027-12-18,18,12,2027,4,6,True
10215,2027-12-19,19,12,2027,4,0,True
10216,2027-12-20,20,12,2027,4,1,False
10217,2027-12-21,21,12,2027,4,2,False
10218,2027-12-22,22,12,2027,4,3,False
10219,2027-12-23,23,12,2027,4,4,False
10220,2027-12-24,24,12,2027,4,5,False
10221,2027-12-25,25,12,2027,4,6,True
10222,2027-12-26,26,12,2027,4,0,True
10223,2027-12-27,27,12,2027,4,1,False
10224,2027-12-28,28,12,2027,4,2,False
10225,2027-12-29,29,12,2027,4,3,False
10226,2027-12-30,30,12,2027,4,4,False
10227,2027-12-31,31,12,2027,4,5,False
10228,2028-01-01,1,1,2028,1,6,True
10229,2028-01-02,2,1,2028,1,0,True
10230,2028-01-03,3,1,2028,1,1,False
10231,2028-01-04,4,1,2028,1,2,False
10232,2028-01-05,5,1,2028,1,3,False
10233,2028-01-06,6,1,2028,1,4,False
10234,2028-01-07,7,1,2028,1,5,False
10235,2028-01-08,8,1,2028,1,6,True
10236,2028-01-09,9,1,2028,1,0,True
10237,2028-01-10,10,1,2028,1,1,False
10238,2028-01-11,11,1,2028,1,2,False
10239,2028-01-12,12,1,2028,1,3,False
10240,2028-01-13,13,1,2028,1,4,False
10241,2028-01-14,14,1,2028,1,5,False
10242,2028-01-15,15,1,2028,1,6,True
10243,2028-01-16,16,1,2028,1,0,True
10244,2028-01-17,17,1,2028,1,1,False
10245,2028-01-18,18,1,2028,1,2,False
10246,2028-01-19,19,1,2028,1,3,False
10247,2028-01-20,20,1,2028,1,4,False
10248,2028-01-21,21,1,2028,1,5,False
10249,2028-01-22,22,1,2028,1,6,True
10250,2028-01-23,23,1,2028,1,0,True
10251,2028-01-24,24,1,2028,1,1,False
10252,2028-01-25,25,1,2028,1,2,False
10253,2028-01-26,26,1,2028,1,3,False
10254,2028-01-27,27,1,2028,1,4,False
10255,2028-01-28,28,1,2028,1,5,False
10256,2028-01-29,29,1,2028,1,6,True
10257,2028-01-30,30,1,2028,1,0,True
10258,2028-01-31,31,1,2028,1,1,False
10259,2028-02-01,1,2,2028,1,2,False
10260,2028-02-02,2,2,2028,1,3,False
10261,2028-02-03,3,2,2028,1,4,False
10262,2028-02-04,4,2,2028,1,5,False
10263,2028-02-05,5,2,2028,1,6,True
10264,2028-02-06,6,2,2028,1,0,True
10265,2028-02-07,7,2,2028,1,1,False
10266,2028-02-08,8,2,2028,1,2,False
10267,2028-02-09,9,2,2028,1,3,False
10268,2028-02-10,10,2,2028,1,4,False
10269,2028-02-11,11,2,2028,1,5,False
10270,2028-02-12,12,2,2028,1,6,True
10271,2028-02-13,13,2,2028,1,0,True
10272,2028-02-14,14,2,2028,1,1,False
10273,2028-02-15,15,2,2028,1,2,False
10274,2028-02-16,16,2,2028,1,3,False
10275,2028-02-17,17,2,2028,1,4,False
10276,2028-02-18,18,2,2028,1,5,False
10277,2028-02-19,19,2,2028,1,6,True
10278,2028-02-20,20,2,2028,1,0,True
10279,2028-02-21,21,2,2028,1,1,False
10280,2028-02-22,22,2,2028,1,2,False
10281,2028-02-23,23,2,2028,1,3,False
10282,2028-02-24,24,2,2028,1,4,False
10283,2028-02-25,25,2,2028,1,5,False
10284,2028-02-26,26,2,2028,1,6,True
10285,2028-02-27,27,2,2028,1,0,True
10286,2028-02-28,28,2,2028,1,1,False
10287,2028-02-29,29,2,2028,1,2,False
10288,2028-03-01,1,3,2028,1,3,False
10289,2028-03-02,2,3,2028,1,4,False
10290,2028-03-03,3,3,2028,1,5,False
10291,2028-03-04,4,3,2028,1,6,True
10292,2028-03-05,5,3,2028,1,0,True
10293,2028-03-06,6,3,2028,1,1,False
10294,2028-03-07,7,3,2028,1,2,False
10295,2028-03-08,8,3,2028,1,3,False
10296,2028-03-09,9,3,2028,1,4,False
10297,2028-03-10,10,3,2028,1,5,False
10298,2028-03-11,11,3,2028,1,6,True
10299,2028-03-12,12,3,2028,1,0,True
10300,2028-03-13,13,3,2028,1,1,False
10301,2028-03-14,14,3,2028,1,2,False
10302,2028-03-15,15,3,2028,1,3,False
10303,2028-03-16,16,3,2028,1,4,False
10304,2028-03-17,17,3,2028,1,5,False
10305,2028-03-18,18,3,2028,1,6,True
10306,2028-03-19,19,3,2028,1,0,True
10307,2028-03-20,20,3,2028,1,1,False
10308,2028-03-21,21,3,2028,1,2,False
10309,2028-03-22,22,3,2028,1,3,False
10310,2028-03-23,23,3,2028,1,4,False
10311,2028-03-24,24,3,2028,1,5,False
10312,2028-03-25,25,3,2028,1,6,True
10313,2028-03-26,26,3,2028,1,0,True
10314,2028-03-27,27,3,2028,1,1,False
10315,2028-03-28,28,3,2028,1,2,False
10316,2028-03-29,29,3,2028,1,3,False
10317,2028-03-30,30,3,2028,1,4,False
10318,2028-03-31,31,3,2028,1,5,False
10319,2028-04-01,1,4,2028,2,6,True
10320,2028-04-02,2,4,2028,2,0,True
10321,2028-04-03,3,4,2028,2,1,False
10322,2028-04-04,4,4,2028,2,2,False
10323,2028-04-05,5,4,2028,2,3,False
10324,2028-04-06,6,4,2028,2,4,False
10325,2028-04-07,7,4,2028,2,5,False
10326,2028-04-08,8,4,2028,2,6,True
10327,2028-04-09,9,4,2028,2,0,True
10328,2028-04-10,10,4,2028,2,1,False
10329,2028-04-11,11,4,2028,2,2,False
10330,2028-04-12,12,4,2028,2,3,False
10331,2028-04-13,13,4,2028,2,4,False
10332,2028-04-14,14,4,2028,2,5,False
10333,2028-04-15,15,4,2028,2,6,True
10334,2028-04-16,16,4,2028,2,0,True
10335,2028-04-17,17,4,2028,2,1,False
10336,2028-04-18,18,4,2028,2,2,False
10337,2028-04-19,19,4,2028,2,3,False
10338,2028-04-20,20,4,2028,2,4,False
10339,2028-04-21,21,4,2028,2,5,False
10340,2028-04-22,22,4,2028,2,6,True
10341,2028-04-23,23,4,2028,2,0,True
10342,2028-04-24,24,4,2028,2,1,False
10343,2028-04-25,25,4,2028,2,2,False
10344,2028-04-26,26,4,2028,2,3,False
10345,2028-04-27,27,4,2028,2,4,False
10346,2028-04-28,28,4,2028,2,5,False
10347,2028-04-29,29,4,2028,2,6,True
10348,2028-04-30,30,4,2028,2,0,True
10349,2028-05-01,1,5,2028,2,1,False
10350,2028-05-02,2,5,2028,2,2,False
10351,2028-05-03,3,5,2028,2,3,False
10352,2028-05-04,4,5,2028,2,4,False
10353,2028-05-05,5,5,2028,2,5,False
10354,2028-05-06,6,5,2028,2,6,True
10355,2028-05-07,7,5,2028,2,0,True
10356,2028-05-08,8,5,2028,2,1,False
10357,2028-05-09,9,5,2028,2,2,False
10358,2028-05-10,10,5,2028,2,3,False
10359,2028-05-11,11,5,2028,2,4,False
10360,2028-05-12,12,5,2028,2,5,False
10361,2028-05-13,13,5,2028,2,6,True
10362,2028-05-14,14,5,2028,2,0,True
10363,2028-05-15,15,5,2028,2,1,False
10364,2028-05-16,16,5,2028,2,2,False
10365,2028-05-17,17,5,2028,2,3,False
10366,2028-05-18,18,5,2028,2,4,False
10367,2028-05-19,19,5,2028,2,5,False
10368,2028-05-20,20,5,2028,2,6,True
10369,2028-05-21,21,5,2028,2,0,True
10370,2028-05-22,22,5,2028,2,1,False
10371,2028-05-23,23,5,2028,2,2,False
10372,2028-05-24,24,5,2028,2,3,False
10373,2028-05-25,25,5,2028,2,4,False
10374,2028-05-26,26,5,2028,2,5,False
10375,2028-05-27,27,5,2028,2,6,True
10376,2028-05-28,28,5,2028,2,0,True
10377,2028-05-29,29,5,2028,2,1,False
10378,2028-05-30,30,5,2028,2,2,False
10379,2028-05-31,31,5,2028,2,3,False
10380,2028-06-01,1,6,2028,2,4,False
10381,2028-06-02,2,6,2028,2,5,False
10382,2028-06-03,3,6,2028,2,6,True
10383,2028-06-04,4,6,2028,2,0,True
10384,2028-06-05,5,6,2028,2,1,False
10385,2028-06-06,6,6,2028,2,2,False
10386,2028-06-07,7,6,2028,2,3,False
10387,2028-06-08,8,6,2028,2,4,False
10388,2028-06-09,9,6,2028,2,5,False
10389,2028-06-10,10,6,2028,2,6,True
10390,2028-06-11,11,6,2028,2,0,True
10391,2028-06-12,12,6,2028,2,1,False
10392,2028-06-13,13,6,2028,2,2,False
10393,2028-06-14,14,6,2028,2,3,False
10394,2028-06-15,15,6,2028,2,4,False
10395,2028-06-16,16,6,2028,2,5,False
10396,2028-06-17,17,6,2028,2,6,True
10397,2028-06-18,18,6,2028,2,0,True
10398,2028-06-19,19,6,2028,2,1,False
10399,2028-06-20,20,6,2028,2,2,False
10400,2028-06-21,21,6,2028,2,3,False
10401,2028-06-22,22,6,2028,2,4,False
10402,2028-06-23,23,6,2028,2,5,False
10403,2028-06-24,24,6,2028,2,6,True
10404,2028-06-25,25,6,2028,2,0,True
10405,2028-06-26,26,6,2028,2,1,False
10406,2028-06-27,27,6,2028,2,2,False
10407,2028-06-28,28,6,2028,2,3,False
10408,2028-06-29,29,6,2028,2,4,False
10409,2028-06-30,30,6,2028,2,5,False
10410,2028-07-01,1,7,2028,3,6,True
10411,2028-07-02,2,7,2028,3,0,True
10412,2028-07-03,3,7,2028,3,1,False
10413,2028-07-04,4,7,2028,3,2,False
10414,2028-07-05,5,7,2028,3,3,False
10415,2028-07-06,6,7,2028,3,4,False
10416,2028-07-07,7,7,2028,3,5,False
10417,2028-07-08,8,7,2028,3,6,True
10418,2028-07-09,9,7,2028,3,0,True
10419,2028-07-10,10,7,2028,3,1,False
10420,2028-07-11,11,7,2028,3,2,False
10421,2028-07-12,12,7,2028,3,3,False
10422,2028-07-13,13,7,2028,3,4,False
10423,2028-07-14,14,7,2028,3,5,False
10424,2028-07-15,15,7,2028,3,6,True
10425,2028-07-16,16,7,2028,3,0,True
10426,2028-07-17,17,7,2028,3,1,False
10427,2028-07-18,18,7,2028,3,2,False
10428,2028-07-19,19,7,2028,3,3,False
10429,2028-07-20,20,7,2028,3,4,False
10430,2028-07-21,21,7,2028,3,5,False
10431,2028-07-22,22,7,2028,3,6,True
10432,2028-07-23,23,7,2028,3,0,True
10433,2028-07-24,24,7,2028,3,1,False
10434,2028-07-25,25,7,2028,3,2,False
10435,2028-07-26,26,7,2028,3,3,False
10436,2028-07-27,27,7,2028,3,4,False
10437,2028-07-28,28,7,2028,3,5,False
10438,2028-07-29,29,7,2028,3,6,True
10439,2028-07-30,30,7,2028,3,0,True
10440,2028-07-31,31,7,2028,3,1,False
10441,2028-08-01,1,8,2028,3,2,False
10442,2028-08-02,2,8,2028,3,3,False
10443,2028-08-03,3,8,2028,3,4,False
10444,2028-08-04,4,8,2028,3,5,False
10445,2028-08-05,5,8,2028,3,6,True
10446,2028-08-06,6,8,2028,3,0,True
10447,2028-08-07,7,8,2028,3,1,False
10448,2028-08-08,8,8,2028,3,2,False
10449,2028-08-09,9,8,2028,3,3,False
10450,2028-08-10,10,8,2028,3,4,False
10451,2028-08-11,11,8,2028,3,5,False
10452,2028-08-12,12,8,2028,3,6,True
10453,2028-08-13,13,8,2028,3,0,True
10454,2028-08-14,14,8,2028,3,1,False
10455,2028-08-15,15,8,2028,3,2,False
10456,2028-08-16,16,8,2028,3,3,False
10457,2028-08-17,17,8,2028,3,4,False
10458,2028-08-18,18,8,2028,3,5,False
10459,2028-08-19,19,8,2028,3,6,True
10460,2028-08-20,20,8,2028,3,0,True
10461,2028-08-21,21,8,2028,3,1,False
10462,2028-08-22,22,8,2028,3,2,False
10463,2028-08-23,23,8,2028,3,3,False
10464,2028-08-24,24,8,2028,3,4,False
10465,2028-08-25,25,8,2028,3,5,False
10466,2028-08-26,26,8,2028,3,6,True
10467,2028-08-27,27,8,2028,3,0,True
10468,2028-08-28,28,8,2028,3,1,False
10469,2028-08-29,29,8,2028,3,2,False
10470,2028-08-30,30,8,2028,3,3,False
10471,2028-08-31,31,8,2028,3,4,False
10472,2028-09-01,1,9,2028,3,5,False
10473,2028-09-02,2,9,2028,3,6,True
10474,2028-09-03,3,9,2028,3,0,True
10475,2028-09-04,4,9,2028,3,1,False
10476,2028-09-05,5,9,2028,3,2,False
10477,2028-09-06,6,9,2028,3,3,False
10478,2028-09-07,7,9,2028,3,4,False
10479,2028-09-08,8,9,2028,3,5,False
10480,2028-09-09,9,9,2028,3,6,True
10481,2028-09-10,10,9,2028,3,0,True
10482,2028-09-11,11,9,2028,3,1,False
10483,2028-09-12,12,9,2028,3,2,False
10484,2028-09-13,13,9,2028,3,3,False
10485,2028-09-14,14,9,2028,3,4,False
10486,2028-09-15,15,9,2028,3,5,False
10487,2028-09-16,16,9,2028,3,6,True
10488,2028-09-17,17,9,2028,3,0,True
10489,2028-09-18,18,9,2028,3,1,False
10490,2028-09-19,19,9,2028,3,2,False
10491,2028-09-20,20,9,2028,3,3,False
10492,2028-09-21,21,9,2028,3,4,False
10493,2028-09-22,22,9,2028,3,5,False
10494,2028-09-23,23,9,2028,3,6,True
10495,2028-09-24,24,9,2028,3,0,True
10496,2028-09-25,25,9,2028,3,1,False
10497,2028-09-26,26,9,2028,3,2,False
10498,2028-09-27,27,9,2028,3,3,False
10499,2028-09-28,28,9,2028,3,4,False
10500,2028-09-29,29,9,2028,3,5,False
10501,2028-09-30,30,9,2028,3,6,True
10502,2028-10-01,1,10,2028,4,0,True
10503,2028-10-02,2,10,2028,4,1,False
10504,2028-10-03,3,10,2028,4,2,False
10505,2028-10-04,4,10,2028,4,3,False
10506,2028-10-05,5,10,2028,4,4,False
10507,2028-10-06,6,10,2028,4,5,False
10508,2028-10-07,7,10,2028,4,6,True
10509,2028-10-08,8,10,2028,4,0,True
10510,2028-10-09,9,10,2028,4,1,False
10511,2028-10-10,10,10,2028,4,2,False
10512,2028-10-11,11,10,2028,4,3,False
10513,2028-10-12,12,10,2028,4,4,False
10514,2028-10-13,13,10,2028,4,5,False
10515,2028-10-14,14,10,2028,4,6,True
10516,2028-10-15,15,10,2028,4,0,True
10517,2028-10-16,16,10,2028,4,1,False
10518,2028-10-17,17,10,2028,4,2,False
10519,2028-10-18,18,10,2028,4,3,False
10520,2028-10-19,19,10,2028,4,4,False
10521,2028-10-20,20,10,2028,4,5,False
10522,2028-10-21,21,10,2028,4,6,True
10523,2028-10-22,22,10,2028,4,0,True
10524,2028-10-23,23,10,2028,4,1,False
10525,2028-10-24,24,10,2028,4,2,False
10526,2028-10-25,25,10,2028,4,3,False
10527,2028-10-26,26,10,2028,4,4,False
10528,2028-10-27,27,10,2028,4,5,False
10529,2028-10-28,28,10,2028,4,6,True
10530,2028-10-29,29,10,2028,4,0,True
10531,2028-10-30,30,10,2028,4,1,False
10532,2028-10-31,31,10,2028,4,2,False
10533,2028-11-01,1,11,2028,4,3,False
10534,2028-11-02,2,11,2028,4,4,False
10535,2028-11-03,3,11,2028,4,5,False
10536,2028-11-04,4,11,2028,4,6,True
10537,2028-11-05,5,11,2028,4,0,True
10538,2028-11-06,6,11,2028,4,1,False
10539,2028-11-07,7,11,2028,4,2,False
10540,2028-11-08,8,11,2028,4,3,False
10541,2028-11-09,9,11,2028,4,4,False
10542,2028-11-10,10,11,2028,4,5,False
10543,2028-11-11,11,11,2028,4,6,True
10544,2028-11-12,12,11,2028,4,0,True
10545,2028-11-13,13,11,2028,4,1,False
10546,2028-11-14,14,11,2028,4,2,False
10547,2028-11-15,15,11,2028,4,3,False
10548,2028-11-16,16,11,2028,4,4,False
10549,2028-11-17,17,11,2028,4,5,False
10550,2028-11-18,18,11,2028,4,6,True
10551,2028-11-19,19,11,2028,4,0,True
10552,2028-11-20,20,11,2028,4,1,False
10553,2028-11-21,21,11,2028,4,2,False
10554,2028-11-22,22,11,2028,4,3,False
10555,2028-11-23,23,11,2028,4,4,False
10556,2028-11-24,24,11,2028,4,5,False
10557,2028-11-25,25,11,2028,4,6,True
10558,2028-11-26,26,11,2028,4,0,True
10559,2028-11-27,27,11,2028,4,1,False
10560,2028-11-28,28,11,2028,4,2,False
10561,2028-11-29,29,11,2028,4,3,False
10562,2028-11-30,30,11,2028,4,4,False
10563,2028-12-01,1,12,2028,4,5,False
10564,2028-12-02,2,12,2028,4,6,True
10565,2028-12-03,3,12,2028,4,0,True
10566,2028-12-04,4,12,2028,4,1,False
10567,2028-12-05,5,12,2028,4,2,False
10568,2028-12-06,6,12,2028,4,3,False
10569,2028-12-07,7,12,2028,4,4,False
10570,2028-12-08,8,12,2028,4,5,False
10571,2028-12-09,9,12,2028,4,6,True
10572,2028-12-10,10,12,2028,4,0,True
10573,2028-12-11,11,12,2028,4,1,False
10574,2028-12-12,12,12,2028,4,2,False
10575,2028-12-13,13,12,2028,4,3,False
10576,2028-12-14,14,12,2028,4,4,False
10577,2028-12-15,15,12,2028,4,5,False
10578,2028-12-16,16,12,2028,4,6,True
10579,2028-12-17,17,12,2028,4,0,True
10580,2028-12-18,18,12,2028,4,1,False
10581,2028-12-19,19,12,2028,4,2,False
10582,2028-12-20,20,12,2028,4,3,False
10583,2028-12-21,21,12,2028,4,4,False
10584,2028-12-22,22,12,2028,4,5,False
10585,2028-12-23,23,12,2028,4,6,True
10586,2028-12-24,24,12,2028,4,0,True
10587,2028-12-25,25,12,2028,4,1,False
10588,2028-12-26,26,12,2028,4,2,False
10589,2028-12-27,27,12,2028,4,3,False
10590,2028-12-28,28,12,2028,4,4,False
10591,2028-12-29,29,12,2028,4,5,False
10592,2028-12-30,30,12,2028,4,6,True
10593,2028-12-31,31,12,2028,4,0,True
10594,2029-01-01,1,1,2029,1,1,False
10595,2029-01-02,2,1,2029,1,2,False
10596,2029-01-03,3,1,2029,1,3,False
10597,2029-01-04,4,1,2029,1,4,False
10598,2029-01-05,5,1,2029,1,5,False
10599,2029-01-06,6,1,2029,1,6,True
10600,2029-01-07,7,1,2029,1,0,True
10601,2029-01-08,8,1,2029,1,1,False
10602,2029-01-09,9,1,2029,1,2,False
10603,2029-01-10,10,1,2029,1,3,False
10604,2029-01-11,11,1,2029,1,4,False
10605,2029-01-12,12,1,2029,1,5,False
10606,2029-01-13,13,1,2029,1,6,True
10607,2029-01-14,14,1,2029,1,0,True
10608,2029-01-15,15,1,2029,1,1,False
10609,2029-01-16,16,1,2029,1,2,False
10610,2029-01-17,17,1,2029,1,3,False
10611,2029-01-18,18,1,2029,1,4,False
10612,2029-01-19,19,1,2029,1,5,False
10613,2029-01-20,20,1,2029,1,6,True
10614,2029-01-21,21,1,2029,1,0,True
10615,2029-01-22,22,1,2029,1,1,False
10616,2029-01-23,23,1,2029,1,2,False
10617,2029-01-24,24,1,2029,1,3,False
10618,2029-01-25,25,1,2029,1,4,False
10619,2029-01-26,26,1,2029,1,5,False
10620,2029-01-27,27,1,2029,1,6,True
10621,2029-01-28,28,1,2029,1,0,True
10622,2029-01-29,29,1,2029,1,1,False
10623,2029-01-30,30,1,2029,1,2,False
10624,2029-01-31,31,1,2029,1,3,False
10625,2029-02-01,1,2,2029,1,4,False
10626,2029-02-02,2,2,2029,1,5,False
10627,2029-02-03,3,2,2029,1,6,True
10628,2029-02-04,4,2,2029,1,0,True
10629,2029-02-05,5,2,2029,1,1,False
10630,2029-02-06,6,2,2029,1,2,False
10631,2029-02-07,7,2,2029,1,3,False
10632,2029-02-08,8,2,2029,1,4,False
10633,2029-02-09,9,2,2029,1,5,False
10634,2029-02-10,10,2,2029,1,6,True
10635,2029-02-11,11,2,2029,1,0,True
10636,2029-02-12,12,2,2029,1,1,False
10637,2029-02-13,13,2,2029,1,2,False
10638,2029-02-14,14,2,2029,1,3,False
10639,2029-02-15,15,2,2029,1,4,False
10640,2029-02-16,16,2,2029,1,5,False
10641,2029-02-17,17,2,2029,1,6,True
10642,2029-02-18,18,2,2029,1,0,True
10643,2029-02-19,19,2,2029,1,1,False
10644,2029-02-20,20,2,2029,1,2,False
10645,2029-02-21,21,2,2029,1,3,False
10646,2029-02-22,22,2,2029,1,4,False
10647,2029-02-23,23,2,2029,1,5,False
10648,2029-02-24,24,2,2029,1,6,True
10649,2029-02-25,25,2,2029,1,0,True
10650,2029-02-26,26,2,2029,1,1,False
10651,2029-02-27,27,2,2029,1,2,False
10652,2029-02-28,28,2,2029,1,3,False
10653,2029-03-01,1,3,2029,1,4,False
10654,2029-03-02,2,3,2029,1,5,False
10655,2029-03-03,3,3,2029,1,6,True
10656,2029-03-04,4,3,2029,1,0,True
10657,2029-03-05,5,3,2029,1,1,False
10658,2029-03-06,6,3,2029,1,2,False
10659,2029-03-07,7,3,2029,1,3,False
10660,2029-03-08,8,3,2029,1,4,False
10661,2029-03-09,9,3,2029,1,5,False
10662,2029-03-10,10,3,2029,1,6,True
10663,2029-03-11,11,3,2029,1,0,True
10664,2029-03-12,12,3,2029,1,1,False
10665,2029-03-13,13,3,2029,1,2,False
10666,2029-03-14,14,3,2029,1,3,False
10667,2029-03-15,15,3,2029,1,4,False
10668,2029-03-16,16,3,2029,1,5,False
10669,2029-03-17,17,3,2029,1,6,True
10670,2029-03-18,18,3,2029,1,0,True
10671,2029-03-19,19,3,2029,1,1,False
10672,2029-03-20,20,3,2029,1,2,False
10673,2029-03-21,21,3,2029,1,3,False
10674,2029-03-22,22,3,2029,1,4,False
10675,2029-03-23,23,3,2029,1,5,False
10676,2029-03-24,24,3,2029,1,6,True
10677,2029-03-25,25,3,2029,1,0,True
10678,2029-03-26,26,3,2029,1,1,False
10679,2029-03-27,27,3,2029,1,2,False
10680,2029-03-28,28,3,2029,1,3,False
10681,2029-03-29,29,3,2029,1,4,False
10682,2029-03-30,30,3,2029,1,5,False
10683,2029-03-31,31,3,2029,1,6,True
10684,2029-04-01,1,4,2029,2,0,True
10685,2029-04-02,2,4,2029,2,1,False
10686,2029-04-03,3,4,2029,2,2,False
10687,2029-04-04,4,4,2029,2,3,False
10688,2029-04-05,5,4,2029,2,4,False
10689,2029-04-06,6,4,2029,2,5,False
10690,2029-04-07,7,4,2029,2,6,True
10691,2029-04-08,8,4,2029,2,0,True
10692,2029-04-09,9,4,2029,2,1,False
10693,2029-04-10,10,4,2029,2,2,False
10694,2029-04-11,11,4,2029,2,3,False
10695,2029-04-12,12,4,2029,2,4,False
10696,2029-04-13,13,4,2029,2,5,False
10697,2029-04-14,14,4,2029,2,6,True
10698,2029-04-15,15,4,2029,2,0,True
10699,2029-04-16,16,4,2029,2,1,False
10700,2029-04-17,17,4,2029,2,2,False
10701,2029-04-18,18,4,2029,2,3,False
10702,2029-04-19,19,4,2029,2,4,False
10703,2029-04-20,20,4,2029,2,5,False
10704,2029-04-21,21,4,2029,2,6,True
10705,2029-04-22,22,4,2029,2,0,True
10706,2029-04-23,23,4,2029,2,1,False
10707,2029-04-24,24,4,2029,2,2,False
10708,2029-04-25,25,4,2029,2,3,False
10709,2029-04-26,26,4,2029,2,4,False
10710,2029-04-27,27,4,2029,2,5,False
10711,2029-04-28,28,4,2029,2,6,True
10712,2029-04-29,29,4,2029,2,0,True
10713,2029-04-30,30,4,2029,2,1,False
10714,2029-05-01,1,5,2029,2,2,False
10715,2029-05-02,2,5,2029,2,3,False
10716,2029-05-03,3,5,2029,2,4,False
10717,2029-05-04,4,5,2029,2,5,False
10718,2029-05-05,5,5,2029,2,6,True
10719,2029-05-06,6,5,2029,2,0,True
10720,2029-05-07,7,5,2029,2,1,False
10721,2029-05-08,8,5,2029,2,2,False
10722,2029-05-09,9,5,2029,2,3,False
10723,2029-05-10,10,5,2029,2,4,False
10724,2029-05-11,11,5,2029,2,5,False
10725,2029-05-12,12,5,2029,2,6,True
10726,2029-05-13,13,5,2029,2,0,True
10727,2029-05-14,14,5,2029,2,1,False
10728,2029-05-15,15,5,2029,2,2,False
10729,2029-05-16,16,5,2029,2,3,False
10730,2029-05-17,17,5,2029,2,4,False
10731,2029-05-18,18,5,2029,2,5,False
10732,2029-05-19,19,5,2029,2,6,True
10733,2029-05-20,20,5,2029,2,0,True
10734,2029-05-21,21,5,2029,2,1,False
10735,2029-05-22,22,5,2029,2,2,False
10736,2029-05-23,23,5,2029,2,3,False
10737,2029-05-24,24,5,2029,2,4,False
10738,2029-05-25,25,5,2029,2,5,False
10739,2029-05-26,26,5,2029,2,6,True
10740,2029-05-27,27,5,2029,2,0,True
10741,2029-05-28,28,5,2029,2,1,False
10742,2029-05-29,29,5,2029,2,2,False
10743,2029-05-30,30,5,2029,2,3,False
10744,2029-05-31,31,5,2029,2,4,False
10745,2029-06-01,1,6,2029,2,5,False
10746,2029-06-02,2,6,2029,2,6,True
10747,2029-06-03,3,6,2029,2,0,True
10748,2029-06-04,4,6,2029,2,1,False
10749,2029-06-05,5,6,2029,2,2,False
10750,2029-06-06,6,6,2029,2,3,False
10751,2029-06-07,7,6,2029,2,4,False
10752,2029-06-08,8,6,2029,2,5,False
10753,2029-06-09,9,6,2029,2,6,True
10754,2029-06-10,10,6,2029,2,0,True
10755,2029-06-11,11,6,2029,2,1,False
10756,2029-06-12,12,6,2029,2,2,False
10757,2029-06-13,13,6,2029,2,3,False
10758,2029-06-14,14,6,2029,2,4,False
10759,2029-06-15,15,6,2029,2,5,False
10760,2029-06-16,16,6,2029,2,6,True
10761,2029-06-17,17,6,2029,2,0,True
10762,2029-06-18,18,6,2029,2,1,False
10763,2029-06-19,19,6,2029,2,2,False
10764,2029-06-20,20,6,2029,2,3,False
10765,2029-06-21,21,6,2029,2,4,False
10766,2029-06-22,22,6,2029,2,5,False
10767,2029-06-23,23,6,2029,2,6,True
10768,2029-06-24,24,6,2029,2,0,True
10769,2029-06-25,25,6,2029,2,1,False
10770,2029-06-26,26,6,2029,2,2,False
10771,2029-06-27,27,6,2029,2,3,False
10772,2029-06-28,28,6,2029,2,4,False
10773,2029-06-29,29,6,2029,2,5,False
10774,2029-06-30,30,6,2029,2,6,True
10775,2029-07-01,1,7,2029,3,0,True
10776,2029-07-02,2,7,2029,3,1,False
10777,2029-07-03,3,7,2029,3,2,False
10778,2029-07-04,4,7,2029,3,3,False
10779,2029-07-05,5,7,2029,3,4,False
10780,2029-07-06,6,7,2029,3,5,False
10781,2029-07-07,7,7,2029,3,6,True
10782,2029-07-08,8,7,2029,3,0,True
10783,2029-07-09,9,7,2029,3,1,False
10784,2029-07-10,10,7,2029,3,2,False
10785,2029-07-11,11,7,2029,3,3,False
10786,2029-07-12,12,7,2029,3,4,False
10787,2029-07-13,13,7,2029,3,5,False
10788,2029-07-14,14,7,2029,3,6,True
10789,2029-07-15,15,7,2029,3,0,True
10790,2029-07-16,16,7,2029,3,1,False
10791,2029-07-17,17,7,2029,3,2,False
10792,2029-07-18,18,7,2029,3,3,False
10793,2029-07-19,19,7,2029,3,4,False
10794,2029-07-20,20,7,2029,3,5,False
10795,2029-07-21,21,7,2029,3,6,True
10796,2029-07-22,22,7,2029,3,0,True
10797,2029-07-23,23,7,2029,3,1,False
10798,2029-07-24,24,7,2029,3,2,False
10799,2029-07-25,25,7,2029,3,3,False
10800,2029-07-26,26,7,2029,3,4,False
10801,2029-07-27,27,7,2029,3,5,False
10802,2029-07-28,28,7,2029,3,6,True
10803,2029-07-29,29,7,2029,3,0,True
10804,2029-07-30,30,7,2029,3,1,False
10805,2029-07-31,31,7,2029,3,2,False
10806,2029-08-01,1,8,2029,3,3,False
10807,2029-08-02,2,8,2029,3,4,False
10808,2029-08-03,3,8,2029,3,5,False
10809,2029-08-04,4,8,2029,3,6,True
10810,2029-08-05,5,8,2029,3,0,True
10811,2029-08-06,6,8,2029,3,1,False
10812,2029-08-07,7,8,2029,3,2,False
10813,2029-08-08,8,8,2029,3,3,False
10814,2029-08-09,9,8,2029,3,4,False
10815,2029-08-10,10,8,2029,3,5,False
10816,2029-08-11,11,8,2029,3,6,True
10817,2029-08-12,12,8,2029,3,0,True
10818,2029-08-13,13,8,2029,3,1,False
10819,2029-08-14,14,8,2029,3,2,False
10820,2029-08-15,15,8,2029,3,3,False
10821,2029-08-16,16,8,2029,3,4,False
10822,2029-08-17,17,8,2029,3,5,False
10823,2029-08-18,18,8,2029,3,6,True
10824,2029-08-19,19,8,2029,3,0,True
10825,2029-08-20,20,8,2029,3,1,False
10826,2029-08-21,21,8,2029,3,2,False
10827,2029-08-22,22,8,2029,3,3,False
10828,2029-08-23,23,8,2029,3,4,False
10829,2029-08-24,24,8,2029,3,5,False
10830,2029-08-25,25,8,2029,3,6,True
10831,2029-08-26,26,8,2029,3,0,True
10832,2029-08-27,27,8,2029,3,1,False
10833,2029-08-28,28,8,2029,3,2,False
10834,2029-08-29,29,8,2029,3,3,False
10835,2029-08-30,30,8,2029,3,4,False
10836,2029-08-31,31,8,2029,3,5,False
10837,2029-09-01,1,9,2029,3,6,True
10838,2029-09-02,2,9,2029,3,0,True
10839,2029-09-03,3,9,2029,3,1,False
10840,2029-09-04,4,9,2029,3,2,False
10841,2029-09-05,5,9,2029,3,3,False
10842,2029-09-06,6,9,2029,3,4,False
10843,2029-09-07,7,9,2029,3,5,False
10844,2029-09-08,8,9,2029,3,6,True
10845,2029-09-09,9,9,2029,3,0,True
10846,2029-09-10,10,9,2029,3,1,False
10847,2029-09-11,11,9,2029,3,2,False
10848,2029-09-12,12,9,2029,3,3,False
10849,2029-09-13,13,9,2029,3,4,False
10850,2029-09-14,14,9,2029,3,5,False
10851,2029-09-15,15,9,2029,3,6,True
10852,2029-09-16,16,9,2029,3,0,True
10853,2029-09-17,17,9,2029,3,1,False
10854,2029-09-18,18,9,2029,3,2,False
10855,2029-09-19,19,9,2029,3,3,False
10856,2029-09-20,20,9,2029,3,4,False
10857,2029-09-21,21,9,2029,3,5,False
10858,2029-09-22,22,9,2029,3,6,True
10859,2029-09-23,23,9,2029,3,0,True
10860,2029-09-24,24,9,2029,3,1,False
10861,2029-09-25,25,9,2029,3,2,False
10862,2029-09-26,26,9,2029,3,3,False
10863,2029-09-27,27,9,2029,3,4,False
10864,2029-09-28,28,9,2029,3,5,False
10865,2029-09-29,29,9,2029,3,6,True
10866,2029-09-30,30,9,2029,3,0,True
10867,2029-10-01,1,10,2029,4,1,False
10868,2029-10-02,2,10,2029,4,2,False
10869,2029-10-03,3,10,2029,4,3,False
10870,2029-10-04,4,10,2029,4,4,False
10871,2029-10-05,5,10,2029,4,5,False
10872,2029-10-06,6,10,2029,4,6,True
10873,2029-10-07,7,10,2029,4,0,True
10874,2029-10-08,8,10,2029,4,1,False
10875,2029-10-09,9,10,2029,4,2,False
10876,2029-10-10,10,10,2029,4,3,False
10877,2029-10-11,11,10,2029,4,4,False
10878,2029-10-12,12,10,2029,4,5,False
10879,2029-10-13,13,10,2029,4,6,True
10880,2029-10-14,14,10,2029,4,0,True
10881,2029-10-15,15,10,2029,4,1,False
10882,2029-10-16,16,10,2029,4,2,False
10883,2029-10-17,17,10,2029,4,3,False
10884,2029-10-18,18,10,2029,4,4,False
10885,2029-10-19,19,10,2029,4,5,False
10886,2029-10-20,20,10,2029,4,6,True
10887,2029-10-21,21,10,2029,4,0,True
10888,2029-10-22,22,10,2029,4,1,False
10889,2029-10-23,23,10,2029,4,2,False
10890,2029-10-24,24,10,2029,4,3,False
10891,2029-10-25,25,10,2029,4,4,False
10892,2029-10-26,26,10,2029,4,5,False
10893,2029-10-27,27,10,2029,4,6,True
10894,2029-10-28,28,10,2029,4,0,True
10895,2029-10-29,29,10,2029,4,1,False
10896,2029-10-30,30,10,2029,4,2,False
10897,2029-10-31,31,10,2029,4,3,False
10898,2029-11-01,1,11,2029,4,4,False
10899,2029-11-02,2,11,2029,4,5,False
10900,2029-11-03,3,11,2029,4,6,True
10901,2029-11-04,4,11,2029,4,0,True
10902,2029-11-05,5,11,2029,4,1,False
10903,2029-11-06,6,11,2029,4,2,False
10904,2029-11-07,7,11,2029,4,3,False
10905,2029-11-08,8,11,2029,4,4,False
10906,2029-11-09,9,11,2029,4,5,False
10907,2029-11-10,10,11,2029,4,6,True
10908,2029-11-11,11,11,2029,4,0,True
10909,2029-11-12,12,11,2029,4,1,False
10910,2029-11-13,13,11,2029,4,2,False
10911,2029-11-14,14,11,2029,4,3,False
10912,2029-11-15,15,11,2029,4,4,False
10913,2029-11-16,16,11,2029,4,5,False
10914,2029-11-17,17,11,2029,4,6,True
10915,2029-11-18,18,11,2029,4,0,True
10916,2029-11-19,19,11,2029,4,1,False
10917,2029-11-20,20,11,2029,4,2,False
10918,2029-11-21,21,11,2029,4,3,False
10919,2029-11-22,22,11,2029,4,4,False
10920,2029-11-23,23,11,2029,4,5,False
10921,2029-11-24,24,11,2029,4,6,True
10922,2029-11-25,25,11,2029,4,0,True
10923,2029-11-26,26,11,2029,4,1,False
10924,2029-11-27,27,11,2029,4,2,False
10925,2029-11-28,28,11,2029,4,3,False
10926,2029-11-29,29,11,2029,4,4,False
10927,2029-11-30,30,11,2029,4,5,False
10928,2029-12-01,1,12,2029,4,6,True
10929,2029-12-02,2,12,2029,4,0,True
10930,2029-12-03,3,12,2029,4,1,False
10931,2029-12-04,4,12,2029,4,2,False
10932,2029-12-05,5,12,2029,4,3,False
10933,2029-12-06,6,12,2029,4,4,False
10934,2029-12-07,7,12,2029,4,5,False
10935,2029-12-08,8,12,2029,4,6,True
10936,2029-12-09,9,12,2029,4,0,True
10937,2029-12-10,10,12,2029,4,1,False
10938,2029-12-11,11,12,2029,4,2,False
10939,2029-12-12,12,12,2029,4,3,False
10940,2029-12-13,13,12,2029,4,4,False
10941,2029-12-14,14,12,2029,4,5,False
10942,2029-12-15,15,12,2029,4,6,True
10943,2029-12-16,16,12,2029,4,0,True
10944,2029-12-17,17,12,2029,4,1,False
10945,2029-12-18,18,12,2029,4,2,False
10946,2029-12-19,19,12,2029,4,3,False
10947,2029-12-20,20,12,2029,4,4,False
10948,2029-12-21,21,12,2029,4,5,False
10949,2029-12-22,22,12,2029,4,6,True
10950,2029-12-23,23,12,2029,4,0,True
10951,2029-12-24,24,12,2029,4,1,False
10952,2029-12-25,25,12,2029,4,2,False
10953,2029-12-26,26,12,2029,4,3,False
10954,2029-12-27,27,12,2029,4,4,False
10955,2029-12-28,28,12,2029,4,5,False
10956,2029-12-29,29,12,2029,4,6,True
10957,2029-12-30,30,12,2029,4,0,True
10958,2029-12-31,31,12,2029,4,1,False
