pk_transacao,fk_conta,fk_cliente,fk_agencia,fk_colaborador,fk_data,ts_transacao,NOME_TRANSACAO,valor_transacao,num_conta,saldo
1,1,1,5,15,5919,2016-03-15 18:09:56.704,Depósito em espécie,130.1,1,4329.64
2,2,2,7,100,7705,2021-02-03 02:56:28.418,Depósito em espécie,270.1,2,43.3
3,3,3,7,100,6228,2017-01-18 22:55:42.504,TED - Recebido,1205.0,3,165.04
4,4,4,7,42,7117,2019-06-26 21:38:39.164,Depósito em espécie,166.5,4,403.16
5,5,5,6,48,5750,2015-09-28 05:58:31.182,Depósito em espécie,491.5,5,58.36
6,6,6,7,100,6535,2017-11-21 03:38:45.347,Depósito em espécie,398.0,6,105.6
7,7,7,6,48,8134,2022-04-08 06:18:27.941,Depósito em espécie,25.2,7,114.48
8,8,8,3,73,6504,2017-10-21 00:38:39.755,TED - Recebido,1883.0,8,1714.2
9,9,9,4,45,7685,2021-01-14 18:55:55.062,Depósito em espécie,64.1,9,332.15
10,10,10,3,98,5684,2015-07-24 13:49:52.225,TED - Recebido,9648.0,10,8835.58
11,11,11,4,19,7948,2021-10-04 23:30:41.005,Depósito em espécie,104.2,11,21.04
12,12,12,2,90,4837,2013-03-29 19:10:36.160,TED - Recebido,858.0,12,386.99
13,13,13,8,38,7317,2020-01-12 06:10:48.684,Depósito em espécie,32.0,13,28351.16
14,14,14,1,11,8009,2021-12-04 10:42:34.663,Depósito em espécie,301.4,14,104.39
15,15,15,7,33,6984,2019-02-13 13:11:40.865,Depósito em espécie,296.3,15,689.76
16,16,16,5,67,7784,2021-04-23 00:51:30.839,TED - Recebido,7131.0,16,24376.1
17,17,17,7,7,7535,2020-08-17 19:45:02.974,Depósito em espécie,718.5,17,292.77
18,18,18,2,85,4193,2011-06-24 14:21:00.175,TED - Recebido,262.0,18,32.99
19,19,19,7,71,6094,2016-09-06 09:08:49.525,Depósito em espécie,1063.7,19,457.62
20,20,20,3,91,7086,2019-05-26 23:19:52.375,Depósito em espécie,301.8,20,27027.3
21,21,21,2,86,4462,2012-03-19 22:06:42.484,Depósito em espécie,42.5,21,74.17
22,22,22,1,26,5437,2014-11-19 03:58:01.199,Depósito em espécie,47.0,22,2.67
23,23,23,7,33,5761,2015-10-09 08:50:16.935,Depósito em espécie,107.7,23,7554.2
24,24,24,6,54,5761,2015-10-09 18:19:38.105,Depósito em espécie,157.2,24,129.36
25,25,25,8,23,8273,2022-08-25 16:20:48.384,Depósito em espécie,107.3,25,29.89
26,26,26,8,38,7866,2021-07-14 10:56:59.241,Depósito em espécie,172.3,26,1736.37
27,27,27,7,42,7207,2019-09-24 22:01:18.745,Depósito em espécie,1043.8,27,44370.52
28,28,28,2,76,6034,2016-07-08 11:27:50.014,TED - Recebido,1187.0,28,2982.91
29,29,29,3,98,7299,2019-12-25 07:06:58.388,Depósito em espécie,202.0,29,424.41
30,30,30,9,77,7874,2021-07-22 12:08:08.322,TED - Recebido,3689.0,30,8.42
31,31,31,6,40,6159,2016-11-10 09:09:05.720,Depósito em espécie,382.5,31,271.65
32,32,32,8,69,6987,2019-02-16 05:55:28.231,Depósito em espécie,24.3,32,53414.48
33,33,33,9,93,7308,2020-01-03 02:51:46.659,TED - Recebido,1741.0,33,57.66
34,34,34,2,78,5454,2014-12-06 17:45:29.527,Depósito em espécie,39.0,34,26823.17
35,35,35,7,100,6846,2018-09-28 16:12:04.509,Depósito em espécie,361.5,35,63.06
36,36,36,7,14,7325,2020-01-20 05:34:15.180,Depósito em espécie,157.5,36,43990.93
37,37,37,3,98,4545,2012-06-10 13:35:00.544,Depósito em espécie,273.3,37,65.02
38,38,38,3,13,7874,2021-07-22 11:45:35.383,Depósito em espécie,542.1,38,105.86
39,39,39,2,84,5486,2015-01-07 20:59:54.662,Depósito em espécie,98.7,39,41879.26
40,40,40,7,7,7483,2020-06-26 00:06:21.819,Depósito em espécie,157.6,40,639.41
41,41,41,1,32,7524,2020-08-06 04:55:44.666,Depósito em espécie,93.3,41,166.11
42,42,42,7,14,7903,2021-08-20 05:02:29.482,TED - Recebido,1041.0,42,95.06
43,43,43,6,28,5947,2016-04-12 11:49:42.244,Depósito em espécie,332.2,43,368.78
44,44,44,9,59,7528,2020-08-10 06:16:06.659,Depósito em espécie,123.6,44,25295.97
45,45,45,3,91,5814,2015-12-01 08:31:02.197,Depósito em espécie,841.8,45,132.02
46,46,46,7,33,7000,2019-03-01 05:48:54.232,Depósito em espécie,86.5,46,51.14
47,47,47,1,11,4389,2012-01-06 20:01:29.816,Depósito em espécie,88.3,47,218.62
48,48,48,7,100,8359,2022-11-19 05:54:45.882,Depósito em espécie,89.1,48,557.6
49,49,49,7,100,7804,2021-05-13 00:01:46.986,Depósito em espécie,237.7,49,1.99
50,50,50,1,18,7374,2020-03-09 07:11:05.968,TED - Recebido,1247.0,50,806.55
51,51,51,3,13,4893,2013-05-24 03:22:50.849,Depósito em espécie,130.8,51,8756.25
52,52,52,7,7,7177,2019-08-25 12:10:24.144,Depósito em espécie,84.2,52,33.85
53,53,53,5,63,8329,2022-10-20 23:33:58.766,TED - Recebido,116.0,53,9931.98
54,54,54,1,26,5503,2015-01-24 09:22:08.952,TED - Recebido,844.0,54,9.45
55,55,55,8,47,7928,2021-09-14 10:40:57.598,Depósito em espécie,60.2,55,15624.79
56,56,56,7,7,7584,2020-10-05 01:11:58.013,Depósito em espécie,16.5,56,55.1
57,57,57,2,84,4821,2013-03-13 20:38:37.822,Depósito em espécie,71.2,57,46453.98
58,58,58,1,80,5241,2014-05-07 21:43:44.874,TED - Recebido,696.0,58,134.97
59,59,59,3,98,7132,2019-07-11 17:14:38.905,Depósito em espécie,58.8,59,1.8
60,60,60,7,33,6751,2018-06-25 06:41:51.593,Depósito em espécie,73.8,60,810.56
61,61,61,1,11,4774,2013-01-25 16:15:40.479,Depósito em espécie,262.6,61,12882.9
62,62,62,2,82,6732,2018-06-06 07:45:11.587,Depósito em espécie,159.9,62,14.12
63,63,63,1,26,5033,2013-10-11 06:05:10.581,Depósito em espécie,90.3,63,2273.2
64,64,64,7,100,8155,2022-04-29 07:52:54.746,Depósito em espécie,39.4,64,682.16
65,65,65,7,7,7809,2021-05-18 17:16:35.426,Depósito em espécie,325.6,65,575.37
66,66,66,7,33,6899,2018-11-20 13:40:18.694,Depósito em espécie,42.3,66,50577.51
67,67,67,9,46,7637,2020-11-27 08:35:20.525,TED - Recebido,944.0,67,33480.7
68,68,68,8,5,8014,2021-12-09 21:10:01.707,Depósito em espécie,45.5,68,192.9
69,69,69,2,90,7275,2019-12-01 11:18:51.253,Depósito em espécie,74.5,69,20300.68
70,70,70,6,88,6451,2017-08-29 22:43:41.669,Depósito em espécie,116.5,70,22097.13
71,71,71,8,5,7948,2021-10-04 04:19:30.092,Depósito em espécie,127.6,71,24975.47
72,72,72,7,100,8277,2022-08-29 22:07:36.066,Depósito em espécie,257.3,72,183.32
73,73,73,3,73,8258,2022-08-10 01:16:19.964,Depósito em espécie,31.6,73,212.31
74,74,74,7,14,6737,2018-06-11 21:41:00.884,TED - Recebido,4414.0,74,47148.34
75,75,75,1,32,4339,2011-11-17 13:41:01.932,Depósito em espécie,288.4,75,7767.04
76,76,76,1,60,5334,2014-08-08 03:48:39.827,Depósito em espécie,241.2,76,35.47
77,77,77,7,100,6498,2017-10-15 03:04:10.704,TED - Recebido,1426.0,77,30672.17
78,78,78,7,42,8280,2022-09-01 09:22:26.802,Depósito em espécie,150.2,78,1075.63
79,79,79,4,35,5135,2014-01-21 14:36:02.335,Depósito em espécie,395.4,79,219.09
80,80,80,7,71,6557,2017-12-13 11:27:41.653,Depósito em espécie,305.9,80,27.45
81,81,81,7,71,7337,2020-02-01 05:51:51.804,Depósito em espécie,426.8,81,123.08
82,82,82,10,25,8100,2022-03-05 06:52:30.734,Depósito em espécie,413.4,82,124.63
83,83,83,7,14,8025,2021-12-20 11:38:12.102,TED - Recebido,1871.0,83,1420.31
84,84,84,7,42,7261,2019-11-17 09:40:48.201,TED - Recebido,1838.0,84,629.81
85,85,85,7,14,7644,2020-12-04 21:52:04.761,Depósito em espécie,48.1,85,669.94
86,86,86,5,34,7899,2021-08-16 08:25:40.553,Depósito em espécie,380.0,86,7186.34
87,87,87,7,100,7665,2020-12-25 15:18:24.696,Depósito em espécie,515.7,87,1554.82
88,88,88,7,71,6831,2018-09-13 18:02:57.217,TED - Recebido,1663.0,88,186.23
89,89,89,4,57,8332,2022-10-23 09:33:41.620,Depósito em espécie,257.8,89,24693.88
90,90,90,1,11,5452,2014-12-04 01:22:37.437,Depósito em espécie,130.1,90,22210.21
91,91,91,7,14,7314,2020-01-09 06:38:59.219,Depósito em espécie,194.8,91,0.67
92,92,92,7,7,8126,2022-03-31 14:21:02.597,TED - Recebido,8599.0,92,7380.5
93,93,93,1,92,7441,2020-05-15 17:01:57.495,Depósito em espécie,52.0,93,80650.07
94,94,94,9,87,7572,2020-09-23 19:46:52.286,TED - Recebido,2159.0,94,556.12
95,95,95,7,14,8013,2021-12-08 18:11:32.037,Depósito em espécie,455.2,95,42.88
96,96,96,7,71,7915,2021-09-01 21:38:03.329,Depósito em espécie,133.5,96,1337.15
97,97,97,3,13,6324,2017-04-24 07:09:18.223,Depósito em espécie,169.9,97,9589.16
98,98,98,2,78,5643,2015-06-13 03:23:10.613,TED - Recebido,1804.0,98,1330.67
99,99,99,7,7,7823,2021-06-01 01:45:08.436,Depósito em espécie,1082.0,99,6159.31
100,100,100,7,100,7500,2020-07-13 14:16:05.448,Depósito em espécie,76.9,100,763.24
101,101,101,7,71,6967,2019-01-27 11:07:20.988,Depósito em espécie,252.2,101,7497.62
102,102,102,7,7,7806,2021-05-15 11:47:41.630,Depósito em espécie,440.6,102,13201.87
103,103,103,7,42,6311,2017-04-11 15:44:55.471,Depósito em espécie,1009.8,103,1008.16
104,104,104,3,91,6961,2019-01-21 22:03:35.240,TED - Recebido,387.0,104,154.77
105,105,105,7,7,5981,2016-05-16 04:34:26.195,Depósito em espécie,67.2,105,132.78
106,106,106,6,44,6482,2017-09-29 13:42:22.661,TED - Recebido,1853.0,106,1060.32
107,107,107,7,14,8311,2022-10-02 04:35:01.288,Depósito em espécie,656.3,107,27052.86
108,108,108,3,31,7363,2020-02-27 21:12:54.090,Depósito em espécie,126.6,108,60.92
109,109,109,7,100,8075,2022-02-08 18:34:19.755,Depósito em espécie,208.1,109,53.14
110,110,110,3,31,4937,2013-07-07 13:08:38.059,TED - Recebido,813.0,110,96140.95
111,111,111,7,33,7908,2021-08-25 05:16:45.831,Depósito em espécie,945.8,111,288.35
112,112,112,4,19,8351,2022-11-11 10:40:06.983,Depósito em espécie,65.1,112,532.48
113,113,113,7,100,8104,2022-03-09 22:15:16.871,TED - Recebido,1570.0,113,1153.95
114,114,114,7,33,7395,2020-03-30 03:49:56.131,Depósito em espécie,53.8,114,7855.66
115,115,115,2,84,7421,2020-04-25 10:26:36.549,Depósito em espécie,270.9,115,2036.75
116,116,116,4,45,5201,2014-03-28 13:25:00.877,Depósito em espécie,140.2,116,133.07
117,117,117,4,57,5406,2014-10-19 05:39:54.900,Depósito em espécie,42.7,117,97.21
118,118,118,1,32,6885,2018-11-06 12:14:15.443,Depósito em espécie,122.2,118,11.03
119,119,119,6,88,6009,2016-06-13 09:47:31.280,Depósito em espécie,136.3,119,5.21
120,120,120,2,82,7019,2019-03-20 10:10:20.217,Depósito em espécie,41.5,120,7738.26
121,121,121,7,71,6320,2017-04-20 09:33:31.253,Depósito em espécie,37.3,121,129.51
122,122,122,7,100,6604,2018-01-29 20:06:21.710,Depósito em espécie,85.9,122,437.76
123,123,123,4,57,5339,2014-08-13 04:45:03.801,Depósito em espécie,21.1,123,14286.71
124,124,124,7,71,5988,2016-05-23 16:08:32.477,Depósito em espécie,131.9,124,71.68
125,125,125,1,61,7130,2019-07-09 01:23:10.009,Depósito em espécie,119.4,125,22.05
126,126,126,7,42,5713,2015-08-22 06:14:04.638,Depósito em espécie,662.3,126,74.12
127,127,127,5,34,5713,2015-08-22 04:27:11.096,Depósito em espécie,148.8,127,163.93
128,128,128,8,6,6858,2018-10-10 23:34:18.360,TED - Recebido,594.0,128,44201.24
129,129,129,1,32,8232,2022-07-15 17:05:49.275,Depósito em espécie,93.3,129,634.74
130,130,130,3,16,5291,2014-06-26 06:23:53.224,Depósito em espécie,125.7,130,5172.38
131,131,131,1,60,3683,2010-01-30 14:08:21.479,Depósito em espécie,112.0,131,86.41
132,132,132,7,14,7751,2021-03-21 12:26:16.297,TED - Recebido,2520.0,132,2593.5
133,133,133,9,93,7338,2020-02-02 16:33:52.303,Depósito em espécie,507.8,133,41.65
134,134,134,5,43,7138,2019-07-17 02:01:19.184,Depósito em espécie,55.1,134,33031.09
135,135,135,1,75,7619,2020-11-09 12:31:20.580,Depósito em espécie,104.0,135,408.51
136,136,136,6,44,7724,2021-02-22 20:14:05.168,Depósito em espécie,122.2,136,582.21
137,137,137,1,36,7032,2019-04-02 02:37:58.679,Depósito em espécie,453.1,137,338.5
138,138,138,2,84,5346,2014-08-20 18:32:48.623,Depósito em espécie,726.7,138,19.91
139,139,139,6,22,5928,2016-03-24 21:59:28.300,TED - Recebido,3480.0,139,82508.39
140,140,140,6,22,8171,2022-05-15 05:01:33.875,Depósito em espécie,185.9,140,533.87
141,141,141,7,42,8121,2022-03-26 14:42:02.177,Depósito em espécie,86.4,141,270.68
142,142,142,2,81,4217,2011-07-18 16:28:25.642,Depósito em espécie,145.2,142,23.92
143,143,143,7,7,7765,2021-04-04 02:23:03.140,Depósito em espécie,125.3,143,309.11
144,144,144,7,14,6775,2018-07-19 08:24:07.323,Depósito em espécie,74.3,144,11.39
145,145,145,3,31,8329,2022-10-20 22:05:37.436,Depósito em espécie,301.9,145,321.91
146,146,146,1,80,4114,2011-04-06 12:51:12.095,TED - Recebido,1235.0,146,708.81
147,147,147,7,42,7010,2019-03-11 03:02:09.332,Depósito em espécie,228.5,147,11.06
148,148,148,9,93,7317,2020-01-12 03:07:41.625,Depósito em espécie,149.9,148,41.59
149,149,149,7,33,8104,2022-03-09 04:11:12.535,Depósito em espécie,33.9,149,1259.47
150,150,150,3,31,7344,2020-02-08 05:48:19.429,Depósito em espécie,50.4,150,7121.49
151,151,151,7,100,6059,2016-08-02 15:01:36.716,Depósito em espécie,184.6,151,6.63
152,152,152,7,42,8365,2022-11-25 10:04:44.875,Depósito em espécie,192.2,152,209.11
153,153,153,4,1,7715,2021-02-13 21:01:32.649,Depósito em espécie,50.2,153,268.85
154,154,154,7,33,6713,2018-05-18 17:41:38.796,TED - Recebido,1267.0,154,339.43
155,155,155,3,16,7342,2020-02-06 02:32:07.688,Depósito em espécie,133.9,155,515.96
156,156,156,2,9,4503,2012-04-29 18:16:37.029,Depósito em espécie,718.9,156,498.76
157,157,157,1,80,4576,2012-07-11 14:57:26.450,TED - Recebido,1006.0,157,0.61
158,158,158,5,67,7960,2021-10-16 03:55:19.852,TED - Recebido,11769.0,158,10785.13
159,159,159,7,7,6932,2018-12-23 23:51:48.463,Depósito em espécie,216.7,159,53761.86
160,160,160,3,98,4843,2013-04-04 07:52:48.620,Depósito em espécie,222.7,160,20533.29
161,161,161,6,44,7238,2019-10-25 01:58:56.037,Depósito em espécie,49.9,161,14288.86
162,162,162,7,42,8388,2022-12-18 09:03:02.902,Depósito em espécie,327.2,162,57.87
163,163,163,2,84,8188,2022-06-01 03:41:27.771,Depósito em espécie,227.4,163,37.1
164,164,164,8,23,7681,2021-01-10 13:01:11.653,Depósito em espécie,127.9,164,968.66
165,165,165,7,42,7533,2020-08-15 22:42:32.640,TED - Recebido,755.0,165,537.34
166,166,166,7,14,7687,2021-01-16 20:39:34.156,Depósito em espécie,371.9,166,782.5
167,167,167,7,7,6853,2018-10-05 17:07:07.545,TED - Recebido,820.0,167,7155.67
168,168,168,7,100,6696,2018-05-01 01:32:21.951,Depósito em espécie,807.7,168,1688.88
169,169,169,3,91,7392,2020-03-27 14:47:09.991,Depósito em espécie,26.1,169,1676.8
170,170,170,7,100,7978,2021-11-03 01:09:38.620,Depósito em espécie,78.3,170,340.47
171,171,171,7,33,7441,2020-05-15 01:49:41.072,Depósito em espécie,426.3,171,548.91
172,172,172,7,42,6231,2017-01-21 18:14:42.640,Depósito em espécie,184.2,172,187.41
173,173,173,1,60,5168,2014-02-23 02:48:50.735,Depósito em espécie,354.0,173,140.11
174,174,174,8,52,6726,2018-05-31 09:44:05.365,Depósito em espécie,122.2,174,29.3
175,175,175,3,13,4733,2012-12-15 14:01:02.499,Depósito em espécie,224.2,175,79.74
176,176,176,4,35,6662,2018-03-28 06:45:41.980,Depósito em espécie,54.8,176,43.45
177,177,177,3,16,4525,2012-05-21 16:11:53.698,Depósito em espécie,254.9,177,43.44
178,178,178,9,20,8119,2022-03-24 15:35:33.324,Depósito em espécie,336.4,178,1437.96
179,179,179,3,98,4666,2012-10-09 09:28:43.489,Depósito em espécie,50.1,179,57273.21
180,180,180,7,71,6076,2016-08-19 09:01:57.421,Depósito em espécie,60.7,180,12252.59
181,181,181,2,85,4295,2011-10-04 07:28:14.592,Depósito em espécie,134.2,181,196.99
182,182,182,4,45,6866,2018-10-18 13:30:07.021,Depósito em espécie,153.7,182,13622.15
183,183,183,1,62,7092,2019-06-01 20:39:12.207,Depósito em espécie,166.7,183,117.76
184,184,184,5,49,7572,2020-09-23 20:06:08.030,Depósito em espécie,273.5,184,41.16
185,185,185,3,51,5548,2015-03-10 23:58:51.041,Depósito em espécie,173.3,185,17.06
186,186,186,5,2,5252,2014-05-18 07:39:20.883,Depósito em espécie,219.8,186,2.1
187,187,187,7,7,6150,2016-11-01 09:09:58.805,Depósito em espécie,58.1,187,111.14
188,188,188,8,10,6697,2018-05-02 01:59:35.748,Depósito em espécie,268.3,188,84.9
189,189,189,7,7,7160,2019-08-08 10:32:00.124,Depósito em espécie,365.9,189,25382.15
190,190,190,7,14,8271,2022-08-23 15:30:57.330,Depósito em espécie,140.6,190,97.54
191,191,191,2,9,6066,2016-08-09 02:14:37.407,Depósito em espécie,112.6,191,5.42
192,192,192,7,14,6574,2017-12-30 23:50:14.587,Depósito em espécie,218.8,192,4.49
193,193,193,7,7,6291,2017-03-22 20:40:57.691,Depósito em espécie,16.3,193,38.58
194,194,194,9,46,7403,2020-04-07 01:31:54.298,Depósito em espécie,72.9,194,90766.28
195,195,195,4,45,5653,2015-06-23 05:14:40.658,TED - Recebido,2929.0,195,48.9
196,196,196,3,91,7479,2020-06-22 16:37:20.391,Depósito em espécie,641.9,196,52.64
197,197,197,4,35,7421,2020-04-25 03:50:59.327,Depósito em espécie,149.8,197,6.74
198,198,198,1,61,4267,2011-09-06 14:52:42.706,TED - Recebido,1643.0,198,586.57
199,199,199,7,71,7015,2019-03-16 10:48:49.690,Depósito em espécie,241.8,199,24.22
200,200,200,2,82,7531,2020-08-13 20:58:02.805,Depósito em espécie,40.8,200,32.5
201,201,201,7,71,8152,2022-04-26 15:53:03.435,TED - Recebido,272.0,201,266.97
202,202,202,7,100,6204,2016-12-25 10:08:22.197,Depósito em espécie,40.7,202,49.02
203,203,203,7,7,8143,2022-04-17 20:05:12.669,Depósito em espécie,74.4,203,737.33
204,204,204,7,100,7027,2019-03-28 10:21:39.697,Depósito em espécie,534.7,204,104.32
205,205,205,5,55,7114,2019-06-23 19:26:45.301,TED - Recebido,1029.0,205,547.56
206,206,206,7,33,6835,2018-09-17 13:09:34.035,Depósito em espécie,187.1,206,24.58
207,207,207,4,57,6431,2017-08-09 16:13:13.284,Depósito em espécie,251.2,207,200.61
208,208,208,4,35,6907,2018-11-28 11:42:43.225,Depósito em espécie,453.0,208,77.03
209,209,209,7,14,6143,2016-10-25 07:52:56.930,TED - Recebido,1683.0,209,5.22
210,210,210,3,91,4492,2012-04-18 19:04:57.050,Depósito em espécie,52.6,210,24.59
211,211,211,9,59,8268,2022-08-20 12:03:35.557,Depósito em espécie,636.5,211,0.59
212,212,212,7,14,8216,2022-06-29 17:17:13.408,Depósito em espécie,149.6,212,275.77
213,213,213,7,100,7381,2020-03-16 19:32:55.154,Depósito em espécie,265.3,213,741.68
214,214,214,3,98,5022,2013-09-30 11:01:54.069,Depósito em espécie,208.8,214,117.71
215,215,215,9,12,7763,2021-04-02 23:43:50.576,Depósito em espécie,42.3,215,35.15
216,216,216,1,26,4377,2011-12-25 17:27:11.414,Depósito em espécie,904.3,216,622.12
217,217,217,4,57,5084,2013-12-01 18:05:14.045,TED - Recebido,4362.0,217,3307.79
218,218,218,5,15,5683,2015-07-23 14:52:28.303,Depósito em espécie,289.6,218,323.81
219,219,219,7,14,7122,2019-07-01 20:05:02.345,Depósito em espécie,92.4,219,212159.56
220,220,220,4,19,5639,2015-06-09 02:35:28.573,Depósito em espécie,111.5,220,2.35
221,221,221,4,45,6782,2018-07-26 16:44:34.647,TED - Recebido,396.0,221,238.48
222,222,222,6,22,6029,2016-07-03 16:29:59.627,TED - Recebido,906.0,222,563.31
223,223,223,7,14,7473,2020-06-16 12:54:47.454,Depósito em espécie,214.6,223,13.51
224,224,224,7,7,7997,2021-11-22 18:59:31.143,TED - Recebido,1015.0,224,297.78
225,225,225,4,57,6194,2016-12-15 20:44:35.351,Depósito em espécie,108.3,225,36.51
226,226,226,4,35,7981,2021-11-06 21:44:25.548,Depósito em espécie,256.8,226,2367.0
227,227,227,3,16,6429,2017-08-07 11:34:57.054,Depósito em espécie,147.1,227,15.83
228,228,228,1,80,5667,2015-07-07 04:29:30.436,TED - Recebido,301.0,228,11.6
229,229,229,7,14,7286,2019-12-12 09:19:05.462,Depósito em espécie,74.4,229,110.29
230,230,230,7,7,7615,2020-11-05 01:48:00.425,Depósito em espécie,280.5,230,2378.15
231,231,231,7,14,6370,2017-06-09 02:22:31.668,TED - Recebido,5027.0,231,2564.84
232,232,232,5,15,8188,2022-06-01 02:44:44.463,Depósito em espécie,34.7,232,16812.45
233,233,233,4,57,6086,2016-08-29 11:07:44.830,Depósito em espécie,30.0,233,349.69
234,234,234,5,49,7430,2020-05-04 14:51:54.945,TED - Recebido,1862.0,234,1129.01
235,235,235,2,94,4930,2013-06-30 08:57:08.425,TED - Recebido,1239.0,235,23770.63
236,236,236,4,19,6004,2016-06-08 16:57:30.609,Depósito em espécie,150.1,236,20614.17
237,237,237,2,95,7292,2019-12-18 21:08:53.455,Depósito em espécie,475.5,237,83.36
238,238,238,6,48,8017,2021-12-12 03:05:08.721,TED - Recebido,2859.0,238,2138.0
239,239,239,6,88,8096,2022-03-01 09:42:29.489,TED - Recebido,630.0,239,13809.65
240,240,240,7,14,7571,2020-09-22 20:26:39.156,Depósito em espécie,476.4,240,1014.33
241,241,241,5,15,7597,2020-10-18 17:59:44.483,TED - Recebido,2105.0,241,536.84
242,242,242,7,14,6927,2018-12-18 11:53:53.311,Depósito em espécie,156.9,242,2838.61
243,243,243,5,49,7808,2021-05-17 02:12:20.065,Depósito em espécie,39.6,243,1150.34
244,244,244,7,14,7012,2019-03-13 08:57:24.153,TED - Recebido,2735.0,244,2652.96
245,245,245,6,54,6676,2018-04-11 19:38:39.445,TED - Recebido,8784.0,245,8218.31
246,246,246,2,86,4760,2013-01-11 18:39:04.959,Depósito em espécie,333.2,246,53774.09
247,247,247,7,42,5762,2015-10-10 08:28:35.170,TED - Recebido,2792.0,247,2451.09
248,248,248,7,14,7361,2020-02-25 20:55:16.951,Depósito em espécie,82.1,248,3.92
249,249,249,2,24,6182,2016-12-03 22:26:56.715,Depósito em espécie,166.9,249,45973.33
250,250,250,5,55,6208,2016-12-29 08:59:45.293,Depósito em espécie,232.3,250,12.9
251,251,251,5,63,6455,2017-09-02 18:22:44.749,Depósito em espécie,781.5,251,19.73
252,252,252,7,71,8162,2022-05-06 23:11:58.196,Depósito em espécie,474.8,252,474.02
253,253,253,7,14,6568,2017-12-24 03:20:27.319,Depósito em espécie,234.9,253,4.95
254,254,254,7,100,8331,2022-10-22 18:53:03.173,Depósito em espécie,414.3,254,980.6
255,255,255,7,100,7005,2019-03-06 15:55:52.532,Depósito em espécie,591.2,255,163.21
256,256,256,7,42,7960,2021-10-16 13:19:38.147,Depósito em espécie,474.8,256,648.1
257,257,257,1,60,4059,2011-02-10 01:54:13.544,Depósito em espécie,103.4,257,38.78
258,258,258,8,41,7102,2019-06-11 15:12:21.711,Depósito em espécie,83.5,258,16.18
259,259,259,3,51,7515,2020-07-28 21:11:02.072,TED - Recebido,8089.0,259,7590.37
260,260,260,7,7,7783,2021-04-22 00:47:15.377,TED - Recebido,1205.0,260,1864.93
261,261,261,2,70,4412,2012-01-29 16:39:44.627,Depósito em espécie,26.2,261,12732.03
262,262,262,7,7,8370,2022-11-30 11:43:34.775,Depósito em espécie,191.7,262,312.07
263,263,263,1,36,4847,2013-04-08 09:34:34.213,Depósito em espécie,359.1,263,3.2
264,264,264,7,71,8059,2022-01-23 12:17:01.959,Depósito em espécie,116.1,264,217.51
265,265,265,7,42,6204,2016-12-25 06:54:37.060,TED - Recebido,1113.0,265,836.77
266,266,266,7,100,6751,2018-06-25 09:21:30.608,Depósito em espécie,305.6,266,8.44
267,267,267,6,22,7414,2020-04-18 07:25:08.754,Depósito em espécie,153.2,267,288.77
268,268,268,4,19,6650,2018-03-16 04:10:24.919,Depósito em espécie,299.8,268,25.63
269,269,269,5,63,5604,2015-05-05 05:43:48.098,TED - Recebido,413.0,269,37274.48
270,270,270,2,95,6322,2017-04-22 23:38:37.676,Depósito em espécie,145.8,270,10603.62
271,271,271,4,57,8293,2022-09-14 12:25:49.407,TED - Recebido,4998.0,271,7534.76
272,272,272,2,24,4983,2013-08-22 13:47:55.485,Depósito em espécie,55.2,272,56695.45
273,273,273,2,95,8248,2022-07-31 08:28:00.198,TED - Recebido,4097.0,273,2610.71
274,274,274,4,19,5335,2014-08-09 07:54:43.572,Depósito em espécie,493.2,274,16293.85
275,275,275,3,13,5545,2015-03-07 02:53:25.633,Depósito em espécie,31.3,275,134056.74
276,276,276,5,15,6204,2016-12-25 07:02:03.845,Depósito em espécie,447.2,276,40158.27
277,277,277,7,33,8363,2022-11-23 09:59:46.472,Depósito em espécie,221.4,277,841.7
278,278,278,4,57,5541,2015-03-03 22:09:58.966,Depósito em espécie,104.4,278,30.67
279,279,279,3,91,8405,2023-01-04 01:41:16.776,Depósito em espécie,280.8,279,40.41
280,280,280,7,100,6125,2016-10-07 02:39:01.460,Depósito em espécie,198.6,280,3.04
281,281,281,7,33,7155,2019-08-03 10:51:40.347,Depósito em espécie,124.8,281,77487.74
282,282,282,7,42,5858,2016-01-14 10:12:28.678,Depósito em espécie,48.9,282,12427.22
283,283,283,4,19,5507,2015-01-28 19:04:41.586,TED - Recebido,3791.0,283,3416.3
284,284,284,2,70,4126,2011-04-18 22:20:28.601,Depósito em espécie,331.4,284,222.27
285,285,285,2,82,5687,2015-07-27 23:30:46.598,Depósito em espécie,139.4,285,30.87
286,286,286,7,71,8165,2022-05-09 05:57:20.987,Depósito em espécie,65.6,286,1724.25
287,287,287,7,42,6912,2018-12-03 19:06:21.092,Depósito em espécie,58.3,287,41684.43
288,288,288,7,33,6871,2018-10-23 03:25:10.669,Depósito em espécie,1201.4,288,951.59
289,289,289,1,26,6523,2017-11-09 14:34:22.540,Depósito em espécie,169.7,289,2.62
290,290,290,7,42,8092,2022-02-25 20:17:13.998,TED - Recebido,1173.0,290,21.07
291,291,291,3,98,6441,2017-08-19 05:25:34.439,Depósito em espécie,74.6,291,376.66
292,292,292,5,67,5500,2015-01-21 04:54:44.408,TED - Recebido,6288.0,292,436.53
293,293,293,6,44,5684,2015-07-24 00:14:30.022,Depósito em espécie,59.1,293,226.71
294,294,294,2,95,5544,2015-03-06 02:57:03.121,Depósito em espécie,23.6,294,14975.62
295,295,295,6,44,6391,2017-06-30 12:05:13.723,Depósito em espécie,915.1,295,405.1
296,296,296,2,76,4271,2011-09-10 13:31:39.883,Depósito em espécie,53.3,296,67795.77
297,297,297,1,32,7851,2021-06-29 17:22:08.624,Depósito em espécie,99.7,297,55701.51
298,298,298,6,4,7669,2020-12-29 04:48:37.785,Depósito em espécie,299.6,298,8507.51
299,299,299,6,96,7238,2019-10-25 12:58:53.862,Depósito em espécie,119.2,299,146.82
300,300,300,9,46,7826,2021-06-04 02:28:23.904,Depósito em espécie,115.3,300,3224.34
301,301,301,7,71,7242,2019-10-29 18:57:02.218,Depósito em espécie,119.5,301,471.75
302,302,302,7,71,7435,2020-05-09 18:33:26.639,TED - Recebido,3230.0,302,1444.94
303,303,303,3,51,5375,2014-09-18 03:39:50.979,Depósito em espécie,291.1,303,318.88
304,304,304,7,42,7401,2020-04-05 06:35:08.543,Depósito em espécie,122.5,304,60127.5
305,305,305,7,71,7770,2021-04-09 03:51:09.910,TED - Recebido,329.0,305,109.4
306,306,306,7,7,6264,2017-02-23 18:55:53.766,Depósito em espécie,69.7,306,86.7
307,307,307,6,54,6711,2018-05-16 17:41:03.991,TED - Recebido,602.0,307,250.85
308,308,308,7,7,6383,2017-06-22 05:31:23.030,Depósito em espécie,21.3,308,23.21
309,309,309,1,39,7432,2020-05-06 23:10:13.322,Depósito em espécie,233.4,309,759.62
310,310,310,7,42,6704,2018-05-09 12:20:06.136,Depósito em espécie,55.0,310,30.65
311,311,311,7,100,7972,2021-10-28 00:31:35.623,Depósito em espécie,144.3,311,189.43
312,312,312,7,71,8285,2022-09-06 23:14:09.870,TED - Recebido,4362.0,312,2354.15
313,313,313,2,76,7301,2019-12-27 23:20:23.152,Depósito em espécie,27.4,313,71620.68
314,314,314,7,100,7596,2020-10-17 08:21:50.503,Depósito em espécie,45.4,314,14314.99
315,315,315,7,100,6437,2017-08-15 09:06:24.860,Depósito em espécie,50.8,315,131.09
316,316,316,7,33,7198,2019-09-15 18:34:05.022,Depósito em espécie,161.8,316,5.29
317,317,317,2,95,3970,2010-11-13 12:31:24.480,Depósito em espécie,80.1,317,51156.1
318,318,318,3,91,7492,2020-07-05 16:34:58.983,Depósito em espécie,103.6,318,43585.91
319,319,319,3,31,4857,2013-04-18 06:55:31.473,Depósito em espécie,152.0,319,24.22
320,320,320,4,19,5361,2014-09-04 21:33:10.821,Depósito em espécie,34.2,320,14108.84
321,321,321,7,7,5762,2015-10-10 01:40:30.827,Depósito em espécie,85.0,321,128.46
322,322,322,6,88,7681,2021-01-10 14:50:49.277,Depósito em espécie,1009.2,322,1350.65
323,323,323,7,14,8080,2022-02-13 19:16:53.901,TED - Recebido,7743.0,323,5230.02
324,324,324,5,43,6226,2017-01-16 04:00:13.649,Depósito em espécie,22.6,324,34.13
325,325,325,1,92,3920,2010-09-24 17:44:06.647,Depósito em espécie,51.7,325,76.91
326,326,326,7,100,8291,2022-09-12 02:30:44.761,Depósito em espécie,67.1,326,3626.75
327,327,327,3,98,6796,2018-08-09 07:55:17.630,Depósito em espécie,64.3,327,73.88
328,328,328,8,6,7592,2020-10-13 18:17:33.837,Depósito em espécie,365.2,328,89.76
329,329,329,3,98,5658,2015-06-28 16:59:14.844,TED - Recebido,2493.0,329,3352.64
330,330,330,9,59,7515,2020-07-28 08:07:24.987,Depósito em espécie,770.4,330,93.01
331,331,331,7,71,6922,2018-12-13 00:38:17.542,Depósito em espécie,535.2,331,32267.25
332,332,332,1,60,6557,2017-12-13 09:36:17.165,Depósito em espécie,59.8,332,37.78
333,333,333,3,13,5253,2014-05-19 13:05:55.918,Depósito em espécie,122.4,333,65395.97
334,334,334,7,14,8209,2022-06-22 06:40:00.272,Depósito em espécie,405.0,334,1195.42
335,335,335,7,100,7663,2020-12-23 14:51:00.823,Depósito em espécie,129.6,335,36.23
336,336,336,7,100,6475,2017-09-22 07:22:46.827,Depósito em espécie,92.2,336,9163.5
337,337,337,7,100,6615,2018-02-09 23:36:13.504,Depósito em espécie,84.6,337,14854.02
338,338,338,7,42,7861,2021-07-09 20:30:17.711,Depósito em espécie,627.1,338,1187.02
339,339,339,5,2,7527,2020-08-09 12:06:18.600,Depósito em espécie,141.9,339,663.32
340,340,340,4,35,5478,2014-12-30 09:59:44.254,Depósito em espécie,335.5,340,393.03
341,341,341,1,80,7089,2019-05-29 05:27:58.395,Depósito em espécie,238.0,341,5.66
342,342,342,7,33,5737,2015-09-15 06:36:21.442,Depósito em espécie,20.9,342,44.69
343,343,343,3,98,7775,2021-04-14 02:55:57.417,Depósito em espécie,94.5,343,86.88
344,344,344,7,71,8102,2022-03-07 12:42:25.667,Depósito em espécie,134.6,344,27444.25
345,345,345,5,43,6865,2018-10-17 13:51:03.478,Depósito em espécie,275.5,345,7.54
346,346,346,1,26,5033,2013-10-11 12:43:28.984,Depósito em espécie,116.9,346,57814.67
347,347,347,7,100,7292,2019-12-18 20:39:14.291,Depósito em espécie,167.2,347,1104.9
348,348,348,7,100,7282,2019-12-08 07:40:10.798,Depósito em espécie,89.6,348,79.31
349,349,349,7,14,7875,2021-07-23 21:38:31.590,Depósito em espécie,254.5,349,810.24
350,350,350,7,7,6324,2017-04-24 20:28:04.282,Depósito em espécie,480.8,350,91.18
351,351,351,2,94,8070,2022-02-03 01:44:04.920,Depósito em espécie,91.7,351,632.44
352,352,352,7,33,7774,2021-04-13 01:22:53.690,TED - Recebido,558.0,352,317.86
353,353,353,7,71,8323,2022-10-14 11:50:21.183,Depósito em espécie,287.7,353,29.98
354,354,354,7,100,5818,2015-12-05 12:21:59.118,Depósito em espécie,357.1,354,76726.35
355,355,355,7,71,8232,2022-07-15 21:24:23.964,Depósito em espécie,118.8,355,1998.43
356,356,356,7,42,7386,2020-03-21 19:37:42.870,Depósito em espécie,174.5,356,68663.09
357,357,357,7,7,6973,2019-02-02 17:11:32.268,Depósito em espécie,285.0,357,20.01
358,358,358,3,51,6981,2019-02-10 03:25:35.329,Depósito em espécie,174.0,358,143.47
359,359,359,1,80,5129,2014-01-15 08:04:01.173,Depósito em espécie,21.4,359,24410.06
360,360,360,2,82,4440,2012-02-26 18:55:40.076,TED - Recebido,2151.0,360,1965.16
361,361,361,7,100,5971,2016-05-06 23:29:51.521,Depósito em espécie,194.1,361,43014.06
362,362,362,2,85,6194,2016-12-15 07:58:01.277,Depósito em espécie,187.2,362,24.48
363,363,363,1,18,7722,2021-02-20 03:24:06.951,Depósito em espécie,197.2,363,1334.98
364,364,364,3,16,8022,2021-12-17 00:38:29.599,Depósito em espécie,100.5,364,1783.15
365,365,365,1,75,6011,2016-06-15 21:23:08.341,Depósito em espécie,50.5,365,5.78
366,366,366,1,80,5696,2015-08-05 08:57:51.770,Depósito em espécie,41.5,366,12287.89
367,367,367,8,52,6974,2019-02-03 17:40:50.345,Depósito em espécie,258.3,367,44.42
368,368,368,7,71,7311,2020-01-06 08:02:41.861,TED - Recebido,2182.0,368,3208.56
369,369,369,1,72,7916,2021-09-02 14:08:20.433,Depósito em espécie,116.7,369,1153.14
370,370,370,7,42,6850,2018-10-02 09:10:19.048,TED - Recebido,1784.0,370,1415.06
371,371,371,7,100,6126,2016-10-08 21:35:21.355,Depósito em espécie,639.5,371,45.64
372,372,372,7,100,7176,2019-08-24 19:44:48.048,Depósito em espécie,156.6,372,104852.88
373,373,373,2,86,4251,2011-08-21 09:55:55.670,Depósito em espécie,114.7,373,951.99
374,374,374,7,71,6743,2018-06-17 07:17:23.794,Depósito em espécie,62.3,374,54.87
375,375,375,2,70,7339,2020-02-03 22:53:10.994,Depósito em espécie,128.7,375,110.31
376,376,376,7,14,6554,2017-12-10 13:37:44.105,Depósito em espécie,65.7,376,53.04
377,377,377,2,29,8190,2022-06-03 16:12:44.162,Depósito em espécie,239.0,377,7673.52
378,378,378,9,83,7790,2021-04-29 09:22:18.488,TED - Recebido,1485.0,378,777.25
379,379,379,2,86,4408,2012-01-25 02:02:34.457,Depósito em espécie,378.1,379,28219.68
380,380,380,7,42,8029,2021-12-24 05:40:29.823,Depósito em espécie,751.6,380,4916.56
381,381,381,4,57,8138,2022-04-12 04:46:22.654,Depósito em espécie,204.2,381,1432.54
382,382,382,7,7,7444,2020-05-18 15:41:53.306,Depósito em espécie,123.2,382,1.46
383,383,383,7,14,7079,2019-05-19 01:37:59.793,TED - Recebido,3555.0,383,2380.07
384,384,384,3,98,6772,2018-07-16 10:14:28.645,Depósito em espécie,971.1,384,78.72
385,385,385,4,19,7205,2019-09-22 11:59:27.861,TED - Recebido,14144.0,385,13281.25
386,386,386,3,51,5036,2013-10-14 12:23:40.180,Depósito em espécie,26.1,386,1806.71
387,387,387,7,14,7414,2020-04-18 09:56:45.883,Depósito em espécie,369.6,387,25.59
388,388,388,3,98,5582,2015-04-13 15:18:50.835,Depósito em espécie,220.1,388,5.66
389,389,389,7,71,7888,2021-08-05 15:43:20.492,Depósito em espécie,418.5,389,1275.37
390,390,390,7,14,8044,2022-01-08 16:03:54.306,Depósito em espécie,200.3,390,30642.59
391,391,391,8,38,6931,2018-12-22 18:12:07.376,Depósito em espécie,158.1,391,11983.94
392,392,392,7,14,6999,2019-02-28 01:59:38.833,Depósito em espécie,427.4,392,111.31
393,393,393,7,14,6911,2018-12-02 19:30:28.766,Depósito em espécie,519.8,393,36.51
394,394,394,3,51,4674,2012-10-17 09:23:25.929,Depósito em espécie,167.1,394,14982.14
395,395,395,9,59,7969,2021-10-25 14:36:33.007,Depósito em espécie,199.4,395,791.86
396,396,396,7,71,7817,2021-05-26 16:01:52.778,Depósito em espécie,450.1,396,765.0
397,397,397,7,100,7195,2019-09-12 22:36:32.938,Depósito em espécie,57.3,397,1255.72
398,398,398,5,67,7342,2020-02-06 04:08:30.261,TED - Recebido,504.0,398,98018.34
399,399,399,7,33,7514,2020-07-27 19:56:07.120,TED - Recebido,2733.0,399,2064.69
400,400,400,5,2,6033,2016-07-07 06:48:58.421,Depósito em espécie,34.9,400,234.12
401,401,401,7,14,8059,2022-01-23 04:51:19.717,Depósito em espécie,736.7,401,2.51
402,402,402,3,13,4805,2013-02-25 07:41:10.256,Depósito em espécie,296.4,402,132.71
403,403,403,1,72,4837,2013-03-29 20:46:30.745,Depósito em espécie,407.3,403,649.18
404,404,404,4,19,7448,2020-05-22 11:24:50.701,TED - Recebido,669.0,404,161.87
405,405,405,7,71,8417,2023-01-16 05:00:39.988,Depósito em espécie,65.8,405,15321.24
406,406,406,6,22,8378,2022-12-08 17:49:04.320,Depósito em espécie,93.4,406,166.64
407,407,407,7,42,8107,2022-03-12 15:59:21.236,Depósito em espécie,373.1,407,18.63
408,408,408,7,100,7471,2020-06-14 18:27:18.443,Depósito em espécie,265.3,408,209.1
409,409,409,2,82,3916,2010-09-20 14:18:52.286,Depósito em espécie,37.3,409,112.47
410,410,410,7,14,6785,2018-07-29 05:30:20.073,Depósito em espécie,293.4,410,53033.04
411,411,411,1,75,4553,2012-06-18 20:38:11.875,Depósito em espécie,148.2,411,53894.21
412,412,412,7,42,6797,2018-08-10 22:15:44.463,Depósito em espécie,67.3,412,31263.77
413,413,413,8,6,8243,2022-07-26 02:19:11.338,TED - Recebido,1293.0,413,928.5
414,414,414,1,39,4576,2012-07-11 15:36:44.442,Depósito em espécie,40.4,414,21.49
415,415,415,4,1,5377,2014-09-20 09:34:29.222,Depósito em espécie,211.4,415,19485.86
416,416,416,7,7,8161,2022-05-05 13:12:43.507,Depósito em espécie,28.7,416,241.6
417,417,417,7,14,6544,2017-11-30 11:24:46.810,Depósito em espécie,81.4,417,486.42
418,418,418,8,47,7712,2021-02-10 10:01:35.952,Depósito em espécie,411.6,418,31.17
419,419,419,6,4,7498,2020-07-11 14:37:34.586,Depósito em espécie,76.8,419,96414.93
420,420,420,5,50,5707,2015-08-16 15:15:17.083,Depósito em espécie,121.2,420,7641.25
421,421,421,7,14,7124,2019-07-03 06:12:59.433,Depósito em espécie,138.0,421,90.29
422,422,422,7,42,6398,2017-07-07 02:27:47.461,Depósito em espécie,279.5,422,23.08
423,423,423,8,47,8207,2022-06-20 05:11:40.055,TED - Recebido,1139.0,423,501.5
424,424,424,2,76,4405,2012-01-22 14:23:11.852,Depósito em espécie,447.1,424,46029.34
425,425,425,5,67,5405,2014-10-18 02:43:46.138,Depósito em espécie,92.3,425,9.86
426,426,426,7,100,7753,2021-03-23 15:30:10.689,Depósito em espécie,28.3,426,999.75
427,427,427,6,4,7408,2020-04-12 10:35:56.090,Depósito em espécie,126.8,427,54.63
428,428,428,5,55,7222,2019-10-09 00:08:12.682,Depósito em espécie,111.7,428,51.82
429,429,429,5,43,7388,2020-03-23 22:45:34.616,Depósito em espécie,252.2,429,52.35
430,430,430,3,73,4915,2013-06-15 16:44:24.627,Depósito em espécie,68.2,430,27934.18
431,431,431,2,85,4341,2011-11-19 01:29:42.031,Depósito em espécie,634.4,431,28.76
432,432,432,7,100,6244,2017-02-03 21:45:38.063,Depósito em espécie,193.2,432,15.63
433,433,433,9,99,7817,2021-05-26 05:25:22.491,Depósito em espécie,108.6,433,16.55
434,434,434,7,7,7818,2021-05-27 02:58:04.017,TED - Recebido,2056.0,434,2104.82
435,435,435,9,21,8251,2022-08-03 13:36:24.902,TED - Recebido,4604.0,435,1790.34
436,436,436,1,18,6241,2017-01-31 11:01:54.078,Depósito em espécie,93.3,436,43193.28
437,437,437,7,42,8192,2022-06-05 12:34:13.214,Depósito em espécie,354.7,437,67.32
438,438,438,8,5,7402,2020-04-06 12:44:35.254,TED - Recebido,2391.0,438,1675.67
439,439,439,1,32,6747,2018-06-21 14:31:29.087,Depósito em espécie,1980.9,439,37.0
440,440,440,4,57,6116,2016-09-28 14:38:52.557,Depósito em espécie,356.9,440,29.05
441,441,441,4,35,7554,2020-09-05 12:40:35.062,TED - Recebido,1243.0,441,879.91
442,442,442,7,71,8350,2022-11-10 01:50:24.966,Depósito em espécie,56.7,442,304.61
443,443,443,7,14,5911,2016-03-07 20:23:29.112,TED - Recebido,360.0,443,37.09
444,444,444,7,14,6157,2016-11-08 05:48:32.579,TED - Recebido,10269.0,444,10255.04
445,445,445,1,92,3709,2010-02-25 23:41:51.954,Depósito em espécie,81.2,445,101.02
446,446,446,7,33,7135,2019-07-14 12:27:09.156,Depósito em espécie,409.5,446,204.27
447,447,447,3,16,7594,2020-10-15 12:36:08.655,Depósito em espécie,131.7,447,1560.83
448,448,448,8,10,7116,2019-06-25 09:18:54.663,Depósito em espécie,81.0,448,23366.23
449,449,449,7,14,7809,2021-05-18 22:28:38.527,Depósito em espécie,438.2,449,378.55
450,450,450,7,7,7490,2020-07-03 19:04:11.143,Depósito em espécie,195.1,450,888.57
451,451,451,1,61,5547,2015-03-09 05:47:49.032,Depósito em espécie,169.5,451,17.34
452,452,452,5,49,8110,2022-03-15 22:45:02.035,TED - Recebido,538.0,452,340.61
453,453,453,4,1,5502,2015-01-23 08:01:38.844,Depósito em espécie,180.5,453,17142.15
454,454,454,1,26,5139,2014-01-25 22:24:39.286,Depósito em espécie,451.1,454,21390.15
455,455,455,7,7,7342,2020-02-06 07:13:00.161,Depósito em espécie,92.7,455,37.34
456,456,456,3,13,5090,2013-12-07 14:00:16.362,Depósito em espécie,122.9,456,60535.86
457,457,457,7,7,7309,2020-01-04 23:51:05.333,Depósito em espécie,193.0,457,1.81
458,458,458,7,14,6446,2017-08-24 22:28:44.736,Depósito em espécie,136.4,458,24.67
459,459,459,1,60,5185,2014-03-12 22:37:51.635,Depósito em espécie,82.3,459,19513.84
460,460,460,7,71,6656,2018-03-22 22:12:53.741,TED - Recebido,7542.0,460,7316.98
461,461,461,6,28,6401,2017-07-10 02:54:49.965,Depósito em espécie,531.7,461,147.18
462,462,462,7,100,7488,2020-07-01 12:27:25.084,Depósito em espécie,106.9,462,18922.28
463,463,463,7,100,8023,2021-12-18 18:03:57.797,Depósito em espécie,48.0,463,848.28
464,464,464,3,13,5355,2014-08-29 15:46:00.961,Depósito em espécie,52.2,464,16.34
465,465,465,3,98,6746,2018-06-20 19:37:15.686,Depósito em espécie,31.2,465,6182.65
466,466,466,2,95,6631,2018-02-25 10:44:13.654,Depósito em espécie,163.9,466,61879.3
467,467,467,10,27,8196,2022-06-09 14:48:16.922,Depósito em espécie,97.4,467,403.93
468,468,468,7,7,7016,2019-03-17 12:17:52.706,Depósito em espécie,108.5,468,6.33
469,469,469,7,33,6677,2018-04-12 14:58:15.498,Depósito em espécie,133.2,469,72521.79
470,470,470,6,48,7448,2020-05-22 03:10:58.819,Depósito em espécie,46.3,470,585.06
471,471,471,7,14,8048,2022-01-12 13:25:14.997,Depósito em espécie,140.4,471,9465.57
472,472,472,7,7,6822,2018-09-04 02:18:48.642,Depósito em espécie,375.5,472,206.59
473,473,473,7,71,7023,2019-03-24 15:02:35.771,Depósito em espécie,55.1,473,353.47
474,474,474,7,71,7110,2019-06-19 06:06:11.932,Depósito em espécie,319.6,474,414.48
475,475,475,6,4,6463,2017-09-10 22:54:02.331,Depósito em espécie,195.2,475,53.46
476,476,476,2,95,4937,2013-07-07 07:12:09.974,Depósito em espécie,64.2,476,234.35
477,477,477,7,71,5889,2016-02-14 00:38:53.064,Depósito em espécie,185.3,477,36068.85
478,478,478,7,14,6487,2017-10-04 14:04:26.825,Depósito em espécie,46.3,478,133.12
479,479,479,7,42,7382,2020-03-17 22:05:51.740,Depósito em espécie,130.4,479,63.54
480,480,480,7,7,5985,2016-05-20 12:25:00.859,TED - Recebido,1328.0,480,16640.89
481,481,481,7,42,8204,2022-06-17 07:06:17.135,TED - Recebido,1430.0,481,107.1
482,482,482,9,12,7975,2021-10-31 22:39:40.648,Depósito em espécie,134.2,482,205.69
483,483,483,7,7,8303,2022-09-24 06:25:14.519,Depósito em espécie,92.9,483,704.4
484,484,484,1,75,5233,2014-04-29 06:29:21.487,Depósito em espécie,296.9,484,103.52
485,485,485,3,13,4935,2013-07-05 06:30:51.434,Depósito em espécie,152.4,485,272.31
486,486,486,7,33,8007,2021-12-02 10:08:26.672,Depósito em espécie,241.7,486,648.28
487,487,487,7,100,6138,2016-10-20 16:45:04.559,Depósito em espécie,12.9,487,40.33
488,488,488,7,14,6482,2017-09-29 13:30:08.053,TED - Recebido,1380.0,488,1303.71
489,489,489,7,100,7343,2020-02-07 13:42:59.366,Depósito em espécie,129.8,489,2.95
490,490,490,2,70,4474,2012-03-31 20:39:48.293,Depósito em espécie,188.5,490,78.52
491,491,491,7,100,6582,2018-01-07 01:38:40.089,TED - Recebido,136.0,491,0.86
492,492,492,9,87,7432,2020-05-06 16:27:22.372,Depósito em espécie,308.4,492,5.99
493,493,493,7,42,7606,2020-10-27 17:06:49.658,Depósito em espécie,98.2,493,532.93
494,494,494,7,14,8023,2021-12-18 06:03:23.459,Depósito em espécie,279.5,494,484.48
495,495,495,7,33,8217,2022-06-30 23:28:51.143,Depósito em espécie,54.5,495,134.75
496,496,496,7,100,8153,2022-04-27 04:06:54.182,Depósito em espécie,209.1,496,430.68
497,497,497,2,81,4053,2011-02-04 04:27:26.257,Depósito em espécie,188.0,497,137.81
498,498,498,4,45,7635,2020-11-25 14:06:22.623,Depósito em espécie,91.7,498,841.1
499,499,499,7,7,6572,2017-12-28 06:42:23.008,Depósito em espécie,97.2,499,22.94
500,500,500,1,3,5461,2014-12-13 11:59:14.539,Depósito em espécie,155.9,500,107875.13
501,501,501,4,35,5165,2014-02-20 23:06:17.740,Depósito em espécie,149.8,501,44.82
502,502,502,2,90,4513,2012-05-09 20:45:31.281,Depósito em espécie,482.1,502,179885.3
503,503,503,7,14,8352,2022-11-12 19:16:13.102,Depósito em espécie,306.9,503,245.49
504,504,504,7,42,7042,2019-04-12 21:57:14.834,TED - Recebido,1459.0,504,941.58
505,505,505,7,33,7835,2021-06-13 06:52:26.899,Depósito em espécie,47.9,505,47.19
506,506,506,8,38,7387,2020-03-22 13:19:35.618,Depósito em espécie,279.6,506,268.56
507,507,507,7,42,6508,2017-10-25 01:56:13.985,Depósito em espécie,73.7,507,5.5
508,508,508,4,1,6866,2018-10-18 02:00:37.687,Depósito em espécie,46.8,508,1454.88
509,509,509,4,35,7429,2020-05-03 20:09:16.192,TED - Recebido,1015.0,509,783.41
510,510,510,1,80,5856,2016-01-12 23:45:09.078,TED - Recebido,1326.0,510,5629.63
511,511,511,10,17,8125,2022-03-30 12:12:58.256,Depósito em espécie,132.2,511,128.53
512,512,512,5,55,6257,2017-02-16 18:57:43.535,Depósito em espécie,72.2,512,10.77
513,513,513,7,33,6442,2017-08-20 16:20:19.578,TED - Recebido,374.0,513,176.7
514,514,514,9,65,7933,2021-09-19 13:29:58.295,Depósito em espécie,110.8,514,29138.28
515,515,515,5,58,5913,2016-03-09 08:56:11.899,Depósito em espécie,40.4,515,5657.69
516,516,516,1,36,5197,2014-03-24 14:30:41.985,Depósito em espécie,188.3,516,9930.41
517,517,517,4,35,8203,2022-06-16 19:25:37.807,Depósito em espécie,75.6,517,102.72
518,518,518,3,31,5417,2014-10-30 02:46:47.312,Depósito em espécie,333.3,518,20526.06
519,519,519,5,55,6954,2019-01-14 15:15:29.149,Depósito em espécie,323.6,519,69.17
520,520,520,1,60,5676,2015-07-16 11:19:42.656,Depósito em espécie,38.1,520,9224.06
521,521,521,7,71,7228,2019-10-15 15:56:48.827,TED - Recebido,706.0,521,92.87
522,522,522,7,42,8394,2022-12-24 07:02:05.483,Depósito em espécie,193.2,522,144.23
523,523,523,7,14,6952,2019-01-12 14:32:11.441,Depósito em espécie,81.8,523,5.67
524,524,524,7,33,6407,2017-07-16 23:53:18.444,Depósito em espécie,117.1,524,9.47
525,525,525,7,71,8181,2022-05-25 16:30:22.111,Depósito em espécie,80.9,525,24.17
526,526,526,3,51,4971,2013-08-10 10:15:35.573,Depósito em espécie,133.9,526,2246.83
527,527,527,7,33,6963,2019-01-23 18:07:48.512,Depósito em espécie,636.6,527,140.22
528,528,528,3,51,5149,2014-02-04 01:52:00.054,Depósito em espécie,190.7,528,73.95
529,529,529,6,48,6641,2018-03-07 18:48:56.903,TED - Recebido,1327.0,529,10159.31
530,530,530,1,80,5292,2014-06-27 07:42:27.745,Depósito em espécie,193.3,530,181.44
531,531,531,2,85,4068,2011-02-19 23:16:35.090,Depósito em espécie,570.6,531,65.86
532,532,532,7,33,6780,2018-07-24 11:13:14.598,Depósito em espécie,91.2,532,106.38
533,533,533,7,14,7130,2019-07-09 11:46:56.403,Depósito em espécie,350.6,533,219.27
534,534,534,7,42,7872,2021-07-20 20:30:40.443,Depósito em espécie,249.5,534,31.94
535,535,535,7,33,6989,2019-02-18 07:11:09.866,TED - Recebido,488.0,535,31.05
536,536,536,4,45,5592,2015-04-23 08:51:07.040,Depósito em espécie,100.7,536,14.4
537,537,537,6,28,6308,2017-04-08 22:22:43.539,Depósito em espécie,45.0,537,71.43
538,538,538,7,33,7372,2020-03-07 03:29:04.014,TED - Recebido,605.0,538,435.36
539,539,539,1,32,5634,2015-06-04 22:26:47.290,Depósito em espécie,140.7,539,100962.93
540,540,540,5,2,6845,2018-09-27 01:45:38.061,Depósito em espécie,538.3,540,441.01
541,541,541,1,62,5950,2016-04-15 19:28:57.441,Depósito em espécie,176.4,541,115.7
542,542,542,7,71,5933,2016-03-29 07:51:35.874,Depósito em espécie,147.8,542,23.69
543,543,543,8,10,7692,2021-01-21 02:22:48.334,Depósito em espécie,146.5,543,566.44
544,544,544,7,71,7266,2019-11-22 17:02:54.940,Depósito em espécie,50.5,544,14855.02
545,545,545,7,7,7237,2019-10-24 04:12:25.418,TED - Recebido,476.0,545,32664.41
546,546,546,1,61,7651,2020-12-11 11:51:48.004,Depósito em espécie,183.6,546,803.81
547,547,547,2,24,6275,2017-03-06 17:57:20.378,Depósito em espécie,795.5,547,31426.79
548,548,548,7,33,7926,2021-09-12 14:16:15.478,TED - Recebido,8932.0,548,3522.41
549,549,549,8,38,6799,2018-08-12 22:16:42.899,Depósito em espécie,532.2,549,325.26
550,550,550,1,3,7492,2020-07-05 01:04:27.574,Depósito em espécie,207.9,550,140.29
551,551,551,1,32,6112,2016-09-24 11:05:22.748,Depósito em espécie,44.6,551,33084.37
552,552,552,4,1,8308,2022-09-29 02:40:14.037,Depósito em espécie,163.9,552,386.22
553,553,553,5,43,7796,2021-05-05 00:54:19.006,Depósito em espécie,49.6,553,317.19
554,554,554,1,75,6512,2017-10-29 14:08:16.041,TED - Recebido,626.0,554,25.68
555,555,555,5,49,7572,2020-09-23 23:55:35.076,Depósito em espécie,57.2,555,1819.41
556,556,556,7,100,6674,2018-04-09 12:06:10.104,Depósito em espécie,181.1,556,15.61
557,557,557,2,29,6858,2018-10-10 10:16:23.576,Depósito em espécie,1096.7,557,41512.44
558,558,558,6,44,7171,2019-08-19 00:51:31.132,Depósito em espécie,257.3,558,1.67
559,559,559,2,86,5002,2013-09-10 22:23:08.935,TED - Recebido,353.0,559,287.05
560,560,560,7,7,6575,2017-12-31 08:57:50.540,TED - Recebido,324.0,560,1.13
561,561,561,7,7,6764,2018-07-08 12:58:24.978,Depósito em espécie,147.4,561,86.17
562,562,562,10,30,7971,2021-10-27 17:41:18.336,Depósito em espécie,106.0,562,1204.78
563,563,563,1,62,7668,2020-12-28 15:27:39.567,Depósito em espécie,76.7,563,413.35
564,564,564,1,80,7196,2019-09-13 21:23:38.781,Depósito em espécie,120.0,564,9153.86
565,565,565,4,57,7145,2019-07-24 12:55:54.383,TED - Recebido,1857.0,565,1589.12
566,566,566,7,7,7919,2021-09-05 14:15:12.096,Depósito em espécie,851.6,566,2055.49
567,567,567,8,89,6799,2018-08-12 06:05:48.415,Depósito em espécie,243.5,567,31.07
568,568,568,7,71,6565,2017-12-21 05:07:01.368,Depósito em espécie,317.3,568,25.73
569,569,569,4,45,7769,2021-04-08 00:54:10.546,Depósito em espécie,426.7,569,125.24
570,570,570,4,1,5469,2014-12-21 17:43:18.421,Depósito em espécie,199.8,570,17.65
571,571,571,8,5,8222,2022-07-05 17:29:11.652,Depósito em espécie,91.5,571,2475.58
572,572,572,2,86,5514,2015-02-04 22:54:06.564,Depósito em espécie,500.1,572,7982.21
573,573,573,7,71,8306,2022-09-27 00:32:23.263,Depósito em espécie,118.3,573,21.88
574,574,574,6,28,5906,2016-03-02 18:09:12.317,Depósito em espécie,204.8,574,1.9
575,575,575,5,58,7296,2019-12-22 01:06:32.057,Depósito em espécie,98.0,575,426.34
576,576,576,7,14,5983,2016-05-18 09:53:48.558,TED - Recebido,5206.0,576,5024.21
577,577,577,1,61,4580,2012-07-15 02:49:54.704,Depósito em espécie,64.6,577,9772.11
578,578,578,7,7,8214,2022-06-27 19:45:18.685,Depósito em espécie,340.1,578,815.65
579,579,579,7,33,7124,2019-07-03 06:24:36.847,Depósito em espécie,207.0,579,399.38
580,580,580,7,33,7615,2020-11-05 21:58:28.549,Depósito em espécie,53.7,580,10.58
581,581,581,5,63,7647,2020-12-07 23:26:38.090,Depósito em espécie,154.4,581,346.66
582,582,582,7,42,7763,2021-04-02 19:48:37.290,Depósito em espécie,152.3,582,41301.32
583,583,583,7,33,7050,2019-04-20 20:15:06.483,Depósito em espécie,237.8,583,12.56
584,584,584,10,27,8227,2022-07-10 21:53:28.636,Depósito em espécie,186.6,584,806.13
585,585,585,7,71,6532,2017-11-18 21:39:01.280,Depósito em espécie,342.2,585,59.76
586,586,586,7,33,5821,2015-12-08 01:33:52.238,Depósito em espécie,284.4,586,44099.92
587,587,587,7,33,7464,2020-06-07 20:05:06.656,Depósito em espécie,136.8,587,9385.97
588,588,588,7,7,5987,2016-05-22 03:49:15.077,Depósito em espécie,30.0,588,8.41
589,589,589,8,69,7168,2019-08-16 15:50:06.668,Depósito em espécie,286.7,589,28519.79
590,590,590,7,71,7943,2021-09-29 06:43:01.405,Depósito em espécie,288.9,590,375.29
591,591,591,7,100,5739,2015-09-17 03:04:31.343,Depósito em espécie,268.3,591,46.46
592,592,592,7,42,6983,2019-02-12 03:31:32.030,Depósito em espécie,311.3,592,21.29
593,593,593,7,7,5976,2016-05-11 03:36:11.945,Depósito em espécie,289.8,593,216.19
594,594,594,7,71,6596,2018-01-21 07:15:08.167,Depósito em espécie,30.9,594,12528.72
595,595,595,2,29,7929,2021-09-15 02:57:22.029,Depósito em espécie,60.1,595,27566.85
596,596,596,7,100,6328,2017-04-28 03:16:45.132,TED - Recebido,704.0,596,147.68
597,597,597,2,94,7489,2020-07-02 04:52:20.514,Depósito em espécie,38.7,597,404.1
598,598,598,7,7,8229,2022-07-12 06:55:10.891,Depósito em espécie,142.1,598,442.26
599,599,599,7,33,8421,2023-01-20 20:27:24.054,TED - Recebido,2365.0,599,1553.6
600,600,600,4,45,5486,2015-01-07 05:49:39.591,Depósito em espécie,159.3,600,0.75
601,601,601,7,7,5759,2015-10-07 04:33:43.428,Depósito em espécie,192.4,601,0.91
602,602,602,7,33,7508,2020-07-21 21:17:54.014,TED - Recebido,674.0,602,756.44
603,603,603,4,35,7928,2021-09-14 19:00:09.569,Depósito em espécie,217.2,603,329.45
604,604,604,7,14,6408,2017-07-17 10:39:00.019,Depósito em espécie,307.1,604,5498.85
605,605,605,3,16,5556,2015-03-18 05:35:06.963,Depósito em espécie,264.9,605,48.1
606,606,606,7,14,6436,2017-08-14 18:18:07.498,Depósito em espécie,316.2,606,408.77
607,607,607,7,42,6631,2018-02-25 10:24:04.338,Depósito em espécie,445.3,607,72146.24
608,608,608,2,82,4073,2011-02-24 14:07:05.726,Depósito em espécie,19.8,608,8.94
609,609,609,7,14,7691,2021-01-20 12:27:27.913,TED - Recebido,418.0,609,4968.54
610,610,610,7,42,7747,2021-03-17 02:17:53.457,Depósito em espécie,311.2,610,378.18
611,611,611,6,48,8389,2022-12-19 22:14:24.542,Depósito em espécie,266.8,611,24506.47
612,612,612,6,54,6150,2016-11-01 17:19:16.013,Depósito em espécie,59.3,612,18531.99
613,613,613,1,26,3681,2010-01-28 08:18:56.686,TED - Recebido,6098.0,613,5863.47
614,614,614,7,7,7776,2021-04-15 15:16:23.635,TED - Recebido,1031.0,614,919.54
615,615,615,4,1,6843,2018-09-25 09:54:12.462,TED - Recebido,1394.0,615,415.48
616,616,616,7,100,6650,2018-03-16 12:07:20.579,Depósito em espécie,214.1,616,12525.04
617,617,617,7,33,8138,2022-04-12 19:17:31.175,Depósito em espécie,49.1,617,189.04
618,618,618,7,100,8203,2022-06-16 09:46:22.251,TED - Recebido,4008.0,618,2659.18
619,619,619,7,71,8148,2022-04-22 23:37:56.654,Depósito em espécie,176.9,619,511.6
620,620,620,7,71,6967,2019-01-27 02:43:25.101,Depósito em espécie,150.4,620,22052.71
621,621,621,7,42,7352,2020-02-16 01:47:13.909,Depósito em espécie,155.7,621,697.1
622,622,622,7,100,8107,2022-03-12 04:12:48.543,TED - Recebido,3072.0,622,1131.09
623,623,623,1,32,7921,2021-09-07 20:33:29.264,TED - Recebido,2786.0,623,317.47
624,624,624,7,100,5970,2016-05-05 05:34:49.833,TED - Recebido,1603.0,624,169.09
625,625,625,3,51,4868,2013-04-29 19:55:53.980,TED - Recebido,3002.0,625,1736.31
626,626,626,10,97,8086,2022-02-19 05:16:28.154,Depósito em espécie,212.7,626,45.21
627,627,627,7,33,5990,2016-05-25 23:47:39.094,Depósito em espécie,573.6,627,1.39
628,628,628,7,71,6096,2016-09-08 19:41:34.718,Depósito em espécie,79.0,628,30.58
629,629,629,3,98,6069,2016-08-12 09:25:39.375,TED - Recebido,8640.0,629,8813.34
630,630,630,8,89,7930,2021-09-16 05:08:05.034,TED - Recebido,1247.0,630,758.44
631,631,631,6,88,5898,2016-02-23 22:09:14.590,Depósito em espécie,194.0,631,7311.87
632,632,632,7,71,6527,2017-11-13 13:56:26.743,Depósito em espécie,347.1,632,46.43
633,633,633,7,14,7186,2019-09-03 10:45:21.492,Depósito em espécie,65.6,633,438.87
634,634,634,4,57,5584,2015-04-15 17:40:24.965,Depósito em espécie,19.4,634,0.69
635,635,635,1,3,6290,2017-03-21 12:44:01.029,TED - Recebido,898.0,635,5673.71
636,636,636,1,39,4897,2013-05-28 19:14:19.535,Depósito em espécie,99.0,636,34782.8
637,637,637,9,68,8385,2022-12-15 02:26:03.811,TED - Recebido,2414.0,637,1130.11
638,638,638,3,73,7492,2020-07-05 22:39:56.878,Depósito em espécie,166.1,638,18243.26
639,639,639,7,71,8069,2022-02-02 20:53:52.774,Depósito em espécie,174.6,639,1176.54
640,640,640,7,71,7613,2020-11-03 01:05:07.734,TED - Recebido,527.0,640,418.19
641,641,641,7,100,7483,2020-06-26 10:08:18.036,Depósito em espécie,179.7,641,5294.41
642,642,642,7,100,5778,2015-10-26 13:56:49.500,Depósito em espécie,281.3,642,5.39
643,643,643,7,7,6217,2017-01-07 14:25:46.370,TED - Recebido,3133.0,643,2860.45
644,644,644,8,38,7134,2019-07-13 07:22:53.016,Depósito em espécie,68.2,644,254.94
645,645,645,7,71,8346,2022-11-06 04:31:19.519,Depósito em espécie,51.4,645,41775.87
646,646,646,7,14,6029,2016-07-03 14:00:08.271,TED - Recebido,2412.0,646,1677.94
647,647,647,5,43,7906,2021-08-23 19:44:22.786,Depósito em espécie,457.3,647,679.15
648,648,648,8,10,8290,2022-09-11 03:23:22.398,Depósito em espécie,448.3,648,220.85
649,649,649,3,16,8406,2023-01-05 20:38:35.591,Depósito em espécie,230.4,649,3.6
650,650,650,7,42,7658,2020-12-18 05:29:15.960,Depósito em espécie,88.5,650,61.92
651,651,651,7,7,5862,2016-01-18 14:24:56.973,Depósito em espécie,125.3,651,21634.01
652,652,652,7,14,8028,2021-12-23 13:33:20.242,TED - Recebido,844.0,652,117.65
653,653,653,7,71,7253,2019-11-09 16:19:27.211,Depósito em espécie,324.5,653,24.9
654,654,654,7,33,6087,2016-08-30 03:10:34.452,Depósito em espécie,143.2,654,27.85
655,655,655,7,42,7543,2020-08-25 09:04:47.189,Depósito em espécie,203.1,655,232.15
656,656,656,2,81,6238,2017-01-28 09:13:40.645,Depósito em espécie,132.2,656,72005.0
657,657,657,3,73,5358,2014-09-01 21:09:44.986,Depósito em espécie,41.3,657,15464.38
658,658,658,3,16,6135,2016-10-17 11:48:22.508,Depósito em espécie,265.1,658,7.08
659,659,659,3,13,5595,2015-04-26 14:21:27.654,Depósito em espécie,32.2,659,156.31
660,660,660,4,45,5454,2014-12-06 11:53:06.134,Depósito em espécie,156.4,660,122736.82
661,661,661,5,55,5795,2015-11-12 05:16:52.772,Depósito em espécie,373.7,661,6239.1
662,662,662,7,42,7423,2020-04-27 01:12:52.552,Depósito em espécie,37.0,662,21469.65
663,663,663,2,70,5505,2015-01-26 10:04:43.094,TED - Recebido,393.0,663,5.92
664,664,664,5,55,6883,2018-11-04 07:39:57.268,Depósito em espécie,110.0,664,6275.18
665,665,665,1,3,7962,2021-10-18 05:00:57.754,Depósito em espécie,115.3,665,7841.46
666,666,666,7,42,8146,2022-04-20 13:41:40.061,Depósito em espécie,59.6,666,40437.53
667,667,667,3,73,5439,2014-11-21 09:35:54.423,Depósito em espécie,614.4,667,697.7
668,668,668,6,40,7527,2020-08-09 15:25:08.356,TED - Recebido,3159.0,668,2919.67
669,669,669,5,58,5495,2015-01-16 10:42:44.087,Depósito em espécie,361.9,669,118.91
670,670,670,3,73,6504,2017-10-21 18:06:23.077,TED - Recebido,2000.0,670,1285.7
671,671,671,3,91,5420,2014-11-02 13:53:16.051,Depósito em espécie,205.9,671,91.7
672,672,672,7,14,6848,2018-09-30 23:36:49.904,Depósito em espécie,747.1,672,581.81
673,673,673,7,7,6572,2017-12-28 03:00:55.969,Depósito em espécie,116.8,673,60.25
674,674,674,3,91,5489,2015-01-10 19:12:09.028,Depósito em espécie,155.3,674,1902.33
675,675,675,7,100,7071,2019-05-11 14:51:20.801,Depósito em espécie,76.5,675,51.61
676,676,676,1,26,4410,2012-01-27 12:28:25.472,Depósito em espécie,166.0,676,91.0
677,677,677,7,33,6698,2018-05-03 15:18:13.469,Depósito em espécie,277.7,677,11911.95
678,678,678,9,66,7249,2019-11-05 11:55:43.728,Depósito em espécie,134.5,678,49659.67
679,679,679,1,18,5771,2015-10-19 19:40:23.576,Depósito em espécie,145.7,679,17741.97
680,680,680,7,42,8120,2022-03-25 16:21:25.702,Depósito em espécie,310.7,680,80.25
681,681,681,7,42,6679,2018-04-14 01:41:37.829,Depósito em espécie,547.5,681,507.39
682,682,682,2,86,5803,2015-11-20 15:57:10.002,Depósito em espécie,147.2,682,22.02
683,683,683,3,13,8228,2022-07-11 22:18:53.921,Depósito em espécie,122.0,683,308.98
684,684,684,7,42,8022,2021-12-17 13:22:56.812,TED - Recebido,980.0,684,756.39
685,685,685,7,33,6168,2016-11-19 15:09:16.164,Depósito em espécie,20.0,685,8.32
686,686,686,8,37,8319,2022-10-10 01:24:17.169,TED - Recebido,3373.0,686,3154.29
687,687,687,8,38,7021,2019-03-22 17:54:03.800,TED - Recebido,1383.0,687,999.34
688,688,688,7,42,6613,2018-02-07 19:35:59.803,Depósito em espécie,63.7,688,228.81
689,689,689,2,84,4897,2013-05-28 03:02:38.311,TED - Recebido,2032.0,689,27162.12
690,690,690,1,36,5450,2014-12-02 06:25:28.656,TED - Recebido,1907.0,690,1028.57
691,691,691,7,7,8294,2022-09-15 00:29:47.069,Depósito em espécie,92.7,691,1154.22
692,692,692,3,31,7307,2020-01-02 04:48:08.758,Depósito em espécie,156.6,692,2.06
693,693,693,7,33,6143,2016-10-25 06:15:06.735,Depósito em espécie,148.8,693,2.12
694,694,694,1,75,7123,2019-07-02 22:19:52.303,Depósito em espécie,233.3,694,102.68
695,695,695,1,36,6965,2019-01-25 21:22:36.202,TED - Recebido,1720.0,695,464.6
696,696,696,7,100,6084,2016-08-27 10:55:50.897,Depósito em espécie,45.0,696,3036.27
697,697,697,2,84,4780,2013-01-31 01:53:24.349,TED - Recebido,1567.0,697,976.46
698,698,698,7,42,6125,2016-10-07 18:08:57.592,TED - Recebido,1239.0,698,944.35
699,699,699,3,13,8186,2022-05-30 00:03:26.469,Depósito em espécie,73.9,699,93865.96
700,700,700,4,57,5404,2014-10-17 09:14:37.729,TED - Recebido,1029.0,700,767.58
701,701,701,2,85,7067,2019-05-07 12:17:08.659,Depósito em espécie,66.8,701,4.39
702,702,702,7,42,8085,2022-02-18 17:13:28.999,Depósito em espécie,43.5,702,2887.37
703,703,703,7,71,7982,2021-11-07 05:57:59.934,TED - Recebido,2361.0,703,1455.48
704,704,704,4,57,6128,2016-10-10 17:36:41.314,TED - Recebido,1237.0,704,25.39
705,705,705,7,42,8287,2022-09-08 11:52:17.275,Depósito em espécie,49.5,705,89349.96
706,706,706,7,14,6904,2018-11-25 09:01:18.293,TED - Recebido,1447.0,706,972.02
707,707,707,7,33,6077,2016-08-20 17:06:56.667,Depósito em espécie,135.9,707,258.79
708,708,708,3,73,6803,2018-08-16 22:53:29.326,Depósito em espécie,359.3,708,81.79
709,709,709,3,31,7026,2019-03-27 02:46:40.773,Depósito em espécie,1451.0,709,5626.82
710,710,710,7,42,6204,2016-12-25 18:48:35.993,Depósito em espécie,383.4,710,38354.24
711,711,711,8,47,6790,2018-08-03 02:28:32.142,Depósito em espécie,266.7,711,14.31
712,712,712,7,42,8328,2022-10-19 11:58:22.975,Depósito em espécie,58.2,712,450.19
713,713,713,1,39,5526,2015-02-16 01:33:11.929,Depósito em espécie,301.8,713,56.06
714,714,714,7,7,5752,2015-09-30 08:10:49.537,Depósito em espécie,180.2,714,49.87
715,715,715,8,23,8232,2022-07-15 08:04:01.906,Depósito em espécie,971.4,715,1222.03
716,716,716,1,36,7736,2021-03-06 03:51:40.269,Depósito em espécie,157.9,716,21.65
717,717,717,7,42,7486,2020-06-29 14:31:23.062,Depósito em espécie,450.6,717,86.27
718,718,718,4,45,5257,2014-05-23 06:24:25.444,Depósito em espécie,261.1,718,445.88
719,719,719,3,51,7873,2021-07-21 02:55:50.145,Depósito em espécie,33.9,719,392.74
720,720,720,1,80,5558,2015-03-20 02:37:46.100,Depósito em espécie,63.7,720,19081.01
721,721,721,7,33,8045,2022-01-09 05:26:22.318,Depósito em espécie,51.4,721,179.84
722,722,722,7,7,6752,2018-06-26 19:56:52.369,TED - Recebido,11610.0,722,6971.66
723,723,723,7,14,5956,2016-04-21 22:06:14.684,TED - Recebido,3174.0,723,1361.01
724,724,724,7,71,7442,2020-05-16 10:16:39.443,TED - Recebido,1214.0,724,998.2
725,725,725,7,71,6559,2017-12-15 18:19:00.129,Depósito em espécie,1190.0,725,557.09
726,726,726,3,91,6874,2018-10-26 18:29:55.289,Depósito em espécie,58.2,726,30.63
727,727,727,3,91,8122,2022-03-27 21:55:04.491,Depósito em espécie,212.9,727,147.47
728,728,728,7,42,7794,2021-05-03 03:44:51.606,TED - Recebido,1981.0,728,640.32
729,729,729,7,14,8022,2021-12-17 20:18:58.618,Depósito em espécie,180.8,729,59.88
730,730,730,8,69,7265,2019-11-21 04:40:03.351,Depósito em espécie,45.2,730,133.46
731,731,731,7,7,8288,2022-09-09 17:59:41.675,Depósito em espécie,536.3,731,524.28
732,732,732,4,1,7326,2020-01-21 22:56:33.459,Depósito em espécie,284.8,732,35601.8
733,733,733,6,4,8049,2022-01-13 06:49:13.581,Depósito em espécie,125.4,733,1849.3
734,734,734,1,75,5067,2013-11-14 00:04:20.022,Depósito em espécie,243.3,734,80591.82
735,735,735,7,7,6528,2017-11-14 10:53:35.566,Depósito em espécie,278.6,735,43843.05
736,736,736,3,98,6143,2016-10-25 16:34:14.882,Depósito em espécie,251.1,736,87.06
737,737,737,6,22,7242,2019-10-29 00:31:05.823,Depósito em espécie,326.1,737,145.26
738,738,738,7,14,7896,2021-08-13 20:36:44.813,TED - Recebido,2238.0,738,641.13
739,739,739,7,100,5762,2015-10-10 12:12:39.065,Depósito em espécie,388.6,739,14568.3
740,740,740,4,19,6070,2016-08-13 01:59:18.082,Depósito em espécie,113.9,740,13398.08
741,741,741,7,100,7470,2020-06-13 01:44:15.756,TED - Recebido,1049.0,741,691.71
742,742,742,1,75,5038,2013-10-16 18:09:15.845,Depósito em espécie,357.9,742,29.02
743,743,743,2,81,5269,2014-06-04 06:59:18.946,Depósito em espécie,235.9,743,18.63
744,744,744,7,7,8378,2022-12-08 13:48:39.308,Depósito em espécie,78.5,744,1041.45
745,745,745,3,51,4455,2012-03-12 06:00:15.415,Depósito em espécie,229.4,745,28080.44
746,746,746,7,100,7987,2021-11-12 18:22:06.664,Depósito em espécie,94.4,746,2182.45
747,747,747,1,61,7222,2019-10-09 19:18:34.542,Depósito em espécie,86.5,747,3.0
748,748,748,2,82,6950,2019-01-10 18:39:06.290,TED - Recebido,2251.0,748,1854.33
749,749,749,5,50,5634,2015-06-04 03:41:49.806,TED - Recebido,333.0,749,49928.0
750,750,750,4,19,5938,2016-04-03 03:01:07.254,TED - Recebido,2663.0,750,1945.52
751,751,751,9,46,7815,2021-05-24 07:43:59.834,Depósito em espécie,35.4,751,11045.48
752,752,752,7,42,7874,2021-07-22 07:45:40.800,Depósito em espécie,46.8,752,3163.64
753,753,753,7,33,6171,2016-11-22 12:16:16.630,Depósito em espécie,288.2,753,15.45
754,754,754,1,61,4269,2011-09-08 08:24:03.364,Depósito em espécie,106.6,754,21.71
755,755,755,7,42,6755,2018-06-29 09:01:59.426,Depósito em espécie,214.9,755,25.99
756,756,756,7,100,7317,2020-01-12 11:37:09.007,Depósito em espécie,472.5,756,79.57
757,757,757,1,60,3831,2010-06-27 12:23:16.652,TED - Recebido,1103.0,757,26295.87
758,758,758,5,50,5835,2015-12-22 16:40:40.319,Depósito em espécie,167.8,758,92.52
759,759,759,1,80,8235,2022-07-18 09:00:13.287,Depósito em espécie,124.0,759,339.17
760,760,760,1,75,3697,2010-02-13 14:49:02.572,TED - Recebido,805.0,760,15864.55
761,761,761,3,91,4811,2013-03-03 06:42:48.913,Depósito em espécie,1120.4,761,964.05
762,762,762,7,42,7087,2019-05-27 01:04:06.340,Depósito em espécie,388.9,762,723.01
763,763,763,6,4,6890,2018-11-11 01:13:37.124,Depósito em espécie,84.4,763,3.04
764,764,764,7,42,6427,2017-08-05 04:10:14.413,TED - Recebido,1952.0,764,1599.11
765,765,765,2,82,6376,2017-06-15 07:27:55.039,Depósito em espécie,175.2,765,483.83
766,766,766,3,73,4916,2013-06-16 08:17:21.626,Depósito em espécie,107.8,766,26.09
767,767,767,7,33,6131,2016-10-13 09:17:53.775,Depósito em espécie,276.1,767,6534.06
768,768,768,7,42,8071,2022-02-04 22:58:22.287,TED - Recebido,976.0,768,222.38
769,769,769,7,71,6890,2018-11-11 10:34:00.233,Depósito em espécie,15.9,769,40499.55
770,770,770,7,14,7757,2021-03-27 07:00:03.202,Depósito em espécie,64.8,770,349.01
771,771,771,1,80,7113,2019-06-22 08:40:35.626,Depósito em espécie,645.3,771,23150.03
772,772,772,3,16,5075,2013-11-22 03:03:35.145,Depósito em espécie,276.9,772,816.66
773,773,773,2,82,4139,2011-05-01 04:54:02.224,Depósito em espécie,261.2,773,23568.46
774,774,774,1,39,7155,2019-08-03 14:49:17.553,Depósito em espécie,747.3,774,492.43
775,775,775,4,57,6508,2017-10-25 16:53:57.412,Depósito em espécie,378.7,775,260.06
776,776,776,4,1,6644,2018-03-10 18:08:42.259,Depósito em espécie,224.4,776,164.21
777,777,777,8,23,6836,2018-09-18 00:20:23.285,Depósito em espécie,31.1,777,5.03
778,778,778,5,55,5957,2016-04-22 00:30:46.798,Depósito em espécie,59.0,778,86.63
779,779,779,9,83,7766,2021-04-05 00:21:57.777,Depósito em espécie,229.3,779,2128.75
780,780,780,8,6,6623,2018-02-17 03:08:36.410,Depósito em espécie,303.4,780,15.8
781,781,781,1,36,6388,2017-06-27 12:57:29.656,Depósito em espécie,53.2,781,19.25
782,782,782,6,88,5918,2016-03-14 14:57:45.259,TED - Recebido,577.0,782,42.44
783,783,783,7,14,6274,2017-03-05 11:53:55.830,Depósito em espécie,157.5,783,27460.42
784,784,784,3,91,5186,2014-03-13 01:44:43.031,Depósito em espécie,129.4,784,276.1
785,785,785,7,100,8215,2022-06-28 18:37:40.302,TED - Recebido,1642.0,785,3150.15
786,786,786,7,14,6529,2017-11-15 12:22:40.328,Depósito em espécie,144.5,786,16.42
787,787,787,4,19,7283,2019-12-09 09:32:35.231,Depósito em espécie,103.7,787,25561.95
788,788,788,1,80,4644,2012-09-17 03:40:45.089,TED - Recebido,617.0,788,169.47
789,789,789,7,33,6167,2016-11-18 07:52:23.495,Depósito em espécie,139.1,789,63.36
790,790,790,7,7,7896,2021-08-13 17:42:29.444,Depósito em espécie,36.9,790,47.89
791,791,791,7,71,8265,2022-08-17 14:57:27.345,Depósito em espécie,68.5,791,83.77
792,792,792,7,42,6581,2018-01-06 04:18:40.615,Depósito em espécie,209.2,792,3.98
793,793,793,7,71,8398,2022-12-28 15:35:09.616,Depósito em espécie,121.7,793,136.29
794,794,794,7,33,6899,2018-11-20 19:14:05.982,Depósito em espécie,804.2,794,454.95
795,795,795,4,35,7258,2019-11-14 08:55:06.705,Depósito em espécie,660.8,795,163.77
796,796,796,7,71,8172,2022-05-16 07:21:16.895,Depósito em espécie,438.2,796,375.12
797,797,797,3,13,6419,2017-07-28 00:02:47.302,TED - Recebido,2109.0,797,1456.93
798,798,798,3,13,6909,2018-11-30 13:14:38.496,Depósito em espécie,114.0,798,40174.06
799,799,799,2,85,4340,2011-11-18 12:11:46.548,Depósito em espécie,45.6,799,3574.21
800,800,800,1,92,7964,2021-10-20 21:56:09.926,Depósito em espécie,76.7,800,845.98
801,801,801,7,100,7273,2019-11-29 22:49:40.439,Depósito em espécie,100.1,801,37311.12
802,802,802,3,13,8079,2022-02-12 12:05:03.723,Depósito em espécie,359.4,802,981.85
803,803,803,7,100,7716,2021-02-14 10:02:52.835,TED - Recebido,5117.0,803,1778.51
804,804,804,7,7,8041,2022-01-05 22:36:57.331,TED - Recebido,1506.0,804,2553.01
805,805,805,7,14,7236,2019-10-23 03:38:34.454,Depósito em espécie,127.8,805,10.77
806,806,806,5,55,5440,2014-11-22 00:03:43.545,Depósito em espécie,208.0,806,70.88
807,807,807,7,33,6490,2017-10-07 18:09:35.838,Depósito em espécie,316.2,807,15951.23
808,808,808,3,31,4970,2013-08-09 08:07:15.102,Depósito em espécie,88.5,808,5942.22
809,809,809,1,11,7923,2021-09-09 06:22:14.508,TED - Recebido,2225.0,809,6205.66
810,810,810,2,9,5408,2014-10-21 07:48:15.258,Depósito em espécie,825.3,810,125.43
811,811,811,9,65,7503,2020-07-16 18:29:02.064,Depósito em espécie,54.2,811,22.61
812,812,812,4,35,7993,2021-11-18 09:39:36.205,Depósito em espécie,414.8,812,2869.8
813,813,813,2,81,5496,2015-01-17 11:38:08.752,Depósito em espécie,79.4,813,21054.94
814,814,814,2,9,8388,2022-12-18 09:43:14.104,Depósito em espécie,181.5,814,133.48
815,815,815,3,98,4942,2013-07-12 20:53:29.896,Depósito em espécie,1554.8,815,510.28
816,816,816,3,51,4831,2013-03-23 01:44:49.159,Depósito em espécie,26.9,816,347.91
817,817,817,7,100,6520,2017-11-06 20:57:18.749,Depósito em espécie,75.9,817,19329.08
818,818,818,7,33,5883,2016-02-08 09:55:02.804,Depósito em espécie,68.9,818,11.77
819,819,819,10,53,8187,2022-05-31 19:01:40.209,Depósito em espécie,107.5,819,9921.46
820,820,820,4,35,6249,2017-02-08 02:22:32.892,Depósito em espécie,587.3,820,50513.1
821,821,821,7,71,8206,2022-06-19 12:21:07.108,Depósito em espécie,101.8,821,1325.06
822,822,822,5,34,7925,2021-09-11 07:48:01.629,Depósito em espécie,215.4,822,230.97
823,823,823,2,70,7631,2020-11-21 17:58:05.525,Depósito em espécie,103.3,823,557.38
824,824,824,7,14,7229,2019-10-16 23:52:14.547,TED - Recebido,6483.0,824,32360.92
825,825,825,5,34,5118,2014-01-04 00:16:03.918,Depósito em espécie,241.2,825,814.07
826,826,826,7,71,6425,2017-08-03 09:59:04.002,Depósito em espécie,1465.9,826,181.92
827,827,827,6,88,6868,2018-10-20 14:32:44.956,Depósito em espécie,103.8,827,113.21
828,828,828,2,24,4757,2013-01-08 08:40:50.379,Depósito em espécie,356.4,828,1.1
829,829,829,7,100,7295,2019-12-21 07:36:09.497,TED - Recebido,1999.0,829,398.52
830,830,830,1,18,5560,2015-03-22 18:48:32.186,Depósito em espécie,132.6,830,16.28
831,831,831,7,14,7691,2021-01-20 06:54:17.913,TED - Recebido,2877.0,831,866.91
832,832,832,7,33,6223,2017-01-13 16:30:23.500,Depósito em espécie,394.8,832,87.14
833,833,833,7,14,8195,2022-06-08 02:07:10.935,Depósito em espécie,1157.4,833,7112.52
834,834,834,6,44,5674,2015-07-14 05:59:53.719,Depósito em espécie,213.4,834,38.68
835,835,835,7,71,8227,2022-07-10 03:30:26.229,TED - Recebido,838.0,835,273.63
836,836,836,8,6,7403,2020-04-07 12:54:05.103,Depósito em espécie,217.5,836,240.05
837,837,837,5,15,7477,2020-06-20 14:48:19.513,TED - Recebido,1801.0,837,1685.83
838,838,838,7,100,6219,2017-01-09 12:27:25.312,TED - Recebido,1663.0,838,1128.51
839,839,839,5,50,8285,2022-09-06 16:38:00.126,Depósito em espécie,319.9,839,308.53
840,840,840,7,100,8378,2022-12-08 08:47:41.011,Depósito em espécie,169.5,840,1092.15
841,841,841,5,63,5308,2014-07-13 15:27:18.081,Depósito em espécie,49.8,841,1.02
842,842,842,7,33,7110,2019-06-19 07:15:37.063,Depósito em espécie,364.0,842,1.24
843,843,843,7,42,7019,2019-03-20 08:55:10.639,Depósito em espécie,159.0,843,13.37
844,844,844,7,7,6343,2017-05-13 05:37:48.440,Depósito em espécie,92.4,844,2.69
845,845,845,3,13,4834,2013-03-26 05:51:49.375,TED - Recebido,525.0,845,14733.18
846,846,846,8,23,7963,2021-10-19 02:12:06.158,TED - Recebido,4726.0,846,2090.0
847,847,847,8,89,6848,2018-09-30 17:47:22.274,TED - Recebido,1889.0,847,114.56
848,848,848,6,88,7124,2019-07-03 11:18:44.794,Depósito em espécie,79.3,848,300.03
849,849,849,7,7,6883,2018-11-04 11:48:08.776,TED - Recebido,262.0,849,48289.13
850,850,850,7,33,8199,2022-06-12 03:02:07.585,Depósito em espécie,528.3,850,4.7
851,851,851,7,7,7308,2020-01-03 06:00:23.830,Depósito em espécie,299.5,851,4.05
852,852,852,7,33,7127,2019-07-06 21:14:32.065,TED - Recebido,333.0,852,27073.51
853,853,853,2,86,5381,2014-09-24 04:53:14.712,Depósito em espécie,219.2,853,6738.14
854,854,854,6,96,7688,2021-01-17 12:57:07.307,Depósito em espécie,77.5,854,2489.45
855,855,855,7,71,5940,2016-04-05 19:17:57.929,Depósito em espécie,471.4,855,242.54
856,856,856,7,33,7816,2021-05-25 18:20:01.018,Depósito em espécie,777.8,856,19.22
857,857,857,2,70,5317,2014-07-22 22:48:31.972,Depósito em espécie,122.9,857,11040.58
858,858,858,7,14,8328,2022-10-19 15:03:41.950,Depósito em espécie,120.4,858,8063.11
859,859,859,7,100,8094,2022-02-27 07:21:18.365,Depósito em espécie,338.3,859,586.87
860,860,860,5,55,5586,2015-04-17 14:02:31.228,Depósito em espécie,123.7,860,5.32
861,861,861,4,57,6201,2016-12-22 19:01:41.427,Depósito em espécie,120.1,861,35.17
862,862,862,7,7,7701,2021-01-30 02:31:59.009,Depósito em espécie,331.1,862,707.31
863,863,863,7,42,8405,2023-01-04 11:20:24.315,Depósito em espécie,44.6,863,418.28
864,864,864,7,14,6970,2019-01-30 13:14:48.004,Depósito em espécie,102.9,864,17812.14
865,865,865,4,1,7319,2020-01-14 05:39:52.958,Depósito em espécie,71.7,865,102.36
866,866,866,7,42,7931,2021-09-17 19:33:49.933,Depósito em espécie,86.2,866,309.54
867,867,867,2,70,3949,2010-10-23 04:58:27.630,Depósito em espécie,109.0,867,15541.16
868,868,868,9,87,7770,2021-04-09 20:01:35.682,TED - Recebido,1037.0,868,193.38
869,869,869,3,98,7652,2020-12-12 11:14:11.546,Depósito em espécie,81.5,869,135.54
870,870,870,7,42,7926,2021-09-12 08:53:18.782,Depósito em espécie,625.7,870,252.45
871,871,871,3,13,5265,2014-05-31 17:27:49.390,Depósito em espécie,85.2,871,7034.08
872,872,872,7,71,6843,2018-09-25 17:04:06.416,Depósito em espécie,64.4,872,4227.81
873,873,873,6,44,7678,2021-01-07 17:14:57.166,TED - Recebido,7128.0,873,6549.26
874,874,874,7,14,6677,2018-04-12 21:36:19.959,Depósito em espécie,101.0,874,41.36
875,875,875,7,71,8119,2022-03-24 14:05:53.139,TED - Recebido,2814.0,875,130.76
876,876,876,7,7,7864,2021-07-12 09:24:35.791,Depósito em espécie,219.2,876,4540.25
877,877,877,7,7,6770,2018-07-14 08:19:48.747,Depósito em espécie,72.8,877,30.7
878,878,878,6,40,7072,2019-05-12 11:57:08.972,Depósito em espécie,251.0,878,1.44
879,879,879,3,31,4718,2012-11-30 12:56:43.754,Depósito em espécie,47.1,879,4.04
880,880,880,7,71,7449,2020-05-23 02:48:10.849,Depósito em espécie,154.7,880,28337.91
881,881,881,7,42,6670,2018-04-05 03:17:50.054,Depósito em espécie,66.6,881,103.71
882,882,882,7,100,6765,2018-07-09 22:43:08.721,Depósito em espécie,321.3,882,13183.35
883,883,883,7,42,8326,2022-10-17 21:44:51.349,Depósito em espécie,56.5,883,485.4
884,884,884,7,71,6710,2018-05-15 11:41:50.010,Depósito em espécie,76.4,884,58.98
885,885,885,7,14,6107,2016-09-19 02:11:47.956,Depósito em espécie,377.5,885,29102.28
886,886,886,7,33,7208,2019-09-25 13:11:39.650,Depósito em espécie,377.0,886,54.27
887,887,887,7,42,6348,2017-05-18 11:36:30.377,TED - Recebido,424.0,887,68.2
888,888,888,3,73,7736,2021-03-06 11:17:04.510,Depósito em espécie,89.5,888,386.72
889,889,889,3,91,6355,2017-05-25 04:03:09.346,TED - Recebido,5877.0,889,4872.02
890,890,890,2,85,8040,2022-01-04 23:08:11.365,Depósito em espécie,160.0,890,296.04
891,891,891,7,33,6579,2018-01-04 15:53:08.217,TED - Recebido,1005.0,891,218.62
892,892,892,1,18,4170,2011-06-01 10:56:30.729,Depósito em espécie,86.5,892,6656.82
893,893,893,3,16,4660,2012-10-03 13:13:11.571,Depósito em espécie,2061.5,893,1938.72
894,894,894,7,14,8177,2022-05-21 07:29:03.954,Depósito em espécie,82.2,894,184.42
895,895,895,7,14,5891,2016-02-16 22:08:34.729,TED - Recebido,1960.0,895,386.08
896,896,896,6,88,6565,2017-12-21 11:42:59.352,Depósito em espécie,313.3,896,24.5
897,897,897,7,33,6520,2017-11-06 13:10:50.738,Depósito em espécie,77.7,897,84.61
898,898,898,4,45,5177,2014-03-04 06:44:19.739,Depósito em espécie,162.9,898,32.21
899,899,899,1,92,7732,2021-03-02 16:18:12.381,Depósito em espécie,135.4,899,6.64
900,900,900,1,60,5293,2014-06-28 17:18:39.599,Depósito em espécie,406.9,900,7410.38
901,901,901,2,9,4187,2011-06-18 19:18:06.355,Depósito em espécie,1327.3,901,23788.28
902,902,902,7,71,6843,2018-09-25 17:53:48.858,Depósito em espécie,101.7,902,13771.38
903,903,903,7,71,6778,2018-07-22 11:55:58.371,Depósito em espécie,192.8,903,69.48
904,904,904,7,14,7868,2021-07-16 01:12:17.167,Depósito em espécie,110.9,904,670.77
905,905,905,1,80,4252,2011-08-22 06:09:12.355,TED - Recebido,961.0,905,645.84
906,906,906,7,71,7815,2021-05-24 07:34:50.788,Depósito em espécie,166.3,906,153.88
907,907,907,7,100,5965,2016-04-30 07:58:33.801,Depósito em espécie,47.9,907,76.9
908,908,908,5,58,5607,2015-05-08 03:50:28.397,Depósito em espécie,316.4,908,1.83
909,909,909,3,98,6438,2017-08-16 03:54:42.302,Depósito em espécie,81.7,909,10436.29
910,910,910,4,1,6603,2018-01-28 03:05:01.628,Depósito em espécie,137.6,910,79.63
911,911,911,7,14,8133,2022-04-07 01:47:54.208,Depósito em espécie,86.4,911,492.8
912,912,912,7,100,7918,2021-09-04 02:40:11.841,Depósito em espécie,268.2,912,23655.76
913,913,913,7,33,7049,2019-04-19 17:37:47.921,Depósito em espécie,1231.6,913,575.77
914,914,914,5,55,5551,2015-03-13 04:02:05.497,Depósito em espécie,45.4,914,7492.2
915,915,915,7,14,5823,2015-12-10 01:12:29.540,TED - Recebido,381.0,915,134.73
916,916,916,3,73,4911,2013-06-11 04:50:32.061,Depósito em espécie,475.8,916,76592.34
917,917,917,1,36,7495,2020-07-08 18:30:38.096,Depósito em espécie,231.7,917,245.39
918,918,918,1,75,5354,2014-08-28 05:07:14.129,Depósito em espécie,274.6,918,1.77
919,919,919,7,14,6397,2017-07-06 12:40:44.657,Depósito em espécie,203.7,919,137.51
920,920,920,2,86,8366,2022-11-26 02:14:22.021,Depósito em espécie,1612.8,920,199.44
921,921,921,5,34,6456,2017-09-03 14:05:12.741,TED - Recebido,4157.0,921,3706.46
922,922,922,7,100,6653,2018-03-19 10:08:12.870,Depósito em espécie,352.9,922,39.71
923,923,923,7,71,7691,2021-01-20 02:39:05.283,TED - Recebido,810.0,923,621.23
924,924,924,3,91,6268,2017-02-27 11:55:59.218,Depósito em espécie,126.5,924,306.5
925,925,925,9,74,7549,2020-08-31 19:33:14.855,TED - Recebido,4942.0,925,4860.91
926,926,926,7,71,5830,2015-12-17 17:04:23.243,Depósito em espécie,80.5,926,4.32
927,927,927,7,33,6429,2017-08-07 12:56:48.035,Depósito em espécie,118.3,927,25.34
928,928,928,7,42,7613,2020-11-03 22:35:59.602,Depósito em espécie,253.6,928,358.6
929,929,929,1,60,8278,2022-08-30 07:22:38.239,Depósito em espécie,148.3,929,115.72
930,930,930,5,2,8165,2022-05-09 08:08:12.596,Depósito em espécie,53.5,930,12.01
931,931,931,7,42,6675,2018-04-10 18:13:52.185,Depósito em espécie,437.8,931,79.3
932,932,932,2,81,5905,2016-03-01 06:23:53.556,Depósito em espécie,225.0,932,230.83
933,933,933,8,41,7731,2021-03-01 20:55:50.677,Depósito em espécie,698.3,933,322.81
934,934,934,1,26,3683,2010-01-30 09:34:45.489,Depósito em espécie,55.5,934,17360.35
935,935,935,7,14,6941,2019-01-01 03:40:55.864,Depósito em espécie,86.7,935,7894.24
936,936,936,7,33,8126,2022-03-31 18:09:02.626,Depósito em espécie,331.8,936,458.65
937,937,937,7,71,8122,2022-03-27 23:16:02.380,TED - Recebido,616.0,937,22.3
938,938,938,6,88,6823,2018-09-05 03:22:08.781,TED - Recebido,1581.0,938,1588.2
939,939,939,2,70,8337,2022-10-28 22:30:11.788,Depósito em espécie,306.2,939,85135.76
940,940,940,7,14,6151,2016-11-02 20:38:42.267,Depósito em espécie,109.5,940,9.19
941,941,941,7,7,6188,2016-12-09 04:51:16.694,Depósito em espécie,164.6,941,35080.31
942,942,942,4,19,5214,2014-04-10 09:18:25.534,Depósito em espécie,46.7,942,204.69
943,943,943,7,14,6277,2017-03-08 13:03:22.786,Depósito em espécie,556.3,943,124.1
944,944,944,7,7,7998,2021-11-23 08:49:30.076,TED - Recebido,2183.0,944,295.89
945,945,945,8,89,6726,2018-05-31 08:35:21.638,Depósito em espécie,14.8,945,21810.32
946,946,946,7,42,8047,2022-01-11 01:35:39.459,Depósito em espécie,497.0,946,4.27
947,947,947,4,57,7904,2021-08-21 22:35:16.369,Depósito em espécie,301.7,947,176.91
948,948,948,7,100,7242,2019-10-29 16:41:20.805,TED - Recebido,1050.0,948,201.98
949,949,949,7,42,5871,2016-01-27 16:41:51.713,Depósito em espécie,139.8,949,15912.64
950,950,950,3,31,6427,2017-08-05 09:53:02.001,Depósito em espécie,61.9,950,9658.42
951,951,951,7,33,6617,2018-02-11 10:47:14.640,Depósito em espécie,125.6,951,9861.48
952,952,952,7,14,7108,2019-06-17 12:22:33.210,Depósito em espécie,149.5,952,23583.77
953,953,953,7,7,7729,2021-02-27 11:32:06.829,Depósito em espécie,409.9,953,102.72
954,954,954,7,33,6659,2018-03-25 04:37:18.298,Depósito em espécie,625.8,954,115.38
955,955,955,5,34,8263,2022-08-15 04:13:54.100,TED - Recebido,1970.0,955,25.34
956,956,956,8,10,7552,2020-09-03 07:48:58.309,Depósito em espécie,76.0,956,95.15
957,957,957,3,73,5499,2015-01-20 09:30:07.921,Depósito em espécie,167.0,957,15.95
958,958,958,6,40,5612,2015-05-13 09:00:16.432,Depósito em espécie,117.4,958,72.3
959,959,959,1,61,5336,2014-08-10 01:12:58.355,Depósito em espécie,354.7,959,96.49
960,960,960,1,39,7024,2019-03-25 05:21:30.696,TED - Recebido,1347.0,960,987.51
961,961,961,6,28,6786,2018-07-30 03:57:57.051,Depósito em espécie,62.7,961,7834.99
962,962,962,7,14,6845,2018-09-27 20:48:03.493,Depósito em espécie,901.3,962,946.66
963,963,963,5,43,5878,2016-02-03 14:04:26.267,Depósito em espécie,73.2,963,26.19
964,964,964,7,7,6376,2017-06-15 17:39:32.637,TED - Recebido,1242.0,964,1104.14
965,965,965,2,9,5723,2015-09-01 21:39:07.545,TED - Recebido,5807.0,965,5877.77
966,966,966,7,14,7895,2021-08-12 01:14:35.500,Depósito em espécie,108.9,966,1425.28
967,967,967,7,100,7798,2021-05-07 00:18:21.515,Depósito em espécie,41.9,967,527.36
968,968,968,5,55,5336,2014-08-10 02:41:03.882,Depósito em espécie,1081.5,968,7480.46
969,969,969,2,76,7507,2020-07-20 04:22:27.725,TED - Recebido,774.0,969,924.98
970,970,970,3,31,5524,2015-02-14 09:36:01.173,Depósito em espécie,99.9,970,101.71
971,971,971,1,61,4887,2013-05-18 00:56:10.735,Depósito em espécie,263.2,971,73.87
972,972,972,7,42,7983,2021-11-08 15:35:53.673,Depósito em espécie,48.4,972,468.02
973,973,973,7,42,7628,2020-11-18 22:14:35.956,Depósito em espécie,154.2,973,873.74
974,974,974,7,7,7589,2020-10-10 16:37:25.966,Depósito em espécie,139.2,974,372.33
975,975,975,1,32,5084,2013-12-01 08:38:47.527,Depósito em espécie,372.1,975,42.45
976,976,976,4,1,5598,2015-04-29 18:56:58.205,Depósito em espécie,156.0,976,5.45
977,977,977,7,14,7683,2021-01-12 05:36:14.966,TED - Recebido,11434.0,977,7788.41
978,978,978,5,15,7688,2021-01-17 05:04:37.425,Depósito em espécie,291.5,978,40487.07
979,979,979,7,71,8395,2022-12-25 17:43:23.944,Depósito em espécie,491.7,979,1006.13
980,980,980,7,7,7098,2019-06-07 04:36:50.089,Depósito em espécie,451.9,980,49.3
981,981,981,10,17,8294,2022-09-15 21:25:13.171,Depósito em espécie,428.5,981,505.84
982,982,982,7,14,6340,2017-05-10 04:52:04.950,TED - Recebido,3970.0,982,2804.79
983,983,983,1,39,7752,2021-03-22 00:17:16.295,Depósito em espécie,357.8,983,28561.26
984,984,984,1,72,5103,2013-12-20 13:48:47.412,Depósito em espécie,67.9,984,16163.39
985,985,985,7,33,7831,2021-06-09 13:40:43.137,Depósito em espécie,74.6,985,86.56
986,986,986,3,98,7158,2019-08-06 13:02:39.510,Depósito em espécie,90.6,986,13317.02
987,987,987,7,33,6253,2017-02-12 17:31:47.209,Depósito em espécie,188.7,987,32.6
988,988,988,6,28,7836,2021-06-14 17:06:32.244,Depósito em espécie,286.8,988,155.68
989,989,989,2,70,6967,2019-01-27 20:39:29.052,Depósito em espécie,108.7,989,1.03
990,990,990,5,55,5490,2015-01-11 02:47:59.853,Depósito em espécie,166.9,990,145.52
991,991,991,4,57,6080,2016-08-23 00:50:01.250,Depósito em espécie,60.2,991,430.16
992,992,992,2,82,5283,2014-06-18 01:29:11.203,Depósito em espécie,189.4,992,32689.53
993,993,993,7,14,7211,2019-09-28 15:28:54.617,Depósito em espécie,55.0,993,33.5
994,994,994,7,7,5804,2015-11-21 08:13:43.968,TED - Recebido,823.0,994,576.6
995,995,995,7,33,6707,2018-05-12 16:37:17.637,Depósito em espécie,105.6,995,13383.67
996,996,996,2,24,7904,2021-08-21 01:04:07.761,Depósito em espécie,192.5,996,30339.67
997,997,997,2,85,7611,2020-11-01 05:36:12.348,Depósito em espécie,231.1,997,15973.33
998,998,998,2,84,4850,2013-04-11 02:46:34.764,Depósito em espécie,142.1,998,36.07
999,999,999,7,42,7369,2020-03-04 04:02:14.670,Depósito em espécie,236.8,999,11.44
1000,702,702,7,42,8090,2022-02-23 14:42:19.168,Compra Crédito,-27.46,702,2887.37
1001,151,151,7,100,6171,2016-11-22 08:34:40.853,Compra Crédito,-49.81,151,6.63
1002,607,607,7,42,7026,2019-03-27 13:41:16.096,Compra Débito,-145.1,607,72146.24
1003,391,391,8,38,6933,2018-12-24 22:35:56.398,Compra Crédito,-28.06,391,11983.94
1004,437,437,7,42,8243,2022-07-26 15:37:39.936,Compra Débito,-49.15,437,67.32
1005,119,119,6,88,6030,2016-07-04 13:19:37.635,Compra Débito,-20.37,119,5.21
1006,570,570,4,1,5469,2014-12-21 18:25:20.853,Compra Débito,-28.01,570,17.65
1007,399,399,7,33,7514,2020-07-27 23:47:42.848,Compra Débito,-173.57,399,2064.69
1008,42,42,7,14,7903,2021-08-20 05:10:10.185,Pix - Realizado,-525.0,42,95.06
1009,490,490,2,70,4479,2012-04-05 13:26:46.072,Compra Débito,-44.72,490,78.52
1010,896,896,6,88,6844,2018-09-26 19:56:48.536,Compra Débito,-3.16,896,24.5
1011,200,200,2,82,7532,2020-08-14 13:56:01.522,Compra Crédito,-21.77,200,32.5
1012,85,85,7,14,7731,2021-03-01 16:18:37.454,Compra Débito,-10.73,85,669.94
1013,291,291,3,98,6450,2017-08-28 18:34:10.247,Depósito em espécie,45.54,291,376.66
1014,194,194,9,46,7405,2020-04-09 09:21:57.543,Compra Crédito,-32.49,194,90766.28
1015,782,782,6,88,5918,2016-03-14 16:39:29.877,Compra Crédito,-69.11,782,42.44
1016,985,985,7,33,7842,2021-06-20 20:57:34.138,Compra Débito,-32.77,985,86.56
1017,135,135,1,75,7619,2020-11-09 12:56:42.732,Compra Crédito,-37.66,135,408.51
1018,95,95,7,14,8286,2022-09-07 17:47:45.388,Pix - Realizado,-132.4,95,42.88
1019,17,17,7,7,7536,2020-08-18 06:07:59.388,Compra Crédito,-39.89,17,292.77
1020,495,495,7,33,8225,2022-07-08 13:58:24.388,Pix - Recebido,482.8,495,134.75
1021,129,129,1,32,8232,2022-07-15 17:15:42.646,Compra Crédito,-12.07,129,634.74
1022,474,474,7,71,7143,2019-07-22 03:07:03.516,Compra Crédito,-123.78,474,414.48
1023,896,896,6,88,6844,2018-09-26 20:38:55.933,Compra Débito,-10.07,896,24.5
1024,838,838,7,100,6224,2017-01-14 14:16:58.975,Transferência entre CC - Débito,-277.0,838,1128.51
1025,538,538,7,33,7373,2020-03-08 08:10:07.985,Compra Crédito,-20.68,538,435.36
1026,471,471,7,14,8048,2022-01-12 13:55:26.841,Compra Crédito,-65.09,471,9465.57
1027,805,805,7,14,7240,2019-10-27 10:07:49.107,Compra Débito,-33.06,805,10.77
1028,963,963,5,43,5879,2016-02-04 02:44:42.739,Depósito em espécie,24.01,963,26.19
1029,395,395,9,59,7969,2021-10-25 17:18:56.168,Compra Débito,-13.46,395,791.86
1030,934,934,1,26,5293,2014-06-28 05:04:29.195,Depósito em espécie,12.43,934,17360.35
1031,320,320,4,19,5362,2014-09-05 04:52:21.431,Compra Crédito,-31.24,320,14108.84
1032,598,598,7,7,8229,2022-07-12 11:37:18.713,Compra Crédito,-6.66,598,442.26
1033,232,232,5,15,8188,2022-06-01 08:43:06.221,Compra Crédito,-12.2,232,16812.45
1034,79,79,4,35,5135,2014-01-21 20:42:59.286,Compra Crédito,-38.61,79,219.09
1035,209,209,7,14,6144,2016-10-26 01:08:10.926,Compra Débito,-58.54,209,5.22
1036,841,841,5,63,5308,2014-07-13 17:21:44.730,Compra Crédito,-40.31,841,1.02
1037,546,546,1,61,7651,2020-12-11 20:51:32.663,Pix - Recebido,840.5,546,803.81
1038,205,205,5,55,7116,2019-06-25 02:58:00.263,Saque,-172.42,205,547.56
1039,487,487,7,100,6140,2016-10-22 21:41:37.200,Compra Crédito,-10.24,487,40.33
1040,234,234,5,49,7431,2020-05-05 15:11:09.867,Compra Crédito,-22.98,234,1129.01
1041,835,835,7,71,8227,2022-07-10 05:07:18.250,Compra Débito,-66.41,835,273.63
1042,32,32,8,69,6989,2019-02-18 16:52:05.816,Compra Débito,-21.83,32,53414.48
1043,850,850,7,33,8289,2022-09-10 10:49:14.779,Compra Débito,-55.89,850,4.7
1044,17,17,7,7,7536,2020-08-18 06:46:07.447,Compra Crédito,-20.92,17,292.77
1045,45,45,3,91,5821,2015-12-08 17:47:17.486,Compra Crédito,-14.12,45,132.02
1046,523,523,7,14,6952,2019-01-12 16:59:35.392,Compra Débito,-29.49,523,5.67
1047,74,74,7,14,6753,2018-06-27 09:20:11.376,Compra Crédito,-51.08,74,47148.34
1048,749,749,5,50,5634,2015-06-04 07:08:35.176,Compra Crédito,-47.36,749,49928.0
1049,676,676,1,26,4410,2012-01-27 14:22:53.283,Compra Débito,-98.7,676,91.0
1050,255,255,7,100,7007,2019-03-08 08:47:35.065,Compra Débito,-74.14,255,163.21
1051,905,905,1,80,4439,2012-02-25 16:31:44.937,Compra Crédito,-22.17,905,645.84
1052,667,667,3,73,5440,2014-11-22 04:23:02.339,Depósito em espécie,94.79,667,697.7
1053,137,137,1,36,7032,2019-04-02 12:42:18.697,Compra Crédito,-13.33,137,338.5
1054,989,989,2,70,6968,2019-01-28 02:46:08.920,Compra Crédito,-40.14,989,1.03
1055,214,214,3,98,5078,2013-11-25 21:38:32.615,Compra Débito,-29.75,214,117.71
1056,340,340,4,35,5481,2015-01-02 09:45:43.269,Compra Débito,-157.51,340,393.03
1057,497,497,2,81,4053,2011-02-04 09:02:34.632,Compra Crédito,-54.03,497,137.81
1058,610,610,7,42,7747,2021-03-17 06:10:30.918,Compra Crédito,-65.94,610,378.18
1059,506,506,8,38,7392,2020-03-27 18:57:38.173,Compra Débito,-54.52,506,268.56
1060,268,268,4,19,6650,2018-03-16 12:55:09.756,Compra Crédito,-66.35,268,25.63
1061,107,107,7,14,8311,2022-10-02 04:42:12.592,Compra Débito,-10.85,107,27052.86
1062,281,281,7,33,7155,2019-08-03 15:13:51.589,Compra Crédito,-7.63,281,77487.74
1063,613,613,1,26,3681,2010-01-28 08:26:29.556,Compra Débito,-106.96,613,5863.47
1064,676,676,1,26,4468,2012-03-25 01:03:21.049,Compra Crédito,-21.73,676,91.0
1065,846,846,8,23,7963,2021-10-19 05:03:18.471,Compra Débito,-18.85,846,2090.0
1066,192,192,7,14,6575,2017-12-31 00:52:28.406,Compra Crédito,-41.93,192,4.49
1067,301,301,7,71,7284,2019-12-10 05:02:42.226,Compra Débito,-23.82,301,471.75
1068,463,463,7,100,8024,2021-12-19 12:46:15.706,Depósito em espécie,106.78,463,848.28
1069,898,898,4,45,5518,2015-02-08 05:01:32.648,Depósito em espécie,16.05,898,32.21
1070,51,51,3,13,4893,2013-05-24 16:33:30.190,Compra Crédito,-33.54,51,8756.25
1071,799,799,2,85,4676,2012-10-19 04:05:47.394,Compra Crédito,-16.18,799,3574.21
1072,589,589,8,69,7168,2019-08-16 16:15:39.243,Compra Crédito,-132.07,589,28519.79
1073,878,878,6,40,7072,2019-05-12 18:49:40.577,Depósito em espécie,84.14,878,1.44
1074,589,589,8,69,7168,2019-08-16 22:04:02.147,Compra Crédito,-32.46,589,28519.79
1075,384,384,3,98,6776,2018-07-20 04:27:00.630,Compra Débito,-12.46,384,78.72
1076,749,749,5,50,5638,2015-06-08 05:40:18.198,Compra Débito,-29.39,749,49928.0
1077,768,768,7,42,8072,2022-02-05 03:57:44.675,Pix - Recebido,238.0,768,222.38
1078,225,225,4,57,6295,2017-03-26 20:17:15.886,Compra Crédito,-40.15,225,36.51
1079,515,515,5,58,5913,2016-03-09 09:49:45.862,Compra Crédito,-34.51,515,5657.69
1080,821,821,7,71,8206,2022-06-19 12:22:06.699,Saque,-22.03,821,1325.06
1081,527,527,7,33,6973,2019-02-02 21:12:42.890,Compra Débito,-29.43,527,140.22
1082,212,212,7,14,8216,2022-06-29 17:17:26.696,Compra Crédito,-33.66,212,275.77
1083,110,110,3,31,4939,2013-07-09 23:16:25.331,Compra Débito,-156.96,110,96140.95
1084,666,666,7,42,8146,2022-04-20 20:43:59.728,TED - Recebido,13270.0,666,40437.53
1085,289,289,1,26,6523,2017-11-09 18:44:48.597,Compra Débito,-48.65,289,2.62
1086,876,876,7,7,7866,2021-07-14 22:13:12.553,Compra Débito,-24.37,876,4540.25
1087,312,312,7,71,8285,2022-09-06 23:37:00.373,Compra Crédito,-119.55,312,2354.15
1088,677,677,7,33,6707,2018-05-12 22:37:06.795,Compra Débito,-15.58,677,11911.95
1089,695,695,1,36,6965,2019-01-25 21:36:44.649,Compra Crédito,-196.87,695,464.6
1090,869,869,3,98,7652,2020-12-12 13:08:23.023,Pix - Realizado,-49.9,869,135.54
1091,516,516,1,36,5198,2014-03-25 03:14:56.851,Compra Crédito,-62.46,516,9930.41
1092,364,364,3,16,8029,2021-12-24 22:35:11.370,Pix - Recebido,164.6,364,1783.15
1093,180,180,7,71,6077,2016-08-20 20:49:07.545,Compra Débito,-34.88,180,12252.59
1094,42,42,7,14,7904,2021-08-21 18:05:34.818,Compra Débito,-82.68,42,95.06
1095,946,946,7,42,8047,2022-01-11 23:40:47.996,Pix - Realizado,-269.5,946,4.27
1096,271,271,4,57,8293,2022-09-14 20:00:27.610,Pix - Realizado,-695.1,271,7534.76
1097,565,565,4,57,7145,2019-07-24 14:35:04.196,Compra Débito,-63.73,565,1589.12
1098,933,933,8,41,7739,2021-03-09 18:35:32.074,Pix - Realizado,-185.2,933,322.81
1099,681,681,7,42,6680,2018-04-15 00:05:38.473,Compra Débito,-113.43,681,507.39
1100,445,445,1,92,3717,2010-03-05 10:03:25.083,Compra Débito,-46.48,445,101.02
1101,127,127,5,34,5713,2015-08-22 04:34:50.834,Compra Crédito,-36.85,127,163.93
1102,955,955,5,34,8263,2022-08-15 04:13:55.178,Pix - Realizado,-324.3,955,25.34
1103,722,722,7,7,6752,2018-06-26 20:01:18.077,Compra Débito,-8.09,722,6971.66
1104,999,999,7,42,7369,2020-03-04 15:31:12.471,Compra Débito,-16.3,999,11.44
1105,992,992,2,82,5283,2014-06-18 05:33:35.657,Compra Crédito,-16.01,992,32689.53
1106,862,862,7,7,7701,2021-01-30 02:57:45.865,Compra Crédito,-171.85,862,707.31
1107,813,813,2,81,5496,2015-01-17 20:48:55.884,Compra Débito,-34.26,813,21054.94
1108,654,654,7,33,6088,2016-08-31 10:05:48.483,Compra Crédito,-12.37,654,27.85
1109,308,308,7,7,6385,2017-06-24 11:55:26.654,Compra Crédito,-16.77,308,23.21
1110,951,951,7,33,6785,2018-07-29 10:40:17.996,Compra Crédito,-41.53,951,9861.48
1111,109,109,7,100,8075,2022-02-08 18:47:00.647,Compra Débito,-15.11,109,53.14
1112,275,275,3,13,5545,2015-03-07 03:34:15.723,TED - Recebido,138445.0,275,134056.74
1113,350,350,7,7,6332,2017-05-02 01:31:45.811,Compra Débito,-18.45,350,91.18
1114,323,323,7,14,8080,2022-02-13 19:50:21.393,Compra Crédito,-48.43,323,5230.02
1115,71,71,8,5,8107,2022-03-12 18:23:33.640,TED - Recebido,29685.0,71,24975.47
1116,308,308,7,7,6385,2017-06-24 14:38:49.513,Depósito em espécie,24.56,308,23.21
1117,155,155,3,16,7345,2020-02-09 13:21:01.158,Compra Crédito,-41.78,155,515.96
1118,593,593,7,7,5976,2016-05-11 03:53:25.056,Depósito em espécie,232.27,593,216.19
1119,339,339,5,2,7539,2020-08-21 02:40:31.826,Compra Crédito,-16.87,339,663.32
1120,333,333,3,13,5253,2014-05-19 14:53:33.816,Compra Débito,-70.2,333,65395.97
1121,641,641,7,100,7483,2020-06-26 10:44:28.378,Compra Débito,-5.8,641,5294.41
1122,864,864,7,14,6970,2019-01-30 13:17:13.511,Compra Crédito,-19.82,864,17812.14
1123,26,26,8,38,7888,2021-08-05 00:33:24.415,Compra Crédito,-8.99,26,1736.37
1124,207,207,4,57,6431,2017-08-09 17:36:35.112,Compra Débito,-59.89,207,200.61
1125,248,248,7,14,7367,2020-03-02 08:24:08.740,Compra Débito,-6.12,248,3.92
1126,110,110,3,31,5040,2013-10-18 15:49:58.032,Compra Crédito,-17.65,110,96140.95
1127,881,881,7,42,6670,2018-04-05 06:03:41.813,Compra Crédito,-14.24,881,103.71
1128,450,450,7,7,7758,2021-03-28 16:04:54.630,Compra Crédito,-96.83,450,888.57
1129,176,176,4,35,6662,2018-03-28 10:25:16.451,Depósito em espécie,37.34,176,43.45
1130,47,47,1,11,4473,2012-03-30 04:50:51.602,Compra Débito,-59.24,47,218.62
1131,450,450,7,7,7758,2021-03-28 20:23:44.837,Compra Débito,-27.41,450,888.57
1132,863,863,7,42,8405,2023-01-04 11:20:24.936,Depósito em espécie,52.74,863,418.28
1133,811,811,9,65,7504,2020-07-17 22:33:59.003,Compra Crédito,-30.15,811,22.61
1134,312,312,7,71,8286,2022-09-07 03:51:40.364,Pix - Realizado,-302.9,312,2354.15
1135,849,849,7,7,6898,2018-11-19 17:45:28.524,Compra Débito,-22.56,849,48289.13
1136,453,453,4,1,5503,2015-01-24 08:16:28.388,Compra Crédito,-16.99,453,17142.15
1137,160,160,3,98,4843,2013-04-04 21:43:04.661,Compra Débito,-128.6,160,20533.29
1138,507,507,7,42,6517,2017-11-03 14:54:11.973,Compra Crédito,-23.1,507,5.5
1139,733,733,6,4,8055,2022-01-19 11:02:15.592,Pix - Recebido,358.6,733,1849.3
1140,767,767,7,33,6137,2016-10-19 01:40:36.006,Compra Crédito,-58.68,767,6534.06
1141,20,20,3,91,7105,2019-06-14 03:53:04.615,Compra Crédito,-30.94,20,27027.3
1142,46,46,7,33,7004,2019-03-05 18:34:37.560,Depósito em espécie,20.17,46,51.14
1143,499,499,7,7,6588,2018-01-13 09:13:33.057,Compra Débito,-45.17,499,22.94
1144,770,770,7,14,7757,2021-03-27 07:17:54.135,Compra Crédito,-45.29,770,349.01
1145,167,167,7,7,6854,2018-10-06 05:05:09.543,Compra Crédito,-35.79,167,7155.67
1146,681,681,7,42,7547,2020-08-29 21:00:56.455,Compra Crédito,-64.46,681,507.39
1147,541,541,1,62,6149,2016-10-31 09:55:53.049,Compra Débito,-73.4,541,115.7
1148,184,184,5,49,7578,2020-09-29 11:11:35.876,Compra Crédito,-32.9,184,41.16
1149,500,500,1,3,5551,2015-03-13 04:32:04.054,Compra Crédito,-110.76,500,107875.13
1150,845,845,3,13,4856,2013-04-17 09:33:13.667,Compra Crédito,-5.59,845,14733.18
1151,22,22,1,26,5437,2014-11-19 04:06:53.569,Compra Débito,-12.52,22,2.67
1152,550,550,1,3,7499,2020-07-12 01:05:54.600,Compra Débito,-27.04,550,140.29
1153,255,255,7,100,7066,2019-05-06 08:08:47.928,Compra Crédito,-135.11,255,163.21
1154,432,432,7,100,6321,2017-04-21 05:11:22.310,Compra Crédito,-22.4,432,15.63
1155,745,745,3,51,6983,2019-02-12 18:03:16.301,Compra Crédito,-137.05,745,28080.44
1156,586,586,7,33,5821,2015-12-08 09:02:58.992,Compra Crédito,-52.25,586,44099.92
1157,238,238,6,48,8017,2021-12-12 09:30:06.451,Compra Crédito,-40.66,238,2138.0
1158,985,985,7,33,7849,2021-06-27 19:19:36.833,Depósito em espécie,53.94,985,86.56
1159,561,561,7,7,6767,2018-07-11 13:15:53.884,Compra Crédito,-117.11,561,86.17
1160,453,453,4,1,5525,2015-02-15 13:59:41.980,Compra Crédito,-22.3,453,17142.15
1161,110,110,3,31,5040,2013-10-18 20:11:20.999,Compra Crédito,-33.77,110,96140.95
1162,691,691,7,7,8294,2022-09-15 11:17:26.316,Compra Débito,-17.07,691,1154.22
1163,864,864,7,14,6970,2019-01-30 17:08:05.824,Compra Crédito,-79.22,864,17812.14
1164,297,297,1,32,7853,2021-07-01 16:03:37.661,Compra Débito,-12.78,297,55701.51
1165,94,94,9,87,7572,2020-09-23 19:47:04.271,Compra Crédito,-229.91,94,556.12
1166,591,591,7,100,5890,2016-02-15 12:01:09.149,Compra Crédito,-25.14,591,46.46
1167,597,597,2,94,7489,2020-07-02 11:02:18.285,Compra Débito,-20.36,597,404.1
1168,528,528,3,51,5149,2014-02-04 01:58:17.947,Compra Débito,-57.48,528,73.95
1169,967,967,7,100,7798,2021-05-07 03:26:52.521,Compra Crédito,-5.56,967,527.36
1170,31,31,6,40,6159,2016-11-10 09:54:58.143,Compra Crédito,-37.8,31,271.65
1171,728,728,7,42,7831,2021-06-09 20:40:23.847,Compra Crédito,-20.06,728,640.32
1172,642,642,7,100,5779,2015-10-27 11:15:43.341,Compra Débito,-10.83,642,5.39
1173,321,321,7,7,5762,2015-10-10 12:47:52.264,Compra Débito,-21.33,321,128.46
1174,682,682,2,86,5803,2015-11-20 16:06:28.695,Depósito em espécie,23.83,682,22.02
1175,408,408,7,100,7472,2020-06-15 10:17:32.604,Compra Crédito,-25.21,408,209.1
1176,792,792,7,42,6581,2018-01-06 04:35:58.339,Compra Débito,-33.55,792,3.98
1177,659,659,3,13,5595,2015-04-26 14:48:07.393,Depósito em espécie,108.47,659,156.31
1178,402,402,3,13,4808,2013-02-28 22:29:33.264,Compra Crédito,-135.93,402,132.71
1179,748,748,2,82,6950,2019-01-10 20:13:43.145,Compra Crédito,-46.28,748,1854.33
1180,483,483,7,7,8355,2022-11-15 02:14:32.703,Compra Débito,-17.88,483,704.4
1181,747,747,1,61,7223,2019-10-10 01:46:00.486,Compra Crédito,-20.41,747,3.0
1182,559,559,2,86,5007,2013-09-15 07:52:03.019,Compra Crédito,-50.12,559,287.05
1183,87,87,7,100,7680,2021-01-09 10:48:56.053,Compra Débito,-24.65,87,1554.82
1184,329,329,3,98,5670,2015-07-10 05:58:01.053,Compra Crédito,-11.94,329,3352.64
1185,380,380,7,42,8029,2021-12-24 19:35:51.283,Compra Crédito,-222.45,380,4916.56
1186,608,608,2,82,4073,2011-02-24 16:10:47.346,Depósito em espécie,49.75,608,8.94
1187,439,439,1,32,6747,2018-06-21 17:29:52.385,Compra Débito,-10.08,439,37.0
1188,483,483,7,7,8356,2022-11-16 03:07:49.399,Compra Crédito,-50.69,483,704.4
1189,663,663,2,70,5507,2015-01-28 04:39:37.151,Compra Débito,-40.38,663,5.92
1190,443,443,7,14,5912,2016-03-08 10:01:13.352,Compra Débito,-35.36,443,37.09
1191,721,721,7,33,8045,2022-01-09 05:32:46.328,Compra Crédito,-26.64,721,179.84
1192,333,333,3,13,5613,2015-05-14 03:50:13.827,Compra Débito,-29.07,333,65395.97
1193,250,250,5,55,6209,2016-12-30 18:28:56.963,Compra Débito,-29.72,250,12.9
1194,250,250,5,55,6212,2017-01-02 10:25:12.940,Compra Crédito,-30.5,250,12.9
1195,996,996,2,24,7909,2021-08-26 09:41:14.248,Pix - Realizado,-116.8,996,30339.67
1196,906,906,7,71,7815,2021-05-24 07:59:35.200,Depósito em espécie,69.31,906,153.88
1197,868,868,9,87,7771,2021-04-10 04:02:51.225,Compra Débito,-24.81,868,193.38
1198,176,176,4,35,6663,2018-03-29 19:53:11.450,Compra Crédito,-36.23,176,43.45
1199,419,419,6,4,7498,2020-07-11 19:55:10.992,Compra Crédito,-34.4,419,96414.93
1200,311,311,7,100,7972,2021-10-28 02:32:44.526,Compra Débito,-60.24,311,189.43
1201,842,842,7,33,7113,2019-06-22 08:14:25.545,Compra Débito,-69.79,842,1.24
1202,749,749,5,50,5638,2015-06-08 18:10:27.824,TED - Recebido,51425.0,749,49928.0
1203,948,948,7,100,7255,2019-11-11 03:55:39.621,Compra Crédito,-24.92,948,201.98
1204,872,872,7,71,6844,2018-09-26 15:09:59.218,Compra Débito,-52.54,872,4227.81
1205,129,129,1,32,8234,2022-07-17 22:41:46.726,Compra Débito,-80.96,129,634.74
1206,475,475,6,4,6463,2017-09-10 23:10:13.261,Compra Crédito,-45.63,475,53.46
1207,343,343,3,98,7775,2021-04-14 03:48:18.895,Pix - Recebido,625.8,343,86.88
1208,61,61,1,11,4774,2013-01-25 17:00:43.643,Compra Crédito,-90.06,61,12882.9
1209,87,87,7,100,7680,2021-01-09 11:00:01.722,Compra Débito,-52.52,87,1554.82
1210,660,660,4,45,5458,2014-12-10 14:32:27.026,Compra Crédito,-58.78,660,122736.82
1211,117,117,4,57,5407,2014-10-20 17:20:09.594,Compra Crédito,-27.34,117,97.21
1212,398,398,5,67,7344,2020-02-08 10:13:06.699,Compra Débito,-46.89,398,98018.34
1213,360,360,2,82,4446,2012-03-03 01:41:50.554,Compra Crédito,-45.46,360,1965.16
1214,88,88,7,71,6832,2018-09-14 01:06:53.835,Compra Débito,-208.46,88,186.23
1215,583,583,7,33,7122,2019-07-01 13:21:13.005,Compra Crédito,-45.34,583,12.56
1216,218,218,5,15,5683,2015-07-23 15:14:25.685,Compra Crédito,-69.38,218,323.81
1217,515,515,5,58,5913,2016-03-09 10:03:25.777,TED - Recebido,6105.0,515,5657.69
1218,645,645,7,71,8346,2022-11-06 17:42:55.644,Compra Crédito,-37.94,645,41775.87
1219,15,15,7,33,6992,2019-02-21 12:24:53.982,Compra Débito,-121.72,15,689.76
1220,390,390,7,14,8044,2022-01-08 16:15:04.425,Saque,-156.48,390,30642.59
1221,851,851,7,7,7308,2020-01-03 11:17:53.711,Compra Débito,-27.37,851,4.05
1222,846,846,8,23,7967,2021-10-23 02:25:13.653,Pix - Recebido,3560.4,846,2090.0
1223,633,633,7,14,7189,2019-09-06 15:49:09.068,Compra Crédito,-22.97,633,438.87
1224,493,493,7,42,7614,2020-11-04 20:31:44.900,Compra Crédito,-75.14,493,532.93
1225,529,529,6,48,6643,2018-03-09 12:16:11.385,Pagamento de boleto,-1135.8,529,10159.31
1226,902,902,7,71,6981,2019-02-10 22:10:33.127,Compra Débito,-26.77,902,13771.38
1227,619,619,7,71,8149,2022-04-23 00:40:21.650,Compra Crédito,-87.19,619,511.6
1228,557,557,2,29,6862,2018-10-14 11:21:31.036,Compra Débito,-22.34,557,41512.44
1229,225,225,4,57,6440,2017-08-18 10:44:36.073,Compra Débito,-50.3,225,36.51
1230,601,601,7,7,5761,2015-10-09 20:00:21.114,Compra Crédito,-24.66,601,0.91
1231,53,53,5,63,8330,2022-10-21 02:58:37.539,Pix - Realizado,-113.1,53,9931.98
1232,414,414,1,39,4576,2012-07-11 16:34:04.552,Compra Crédito,-35.82,414,21.49
1233,843,843,7,42,7020,2019-03-21 18:38:17.040,Compra Crédito,-153.79,843,13.37
1234,699,699,3,13,8186,2022-05-30 00:40:30.200,Compra Crédito,-73.6,699,93865.96
1235,965,965,2,9,5724,2015-09-02 08:41:24.652,Saque,-38.02,965,5877.77
1236,645,645,7,71,8366,2022-11-26 15:03:48.693,TED - Recebido,45365.0,645,41775.87
1237,415,415,4,1,5384,2014-09-27 06:54:18.476,Compra Débito,-49.88,415,19485.86
1238,623,623,1,32,7922,2021-09-08 09:04:56.856,Compra Crédito,-79.79,623,317.47
1239,657,657,3,73,5362,2014-09-05 00:22:45.060,Compra Débito,-10.17,657,15464.38
1240,563,563,1,62,7668,2020-12-28 16:40:36.556,Compra Débito,-8.86,563,413.35
1241,374,374,7,71,6848,2018-09-30 11:05:33.316,Compra Crédito,-37.75,374,54.87
1242,361,361,7,100,5972,2016-05-07 13:08:09.509,Compra Débito,-42.93,361,43014.06
1243,690,690,1,36,5451,2014-12-03 02:51:26.560,Compra Crédito,-20.19,690,1028.57
1244,982,982,7,14,6340,2017-05-10 06:14:13.673,Compra Débito,-228.28,982,2804.79
1245,578,578,7,7,8267,2022-08-19 17:19:00.932,Pix - Recebido,605.7,578,815.65
1246,288,288,7,33,6871,2018-10-23 05:19:31.134,Depósito em espécie,13.45,288,951.59
1247,733,733,6,4,8055,2022-01-19 13:01:03.557,Pix - Realizado,-59.0,733,1849.3
1248,663,663,2,70,5510,2015-01-31 12:45:43.133,Compra Crédito,-232.64,663,5.92
1249,570,570,4,1,7006,2019-03-07 11:23:10.391,Depósito em espécie,250.41,570,17.65
1250,50,50,1,18,7393,2020-03-28 05:49:26.513,Compra Crédito,-45.65,50,806.55
1251,172,172,7,42,6231,2017-01-21 19:54:06.999,Compra Crédito,-41.01,172,187.41
1252,268,268,4,19,6650,2018-03-16 20:08:09.614,Compra Crédito,-45.05,268,25.63
1253,391,391,8,38,6938,2018-12-29 12:18:16.516,Transferência entre CC - Débito,-78.2,391,11983.94
1254,113,113,7,100,8104,2022-03-09 22:19:49.481,Compra Crédito,-17.65,113,1153.95
1255,996,996,2,24,7914,2021-08-31 13:12:17.834,Pix - Recebido,483.2,996,30339.67
1256,718,718,4,45,5257,2014-05-23 06:39:53.168,Compra Débito,-8.47,718,445.88
1257,666,666,7,42,8147,2022-04-21 03:02:35.846,Pix - Recebido,148.7,666,40437.53
1258,984,984,1,72,5104,2013-12-21 02:05:04.752,Compra Crédito,-52.46,984,16163.39
1259,762,762,7,42,7087,2019-05-27 03:52:12.095,Compra Crédito,-29.5,762,723.01
1260,726,726,3,91,6874,2018-10-26 18:59:49.591,Compra Crédito,-54.52,726,30.63
1261,793,793,7,71,8398,2022-12-28 16:43:18.881,Pix - Recebido,150.0,793,136.29
1262,589,589,8,69,7173,2019-08-21 10:08:55.714,Compra Débito,-13.17,589,28519.79
1263,115,115,2,84,7437,2020-05-11 12:17:03.541,Compra Crédito,-78.27,115,2036.75
1264,4,4,7,42,7118,2019-06-27 08:53:02.446,Compra Débito,-70.45,4,403.16
1265,804,804,7,7,8041,2022-01-05 22:38:58.168,Compra Crédito,-46.87,804,2553.01
1266,302,302,7,71,7438,2020-05-12 07:45:58.272,Compra Crédito,-81.29,302,1444.94
1267,964,964,7,7,7032,2019-04-02 15:13:39.912,Depósito em espécie,31.4,964,1104.14
1268,563,563,1,62,7691,2021-01-20 06:17:49.885,Pix - Recebido,355.3,563,413.35
1269,693,693,7,33,6160,2016-11-11 03:28:48.031,Compra Débito,-54.24,693,2.12
1270,531,531,2,85,4069,2011-02-20 19:55:04.064,Compra Crédito,-13.59,531,65.86
1271,280,280,7,100,6146,2016-10-28 23:46:08.196,Compra Débito,-13.49,280,3.04
1272,355,355,7,71,8240,2022-07-23 03:41:58.312,Compra Débito,-14.45,355,1998.43
1273,610,610,7,42,7747,2021-03-17 11:54:02.268,Compra Crédito,-9.88,610,378.18
1274,980,980,7,7,7101,2019-06-10 02:13:42.071,Compra Crédito,-28.87,980,49.3
1275,550,550,1,3,7499,2020-07-12 06:23:01.958,Compra Débito,-39.8,550,140.29
1276,770,770,7,14,7757,2021-03-27 07:38:22.437,Compra Crédito,-4.27,770,349.01
1277,960,960,1,39,7024,2019-03-25 19:21:54.127,Compra Débito,-135.4,960,987.51
1278,281,281,7,33,7217,2019-10-04 07:34:24.855,Compra Débito,-45.1,281,77487.74
1279,602,602,7,33,7508,2020-07-21 22:00:35.519,Compra Débito,-37.95,602,756.44
1280,795,795,4,35,7269,2019-11-25 16:02:43.768,Compra Crédito,-224.1,795,163.77
1281,231,231,7,14,6370,2017-06-09 02:50:16.831,Compra Débito,-11.94,231,2564.84
1282,993,993,7,14,7212,2019-09-29 14:19:06.690,Compra Débito,-42.11,993,33.5
1283,979,979,7,71,8395,2022-12-25 20:17:10.792,Pix - Realizado,-173.9,979,1006.13
1284,745,745,3,51,6985,2019-02-14 02:30:59.268,Compra Débito,-56.87,745,28080.44
1285,190,190,7,14,8274,2022-08-26 01:50:05.619,Pix - Recebido,464.7,190,97.54
1286,267,267,6,22,7414,2020-04-18 14:32:31.397,Compra Crédito,-18.8,267,288.77
1287,835,835,7,71,8227,2022-07-10 05:13:42.063,Compra Débito,-45.07,835,273.63
1288,312,312,7,71,8296,2022-09-17 04:07:52.708,Pix - Realizado,-818.3,312,2354.15
1289,145,145,3,31,8350,2022-11-10 00:59:00.494,Compra Crédito,-6.04,145,321.91
1290,339,339,5,2,7539,2020-08-21 14:00:02.063,Compra Crédito,-106.85,339,663.32
1291,725,725,7,71,7084,2019-05-24 08:51:46.447,Compra Crédito,-3.95,725,557.09
1292,469,469,7,33,6677,2018-04-12 16:17:56.127,Compra Crédito,-15.37,469,72521.79
1293,287,287,7,42,6912,2018-12-03 22:16:03.074,Compra Crédito,-57.98,287,41684.43
1294,542,542,7,71,5933,2016-03-29 22:24:52.431,Compra Crédito,-4.36,542,23.69
1295,379,379,2,86,4408,2012-01-25 06:57:02.363,Compra Crédito,-27.47,379,28219.68
1296,411,411,1,75,4704,2012-11-16 05:54:08.020,Compra Crédito,-68.67,411,53894.21
1297,172,172,7,42,6232,2017-01-22 02:39:56.328,Compra Crédito,-17.88,172,187.41
1298,72,72,7,100,8277,2022-08-29 23:16:40.244,Pix - Recebido,1010.2,72,183.32
1299,976,976,4,1,5599,2015-04-30 02:09:17.537,Saque,-84.06,976,5.45
1300,930,930,5,2,8186,2022-05-30 17:30:28.591,Depósito em espécie,8.23,930,12.01
1301,234,234,5,49,7431,2020-05-05 15:21:14.530,Compra Crédito,-16.91,234,1129.01
1302,272,272,2,24,4984,2013-08-23 07:38:58.809,Compra Débito,-35.16,272,56695.45
1303,588,588,7,7,5987,2016-05-22 04:13:08.147,Compra Crédito,-8.13,588,8.41
1304,161,161,6,44,7239,2019-10-26 06:59:13.104,Compra Crédito,-8.98,161,14288.86
1305,587,587,7,33,7464,2020-06-07 20:40:46.490,Compra Crédito,-24.24,587,9385.97
1306,11,11,4,19,7950,2021-10-06 20:26:58.819,Compra Crédito,-37.22,11,21.04
1307,71,71,8,5,8107,2022-03-12 20:37:44.079,Saque,-135.81,71,24975.47
1308,76,76,1,60,5334,2014-08-08 12:42:31.849,Compra Crédito,-130.33,76,35.47
1309,261,261,2,70,4412,2012-01-29 17:09:05.205,Compra Crédito,-9.27,261,12732.03
1310,834,834,6,44,5683,2015-07-23 12:03:25.216,Compra Débito,-56.36,834,38.68
1311,572,572,2,86,5520,2015-02-10 03:38:46.692,Compra Débito,-94.16,572,7982.21
1312,167,167,7,7,6854,2018-10-06 09:58:08.168,Compra Crédito,-31.46,167,7155.67
1313,679,679,1,18,5778,2015-10-26 20:08:30.864,Compra Débito,-30.13,679,17741.97
1314,954,954,7,33,6663,2018-03-29 16:30:31.030,Compra Crédito,-25.84,954,115.38
1315,225,225,4,57,6506,2017-10-23 09:07:30.769,Compra Débito,-7.9,225,36.51
1316,256,256,7,42,7961,2021-10-17 12:32:03.443,Pix - Realizado,-92.6,256,648.1
1317,545,545,7,7,7238,2019-10-25 01:01:41.709,Compra Crédito,-27.57,545,32664.41
1318,101,101,7,71,6967,2019-01-27 11:18:55.832,Compra Crédito,-64.67,101,7497.62
1319,987,987,7,33,6342,2017-05-12 01:30:28.996,Compra Crédito,-45.4,987,32.6
1320,321,321,7,7,5762,2015-10-10 15:03:33.518,Compra Crédito,-29.05,321,128.46
1321,316,316,7,33,7200,2019-09-17 14:12:32.515,Compra Crédito,-95.89,316,5.29
1322,85,85,7,14,7732,2021-03-02 07:20:55.032,Saque,-23.42,85,669.94
1323,857,857,2,70,5321,2014-07-26 13:43:16.485,Compra Crédito,-23.74,857,11040.58
1324,241,241,5,15,7608,2020-10-29 03:40:37.961,Saque,-1152.84,241,536.84
1325,69,69,2,90,7275,2019-12-01 12:46:28.646,Compra Crédito,-57.75,69,20300.68
1326,347,347,7,100,7298,2019-12-24 15:37:17.266,Depósito em espécie,17.52,347,1104.9
1327,285,285,2,82,6721,2018-05-26 17:37:53.700,Compra Débito,-72.27,285,30.87
1328,120,120,2,82,7030,2019-03-31 14:24:08.404,Compra Crédito,-11.0,120,7738.26
1329,974,974,7,7,7594,2020-10-15 23:30:51.895,Compra Crédito,-83.74,974,372.33
1330,827,827,6,88,7118,2019-06-27 12:00:01.361,Compra Débito,-17.48,827,113.21
1331,535,535,7,33,6989,2019-02-18 14:50:34.234,Depósito em espécie,28.42,535,31.05
1332,18,18,2,85,4768,2013-01-19 11:48:37.899,Compra Crédito,-40.43,18,32.99
1333,439,439,1,32,6748,2018-06-22 02:37:27.552,Compra Débito,-33.66,439,37.0
1334,153,153,4,1,7715,2021-02-13 21:18:12.140,Pix - Recebido,366.4,153,268.85
1335,626,626,10,97,8089,2022-02-22 17:55:11.779,Pix - Recebido,124.5,626,45.21
1336,178,178,9,20,8119,2022-03-24 15:39:11.497,Compra Crédito,-21.89,178,1437.96
1337,46,46,7,33,7008,2019-03-09 20:19:47.597,Compra Crédito,-25.64,46,51.14
1338,886,886,7,33,7209,2019-09-26 05:42:34.966,Compra Crédito,-24.12,886,54.27
1339,126,126,7,42,5713,2015-08-22 18:46:40.038,Compra Crédito,-51.54,126,74.12
1340,71,71,8,5,8107,2022-03-12 21:18:09.989,Pagamento de boleto,-406.8,71,24975.47
1341,600,600,4,45,5535,2015-02-25 09:28:10.553,Compra Débito,-91.51,600,0.75
1342,64,64,7,100,8155,2022-04-29 12:16:30.000,Pix - Recebido,223.9,64,682.16
1343,35,35,7,100,6847,2018-09-29 05:17:05.290,Compra Crédito,-38.43,35,63.06
1344,616,616,7,100,6650,2018-03-16 19:50:50.457,Compra Débito,-26.8,616,12525.04
1345,882,882,7,100,6767,2018-07-11 05:50:19.575,Compra Crédito,-85.32,882,13183.35
1346,928,928,7,42,7614,2020-11-04 06:22:21.045,Compra Débito,-81.78,928,358.6
1347,666,666,7,42,8147,2022-04-21 03:04:37.185,Pix - Realizado,-640.9,666,40437.53
1348,483,483,7,7,8356,2022-11-16 05:07:10.301,Pix - Recebido,792.0,483,704.4
1349,572,572,2,86,5522,2015-02-12 01:25:18.419,Compra Débito,-23.63,572,7982.21
1350,888,888,3,73,7762,2021-04-01 23:17:46.549,Compra Crédito,-70.96,888,386.72
1351,971,971,1,61,4887,2013-05-18 15:21:31.457,Compra Crédito,-65.8,971,73.87
1352,106,106,6,44,6489,2017-10-06 09:45:34.110,Compra Crédito,-62.71,106,1060.32
1353,999,999,7,42,7369,2020-03-04 16:05:12.138,Compra Crédito,-24.3,999,11.44
1354,701,701,2,85,7074,2019-05-14 00:00:44.467,Depósito em espécie,21.91,701,4.39
1355,899,899,1,92,7741,2021-03-11 01:41:14.921,Pix - Recebido,1176.1,899,6.64
1356,483,483,7,7,8363,2022-11-23 07:15:26.573,Compra Crédito,-108.52,483,704.4
1357,679,679,1,18,5778,2015-10-26 23:38:13.637,Compra Crédito,-47.36,679,17741.97
1358,673,673,7,7,6572,2017-12-28 04:08:13.225,Compra Crédito,-63.13,673,60.25
1359,478,478,7,14,6487,2017-10-04 14:44:23.809,Compra Crédito,-43.18,478,133.12
1360,311,311,7,100,7972,2021-10-28 13:13:00.944,Compra Crédito,-15.08,311,189.43
1361,679,679,1,18,5779,2015-10-27 14:16:56.295,Compra Crédito,-27.5,679,17741.97
1362,6,6,7,100,6536,2017-11-22 01:36:21.241,Compra Crédito,-89.08,6,105.6
1363,554,554,1,75,6512,2017-10-29 15:25:42.467,Compra Crédito,-29.98,554,25.68
1364,516,516,1,36,5198,2014-03-25 03:23:10.038,Compra Crédito,-73.48,516,9930.41
1365,513,513,7,33,6443,2017-08-21 12:50:43.606,Compra Crédito,-34.16,513,176.7
1366,508,508,4,1,6875,2018-10-27 13:43:48.157,Depósito em espécie,15.86,508,1454.88
1367,620,620,7,71,6968,2019-01-28 17:34:08.720,Compra Crédito,-53.35,620,22052.71
1368,854,854,6,96,7716,2021-02-14 19:13:46.529,Compra Crédito,-73.83,854,2489.45
1369,962,962,7,14,6846,2018-09-28 21:57:33.409,Depósito em espécie,18.57,962,946.66
1370,254,254,7,100,8354,2022-11-14 04:22:18.602,Compra Crédito,-111.53,254,980.6
1371,286,286,7,71,8165,2022-05-09 06:16:48.479,Compra Débito,-13.71,286,1724.25
1372,560,560,7,7,6580,2018-01-05 14:27:01.727,Compra Crédito,-21.72,560,1.13
1373,28,28,2,76,6042,2016-07-16 08:20:56.938,Saque,-44.79,28,2982.91
1374,847,847,8,89,6848,2018-09-30 18:02:29.196,Compra Débito,-33.88,847,114.56
1375,803,803,7,100,7748,2021-03-18 13:41:32.402,Compra Crédito,-102.97,803,1778.51
1376,641,641,7,100,7561,2020-09-12 12:01:36.791,Compra Débito,-17.55,641,5294.41
1377,499,499,7,7,6594,2018-01-19 22:39:17.835,Compra Crédito,-14.64,499,22.94
1378,402,402,3,13,4809,2013-03-01 03:01:47.344,Compra Débito,-46.82,402,132.71
1379,364,364,3,16,8030,2021-12-25 05:42:31.968,Pix - Realizado,-210.6,364,1783.15
1380,334,334,7,14,8212,2022-06-25 22:09:42.411,Compra Crédito,-26.01,334,1195.42
1381,57,57,2,84,4828,2013-03-20 04:58:02.041,Compra Débito,-18.99,57,46453.98
1382,594,594,7,71,6596,2018-01-21 08:55:36.765,Compra Débito,-10.63,594,12528.72
1383,466,466,2,95,6631,2018-02-25 11:13:51.783,Compra Débito,-55.86,466,61879.3
1384,58,58,1,80,5241,2014-05-07 21:48:35.364,Compra Débito,-8.73,58,134.97
1385,489,489,7,100,7420,2020-04-24 17:47:29.999,Compra Débito,-28.2,489,2.95
1386,523,523,7,14,6953,2019-01-13 23:55:24.788,Compra Crédito,-15.6,523,5.67
1387,126,126,7,42,5713,2015-08-22 20:10:50.913,Compra Crédito,-5.56,126,74.12
1388,101,101,7,71,6967,2019-01-27 11:47:32.192,Compra Crédito,-48.53,101,7497.62
1389,294,294,2,95,5548,2015-03-10 05:31:43.285,Compra Débito,-5.55,294,14975.62
1390,975,975,1,32,5084,2013-12-01 08:49:13.803,Compra Débito,-206.6,975,42.45
1391,881,881,7,42,6672,2018-04-07 05:22:33.895,Compra Crédito,-38.4,881,103.71
1392,918,918,1,75,5354,2014-08-28 12:21:01.553,Compra Crédito,-132.36,918,1.77
1393,410,410,7,14,6794,2018-08-07 17:19:44.308,Compra Débito,-24.75,410,53033.04
1394,877,877,7,7,7005,2019-03-06 22:49:18.589,Compra Débito,-25.44,877,30.7
1395,438,438,8,5,7402,2020-04-06 13:12:34.108,Compra Crédito,-56.54,438,1675.67
1396,714,714,7,7,5752,2015-09-30 18:43:13.772,Compra Débito,-69.11,714,49.87
1397,179,179,3,98,4671,2012-10-14 15:37:12.737,Transferência entre CC - Crédito,331.2,179,57273.21
1398,411,411,1,75,4722,2012-12-04 02:52:08.874,Compra Crédito,-75.96,411,53894.21
1399,669,669,5,58,5495,2015-01-16 10:43:07.897,Compra Crédito,-80.62,669,118.91
1400,928,928,7,42,7614,2020-11-04 06:28:12.842,Saque,-73.83,928,358.6
1401,561,561,7,7,6767,2018-07-11 13:43:49.604,Compra Crédito,-25.96,561,86.17
1402,719,719,3,51,8047,2022-01-11 11:48:24.227,Compra Crédito,-7.34,719,392.74
1403,770,770,7,14,7758,2021-03-28 00:14:30.527,Pix - Recebido,1057.2,770,349.01
1404,934,934,1,26,5293,2014-06-28 08:44:30.421,Compra Débito,-23.56,934,17360.35
1405,215,215,9,12,7818,2021-05-27 02:47:27.672,Compra Crédito,-19.14,215,35.15
1406,821,821,7,71,8213,2022-06-26 20:10:33.419,Compra Débito,-71.29,821,1325.06
1407,347,347,7,100,7620,2020-11-10 02:07:29.279,Depósito em espécie,84.25,347,1104.9
1408,522,522,7,42,8394,2022-12-24 08:16:00.520,Compra Crédito,-19.25,522,144.23
1409,488,488,7,14,6482,2017-09-29 13:32:06.308,Compra Crédito,-22.34,488,1303.71
1410,704,704,4,57,6128,2016-10-10 18:40:22.607,Compra Crédito,-56.14,704,25.39
1411,266,266,7,100,6756,2018-06-30 13:33:56.225,Compra Crédito,-10.97,266,8.44
1412,320,320,4,19,5362,2014-09-05 10:43:41.796,Depósito em espécie,130.28,320,14108.84
1413,452,452,5,49,8111,2022-03-16 02:06:25.825,Pix - Realizado,-143.3,452,340.61
1414,613,613,1,26,3681,2010-01-28 10:39:59.740,Compra Débito,-25.48,613,5863.47
1415,736,736,3,98,6145,2016-10-27 12:53:44.273,Compra Crédito,-84.64,736,87.06
1416,741,741,7,100,7470,2020-06-13 17:16:17.088,Saque,-95.37,741,691.71
1417,882,882,7,100,7300,2019-12-26 06:38:05.575,Compra Crédito,-49.89,882,13183.35
1418,295,295,6,44,6393,2017-07-02 17:54:06.998,Depósito em espécie,30.39,295,405.1
1419,232,232,5,15,8195,2022-06-08 13:21:36.279,Compra Crédito,-17.14,232,16812.45
1420,355,355,7,71,8243,2022-07-26 22:21:52.680,Compra Crédito,-25.32,355,1998.43
1421,911,911,7,14,8133,2022-04-07 02:22:39.562,Compra Crédito,-45.1,911,492.8
1422,993,993,7,14,7212,2019-09-29 16:53:28.907,Compra Crédito,-12.2,993,33.5
1423,840,840,7,100,8379,2022-12-09 21:47:07.234,Compra Débito,-22.08,840,1092.15
1424,131,131,1,60,3684,2010-01-31 01:25:22.863,Compra Débito,-54.82,131,86.41
1425,105,105,7,7,5987,2016-05-22 19:06:18.778,Compra Débito,-32.96,105,132.78
1426,524,524,7,33,6408,2017-07-17 00:57:05.345,Compra Débito,-96.99,524,9.47
1427,633,633,7,14,7189,2019-09-06 19:55:38.437,Compra Crédito,-30.45,633,438.87
1428,273,273,2,95,8250,2022-08-02 20:24:48.593,Compra Crédito,-54.53,273,2610.71
1429,492,492,9,87,7433,2020-05-07 13:38:47.410,Compra Crédito,-59.19,492,5.99
1430,503,503,7,14,8371,2022-12-01 12:18:44.358,Pix - Realizado,-166.9,503,245.49
1431,39,39,2,84,5486,2015-01-07 22:00:04.904,Compra Crédito,-37.46,39,41879.26
1432,21,21,2,86,4471,2012-03-28 08:48:48.330,Compra Crédito,-18.14,21,74.17
1433,767,767,7,33,6137,2016-10-19 02:43:48.770,Saque,-106.81,767,6534.06
1434,609,609,7,14,7717,2021-02-15 07:20:12.449,Compra Crédito,-30.89,609,4968.54
1435,85,85,7,14,7732,2021-03-02 23:41:36.612,Depósito em espécie,15.55,85,669.94
1436,14,14,1,11,8009,2021-12-04 10:46:31.598,Compra Débito,-30.7,14,104.39
1437,21,21,2,86,4472,2012-03-29 06:49:45.310,Compra Débito,-11.24,21,74.17
1438,988,988,6,28,7836,2021-06-14 17:26:26.776,Compra Crédito,-84.56,988,155.68
1439,377,377,2,29,8190,2022-06-03 20:23:45.959,Compra Débito,-20.1,377,7673.52
1440,57,57,2,84,4834,2013-03-26 10:27:02.259,Depósito em espécie,9.68,57,46453.98
1441,96,96,7,71,7971,2021-10-27 04:29:09.193,Compra Crédito,-82.88,96,1337.15
1442,784,784,3,91,5186,2014-03-13 06:48:05.068,Compra Crédito,-21.04,784,276.1
1443,280,280,7,100,6147,2016-10-29 07:10:32.861,Compra Crédito,-114.87,280,3.04
1444,627,627,7,33,6229,2017-01-19 23:18:27.663,Compra Crédito,-58.45,627,1.39
1445,373,373,2,86,4306,2011-10-15 02:31:17.133,Compra Débito,-23.03,373,951.99
1446,681,681,7,42,7550,2020-09-01 01:59:57.018,Compra Crédito,-49.28,681,507.39
1447,809,809,1,11,8047,2022-01-11 19:01:50.447,Compra Débito,-167.23,809,6205.66
1448,117,117,4,57,5408,2014-10-21 00:13:07.510,Compra Débito,-14.74,117,97.21
1449,129,129,1,32,8235,2022-07-18 18:23:36.794,Pix - Recebido,227.7,129,634.74
1450,872,872,7,71,6844,2018-09-26 19:16:47.011,DOC - Recebido,4560.0,872,4227.81
1451,812,812,4,35,7999,2021-11-24 06:48:05.890,Compra Débito,-10.17,812,2869.8
1452,190,190,7,14,8278,2022-08-30 04:46:16.459,Pix - Realizado,-333.7,190,97.54
1453,571,571,8,5,8222,2022-07-05 18:18:47.243,Compra Débito,-17.26,571,2475.58
1454,660,660,4,45,5458,2014-12-10 16:30:05.762,Compra Crédito,-46.06,660,122736.82
1455,685,685,7,33,6168,2016-11-19 15:27:51.350,Depósito em espécie,18.84,685,8.32
1456,854,854,6,96,7732,2021-03-02 21:30:31.400,Depósito em espécie,122.22,854,2489.45
1457,84,84,7,42,7261,2019-11-17 10:34:11.976,Compra Crédito,-14.48,84,629.81
1458,7,7,6,48,8134,2022-04-08 07:23:31.623,Compra Crédito,-16.36,7,114.48
1459,468,468,7,7,7016,2019-03-17 14:12:31.242,Compra Crédito,-6.13,468,6.33
1460,466,466,2,95,6634,2018-02-28 22:42:50.041,Compra Crédito,-8.06,466,61879.3
1461,652,652,7,14,8030,2021-12-25 05:35:47.733,Compra Débito,-145.8,652,117.65
1462,528,528,3,51,5149,2014-02-04 16:01:39.682,Compra Crédito,-91.27,528,73.95
1463,208,208,4,35,6907,2018-11-28 11:54:25.405,Compra Crédito,-67.23,208,77.03
1464,272,272,2,24,5224,2014-04-20 04:22:15.410,Compra Crédito,-6.28,272,56695.45
1465,848,848,6,88,7194,2019-09-11 04:32:39.360,Compra Crédito,-50.04,848,300.03
1466,16,16,5,67,7784,2021-04-23 01:19:36.035,Pagamento de boleto,-505.2,16,24376.1
1467,138,138,2,84,5347,2014-08-21 09:01:11.584,Compra Crédito,-203.36,138,19.91
1468,199,199,7,71,7027,2019-03-28 00:00:56.936,Saque,-85.36,199,24.22
1469,451,451,1,61,5553,2015-03-15 04:07:07.922,Compra Débito,-35.41,451,17.34
1470,277,277,7,33,8364,2022-11-24 16:24:46.705,Compra Crédito,-46.31,277,841.7
1471,152,152,7,42,8366,2022-11-26 14:26:16.968,Compra Crédito,-64.98,152,209.11
1472,447,447,3,16,7596,2020-10-17 06:48:15.004,Compra Crédito,-49.48,447,1560.83
1473,476,476,2,95,4937,2013-07-07 07:13:23.658,Compra Débito,-17.96,476,234.35
1474,281,281,7,33,7383,2020-03-18 09:06:54.176,Compra Débito,-7.11,281,77487.74
1475,621,621,7,42,7352,2020-02-16 16:02:52.678,Depósito em espécie,25.22,621,697.1
1476,603,603,4,35,7938,2021-09-24 23:52:36.988,Depósito em espécie,46.16,603,329.45
1477,84,84,7,42,7261,2019-11-17 18:04:10.506,Compra Crédito,-13.54,84,629.81
1478,823,823,2,70,7633,2020-11-23 01:07:58.207,Pix - Realizado,-81.5,823,557.38
1479,527,527,7,33,6973,2019-02-02 22:13:40.156,Depósito em espécie,71.7,527,140.22
1480,969,969,2,76,7507,2020-07-20 05:42:24.170,Compra Crédito,-43.75,969,924.98
1481,326,326,7,100,8292,2022-09-13 04:20:08.370,Compra Crédito,-38.75,326,3626.75
1482,355,355,7,71,8244,2022-07-27 08:04:28.905,Compra Débito,-27.7,355,1998.43
1483,761,761,3,91,4827,2013-03-19 02:51:35.748,Compra Crédito,-88.25,761,964.05
1484,231,231,7,14,6370,2017-06-09 04:13:27.773,Compra Débito,-28.78,231,2564.84
1485,251,251,5,63,6461,2017-09-08 00:01:33.461,Compra Crédito,-24.07,251,19.73
1486,29,29,3,98,7299,2019-12-25 17:49:12.383,Compra Débito,-15.83,29,424.41
1487,200,200,2,82,7557,2020-09-08 17:52:38.588,Compra Débito,-11.66,200,32.5
1488,160,160,3,98,4849,2013-04-10 19:21:01.509,DOC - Recebido,1995.0,160,20533.29
1489,56,56,7,7,7584,2020-10-05 16:35:15.509,Depósito em espécie,9.06,56,55.1
1490,927,927,7,33,6436,2017-08-14 05:52:28.323,Compra Débito,-11.79,927,25.34
1491,548,548,7,33,7927,2021-09-13 03:11:15.191,Pix - Realizado,-887.8,548,3522.41
1492,901,901,2,9,4187,2011-06-18 20:37:28.230,Compra Crédito,-32.46,901,23788.28
1493,658,658,3,16,6136,2016-10-18 16:27:52.374,Compra Crédito,-62.23,658,7.08
1494,652,652,7,14,8079,2022-02-12 09:48:31.245,Compra Crédito,-361.47,652,117.65
1495,905,905,1,80,4440,2012-02-26 03:34:43.726,Depósito em espécie,32.48,905,645.84
1496,886,886,7,33,7212,2019-09-29 06:27:01.236,Compra Débito,-21.7,886,54.27
1497,952,952,7,14,7108,2019-06-17 16:11:10.044,TED - Recebido,23500.0,952,23583.77
1498,838,838,7,100,6436,2017-08-14 17:23:59.169,Depósito em espécie,176.0,838,1128.51
1499,678,678,9,66,7249,2019-11-05 12:07:10.948,Depósito em espécie,5.8,678,49659.67
1500,528,528,3,51,5149,2014-02-04 19:04:13.537,Compra Crédito,-40.91,528,73.95
1501,84,84,7,42,7271,2019-11-27 08:15:11.198,Pagamento de boleto,-302.8,84,629.81
1502,472,472,7,7,6822,2018-09-04 14:12:03.385,Depósito em espécie,104.02,472,206.59
1503,293,293,6,44,5865,2016-01-21 03:19:45.124,Depósito em espécie,286.15,293,226.71
1504,386,386,3,51,5036,2013-10-14 13:45:21.072,TED - Recebido,2065.0,386,1806.71
1505,424,424,2,76,4406,2012-01-23 05:12:55.367,Compra Débito,-101.09,424,46029.34
1506,209,209,7,14,6147,2016-10-29 12:07:21.539,Compra Débito,-61.34,209,5.22
1507,523,523,7,14,6963,2019-01-23 00:12:20.786,Compra Crédito,-36.17,523,5.67
1508,718,718,4,45,5263,2014-05-29 18:46:19.890,Compra Crédito,-4.91,718,445.88
1509,571,571,8,5,8323,2022-10-14 08:05:16.685,Compra Crédito,-36.67,571,2475.58
1510,821,821,7,71,8214,2022-06-27 00:05:22.238,Pix - Recebido,669.2,821,1325.06
1511,604,604,7,14,6408,2017-07-17 11:42:15.525,Compra Débito,-65.07,604,5498.85
1512,952,952,7,14,7108,2019-06-17 16:11:32.604,Compra Crédito,-21.71,952,23583.77
1513,127,127,5,34,5713,2015-08-22 04:37:11.293,Saque,-29.88,127,163.93
1514,1,1,5,15,5926,2016-03-22 11:30:14.764,Compra Crédito,-102.36,1,4329.64
1515,815,815,3,98,5023,2013-10-01 03:50:44.509,Compra Crédito,-68.23,815,510.28
1516,647,647,5,43,7912,2021-08-29 23:22:24.038,Compra Crédito,-10.98,647,679.15
1517,507,507,7,42,6517,2017-11-03 14:54:11.554,Depósito em espécie,32.56,507,5.5
1518,50,50,1,18,7393,2020-03-28 05:54:19.293,Compra Crédito,-24.03,50,806.55
1519,825,825,5,34,5118,2014-01-04 00:38:27.705,Compra Crédito,-143.45,825,814.07
1520,477,477,7,71,5889,2016-02-14 01:22:24.465,Compra Débito,-13.79,477,36068.85
1521,489,489,7,100,7421,2020-04-25 00:18:28.731,Compra Crédito,-39.36,489,2.95
1522,156,156,2,9,4506,2012-05-02 04:33:10.966,Compra Débito,-34.35,156,498.76
1523,385,385,4,19,7206,2019-09-23 11:38:11.795,Compra Crédito,-139.75,385,13281.25
1524,684,684,7,42,8022,2021-12-17 15:20:39.308,Pix - Realizado,-559.4,684,756.39
1525,474,474,7,71,7143,2019-07-22 04:52:42.062,Compra Débito,-36.01,474,414.48
1526,193,193,7,7,6299,2017-03-30 06:38:59.001,Compra Débito,-15.14,193,38.58
1527,895,895,7,14,5895,2016-02-20 04:44:42.733,Compra Débito,-123.21,895,386.08
1528,722,722,7,7,7007,2019-03-08 15:25:09.196,Compra Crédito,-32.52,722,6971.66
1529,466,466,2,95,6635,2018-03-01 20:23:37.616,Compra Crédito,-22.91,466,61879.3
1530,875,875,7,71,8119,2022-03-24 14:49:32.247,Compra Débito,-24.12,875,130.76
1531,54,54,1,26,5503,2015-01-24 09:26:39.134,Compra Crédito,-51.17,54,9.45
1532,10,10,3,98,5686,2015-07-26 11:45:29.342,Compra Débito,-78.37,10,8835.58
1533,375,375,2,70,7340,2020-02-04 01:23:47.603,Compra Débito,-28.45,375,110.31
1534,477,477,7,71,5889,2016-02-14 13:22:26.046,Compra Débito,-71.45,477,36068.85
1535,376,376,7,14,6554,2017-12-10 17:53:23.027,Depósito em espécie,162.41,376,53.04
1536,517,517,4,35,8205,2022-06-18 05:49:33.550,Pix - Recebido,100.1,517,102.72
1537,188,188,8,10,6697,2018-05-02 04:38:02.992,Compra Crédito,-38.34,188,84.9
1538,807,807,7,33,6501,2017-10-18 00:27:54.634,Compra Crédito,-55.69,807,15951.23
1539,795,795,4,35,7269,2019-11-25 19:19:40.333,Compra Crédito,-19.18,795,163.77
1540,30,30,9,77,7874,2021-07-22 21:19:55.244,Compra Débito,-33.88,30,8.42
1541,862,862,7,7,7701,2021-01-30 03:54:54.623,Compra Crédito,-62.01,862,707.31
1542,644,644,8,38,7169,2019-08-17 18:09:45.824,Compra Crédito,-32.37,644,254.94
1543,222,222,6,22,6029,2016-07-03 21:21:19.473,Depósito em espécie,68.83,222,563.31
1544,743,743,2,81,5270,2014-06-05 22:28:16.129,Compra Débito,-92.77,743,18.63
1545,981,981,10,17,8295,2022-09-16 23:49:46.490,Pix - Realizado,-267.8,981,505.84
1546,976,976,4,1,5599,2015-04-30 11:19:14.677,Compra Crédito,-27.97,976,5.45
1547,491,491,7,100,6606,2018-01-31 21:22:53.810,Compra Débito,-34.61,491,0.86
1548,583,583,7,33,7122,2019-07-01 15:09:53.683,Compra Crédito,-53.35,583,12.56
1549,199,199,7,71,7027,2019-03-28 01:14:00.661,Compra Débito,-5.76,199,24.22
1550,174,174,8,52,6761,2018-07-05 19:41:12.381,Compra Crédito,-71.2,174,29.3
1551,499,499,7,7,6595,2018-01-20 02:18:58.796,Compra Débito,-10.73,499,22.94
1552,790,790,7,7,7896,2021-08-13 18:02:29.500,Pix - Recebido,226.0,790,47.89
1553,661,661,5,55,5795,2015-11-12 11:08:00.905,Compra Débito,-61.09,661,6239.1
1554,303,303,3,51,5375,2014-09-18 19:30:26.622,Depósito em espécie,116.74,303,318.88
1555,709,709,3,31,7039,2019-04-09 19:25:53.415,Compra Crédito,-16.77,709,5626.82
1556,23,23,7,33,5761,2015-10-09 10:28:37.902,Compra Débito,-12.67,23,7554.2
1557,542,542,7,71,5934,2016-03-30 10:48:44.498,Depósito em espécie,103.11,542,23.69
1558,670,670,3,73,6509,2017-10-26 14:07:58.535,Compra Crédito,-86.23,670,1285.7
1559,457,457,7,7,7331,2020-01-26 00:25:19.267,Compra Crédito,-8.19,457,1.81
1560,789,789,7,33,6176,2016-11-27 11:09:43.690,Compra Crédito,-34.7,789,63.36
1561,445,445,1,92,3719,2010-03-07 01:55:53.607,Compra Débito,-25.92,445,101.02
1562,200,200,2,82,7568,2020-09-19 09:46:05.783,Depósito em espécie,16.19,200,32.5
1563,700,700,4,57,5404,2014-10-17 21:06:07.590,Compra Crédito,-48.86,700,767.58
1564,775,775,4,57,6824,2018-09-06 12:28:37.629,Compra Crédito,-53.51,775,260.06
1565,132,132,7,14,7752,2021-03-22 14:40:46.205,Pix - Realizado,-725.3,132,2593.5
1566,407,407,7,42,8108,2022-03-13 18:27:38.775,Pix - Realizado,-204.3,407,18.63
1567,723,723,7,14,5958,2016-04-23 19:00:19.537,Compra Crédito,-14.5,723,1361.01
1568,664,664,5,55,6888,2018-11-09 06:39:28.322,Compra Débito,-65.31,664,6275.18
1569,949,949,7,42,5871,2016-01-27 22:35:01.090,Compra Crédito,-20.05,949,15912.64
1570,331,331,7,71,7091,2019-05-31 22:49:18.917,Compra Débito,-83.27,331,32267.25
1571,10,10,3,98,5689,2015-07-29 00:06:56.865,Compra Débito,-38.04,10,8835.58
1572,613,613,1,26,3683,2010-01-30 22:18:18.683,Compra Crédito,-43.78,613,5863.47
1573,914,914,5,55,5551,2015-03-13 06:18:08.398,Compra Crédito,-22.34,914,7492.2
1574,979,979,7,71,8395,2022-12-25 23:42:06.808,Compra Crédito,-29.87,979,1006.13
1575,934,934,1,26,5530,2015-02-20 05:37:47.022,Saque,-31.59,934,17360.35
1576,401,401,7,14,8084,2022-02-17 09:17:20.698,Compra Crédito,-24.75,401,2.51
1577,29,29,3,98,7307,2020-01-02 04:40:31.028,Compra Crédito,-50.13,29,424.41
1578,861,861,4,57,6201,2016-12-22 20:57:31.308,Compra Débito,-30.87,861,35.17
1579,438,438,8,5,7443,2020-05-17 16:04:24.185,Compra Débito,-38.06,438,1675.67
1580,592,592,7,42,6983,2019-02-12 06:41:02.047,Compra Crédito,-141.53,592,21.29
1581,796,796,7,71,8272,2022-08-24 01:48:23.111,Compra Crédito,-14.34,796,375.12
1582,261,261,2,70,4413,2012-01-30 02:05:43.387,Compra Crédito,-10.84,261,12732.03
1583,90,90,1,11,5510,2015-01-31 16:27:05.706,Compra Crédito,-19.4,90,22210.21
1584,943,943,7,14,6277,2017-03-08 13:35:37.282,Saque,-144.21,943,124.1
1585,847,847,8,89,6857,2018-10-09 22:47:57.111,Compra Crédito,-40.4,847,114.56
1586,64,64,7,100,8210,2022-06-23 03:08:21.802,Compra Débito,-49.55,64,682.16
1587,498,498,4,45,7640,2020-11-30 19:50:53.494,Compra Débito,-72.03,498,841.1
1588,911,911,7,14,8133,2022-04-07 05:39:14.572,Pix - Recebido,382.1,911,492.8
1589,550,550,1,3,7515,2020-07-28 22:03:23.394,Saque,-49.46,550,140.29
1590,398,398,5,67,7346,2020-02-10 02:35:12.244,Compra Crédito,-43.01,398,98018.34
1591,439,439,1,32,6752,2018-06-26 18:10:20.396,Compra Crédito,-30.37,439,37.0
1592,624,624,7,100,5970,2016-05-05 06:48:09.992,Compra Crédito,-18.18,624,169.09
1593,539,539,1,32,5636,2015-06-06 17:47:51.328,Compra Crédito,-102.67,539,100962.93
1594,588,588,7,7,6014,2016-06-18 22:26:33.903,Compra Crédito,-13.89,588,8.41
1595,91,91,7,14,7314,2020-01-09 11:48:49.431,Compra Débito,-67.4,91,0.67
1596,312,312,7,71,8296,2022-09-17 07:21:12.842,Compra Débito,-31.15,312,2354.15
1597,728,728,7,42,7838,2021-06-16 03:28:07.834,Pix - Realizado,-819.5,728,640.32
1598,828,828,2,24,4757,2013-01-08 09:06:01.403,Compra Débito,-18.87,828,1.1
1599,297,297,1,32,7947,2021-10-03 16:56:52.479,Compra Crédito,-26.87,297,55701.51
1600,65,65,7,7,7810,2021-05-19 04:04:05.951,Compra Crédito,-25.53,65,575.37
1601,236,236,4,19,6035,2016-07-09 13:05:36.327,Compra Débito,-25.34,236,20614.17
1602,151,151,7,100,6201,2016-12-22 05:17:20.922,Compra Crédito,-48.39,151,6.63
1603,973,973,7,42,7636,2020-11-26 19:56:56.187,Compra Crédito,-34.56,973,873.74
1604,968,968,5,55,5348,2014-08-22 03:03:43.218,Compra Débito,-40.45,968,7480.46
1605,58,58,1,80,5242,2014-05-08 06:46:32.387,Compra Crédito,-15.99,58,134.97
1606,814,814,2,9,8399,2022-12-29 23:20:02.545,Compra Débito,-24.31,814,133.48
1607,304,304,7,42,7409,2020-04-13 21:35:01.242,Compra Crédito,-26.33,304,60127.5
1608,767,767,7,33,6192,2016-12-13 05:28:30.858,Compra Débito,-63.96,767,6534.06
1609,854,854,6,96,7733,2021-03-03 23:57:46.358,Depósito em espécie,31.15,854,2489.45
1610,502,502,2,90,4516,2012-05-12 22:10:29.910,DOC - Recebido,166090.0,502,179885.3
1611,846,846,8,23,7968,2021-10-24 01:28:23.713,Compra Débito,-57.99,846,2090.0
1612,804,804,7,7,8042,2022-01-06 10:59:44.535,Compra Crédito,-40.97,804,2553.01
1613,444,444,7,14,6157,2016-11-08 18:11:20.218,Compra Débito,-20.3,444,10255.04
1614,847,847,8,89,6857,2018-10-09 23:07:52.637,Compra Crédito,-7.23,847,114.56
1615,325,325,1,92,4012,2010-12-25 14:16:25.624,Compra Débito,-20.8,325,76.91
1616,985,985,7,33,7853,2021-07-01 14:43:52.610,Compra Crédito,-14.3,985,86.56
1617,751,751,9,46,7815,2021-05-24 09:43:53.373,Pix - Recebido,711.2,751,11045.48
1618,854,854,6,96,7736,2021-03-06 03:10:48.704,Pix - Realizado,-93.3,854,2489.45
1619,675,675,7,100,7101,2019-06-10 08:02:47.777,Compra Crédito,-15.85,675,51.61
1620,727,727,3,91,8123,2022-03-28 00:07:47.251,Compra Crédito,-20.13,727,147.47
1621,466,466,2,95,6635,2018-03-01 21:23:51.484,Compra Crédito,-25.04,466,61879.3
1622,76,76,1,60,5334,2014-08-08 12:43:26.865,Depósito em espécie,275.27,76,35.47
1623,850,850,7,33,8300,2022-09-21 09:02:02.175,Saque,-203.68,850,4.7
1624,701,701,2,85,7076,2019-05-16 09:04:45.029,Compra Crédito,-20.64,701,4.39
1625,642,642,7,100,5822,2015-12-09 10:29:26.471,Compra Crédito,-140.15,642,5.39
1626,984,984,1,72,5105,2013-12-22 19:47:52.533,Depósito em espécie,40.16,984,16163.39
1627,652,652,7,14,8079,2022-02-12 14:26:03.577,Pix - Realizado,-176.5,652,117.65
1628,725,725,7,71,7084,2019-05-24 13:27:45.820,Pagamento de boleto,-134.8,725,557.09
1629,100,100,7,100,7513,2020-07-26 06:48:46.183,Compra Débito,-44.48,100,763.24
1630,880,880,7,71,7449,2020-05-23 04:14:51.407,Compra Crédito,-55.65,880,28337.91
1631,221,221,4,45,6782,2018-07-26 21:06:35.475,Compra Débito,-47.71,221,238.48
1632,249,249,2,24,6183,2016-12-04 01:41:30.710,Compra Débito,-71.13,249,45973.33
1633,286,286,7,71,8206,2022-06-19 17:01:03.062,Depósito em espécie,63.05,286,1724.25
1634,732,732,4,1,7327,2020-01-22 19:24:45.401,Compra Débito,-101.64,732,35601.8
1635,35,35,7,100,6847,2018-09-29 05:25:29.676,Compra Débito,-21.49,35,63.06
1636,355,355,7,71,8301,2022-09-22 14:07:27.718,Compra Crédito,-26.52,355,1998.43
1637,94,94,9,87,7572,2020-09-23 21:11:02.845,Depósito em espécie,141.49,94,556.12
1638,698,698,7,42,6141,2016-10-23 07:38:58.946,Compra Crédito,-15.74,698,944.35
1639,536,536,4,45,5592,2015-04-23 10:58:42.709,Compra Crédito,-77.72,536,14.4
1640,935,935,7,14,6954,2019-01-14 00:36:35.707,Compra Débito,-32.73,935,7894.24
1641,823,823,2,70,7690,2021-01-19 10:19:29.368,Compra Crédito,-14.0,823,557.38
1642,470,470,6,48,7760,2021-03-30 07:42:23.401,Compra Débito,-18.61,470,585.06
1643,353,353,7,71,8327,2022-10-18 10:36:47.433,Pix - Realizado,-134.3,353,29.98
1644,424,424,2,76,4412,2012-01-29 21:30:22.424,Compra Crédito,-23.08,424,46029.34
1645,832,832,7,33,6223,2017-01-13 16:36:31.033,Compra Crédito,-32.46,832,87.14
1646,554,554,1,75,6513,2017-10-30 15:27:30.489,Compra Crédito,-61.34,554,25.68
1647,937,937,7,71,8122,2022-03-27 23:52:55.426,Pix - Realizado,-468.7,937,22.3
1648,183,183,1,62,7092,2019-06-01 20:47:19.508,Compra Crédito,-14.35,183,117.76
1649,174,174,8,52,6871,2018-10-23 19:03:38.661,Compra Crédito,-10.94,174,29.3
1650,795,795,4,35,7269,2019-11-25 21:03:07.964,Compra Crédito,-99.49,795,163.77
1651,825,825,5,34,5118,2014-01-04 01:42:37.883,Compra Crédito,-36.21,825,814.07
1652,939,939,2,70,8338,2022-10-29 03:40:37.471,Pix - Recebido,305.4,939,85135.76
1653,680,680,7,42,8121,2022-03-26 23:37:33.890,Pix - Realizado,-63.0,680,80.25
1654,622,622,7,100,8107,2022-03-12 04:14:42.672,Compra Crédito,-33.69,622,1131.09
1655,350,350,7,7,6332,2017-05-02 03:13:34.780,Compra Crédito,-57.71,350,91.18
1656,120,120,2,82,7045,2019-04-15 08:58:55.634,Compra Débito,-13.55,120,7738.26
1657,399,399,7,33,7520,2020-08-02 05:00:04.979,Compra Débito,-21.22,399,2064.69
1658,728,728,7,42,7838,2021-06-16 03:48:33.936,Compra Crédito,-35.04,728,640.32
1659,810,810,2,9,5474,2014-12-26 01:37:08.536,Compra Crédito,-24.19,810,125.43
1660,367,367,8,52,6979,2019-02-08 11:26:10.483,Compra Crédito,-36.13,367,44.42
1661,280,280,7,100,6160,2016-11-11 18:47:02.529,Compra Débito,-61.81,280,3.04
1662,149,149,7,33,8104,2022-03-09 04:23:49.804,Compra Débito,-23.11,149,1259.47
1663,677,677,7,33,6732,2018-06-06 11:38:44.918,Compra Débito,-108.88,677,11911.95
1664,47,47,1,11,4473,2012-03-30 22:03:43.451,Depósito em espécie,14.98,47,218.62
1665,578,578,7,7,8296,2022-09-17 14:38:21.436,Compra Crédito,-17.17,578,815.65
1666,524,524,7,33,6408,2017-07-17 02:38:16.824,Compra Crédito,-8.45,524,9.47
1667,917,917,1,36,7503,2020-07-16 13:18:12.005,Compra Crédito,-74.23,917,245.39
1668,951,951,7,33,6804,2018-08-17 02:21:25.713,Estorno de Debito,51.13,951,9861.48
1669,674,674,3,91,5490,2015-01-11 00:56:08.459,Transferência entre CC - Crédito,3826.4,674,1902.33
1670,783,783,7,14,6488,2017-10-05 03:08:56.631,Compra Débito,-17.87,783,27460.42
1671,412,412,7,42,6797,2018-08-10 22:31:19.196,Compra Débito,-43.09,412,31263.77
1672,739,739,7,100,5906,2016-03-02 21:26:48.755,Transferência entre CC - Débito,-375.7,739,14568.3
1673,567,567,8,89,6799,2018-08-12 06:36:01.304,Compra Débito,-25.29,567,31.07
1674,781,781,1,36,6388,2017-06-27 13:06:04.954,Compra Débito,-21.66,781,19.25
1675,890,890,2,85,8060,2022-01-24 16:52:42.842,Compra Crédito,-158.7,890,296.04
1676,249,249,2,24,6183,2016-12-04 01:49:49.070,Compra Crédito,-36.1,249,45973.33
1677,354,354,7,100,5819,2015-12-06 03:21:15.223,Compra Crédito,-30.93,354,76726.35
1678,245,245,6,54,6679,2018-04-14 22:48:00.883,Compra Crédito,-69.36,245,8218.31
1679,396,396,7,71,7847,2021-06-25 18:28:41.014,Pix - Realizado,-98.7,396,765.0
1680,474,474,7,71,7143,2019-07-22 22:46:10.796,Compra Débito,-38.47,474,414.48
1681,562,562,10,30,7971,2021-10-27 20:07:57.583,Compra Crédito,-70.56,562,1204.78
1682,255,255,7,100,7066,2019-05-06 08:19:52.839,Compra Crédito,-66.21,255,163.21
1683,802,802,3,13,8079,2022-02-12 14:30:54.076,Pix - Recebido,686.9,802,981.85
1684,155,155,3,16,7346,2020-02-10 11:01:46.170,Compra Débito,-32.51,155,515.96
1685,363,363,1,18,7722,2021-02-20 06:01:28.055,Compra Crédito,-21.54,363,1334.98
1686,761,761,3,91,4827,2013-03-19 03:11:38.935,Compra Crédito,-4.01,761,964.05
1687,157,157,1,80,4583,2012-07-18 06:29:54.132,Compra Crédito,-23.08,157,0.61
1688,789,789,7,33,6176,2016-11-27 12:43:15.533,Compra Débito,-24.91,789,63.36
1689,245,245,6,54,6680,2018-04-15 02:09:15.778,Compra Crédito,-421.69,245,8218.31
1690,379,379,2,86,4425,2012-02-11 07:49:50.656,Compra Débito,-17.88,379,28219.68
1691,637,637,9,68,8390,2022-12-20 02:18:44.114,Compra Débito,-101.53,637,1130.11
1692,297,297,1,32,7947,2021-10-03 18:38:16.532,Depósito em espécie,66.64,297,55701.51
1693,475,475,6,4,6464,2017-09-11 01:51:38.278,Compra Débito,-24.93,475,53.46
1694,605,605,3,16,5600,2015-05-01 08:31:49.646,Depósito em espécie,37.7,605,48.1
1695,877,877,7,7,7006,2019-03-07 11:46:51.920,Compra Crédito,-32.31,877,30.7
1696,158,158,5,67,8287,2022-09-08 10:13:00.508,Compra Crédito,-82.49,158,10785.13
1697,63,63,1,26,5033,2013-10-11 07:53:38.695,Compra Crédito,-29.82,63,2273.2
1698,921,921,5,34,6496,2017-10-13 22:37:44.409,Compra Crédito,-56.45,921,3706.46
1699,456,456,3,13,5116,2014-01-02 07:32:55.586,Compra Débito,-34.7,456,60535.86
1700,409,409,2,82,3927,2010-10-01 16:13:56.373,Compra Débito,-27.69,409,112.47
1701,624,624,7,100,5982,2016-05-17 18:02:45.951,Compra Débito,-31.87,624,169.09
1702,528,528,3,51,5149,2014-02-04 19:22:22.982,Depósito em espécie,84.58,528,73.95
1703,936,936,7,33,8127,2022-04-01 08:15:08.474,Pix - Realizado,-130.7,936,458.65
1704,337,337,7,100,6619,2018-02-13 08:17:45.921,Compra Crédito,-14.23,337,14854.02
1705,71,71,8,5,8108,2022-03-13 11:30:16.154,Compra Débito,-59.9,71,24975.47
1706,715,715,8,23,8234,2022-07-17 05:16:25.022,Compra Débito,-28.51,715,1222.03
1707,593,593,7,7,5987,2016-05-22 11:58:07.358,Saque,-19.96,593,216.19
1708,705,705,7,42,8292,2022-09-13 15:03:41.880,Pix - Recebido,867.5,705,89349.96
1709,718,718,4,45,5306,2014-07-11 11:05:00.081,Compra Crédito,-36.72,718,445.88
1710,569,569,4,45,7775,2021-04-14 15:37:32.812,Compra Crédito,-73.97,569,125.24
1711,834,834,6,44,5952,2016-04-17 12:19:18.461,Compra Crédito,-69.88,834,38.68
1712,676,676,1,26,4468,2012-03-25 02:05:04.295,Compra Crédito,-43.46,676,91.0
1713,458,458,7,14,6465,2017-09-12 02:23:05.060,Compra Débito,-51.65,458,24.67
1714,961,961,6,28,6786,2018-07-30 09:15:25.432,Compra Crédito,-40.18,961,7834.99
1715,776,776,4,1,6655,2018-03-21 21:40:35.357,Compra Débito,-127.06,776,164.21
1716,975,975,1,32,5084,2013-12-01 23:16:21.288,Compra Crédito,-24.02,975,42.45
1717,181,181,2,85,4295,2011-10-04 08:35:53.109,Compra Débito,-15.68,181,196.99
1718,440,440,4,57,6128,2016-10-10 13:31:55.772,Compra Crédito,-9.14,440,29.05
1719,40,40,7,7,7484,2020-06-27 06:09:13.239,Compra Crédito,-19.18,40,639.41
1720,644,644,8,38,7281,2019-12-07 09:49:02.901,Compra Crédito,-17.25,644,254.94
1721,523,523,7,14,6963,2019-01-23 01:39:06.584,Depósito em espécie,35.0,523,5.67
1722,752,752,7,42,7876,2021-07-24 05:31:25.288,Pix - Recebido,212.7,752,3163.64
1723,51,51,3,13,4894,2013-05-25 12:07:28.100,Compra Crédito,-76.59,51,8756.25
1724,797,797,3,13,6419,2017-07-28 01:06:28.190,Compra Crédito,-25.26,797,1456.93
1725,433,433,9,99,7839,2021-06-17 12:01:29.236,Compra Débito,-57.83,433,16.55
1726,27,27,7,42,7216,2019-10-03 20:34:12.759,Compra Crédito,-171.33,27,44370.52
1727,758,758,5,50,5858,2016-01-14 03:50:40.584,Compra Débito,-24.01,758,92.52
1728,411,411,1,75,4724,2012-12-06 06:46:48.825,Estorno de Debito,14.7,411,53894.21
1729,545,545,7,7,7242,2019-10-29 04:05:56.881,Compra Crédito,-41.86,545,32664.41
1730,42,42,7,14,7904,2021-08-21 18:38:40.854,Compra Débito,-15.52,42,95.06
1731,188,188,8,10,6697,2018-05-02 06:04:33.948,Compra Débito,-130.19,188,84.9
1732,407,407,7,42,8108,2022-03-13 19:08:08.879,Compra Crédito,-120.99,407,18.63
1733,366,366,1,80,5696,2015-08-05 09:38:46.551,Compra Crédito,-12.15,366,12287.89
1734,707,707,7,33,6077,2016-08-20 17:12:40.874,Compra Crédito,-9.44,707,258.79
1735,664,664,5,55,6981,2019-02-10 17:15:26.383,Compra Débito,-8.96,664,6275.18
1736,960,960,1,39,7026,2019-03-27 01:16:22.044,Compra Crédito,-41.84,960,987.51
1737,513,513,7,33,6443,2017-08-21 16:05:23.702,Compra Débito,-13.02,513,176.7
1738,410,410,7,14,6794,2018-08-07 18:02:01.901,Compra Débito,-47.21,410,53033.04
1739,889,889,3,91,6366,2017-06-05 02:55:37.735,Compra Crédito,-17.57,889,4872.02
1740,192,192,7,14,6590,2018-01-15 17:49:58.296,Compra Crédito,-68.04,192,4.49
1741,67,67,9,46,7642,2020-12-02 09:32:29.664,Pix - Realizado,-198.7,67,33480.7
1742,815,815,3,98,5023,2013-10-01 05:24:24.086,Compra Débito,-55.11,815,510.28
1743,775,775,4,57,6827,2018-09-09 19:14:22.247,Compra Crédito,-66.63,775,260.06
1744,244,244,7,14,7012,2019-03-13 22:10:16.407,Compra Crédito,-49.71,244,2652.96
1745,397,397,7,100,7196,2019-09-13 13:38:37.542,Compra Crédito,-49.82,397,1255.72
1746,779,779,9,83,7769,2021-04-08 06:49:42.667,Compra Crédito,-69.22,779,2128.75
1747,569,569,4,45,7775,2021-04-14 15:39:22.636,Compra Débito,-87.63,569,125.24
1748,719,719,3,51,8049,2022-01-13 21:14:53.606,Pix - Recebido,479.5,719,392.74
1749,621,621,7,42,7353,2020-02-17 18:11:21.775,Compra Débito,-53.18,621,697.1
1750,353,353,7,71,8327,2022-10-18 17:22:42.254,Compra Débito,-59.53,353,29.98
1751,401,401,7,14,8085,2022-02-18 00:09:12.538,Depósito em espécie,31.7,401,2.51
1752,618,618,7,100,8207,2022-06-20 08:37:29.242,Pix - Recebido,308.7,618,2659.18
1753,826,826,7,71,6425,2017-08-03 11:01:57.476,Compra Débito,-85.21,826,181.92
1754,767,767,7,33,6196,2016-12-17 02:15:00.929,Compra Débito,-38.46,767,6534.06
1755,117,117,4,57,5411,2014-10-24 13:33:18.055,Depósito em espécie,96.8,117,97.21
1756,571,571,8,5,8324,2022-10-15 04:35:49.764,Compra Débito,-26.79,571,2475.58
1757,335,335,7,100,7663,2020-12-23 14:53:33.703,Depósito em espécie,35.84,335,36.23
1758,331,331,7,71,7102,2019-06-11 12:57:19.336,Compra Crédito,-8.4,331,32267.25
1759,256,256,7,42,7965,2021-10-21 05:36:52.035,Compra Débito,-37.59,256,648.1
1760,518,518,3,31,5419,2014-11-01 06:11:19.800,Saque,-265.95,518,20526.06
1761,635,635,1,3,6290,2017-03-21 16:56:33.643,Compra Crédito,-92.92,635,5673.71
1762,168,168,7,100,6702,2018-05-07 11:00:55.641,Compra Débito,-54.56,168,1688.88
1763,219,219,7,14,7122,2019-07-01 21:03:18.904,Compra Débito,-11.09,219,212159.56
1764,542,542,7,71,5940,2016-04-05 15:43:57.160,Depósito em espécie,11.75,542,23.69
1765,886,886,7,33,7223,2019-10-10 21:25:30.609,Compra Crédito,-16.85,886,54.27
1766,467,467,10,27,8197,2022-06-10 05:18:42.044,Compra Débito,-35.23,467,403.93
1767,390,390,7,14,8046,2022-01-10 13:02:47.804,Compra Crédito,-5.96,390,30642.59
1768,694,694,1,75,7178,2019-08-26 13:05:31.151,Depósito em espécie,52.7,694,102.68
1769,200,200,2,82,7707,2021-02-05 07:33:03.180,Compra Crédito,-14.83,200,32.5
1770,139,139,6,22,5928,2016-03-24 22:01:07.436,Compra Débito,-48.69,139,82508.39
1771,479,479,7,42,7383,2020-03-18 19:19:09.333,Compra Crédito,-29.6,479,63.54
1772,876,876,7,7,7867,2021-07-15 05:05:38.389,Pix - Realizado,-194.3,876,4540.25
1773,933,933,8,41,7739,2021-03-09 19:13:31.192,Compra Crédito,-68.81,933,322.81
1774,924,924,3,91,6456,2017-09-03 08:38:41.085,Depósito em espécie,389.59,924,306.5
1775,21,21,2,86,4478,2012-04-04 05:31:04.748,Estorno de Debito,19.18,21,74.17
1776,59,59,3,98,7134,2019-07-13 11:49:09.124,Compra Crédito,-36.56,59,1.8
1777,885,885,7,14,6108,2016-09-20 04:28:54.053,DOC - Recebido,50855.0,885,29102.28
1778,611,611,6,48,8390,2022-12-20 01:01:11.715,Saque,-73.79,611,24506.47
1779,638,638,3,73,7493,2020-07-06 03:47:11.211,Compra Débito,-113.81,638,18243.26
1780,86,86,5,34,7899,2021-08-16 13:51:54.877,Pix - Recebido,590.6,86,7186.34
1781,674,674,3,91,5490,2015-01-11 09:51:41.986,Compra Crédito,-9.96,674,1902.33
1782,607,607,7,42,7040,2019-04-10 20:57:53.802,Saque,-191.23,607,72146.24
1783,607,607,7,42,7050,2019-04-20 12:46:54.950,Compra Crédito,-92.65,607,72146.24
1784,700,700,4,57,5406,2014-10-19 03:54:13.416,Pagamento de boleto,-480.8,700,767.58
1785,81,81,7,71,7337,2020-02-01 06:13:00.041,Compra Crédito,-45.85,81,123.08
1786,476,476,2,95,4937,2013-07-07 09:47:31.819,Compra Débito,-7.17,476,234.35
1787,435,435,9,21,8279,2022-08-31 11:58:55.227,Pix - Realizado,-2245.6,435,1790.34
1788,938,938,6,88,6826,2018-09-08 00:07:53.819,Compra Crédito,-80.49,938,1588.2
1789,598,598,7,7,8229,2022-07-12 12:58:32.145,Compra Débito,-17.32,598,442.26
1790,859,859,7,100,8094,2022-02-27 12:45:59.616,Pix - Realizado,-86.0,859,586.87
1791,123,123,4,57,5343,2014-08-17 05:14:22.517,Compra Crédito,-14.0,123,14286.71
1792,858,858,7,14,8362,2022-11-22 02:22:17.500,Compra Crédito,-63.28,858,8063.11
1793,841,841,5,63,5316,2014-07-21 17:58:15.131,Depósito em espécie,75.67,841,1.02
1794,468,468,7,7,7016,2019-03-17 14:37:12.418,Compra Débito,-16.33,468,6.33
1795,935,935,7,14,6955,2019-01-15 16:12:41.229,Compra Crédito,-5.6,935,7894.24
1796,393,393,7,14,6915,2018-12-06 18:55:53.565,Compra Crédito,-192.96,393,36.51
1797,150,150,3,31,7345,2020-02-09 18:29:28.658,TED - Recebido,7985.0,150,7121.49
1798,865,865,4,1,7319,2020-01-14 06:21:35.658,Compra Débito,-35.15,865,102.36
1799,211,211,9,59,8269,2022-08-21 00:36:52.824,Compra Crédito,-80.57,211,0.59
1800,396,396,7,71,7855,2021-07-03 00:33:27.646,Compra Crédito,-9.3,396,765.0
1801,699,699,3,13,8186,2022-05-30 00:53:15.655,Depósito em espécie,39.07,699,93865.96
1802,472,472,7,7,6823,2018-09-05 02:15:05.540,Compra Débito,-4.09,472,206.59
1803,502,502,2,90,4517,2012-05-13 19:43:48.754,Compra Débito,-20.15,502,179885.3
1804,320,320,4,19,5362,2014-09-05 23:01:19.139,DOC - Recebido,13760.0,320,14108.84
1805,84,84,7,42,7275,2019-12-01 20:41:59.537,Compra Débito,-45.11,84,629.81
1806,393,393,7,14,6917,2018-12-08 18:39:52.466,Compra Débito,-119.89,393,36.51
1807,520,520,1,60,5678,2015-07-18 20:14:49.843,Compra Débito,-11.05,520,9224.06
1808,449,449,7,14,7813,2021-05-22 20:23:22.941,Compra Crédito,-30.59,449,378.55
1809,285,285,2,82,6730,2018-06-04 08:49:30.309,Compra Crédito,-24.32,285,30.87
1810,999,999,7,42,7370,2020-03-05 15:00:42.559,Compra Crédito,-90.71,999,11.44
1811,316,316,7,33,7201,2019-09-18 13:55:38.261,Compra Débito,-38.82,316,5.29
1812,763,763,6,4,6890,2018-11-11 18:09:37.830,Compra Crédito,-11.63,763,3.04
1813,320,320,4,19,5362,2014-09-05 23:01:36.023,Compra Débito,-37.59,320,14108.84
1814,500,500,1,3,5551,2015-03-13 05:02:32.702,Compra Crédito,-25.45,500,107875.13
1815,885,885,7,14,6110,2016-09-22 00:35:03.379,Compra Débito,-547.04,885,29102.28
1816,271,271,4,57,8294,2022-09-15 15:59:32.867,Compra Débito,-19.61,271,7534.76
1817,309,309,1,39,8280,2022-09-01 09:56:19.943,Compra Crédito,-104.35,309,759.62
1818,924,924,3,91,6470,2017-09-17 03:08:18.337,Compra Crédito,-87.95,924,306.5
1819,361,361,7,100,5994,2016-05-29 16:55:59.946,Compra Crédito,-60.28,361,43014.06
1820,42,42,7,14,7915,2021-09-01 06:36:02.715,Compra Débito,-114.45,42,95.06
1821,755,755,7,42,6755,2018-06-29 09:06:33.270,Compra Débito,-22.65,755,25.99
1822,969,969,2,76,7656,2020-12-16 23:55:58.348,Saque,-359.02,969,924.98
1823,21,21,2,86,4590,2012-07-25 20:53:56.073,Compra Crédito,-24.23,21,74.17
1824,780,780,8,6,6623,2018-02-17 12:23:08.323,Compra Débito,-48.44,780,15.8
1825,892,892,1,18,4170,2011-06-01 10:59:27.961,Compra Débito,-42.92,892,6656.82
1826,370,370,7,42,6850,2018-10-02 11:11:52.785,Compra Crédito,-22.27,370,1415.06
1827,34,34,2,78,5454,2014-12-06 23:21:27.107,Compra Débito,-10.26,34,26823.17
1828,352,352,7,33,7792,2021-05-01 03:22:46.477,Pix - Realizado,-275.2,352,317.86
1829,520,520,1,60,5678,2015-07-18 22:58:38.834,Compra Crédito,-8.12,520,9224.06
1830,446,446,7,33,7135,2019-07-14 13:49:27.705,Compra Débito,-107.34,446,204.27
1831,804,804,7,7,8042,2022-01-06 13:39:50.632,Compra Crédito,-44.4,804,2553.01
1832,30,30,9,77,7887,2021-08-04 23:21:41.598,Compra Crédito,-60.78,30,8.42
1833,25,25,8,23,8274,2022-08-26 12:28:36.147,Pix - Recebido,280.0,25,29.89
1834,228,228,1,80,5667,2015-07-07 05:07:38.450,Compra Crédito,-44.2,228,11.6
1835,603,603,4,35,7939,2021-09-25 00:46:02.193,Compra Débito,-23.24,603,329.45
1836,747,747,1,61,7223,2019-10-10 18:26:00.379,Compra Crédito,-17.3,747,3.0
1837,381,381,4,57,8138,2022-04-12 14:34:12.004,Depósito em espécie,22.33,381,1432.54
1838,20,20,3,91,7105,2019-06-14 04:25:13.518,Compra Crédito,-13.65,20,27027.3
1839,251,251,5,63,6461,2017-09-08 00:56:44.708,Compra Crédito,-152.17,251,19.73
1840,84,84,7,42,7276,2019-12-02 05:32:32.983,Compra Crédito,-24.06,84,629.81
1841,703,703,7,71,7982,2021-11-07 13:01:25.069,Pix - Realizado,-516.2,703,1455.48
1842,840,840,7,100,8381,2022-12-11 05:34:04.684,Compra Débito,-81.3,840,1092.15
1843,321,321,7,7,5764,2015-10-12 05:15:35.499,Compra Débito,-18.97,321,128.46
1844,814,814,2,9,8400,2022-12-30 05:00:52.570,Compra Crédito,-15.82,814,133.48
1845,65,65,7,7,7812,2021-05-21 11:42:04.044,Compra Débito,-22.65,65,575.37
1846,410,410,7,14,6796,2018-08-09 07:10:02.149,Compra Crédito,-37.24,410,53033.04
1847,935,935,7,14,6955,2019-01-15 17:15:54.949,Depósito em espécie,13.78,935,7894.24
1848,763,763,6,4,6891,2018-11-12 00:01:30.614,Compra Crédito,-61.92,763,3.04
1849,480,480,7,7,5985,2016-05-20 18:45:56.751,Compra Débito,-124.18,480,16640.89
1850,272,272,2,24,5354,2014-08-28 20:55:48.847,DOC - Recebido,59445.0,272,56695.45
1851,198,198,1,61,4269,2011-09-08 09:14:23.212,Compra Débito,-33.6,198,586.57
1852,190,190,7,14,8279,2022-08-31 07:51:44.484,Compra Crédito,-18.12,190,97.54
1853,371,371,7,100,6126,2016-10-08 23:10:05.298,Compra Crédito,-46.41,371,45.64
1854,277,277,7,33,8365,2022-11-25 10:36:21.023,Compra Crédito,-32.22,277,841.7
1855,601,601,7,7,5770,2015-10-18 12:09:29.440,Compra Crédito,-22.27,601,0.91
1856,376,376,7,14,6555,2017-12-11 09:01:27.231,Compra Crédito,-137.98,376,53.04
1857,949,949,7,42,5872,2016-01-28 03:15:29.715,TED - Recebido,43300.0,949,15912.64
1858,778,778,5,55,5957,2016-04-22 11:07:17.815,Compra Débito,-12.79,778,86.63
1859,751,751,9,46,7815,2021-05-24 15:57:47.913,DOC - Recebido,10295.0,751,11045.48
1860,603,603,4,35,7939,2021-09-25 01:40:31.261,Pix - Recebido,161.4,603,329.45
1861,691,691,7,7,8297,2022-09-18 09:46:38.501,Compra Crédito,-21.57,691,1154.22
1862,16,16,5,67,7784,2021-04-23 01:51:35.387,Compra Crédito,-44.9,16,24376.1
1863,106,106,6,44,6491,2017-10-08 09:17:41.622,Compra Crédito,-94.63,106,1060.32
1864,380,380,7,42,8037,2022-01-01 08:01:34.017,Pix - Realizado,-239.7,380,4916.56
1865,170,170,7,100,7978,2021-11-03 05:14:52.370,Pix - Recebido,283.3,170,340.47
1866,971,971,1,61,4887,2013-05-18 15:26:47.009,Compra Débito,-18.97,971,73.87
1867,817,817,7,100,6694,2018-04-29 18:35:08.589,Depósito em espécie,22.53,817,19329.08
1868,665,665,1,3,7968,2021-10-24 17:06:17.134,Compra Crédito,-11.28,665,7841.46
1869,148,148,9,93,7317,2020-01-12 03:49:34.299,Transferência entre CC - Crédito,220.7,148,41.59
1870,264,264,7,71,8072,2022-02-05 14:04:10.503,Compra Débito,-19.29,264,217.51
1871,842,842,7,33,7125,2019-07-04 07:51:15.743,Compra Crédito,-33.78,842,1.24
1872,500,500,1,3,6155,2016-11-06 13:33:03.283,Compra Débito,-16.19,500,107875.13
1873,845,845,3,13,4856,2013-04-17 10:18:40.940,Compra Crédito,-31.41,845,14733.18
1874,916,916,3,73,4913,2013-06-13 05:34:37.032,Compra Débito,-152.98,916,76592.34
1875,935,935,7,14,6955,2019-01-15 18:34:48.084,Compra Crédito,-38.25,935,7894.24
1876,143,143,7,7,7765,2021-04-04 03:02:32.576,Compra Crédito,-14.18,143,309.11
1877,28,28,2,76,6049,2016-07-23 19:13:18.823,Saque,-198.7,28,2982.91
1878,772,772,3,16,5075,2013-11-22 17:36:02.442,Depósito em espécie,19.03,772,816.66
1879,20,20,3,91,7105,2019-06-14 04:27:52.335,Compra Débito,-75.14,20,27027.3
1880,641,641,7,100,7573,2020-09-24 21:06:16.828,Compra Crédito,-59.48,641,5294.41
1881,201,201,7,71,8164,2022-05-08 00:58:42.055,Pix - Realizado,-123.3,201,266.97
1882,101,101,7,71,6967,2019-01-27 13:13:32.041,Compra Crédito,-89.9,101,7497.62
1883,381,381,4,57,8281,2022-09-02 17:33:59.567,Compra Débito,-20.46,381,1432.54
1884,556,556,7,100,6680,2018-04-15 05:29:59.179,Compra Crédito,-19.08,556,15.61
1885,882,882,7,100,7303,2019-12-29 20:22:34.206,Compra Crédito,-10.77,882,13183.35
1886,407,407,7,42,8126,2022-03-31 22:17:56.283,Compra Débito,-28.6,407,18.63
1887,457,457,7,7,7331,2020-01-26 15:56:19.825,Depósito em espécie,20.78,457,1.81
1888,834,834,6,44,5952,2016-04-17 14:35:18.806,Compra Crédito,-64.62,834,38.68
1889,866,866,7,42,7966,2021-10-22 01:52:38.979,Compra Débito,-42.65,866,309.54
1890,256,256,7,42,7972,2021-10-28 14:36:06.547,Compra Crédito,-41.53,256,648.1
1891,247,247,7,42,5762,2015-10-10 08:29:41.561,Compra Débito,-10.36,247,2451.09
1892,176,176,4,35,6663,2018-03-29 19:58:21.427,Compra Débito,-32.65,176,43.45
1893,789,789,7,33,6361,2017-05-31 08:59:26.666,Compra Débito,-27.87,789,63.36
1894,685,685,7,33,6168,2016-11-19 17:47:29.373,Compra Crédito,-32.08,685,8.32
1895,872,872,7,71,6849,2018-10-01 21:55:06.049,Compra Débito,-35.88,872,4227.81
1896,449,449,7,14,7813,2021-05-22 22:53:33.037,Compra Débito,-9.8,449,378.55
1897,75,75,1,32,4357,2011-12-05 08:03:46.792,Compra Débito,-10.5,75,7767.04
1898,820,820,4,35,6257,2017-02-16 09:07:03.127,Compra Crédito,-17.53,820,50513.1
1899,931,931,7,42,6675,2018-04-10 18:58:32.107,Depósito em espécie,43.01,931,79.3
1900,680,680,7,42,8122,2022-03-27 03:29:54.668,Compra Crédito,-42.3,680,80.25
1901,795,795,4,35,7270,2019-11-26 15:09:50.239,Compra Débito,-60.29,795,163.77
1902,326,326,7,100,8363,2022-11-23 10:33:43.289,Depósito em espécie,96.12,326,3626.75
1903,703,703,7,71,7989,2021-11-14 20:49:35.928,Compra Crédito,-13.18,703,1455.48
1904,497,497,2,81,4059,2011-02-10 14:12:53.551,Compra Crédito,-38.75,497,137.81
1905,408,408,7,100,8260,2022-08-12 03:09:01.991,Compra Crédito,-22.89,408,209.1
1906,558,558,6,44,7171,2019-08-19 08:15:55.836,Compra Débito,-146.83,558,1.67
1907,829,829,7,100,7297,2019-12-23 08:43:19.920,Compra Débito,-35.68,829,398.52
1908,869,869,3,98,7742,2021-03-12 02:43:55.730,Compra Débito,-23.01,869,135.54
1909,733,733,6,4,8056,2022-01-20 21:38:23.342,Saque,-297.14,733,1849.3
1910,952,952,7,14,7108,2019-06-17 18:36:03.926,Compra Débito,-33.64,952,23583.77
1911,430,430,3,73,4915,2013-06-15 16:48:56.115,Compra Crédito,-56.19,430,27934.18
1912,633,633,7,14,7191,2019-09-08 17:58:57.009,Compra Crédito,-9.83,633,438.87
1913,581,581,5,63,7651,2020-12-11 05:33:19.219,Pix - Realizado,-71.3,581,346.66
1914,950,950,3,31,6427,2017-08-05 11:13:38.800,Compra Crédito,-15.74,950,9658.42
1915,174,174,8,52,6968,2019-01-28 08:53:59.928,Compra Crédito,-8.91,174,29.3
1916,407,407,7,42,8128,2022-04-02 03:29:35.775,Compra Débito,-10.51,407,18.63
1917,365,365,1,75,6011,2016-06-15 21:32:31.664,Compra Crédito,-20.64,365,5.78
1918,35,35,7,100,6847,2018-09-29 05:51:40.693,Compra Débito,-36.94,35,63.06
1919,252,252,7,71,8170,2022-05-14 09:41:46.101,Compra Crédito,-118.19,252,474.02
1920,55,55,8,47,7982,2021-11-07 08:47:04.196,Pix - Recebido,419.1,55,15624.79
1921,411,411,1,75,4729,2012-12-11 16:28:19.741,Compra Crédito,-11.6,411,53894.21
1922,374,374,7,71,6848,2018-09-30 13:17:34.772,Transferência entre CC - Crédito,232.2,374,54.87
1923,448,448,8,10,7638,2020-11-28 01:22:15.842,Compra Crédito,-49.35,448,23366.23
1924,425,425,5,67,5423,2014-11-05 04:57:05.726,Compra Crédito,-75.46,425,9.86
1925,419,419,6,4,7498,2020-07-11 21:07:32.247,TED - Recebido,95205.0,419,96414.93
1926,256,256,7,42,7973,2021-10-29 05:22:22.344,Compra Débito,-23.44,256,648.1
1927,715,715,8,23,8234,2022-07-17 18:20:05.856,Pix - Realizado,-120.0,715,1222.03
1928,590,590,7,71,7943,2021-09-29 06:57:59.092,Saque,-62.54,590,375.29
1929,961,961,6,28,6787,2018-07-31 19:58:49.542,Compra Crédito,-16.3,961,7834.99
1930,687,687,8,38,7021,2019-03-22 18:02:02.158,Compra Débito,-18.65,687,999.34
1931,509,509,4,35,7429,2020-05-03 20:20:43.233,Compra Crédito,-19.83,509,783.41
1932,996,996,2,24,7914,2021-08-31 13:13:32.371,Compra Débito,-38.92,996,30339.67
1933,662,662,7,42,7423,2020-04-27 01:32:19.460,Compra Crédito,-25.86,662,21469.65
1934,219,219,7,14,7123,2019-07-02 11:08:04.067,Compra Débito,-65.69,219,212159.56
1935,774,774,1,39,7160,2019-08-08 07:00:54.705,Saque,-118.01,774,492.43
1936,260,260,7,7,7783,2021-04-22 15:18:32.214,Saque,-411.78,260,1864.93
1937,882,882,7,100,7303,2019-12-29 20:44:35.191,Compra Crédito,-30.28,882,13183.35
1938,123,123,4,57,5343,2014-08-17 16:43:33.251,TED - Recebido,14495.0,123,14286.71
1939,988,988,6,28,7837,2021-06-15 03:23:54.448,Depósito em espécie,25.91,988,155.68
1940,836,836,8,6,7403,2020-04-07 15:46:05.388,Compra Débito,-59.13,836,240.05
1941,751,751,9,46,7928,2021-09-14 12:30:13.083,Pix - Recebido,292.2,751,11045.48
1942,205,205,5,55,7122,2019-07-01 15:53:25.559,Compra Crédito,-19.32,205,547.56
1943,918,918,1,75,5356,2014-08-30 02:02:16.669,Compra Débito,-69.34,918,1.77
1944,820,820,4,35,6257,2017-02-16 09:49:12.130,Compra Crédito,-37.53,820,50513.1
1945,803,803,7,100,7748,2021-03-18 14:43:25.238,Pix - Realizado,-403.7,803,1778.51
1946,179,179,3,98,4676,2012-10-19 04:48:26.977,Compra Crédito,-181.63,179,57273.21
1947,814,814,2,9,8400,2022-12-30 21:28:32.274,Compra Débito,-17.02,814,133.48
1948,947,947,4,57,7905,2021-08-22 03:07:39.937,Pix - Realizado,-96.4,947,176.91
1949,640,640,7,71,7613,2020-11-03 08:51:07.918,Compra Crédito,-29.64,640,418.19
1950,429,429,5,43,7388,2020-03-23 22:49:14.366,Compra Débito,-112.0,429,52.35
1951,678,678,9,66,7250,2019-11-06 18:13:20.099,Compra Débito,-61.14,678,49659.67
1952,615,615,4,1,6892,2018-11-13 14:00:12.255,Compra Crédito,-65.55,615,415.48
1953,808,808,3,31,4970,2013-08-09 22:33:13.556,Compra Débito,-64.46,808,5942.22
1954,216,216,1,26,4382,2011-12-30 20:34:58.596,Compra Crédito,-22.04,216,622.12
1955,439,439,1,32,6752,2018-06-26 18:56:42.092,Saque,-89.7,439,37.0
1956,660,660,4,45,5472,2014-12-24 15:10:00.156,Compra Crédito,-29.21,660,122736.82
1957,165,165,7,42,7533,2020-08-15 23:16:14.359,Compra Crédito,-84.85,165,537.34
1958,627,627,7,33,6230,2017-01-20 21:43:13.913,Compra Crédito,-28.51,627,1.39
1959,237,237,2,95,7293,2019-12-19 14:46:26.348,Depósito em espécie,8.28,237,83.36
1960,892,892,1,18,4171,2011-06-02 10:33:28.546,Compra Débito,-13.16,892,6656.82
1961,974,974,7,7,7599,2020-10-20 23:21:51.187,Compra Crédito,-44.27,974,372.33
1962,622,622,7,100,8107,2022-03-12 17:10:10.690,Pix - Realizado,-201.8,622,1131.09
1963,453,453,4,1,5528,2015-02-18 17:17:18.448,Compra Crédito,-46.09,453,17142.15
1964,170,170,7,100,7978,2021-11-03 11:40:15.823,Compra Débito,-13.21,170,340.47
1965,293,293,6,44,5870,2016-01-26 08:25:55.300,Compra Crédito,-11.59,293,226.71
1966,779,779,9,83,7782,2021-04-21 15:50:56.524,Pix - Realizado,-136.9,779,2128.75
1967,178,178,9,20,8120,2022-03-25 05:19:38.168,Compra Débito,-15.69,178,1437.96
1968,232,232,5,15,8242,2022-07-25 12:54:07.012,TED - Recebido,25535.0,232,16812.45
1969,531,531,2,85,4070,2011-02-21 02:59:34.855,Compra Débito,-91.34,531,65.86
1970,33,33,9,93,7364,2020-02-28 18:51:51.112,Compra Débito,-28.57,33,57.66
1971,206,206,7,33,6852,2018-10-04 01:12:53.343,Compra Débito,-183.46,206,24.58
1972,622,622,7,100,8112,2022-03-17 03:34:59.588,Compra Débito,-175.95,622,1131.09
1973,578,578,7,7,8305,2022-09-26 05:21:30.653,Pix - Recebido,1846.2,578,815.65
1974,590,590,7,71,7945,2021-10-01 06:53:58.934,Pix - Recebido,1365.1,590,375.29
1975,844,844,7,7,6343,2017-05-13 05:43:13.701,Compra Crédito,-15.08,844,2.69
1976,700,700,4,57,5406,2014-10-19 22:30:37.527,Compra Débito,-24.29,700,767.58
1977,163,163,2,84,8190,2022-06-03 18:56:32.523,Compra Crédito,-118.26,163,37.1
1978,624,624,7,100,5983,2016-05-18 17:20:47.584,Compra Débito,-22.65,624,169.09
1979,903,903,7,71,6837,2018-09-19 07:17:46.384,Compra Crédito,-29.37,903,69.48
1980,490,490,2,70,4480,2012-04-06 08:40:18.282,Compra Crédito,-13.03,490,78.52
1981,364,364,3,16,8030,2021-12-25 07:15:05.184,Pix - Recebido,3462.2,364,1783.15
1982,710,710,7,42,6205,2016-12-26 03:26:38.947,TED - Recebido,37840.0,710,38354.24
1983,294,294,2,95,5549,2015-03-11 03:37:07.411,Compra Crédito,-12.27,294,14975.62
1984,385,385,4,19,7206,2019-09-23 12:30:19.996,Compra Crédito,-64.52,385,13281.25
1985,100,100,7,100,7532,2020-08-14 02:18:43.411,Transferência entre CC - Crédito,944.2,100,763.24
1986,853,853,2,86,5456,2014-12-08 03:24:49.877,Compra Crédito,-30.61,853,6738.14
1987,159,159,7,7,6933,2018-12-24 01:31:26.651,Compra Crédito,-11.55,159,53761.86
1988,168,168,7,100,6703,2018-05-08 19:19:48.075,Compra Débito,-35.5,168,1688.88
1989,133,133,9,93,7338,2020-02-02 17:30:28.219,Compra Débito,-91.43,133,41.65
1990,249,249,2,24,6183,2016-12-04 06:47:41.090,Compra Crédito,-45.32,249,45973.33
1991,701,701,2,85,7080,2019-05-20 00:14:38.859,Saque,-61.25,701,4.39
1992,810,810,2,9,5500,2015-01-21 23:31:49.368,Pagamento de boleto,-256.0,810,125.43
1993,340,340,4,35,5481,2015-01-02 09:59:34.300,Depósito em espécie,33.52,340,393.03
1994,372,372,7,100,7177,2019-08-25 02:16:45.438,Compra Débito,-37.39,372,104852.88
1995,31,31,6,40,6160,2016-11-11 11:32:36.548,Compra Débito,-45.48,31,271.65
1996,119,119,6,88,6031,2016-07-05 18:29:34.803,Compra Débito,-36.6,119,5.21
1997,793,793,7,71,8399,2022-12-29 00:08:55.443,Saque,-34.84,793,136.29
1998,871,871,3,13,5265,2014-05-31 20:27:40.284,TED - Recebido,6835.0,871,7034.08
1999,871,871,3,13,5266,2014-06-01 18:41:59.806,Compra Débito,-52.66,871,7034.08
2000,188,188,8,10,6698,2018-05-03 11:09:55.123,Compra Débito,-29.11,188,84.9
2001,600,600,4,45,5544,2015-03-06 07:20:51.614,Compra Crédito,-14.12,600,0.75
2002,135,135,1,75,7620,2020-11-10 15:01:58.160,Compra Débito,-12.2,135,408.51
2003,585,585,7,71,6533,2017-11-19 02:20:17.862,Compra Débito,-26.05,585,59.76
2004,428,428,5,55,7222,2019-10-09 07:40:01.929,Compra Crédito,-26.54,428,51.82
2005,843,843,7,42,7033,2019-04-03 17:21:36.501,Compra Débito,-4.66,843,13.37
2006,32,32,8,69,6991,2019-02-20 06:25:05.897,TED - Recebido,51125.0,32,53414.48
2007,133,133,9,93,7385,2020-03-20 13:24:51.237,Compra Débito,-10.13,133,41.65
2008,496,496,7,100,8153,2022-04-27 04:09:13.918,Pix - Realizado,-164.9,496,430.68
2009,555,555,5,49,7574,2020-09-25 00:26:51.734,Compra Crédito,-6.93,555,1819.41
2010,374,374,7,71,6848,2018-09-30 14:42:39.695,Compra Débito,-83.62,374,54.87
2011,777,777,8,23,6836,2018-09-18 10:59:59.642,Compra Crédito,-23.37,777,5.03
2012,803,803,7,100,7748,2021-03-18 16:10:22.767,Compra Débito,-57.91,803,1778.51
2013,439,439,1,32,6756,2018-06-30 20:43:26.294,Compra Crédito,-28.8,439,37.0
2014,983,983,1,39,7757,2021-03-27 19:00:43.578,Compra Crédito,-338.81,983,28561.26
2015,643,643,7,7,6217,2017-01-07 22:45:40.258,Compra Crédito,-100.93,643,2860.45
2016,763,763,6,4,6893,2018-11-14 02:49:41.293,Compra Débito,-4.58,763,3.04
2017,989,989,2,70,7011,2019-03-12 03:15:49.757,Compra Débito,-20.2,989,1.03
2018,174,174,8,52,6968,2019-01-28 10:41:56.815,Compra Crédito,-13.07,174,29.3
2019,209,209,7,14,6147,2016-10-29 12:40:43.752,Saque,-537.99,209,5.22
2020,270,270,2,95,6323,2017-04-23 19:06:45.992,Compra Débito,-20.76,270,10603.62
2021,351,351,2,94,8076,2022-02-09 09:27:37.341,Compra Débito,-61.52,351,632.44
2022,344,344,7,71,8102,2022-03-07 13:27:18.695,Compra Crédito,-25.59,344,27444.25
2023,417,417,7,14,6544,2017-11-30 18:44:11.268,Depósito em espécie,13.83,417,486.42
2024,639,639,7,71,8071,2022-02-04 21:09:08.418,Compra Crédito,-126.36,639,1176.54
2025,946,946,7,42,8092,2022-02-25 19:22:45.983,Pix - Realizado,-122.8,946,4.27
2026,506,506,8,38,7392,2020-03-27 19:41:54.936,Compra Crédito,-113.06,506,268.56
2027,907,907,7,100,5965,2016-04-30 19:04:23.616,Compra Débito,-45.97,907,76.9
2028,576,576,7,14,5983,2016-05-18 10:04:31.116,Compra Débito,-41.12,576,5024.21
2029,123,123,4,57,5343,2014-08-17 19:19:13.778,Compra Débito,-84.02,123,14286.71
2030,537,537,6,28,6309,2017-04-09 07:52:21.410,Compra Crédito,-20.05,537,71.43
2031,367,367,8,52,6984,2019-02-13 21:02:59.546,Compra Crédito,-109.45,367,44.42
2032,111,111,7,33,7908,2021-08-25 14:36:15.357,Compra Crédito,-7.2,111,288.35
2033,984,984,1,72,5110,2013-12-27 14:35:28.936,Compra Crédito,-7.74,984,16163.39
2034,890,890,2,85,8063,2022-01-27 10:37:41.883,Pix - Recebido,630.2,890,296.04
2035,976,976,4,1,5663,2015-07-03 09:48:45.586,Compra Crédito,-26.61,976,5.45
2036,217,217,4,57,5087,2013-12-04 12:00:16.435,Compra Débito,-52.38,217,3307.79
2037,798,798,3,13,6909,2018-11-30 13:21:05.636,TED - Recebido,35960.0,798,40174.06
2038,195,195,4,45,5660,2015-06-30 07:56:28.636,Compra Débito,-9.4,195,48.9
2039,122,122,7,100,6607,2018-02-01 20:16:55.114,Compra Débito,-73.16,122,437.76
2040,66,66,7,33,6900,2018-11-21 03:45:48.197,Depósito em espécie,33.35,66,50577.51
2041,183,183,1,62,7093,2019-06-02 00:11:03.191,Depósito em espécie,50.52,183,117.76
2042,481,481,7,42,8261,2022-08-13 09:49:06.916,Pix - Realizado,-479.3,481,107.1
2043,222,222,6,22,6056,2016-07-30 14:13:21.998,Depósito em espécie,44.08,222,563.31
2044,741,741,7,100,7471,2020-06-14 13:09:43.744,Compra Débito,-4.84,741,691.71
2045,331,331,7,71,7102,2019-06-11 18:22:05.975,Depósito em espécie,35.08,331,32267.25
2046,620,620,7,71,7201,2019-09-18 11:55:29.427,DOC - Recebido,22330.0,620,22052.71
2047,100,100,7,100,7532,2020-08-14 11:29:10.829,Compra Crédito,-13.87,100,763.24
2048,391,391,8,38,6949,2019-01-09 19:09:44.848,Compra Crédito,-33.74,391,11983.94
2049,488,488,7,14,6520,2017-11-06 23:43:00.952,Compra Débito,-98.74,488,1303.71
2050,655,655,7,42,7543,2020-08-25 16:01:34.316,Compra Débito,-52.18,655,232.15
2051,596,596,7,100,6557,2017-12-13 14:11:40.276,Compra Crédito,-34.06,596,147.68
2052,700,700,4,57,5406,2014-10-19 23:00:03.761,Compra Débito,-24.46,700,767.58
2053,286,286,7,71,8206,2022-06-19 18:28:45.379,Compra Débito,-69.65,286,1724.25
2054,890,890,2,85,8064,2022-01-28 01:52:15.357,Compra Crédito,-121.34,890,296.04
2055,846,846,8,23,7981,2021-11-06 08:42:33.543,Pix - Realizado,-49.7,846,2090.0
2056,50,50,1,18,7393,2020-03-28 06:37:17.533,Compra Débito,-35.71,50,806.55
2057,419,419,6,4,7498,2020-07-11 21:10:35.908,Compra Débito,-128.89,419,96414.93
2058,719,719,3,51,8049,2022-01-13 21:19:16.133,Pix - Realizado,-204.9,719,392.74
2059,379,379,2,86,4432,2012-02-18 12:26:21.619,Compra Crédito,-72.48,379,28219.68
2060,652,652,7,14,8079,2022-02-12 18:38:44.798,Depósito em espécie,32.78,652,117.65
2061,624,624,7,100,5984,2016-05-19 03:17:53.406,Compra Débito,-235.35,624,169.09
2062,800,800,1,92,7994,2021-11-19 10:28:08.500,Compra Crédito,-15.94,800,845.98
2063,955,955,5,34,8263,2022-08-15 04:22:45.514,Compra Crédito,-88.32,955,25.34
2064,616,616,7,100,6650,2018-03-16 22:14:54.303,Compra Crédito,-11.81,616,12525.04
2065,233,233,4,57,6086,2016-08-29 12:00:01.504,Compra Crédito,-23.48,233,349.69
2066,232,232,5,15,8291,2022-09-12 02:15:39.543,Pix - Realizado,-572.2,232,16812.45
2067,616,616,7,100,6671,2018-04-06 20:55:06.735,Compra Crédito,-157.84,616,12525.04
2068,900,900,1,60,5294,2014-06-29 19:38:27.579,Compra Crédito,-123.53,900,7410.38
2069,884,884,7,71,6711,2018-05-16 00:24:12.424,Compra Débito,-23.64,884,58.98
2070,416,416,7,7,8174,2022-05-18 09:36:05.102,Compra Crédito,-12.06,416,241.6
2071,564,564,1,80,7201,2019-09-18 04:00:34.355,Compra Crédito,-7.01,564,9153.86
2072,459,459,1,60,5213,2014-04-09 19:17:16.255,Compra Débito,-78.43,459,19513.84
2073,223,223,7,14,7474,2020-06-17 00:42:12.139,Compra Crédito,-28.87,223,13.51
2074,931,931,7,42,6675,2018-04-10 20:36:22.629,Compra Crédito,-45.59,931,79.3
2075,498,498,4,45,7641,2020-12-01 00:51:51.673,Pix - Recebido,531.7,498,841.1
2076,653,653,7,71,7256,2019-11-12 12:27:33.678,Compra Débito,-32.19,653,24.9
2077,459,459,1,60,5214,2014-04-10 04:22:14.151,TED - Recebido,19750.0,459,19513.84
2078,250,250,5,55,6213,2017-01-03 00:46:36.018,Depósito em espécie,36.2,250,12.9
2079,964,964,7,7,7254,2019-11-10 11:04:44.603,Compra Débito,-24.41,964,1104.14
2080,124,124,7,71,5989,2016-05-24 08:21:53.727,Compra Crédito,-25.51,124,71.68
2081,494,494,7,14,8039,2022-01-03 06:54:27.867,Pix - Realizado,-116.7,494,484.48
2082,50,50,1,18,7393,2020-03-28 15:41:20.550,Compra Débito,-19.64,50,806.55
2083,149,149,7,33,8115,2022-03-20 07:44:01.795,Pix - Recebido,1873.5,149,1259.47
2084,969,969,2,76,7657,2020-12-17 10:49:25.849,Compra Débito,-43.55,969,924.98
2085,614,614,7,7,7776,2021-04-15 15:16:49.336,Pix - Recebido,572.5,614,919.54
2086,261,261,2,70,4413,2012-01-30 02:29:49.205,DOC - Recebido,13355.0,261,12732.03
2087,999,999,7,42,7411,2020-04-15 15:19:41.526,Compra Crédito,-29.3,999,11.44
2088,828,828,2,24,4757,2013-01-08 11:59:25.755,Compra Crédito,-275.74,828,1.1
2089,463,463,7,100,8069,2022-02-02 09:23:40.717,Pix - Realizado,-148.9,463,848.28
2090,16,16,5,67,7823,2021-06-01 08:11:23.726,Compra Débito,-91.09,16,24376.1
2091,87,87,7,100,7687,2021-01-16 13:01:06.619,Pix - Realizado,-337.1,87,1554.82
2092,260,260,7,7,7783,2021-04-22 21:04:35.982,Compra Crédito,-105.42,260,1864.93
2093,473,473,7,71,7023,2019-03-24 18:18:08.317,Compra Crédito,-50.1,473,353.47
2094,16,16,5,67,7824,2021-06-02 08:35:45.390,Compra Débito,-39.43,16,24376.1
2095,232,232,5,15,8294,2022-09-15 14:34:55.235,Compra Débito,-8.0,232,16812.45
2096,334,334,7,14,8213,2022-06-26 01:36:52.002,Pix - Realizado,-296.8,334,1195.42
2097,65,65,7,7,7832,2021-06-10 15:06:57.481,Pix - Recebido,364.1,65,575.37
2098,452,452,5,49,8115,2022-03-20 01:01:06.620,Compra Crédito,-38.89,452,340.61
2099,188,188,8,10,6699,2018-05-04 04:26:47.525,Estorno de Debito,5.53,188,84.9
2100,256,256,7,42,7973,2021-10-29 07:05:42.511,Compra Crédito,-163.54,256,648.1
2101,751,751,9,46,7931,2021-09-17 00:10:42.511,Compra Crédito,-19.99,751,11045.48
2102,441,441,4,35,7554,2020-09-05 15:00:21.597,Compra Crédito,-50.64,441,879.91
2103,593,593,7,7,5987,2016-05-22 12:04:09.941,Pagamento de boleto,-359.4,593,216.19
2104,852,852,7,33,7130,2019-07-09 04:26:21.860,Compra Crédito,-19.85,852,27073.51
2105,448,448,8,10,7638,2020-11-28 03:11:40.322,DOC - Recebido,26260.0,448,23366.23
2106,677,677,7,33,7013,2019-03-14 03:16:19.254,Compra Crédito,-44.88,677,11911.95
2107,809,809,1,11,8053,2022-01-17 21:59:29.912,Compra Débito,-6.3,809,6205.66
2108,70,70,6,88,6452,2017-08-30 18:46:23.832,Compra Crédito,-25.87,70,22097.13
2109,829,829,7,100,7297,2019-12-23 10:28:29.714,Compra Crédito,-41.29,829,398.52
2110,560,560,7,7,6630,2018-02-24 00:04:13.986,Compra Débito,-262.22,560,1.13
2111,815,815,3,98,5026,2013-10-04 11:53:28.314,Compra Débito,-29.56,815,510.28
2112,482,482,9,12,7976,2021-11-01 00:14:39.293,Compra Crédito,-60.19,482,205.69
2113,679,679,1,18,5780,2015-10-28 07:08:02.248,Compra Crédito,-16.91,679,17741.97
2114,272,272,2,24,5355,2014-08-29 09:25:30.850,Compra Débito,-81.51,272,56695.45
2115,983,983,1,39,7778,2021-04-17 17:58:30.760,Pix - Recebido,96.8,983,28561.26
2116,379,379,2,86,4432,2012-02-18 12:26:42.230,Compra Débito,-99.34,379,28219.68
2117,509,509,4,35,8008,2021-12-03 19:29:37.375,Pix - Recebido,884.5,509,783.41
2118,834,834,6,44,5954,2016-04-19 06:14:45.200,Compra Débito,-21.7,834,38.68
2119,550,550,1,3,7526,2020-08-08 20:38:48.045,Compra Crédito,-16.0,550,140.29
2120,867,867,2,70,3951,2010-10-25 21:12:27.176,Compra Crédito,-95.23,867,15541.16
2121,431,431,2,85,4342,2011-11-20 10:03:04.832,Compra Débito,-21.37,431,28.76
2122,846,846,8,23,8166,2022-05-10 05:38:09.982,Compra Crédito,-60.7,846,2090.0
2123,421,421,7,14,7398,2020-04-02 12:14:22.597,Compra Débito,-105.96,421,90.29
2124,549,549,8,38,6821,2018-09-03 05:32:00.647,Saque,-124.67,549,325.26
2125,484,484,1,75,5233,2014-04-29 06:41:26.517,Compra Crédito,-66.6,484,103.52
2126,83,83,7,14,8027,2021-12-22 19:33:12.165,Compra Crédito,-64.42,83,1420.31
2127,983,983,1,39,7778,2021-04-17 20:03:28.841,Compra Débito,-25.56,983,28561.26
2128,609,609,7,14,7826,2021-06-04 11:51:48.915,Compra Crédito,-18.76,609,4968.54
2129,964,964,7,7,7255,2019-11-11 14:17:02.883,Compra Débito,-11.9,964,1104.14
2130,587,587,7,33,7464,2020-06-07 22:08:37.936,Depósito em espécie,48.27,587,9385.97
2131,662,662,7,42,7423,2020-04-27 13:07:43.634,TED - Recebido,21505.0,662,21469.65
2132,120,120,2,82,7045,2019-04-15 15:27:25.501,Compra Débito,-11.85,120,7738.26
2133,842,842,7,33,7126,2019-07-05 18:35:37.034,Compra Débito,-61.49,842,1.24
2134,351,351,2,94,8105,2022-03-10 14:24:16.422,Compra Crédito,-15.88,351,632.44
2135,670,670,3,73,6868,2018-10-20 21:48:44.213,Compra Crédito,-16.33,670,1285.7
2136,281,281,7,33,7386,2020-03-21 00:54:56.055,Compra Débito,-12.57,281,77487.74
2137,219,219,7,14,7292,2019-12-18 18:34:47.160,Compra Débito,-9.23,219,212159.56
2138,72,72,7,100,8279,2022-08-31 02:17:15.336,Pix - Realizado,-481.8,72,183.32
2139,945,945,8,89,6759,2018-07-03 07:35:37.213,Depósito em espécie,22.36,945,21810.32
2140,90,90,1,11,5510,2015-01-31 16:28:52.268,Compra Débito,-59.39,90,22210.21
2141,266,266,7,100,6757,2018-07-01 03:21:16.398,Compra Crédito,-26.53,266,8.44
2142,623,623,1,32,7925,2021-09-11 22:33:04.532,Pix - Realizado,-1744.5,623,317.47
2143,307,307,6,54,6711,2018-05-16 19:31:09.084,Compra Crédito,-24.28,307,250.85
2144,743,743,2,81,5276,2014-06-11 09:59:46.373,Compra Crédito,-127.82,743,18.63
2145,649,649,3,16,8406,2023-01-05 20:38:35.644,Compra Crédito,-51.16,649,3.6
2146,57,57,2,84,4836,2013-03-28 00:52:15.806,Compra Débito,-42.17,57,46453.98
2147,581,581,5,63,7651,2020-12-11 07:55:25.405,Depósito em espécie,83.27,581,346.66
2148,637,637,9,68,8398,2022-12-28 23:40:30.703,Pix - Realizado,-456.2,637,1130.11
2149,801,801,7,100,7282,2019-12-08 20:42:10.169,Compra Débito,-46.32,801,37311.12
2150,606,606,7,14,6453,2017-08-31 14:13:20.380,Transferência entre CC - Crédito,1070.3,606,408.77
2151,764,764,7,42,6438,2017-08-16 08:21:45.473,Compra Crédito,-191.16,764,1599.11
2152,101,101,7,71,6967,2019-01-27 13:39:59.239,DOC - Recebido,7350.0,101,7497.62
2153,304,304,7,42,7410,2020-04-14 22:23:32.155,Compra Débito,-34.05,304,60127.5
2154,312,312,7,71,8296,2022-09-17 08:05:41.938,Pix - Realizado,-153.3,312,2354.15
2155,155,155,3,16,7347,2020-02-11 06:55:13.435,Depósito em espécie,121.56,155,515.96
2156,582,582,7,42,7763,2021-04-02 20:09:54.038,DOC - Recebido,44110.0,582,41301.32
2157,334,334,7,14,8214,2022-06-27 01:31:26.804,Compra Crédito,-19.11,334,1195.42
2158,412,412,7,42,6798,2018-08-11 00:18:41.512,Compra Débito,-1.57,412,31263.77
2159,706,706,7,14,6913,2018-12-04 01:31:05.751,Compra Débito,-228.0,706,972.02
2160,706,706,7,14,6919,2018-12-10 15:54:29.448,Compra Crédito,-54.93,706,972.02
2161,510,510,1,80,5858,2016-01-14 01:03:56.036,Compra Crédito,-87.71,510,5629.63
2162,774,774,1,39,7181,2019-08-29 22:32:23.351,Depósito em espécie,36.91,774,492.43
2163,482,482,9,12,7976,2021-11-01 15:57:41.626,Compra Débito,-58.9,482,205.69
2164,409,409,2,82,4391,2012-01-08 23:05:52.740,Compra Débito,-4.01,409,112.47
2165,998,998,2,84,4853,2013-04-14 19:27:52.789,Compra Crédito,-52.96,998,36.07
2166,630,630,8,89,7930,2021-09-16 09:29:39.945,Compra Débito,-10.6,630,758.44
2167,531,531,2,85,4076,2011-02-27 18:57:25.849,Compra Crédito,-24.83,531,65.86
2168,525,525,7,71,8181,2022-05-25 17:42:00.921,Compra Débito,-49.15,525,24.17
2169,730,730,8,69,7453,2020-05-27 17:14:22.305,Compra Crédito,-18.37,730,133.46
2170,172,172,7,42,6255,2017-02-14 16:36:27.749,Saque,-41.43,172,187.41
2171,80,80,7,71,7529,2020-08-11 03:18:55.816,Saque,-127.77,80,27.45
2172,600,600,4,45,5544,2015-03-06 09:31:47.723,Compra Crédito,-9.3,600,0.75
2173,159,159,7,7,6933,2018-12-24 11:15:33.332,Compra Crédito,-10.03,159,53761.86
2174,719,719,3,51,8053,2022-01-17 16:14:59.683,Pix - Realizado,-182.9,719,392.74
2175,832,832,7,33,6223,2017-01-13 16:37:51.950,Compra Crédito,-34.22,832,87.14
2176,317,317,2,95,3971,2010-11-14 02:41:25.827,Compra Crédito,-37.08,317,51156.1
2177,381,381,4,57,8281,2022-09-02 23:43:14.429,Pix - Realizado,-47.9,381,1432.54
2178,3,3,7,100,6229,2017-01-19 10:04:54.593,Compra Crédito,-140.07,3,165.04
2179,299,299,6,96,7238,2019-10-25 15:56:49.552,Compra Débito,-26.78,299,146.82
2180,96,96,7,71,8014,2021-12-09 18:07:59.612,Compra Débito,-41.41,96,1337.15
2181,503,503,7,14,8383,2022-12-13 22:57:21.813,Compra Crédito,-20.16,503,245.49
2182,648,648,8,10,8291,2022-09-12 14:10:20.571,Saque,-113.86,648,220.85
2183,534,534,7,42,7879,2021-07-27 07:39:33.873,Pix - Recebido,303.9,534,31.94
2184,614,614,7,7,7776,2021-04-15 19:49:12.793,Pix - Realizado,-1012.0,614,919.54
2185,514,514,9,65,7964,2021-10-20 23:50:46.486,Pix - Realizado,-89.1,514,29138.28
2186,507,507,7,42,6517,2017-11-03 15:18:25.144,Compra Débito,-37.02,507,5.5
2187,345,345,5,43,6870,2018-10-22 01:53:43.613,Compra Crédito,-55.18,345,7.54
2188,75,75,1,32,4357,2011-12-05 09:46:49.463,Saque,-159.21,75,7767.04
2189,334,334,7,14,8216,2022-06-29 16:23:45.784,Compra Débito,-55.26,334,1195.42
2190,674,674,3,91,5494,2015-01-15 02:28:29.679,Compra Débito,-77.14,674,1902.33
2191,180,180,7,71,6077,2016-08-20 22:42:21.792,Compra Crédito,-12.2,180,12252.59
2192,139,139,6,22,5981,2016-05-16 11:13:07.573,Compra Crédito,-21.53,139,82508.39
2193,392,392,7,14,6999,2019-02-28 06:41:09.516,Compra Débito,-85.44,392,111.31
2194,159,159,7,7,6981,2019-02-10 14:34:45.389,Compra Débito,-10.15,159,53761.86
2195,41,41,1,32,7524,2020-08-06 04:55:58.454,Compra Crédito,-59.23,41,166.11
2196,940,940,7,14,6166,2016-11-17 08:34:21.416,Compra Crédito,-41.5,940,9.19
2197,644,644,8,38,7283,2019-12-09 03:25:29.228,Depósito em espécie,14.32,644,254.94
2198,428,428,5,55,7222,2019-10-09 07:44:40.715,Compra Débito,-67.22,428,51.82
2199,235,235,2,94,4930,2013-06-30 08:58:36.369,DOC - Recebido,22490.0,235,23770.63
2200,262,262,7,7,8376,2022-12-06 02:06:02.945,Compra Crédito,-20.42,262,312.07
2201,575,575,5,58,7296,2019-12-22 01:27:06.000,Compra Débito,-22.15,575,426.34
2202,346,346,1,26,5033,2013-10-11 12:53:00.556,Compra Crédito,-66.46,346,57814.67
2203,205,205,5,55,7124,2019-07-03 11:13:17.940,Compra Débito,-148.71,205,547.56
2204,151,151,7,100,6201,2016-12-22 05:21:24.017,Compra Crédito,-30.5,151,6.63
2205,355,355,7,71,8327,2022-10-18 22:15:28.393,Pix - Recebido,2324.5,355,1998.43
2206,460,460,7,71,6666,2018-04-01 16:37:59.191,Compra Débito,-21.03,460,7316.98
2207,244,244,7,14,7323,2020-01-18 07:01:27.300,Compra Débito,-34.87,244,2652.96
2208,618,618,7,100,8370,2022-11-30 16:59:34.387,Transferência entre CC - Débito,-340.6,618,2659.18
2209,881,881,7,42,6673,2018-04-08 04:56:50.716,Compra Débito,-6.75,881,103.71
2210,73,73,3,73,8258,2022-08-10 17:00:05.664,Compra Crédito,-18.08,73,212.31
2211,676,676,1,26,4468,2012-03-25 11:47:38.686,Depósito em espécie,106.15,676,91.0
2212,868,868,9,87,7773,2021-04-12 02:57:33.789,Pix - Realizado,-165.5,868,193.38
2213,695,695,1,36,6970,2019-01-30 02:59:42.094,Compra Débito,-259.4,695,464.6
2214,143,143,7,7,7765,2021-04-04 08:53:53.978,Pix - Recebido,78.2,143,309.11
2215,173,173,1,60,5168,2014-02-23 16:02:14.589,Compra Débito,-17.17,173,140.11
2216,189,189,7,7,7160,2019-08-08 11:11:10.429,Compra Crédito,-16.04,189,25382.15
2217,525,525,7,71,8181,2022-05-25 19:43:25.226,Compra Crédito,-22.28,525,24.17
2218,664,664,5,55,6985,2019-02-14 14:56:14.489,Compra Débito,-12.38,664,6275.18
2219,176,176,4,35,6695,2018-04-30 00:02:57.664,Depósito em espécie,17.37,176,43.45
2220,730,730,8,69,7453,2020-05-27 20:06:15.338,Compra Débito,-26.39,730,133.46
2221,648,648,8,10,8291,2022-09-12 14:16:12.727,Compra Crédito,-74.69,648,220.85
2222,653,653,7,71,7256,2019-11-12 15:38:05.439,Depósito em espécie,9.42,653,24.9
2223,836,836,8,6,7451,2020-05-25 14:22:39.244,Compra Crédito,-31.14,836,240.05
2224,381,381,4,57,8286,2022-09-07 21:10:51.761,Compra Crédito,-51.09,381,1432.54
2225,992,992,2,82,5285,2014-06-20 11:42:03.776,Compra Débito,-58.66,992,32689.53
2226,596,596,7,100,6561,2017-12-17 01:12:49.086,Compra Crédito,-32.71,596,147.68
2227,426,426,7,100,7753,2021-03-23 15:34:53.697,Compra Débito,-13.58,426,999.75
2228,143,143,7,7,7769,2021-04-08 07:56:55.562,Compra Débito,-30.43,143,309.11
2229,887,887,7,42,6348,2017-05-18 12:09:58.438,Pagamento de boleto,-265.0,887,68.2
2230,113,113,7,100,8105,2022-03-10 14:10:44.161,Pix - Realizado,-518.1,113,1153.95
2231,95,95,7,14,8286,2022-09-07 18:55:41.412,Compra Débito,-15.56,95,42.88
2232,936,936,7,33,8128,2022-04-02 01:41:55.510,Pix - Recebido,3102.0,936,458.65
2233,552,552,4,1,8314,2022-10-05 05:45:23.668,Compra Débito,-29.59,552,386.22
2234,51,51,3,13,4894,2013-05-25 13:08:25.706,Depósito em espécie,37.61,51,8756.25
2235,718,718,4,45,5307,2014-07-12 14:30:22.635,Compra Débito,-22.64,718,445.88
2236,279,279,3,91,8405,2023-01-04 01:41:16.023,Pix - Realizado,-217.7,279,40.41
2237,229,229,7,14,7286,2019-12-12 09:31:12.033,Compra Crédito,-55.55,229,110.29
2238,467,467,10,27,8198,2022-06-11 18:59:45.027,Compra Débito,-23.06,467,403.93
2239,219,219,7,14,7295,2019-12-21 15:38:29.381,TED - Recebido,221390.0,219,212159.56
2240,188,188,8,10,6726,2018-05-31 19:08:00.526,Compra Débito,-32.53,188,84.9
2241,730,730,8,69,7456,2020-05-30 18:10:55.609,Depósito em espécie,14.1,730,133.46
2242,625,625,3,51,4873,2013-05-04 23:54:51.816,Compra Débito,-112.05,625,1736.31
2243,338,338,7,42,7861,2021-07-09 20:40:00.009,Pix - Realizado,-165.4,338,1187.02
2244,420,420,5,50,5726,2015-09-04 15:02:08.084,Compra Crédito,-29.21,420,7641.25
2245,629,629,3,98,6182,2016-12-03 08:34:08.807,Compra Crédito,-11.76,629,8813.34
2246,199,199,7,71,7027,2019-03-28 01:51:56.630,Compra Débito,-39.08,199,24.22
2247,194,194,9,46,7415,2020-04-19 03:39:15.682,Compra Débito,-18.54,194,90766.28
2248,555,555,5,49,7585,2020-10-06 09:33:24.578,Depósito em espécie,28.53,555,1819.41
2249,801,801,7,100,7283,2019-12-09 11:18:53.098,DOC - Recebido,40355.0,801,37311.12
2250,57,57,2,84,4843,2013-04-04 21:58:35.286,TED - Recebido,47445.0,57,46453.98
2251,46,46,7,33,7011,2019-03-12 19:48:17.757,Depósito em espécie,46.18,46,51.14
2252,418,418,8,47,7712,2021-02-10 10:56:58.311,Compra Crédito,-8.84,418,31.17
2253,653,653,7,71,7261,2019-11-17 22:10:43.034,Saque,-170.39,653,24.9
2254,182,182,4,45,7066,2019-05-06 06:20:19.875,Compra Crédito,-10.39,182,13622.15
2255,274,274,4,19,5345,2014-08-19 21:34:56.614,Compra Crédito,-29.69,274,16293.85
2256,183,183,1,62,7093,2019-06-02 02:21:14.270,Saque,-165.99,183,117.76
2257,968,968,5,55,5348,2014-08-22 09:36:55.641,Compra Crédito,-69.37,968,7480.46
2258,480,480,7,7,5988,2016-05-23 11:39:17.309,Compra Crédito,-62.2,480,16640.89
2259,918,918,1,75,5366,2014-09-09 12:39:14.236,Compra Débito,-16.46,918,1.77
2260,632,632,7,71,6533,2017-11-19 22:38:30.690,Compra Crédito,-30.87,632,46.43
2261,360,360,2,82,4446,2012-03-03 03:24:24.205,Compra Crédito,-10.89,360,1965.16
2262,235,235,2,94,5273,2014-06-08 12:26:38.227,Compra Crédito,-33.3,235,23770.63
2263,997,997,2,85,7611,2020-11-01 06:02:33.327,Compra Crédito,-111.39,997,15973.33
2264,518,518,3,31,5419,2014-11-01 07:29:23.331,Compra Débito,-43.31,518,20526.06
2265,463,463,7,100,8069,2022-02-02 10:48:38.360,Compra Crédito,-1.86,463,848.28
2266,539,539,1,32,5650,2015-06-20 07:17:14.731,Compra Crédito,-17.12,539,100962.93
2267,624,624,7,100,5984,2016-05-19 03:21:29.901,Compra Crédito,-40.76,624,169.09
2268,595,595,2,29,7929,2021-09-15 05:59:18.873,Depósito em espécie,42.2,595,27566.85
2269,717,717,7,42,7486,2020-06-29 23:32:19.894,Compra Débito,-40.14,717,86.27
2270,341,341,1,80,7105,2019-06-14 09:47:47.376,Compra Débito,-16.53,341,5.66
2271,720,720,1,80,5558,2015-03-20 02:54:06.215,Compra Crédito,-20.22,720,19081.01
2272,191,191,2,9,6072,2016-08-15 04:51:30.389,Depósito em espécie,94.15,191,5.42
2273,51,51,3,13,4894,2013-05-25 13:11:08.702,Compra Débito,-47.76,51,8756.25
2274,258,258,8,41,7102,2019-06-11 15:36:12.242,Compra Crédito,-24.98,258,16.18
2275,738,738,7,14,7896,2021-08-13 21:08:54.680,Pix - Recebido,174.0,738,641.13
2276,955,955,5,34,8267,2022-08-19 06:44:34.309,Pix - Realizado,-238.7,955,25.34
2277,765,765,2,82,6376,2017-06-15 07:27:57.802,Compra Crédito,-48.89,765,483.83
2278,864,864,7,14,6970,2019-01-30 20:18:02.669,TED - Recebido,18995.0,864,17812.14
2279,181,181,2,85,4311,2011-10-20 08:59:58.625,Compra Débito,-1.25,181,196.99
2280,701,701,2,85,7141,2019-07-20 11:56:31.650,Depósito em espécie,77.71,701,4.39
2281,997,997,2,85,7611,2020-11-01 06:03:37.525,TED - Recebido,17030.0,997,15973.33
2282,904,904,7,14,7868,2021-07-16 01:35:39.953,Compra Crédito,-81.29,904,670.77
2283,654,654,7,33,6088,2016-08-31 20:17:01.729,Compra Débito,-15.89,654,27.85
2284,97,97,3,13,6335,2017-05-05 10:43:29.990,Compra Débito,-20.28,97,9589.16
2285,223,223,7,14,7481,2020-06-24 00:03:26.930,Compra Débito,-159.54,223,13.51
2286,275,275,3,13,5546,2015-03-08 01:33:32.483,Compra Crédito,-20.15,275,134056.74
2287,665,665,1,3,7971,2021-10-27 02:48:28.665,Compra Crédito,-39.01,665,7841.46
2288,31,31,6,40,6160,2016-11-11 11:52:58.997,Compra Crédito,-46.61,31,271.65
2289,136,136,6,44,7975,2021-10-31 03:04:24.311,Compra Débito,-15.63,136,582.21
2290,917,917,1,36,7511,2020-07-24 09:49:00.673,Compra Crédito,-11.79,917,245.39
2291,719,719,3,51,8054,2022-01-18 17:46:48.527,Compra Crédito,-9.21,719,392.74
2292,735,735,7,7,6528,2017-11-14 15:03:19.850,Compra Crédito,-7.87,735,43843.05
2293,305,305,7,71,7778,2021-04-17 02:08:41.401,Compra Débito,-29.52,305,109.4
2294,766,766,3,73,4920,2013-06-20 18:32:06.284,Depósito em espécie,51.5,766,26.09
2295,745,745,3,51,6990,2019-02-19 10:58:57.473,Depósito em espécie,61.21,745,28080.44
2296,890,890,2,85,8065,2022-01-29 12:27:06.573,Compra Débito,-30.9,890,296.04
2297,577,577,1,61,7039,2019-04-09 15:01:27.247,Compra Débito,-37.94,577,9772.11
2298,140,140,6,22,8171,2022-05-15 05:01:38.522,Compra Crédito,-34.81,140,533.87
2299,866,866,7,42,7969,2021-10-25 15:11:02.505,Compra Débito,-27.34,866,309.54
2300,109,109,7,100,8076,2022-02-09 04:39:09.434,Saque,-143.78,109,53.14
2301,30,30,9,77,7889,2021-08-06 11:56:10.284,Pix - Realizado,-712.3,30,8.42
2302,405,405,7,71,8417,2023-01-16 05:00:39.689,Compra Crédito,-1.49,405,15321.24
2303,876,876,7,7,7867,2021-07-15 08:42:47.520,Pix - Recebido,1235.6,876,4540.25
2304,784,784,3,91,5189,2014-03-16 11:05:58.856,Transferência entre CC - Crédito,328.1,784,276.1
2305,441,441,4,35,7558,2020-09-09 07:29:56.206,Compra Crédito,-35.83,441,879.91
2306,488,488,7,14,6521,2017-11-07 06:51:25.342,Compra Débito,-29.57,488,1303.71
2307,473,473,7,71,7028,2019-03-29 17:10:55.482,Compra Crédito,-3.91,473,353.47
2308,736,736,3,98,6156,2016-11-07 00:08:06.576,Depósito em espécie,247.76,736,87.06
2309,502,502,2,90,4517,2012-05-13 23:09:18.011,Transferência entre CC - Crédito,295.7,502,179885.3
2310,768,768,7,42,8072,2022-02-05 09:45:28.781,Pix - Realizado,-365.0,768,222.38
2311,246,246,2,86,4760,2013-01-11 19:50:53.852,Compra Crédito,-11.16,246,53774.09
2312,726,726,3,91,6875,2018-10-27 00:48:06.813,Transferência entre CC - Crédito,323.8,726,30.63
2313,24,24,6,54,5774,2015-10-22 03:46:43.057,Compra Crédito,-90.69,24,129.36
2314,504,504,7,42,7043,2019-04-13 19:19:18.175,Compra Crédito,-114.09,504,941.58
2315,547,547,2,24,6289,2017-03-20 23:31:30.722,Compra Débito,-31.27,547,31426.79
2316,617,617,7,33,8142,2022-04-16 22:20:59.141,Compra Débito,-38.03,617,189.04
2317,160,160,3,98,4849,2013-04-10 20:29:02.688,Compra Crédito,-70.94,160,20533.29
2318,809,809,1,11,8054,2022-01-18 02:52:24.038,Compra Crédito,-38.85,809,6205.66
2319,361,361,7,100,5994,2016-05-29 22:29:47.277,Saque,-36.45,361,43014.06
2320,772,772,3,16,5075,2013-11-22 18:08:04.212,Compra Crédito,-35.83,772,816.66
2321,62,62,2,82,6795,2018-08-08 17:36:40.958,Compra Crédito,-32.75,62,14.12
2322,875,875,7,71,8119,2022-03-24 17:55:02.895,Pix - Realizado,-1211.5,875,130.76
2323,501,501,4,35,5327,2014-08-01 04:16:14.854,Compra Crédito,-10.09,501,44.82
2324,912,912,7,100,8331,2022-10-22 22:07:14.600,Compra Crédito,-24.55,912,23655.76
2325,835,835,7,71,8228,2022-07-11 04:09:51.762,Pix - Realizado,-118.9,835,273.63
2326,41,41,1,32,7524,2020-08-06 06:13:51.297,Compra Crédito,-29.51,41,166.11
2327,113,113,7,100,8106,2022-03-11 10:33:09.745,Compra Crédito,-7.3,113,1153.95
2328,155,155,3,16,7347,2020-02-11 07:01:37.865,Compra Crédito,-18.27,155,515.96
2329,95,95,7,14,8381,2022-12-11 20:33:02.422,Pix - Recebido,50.4,95,42.88
2330,200,200,2,82,7708,2021-02-06 11:55:52.962,Depósito em espécie,48.8,200,32.5
2331,238,238,6,48,8020,2021-12-15 10:23:21.512,Compra Crédito,-75.07,238,2138.0
2332,752,752,7,42,7876,2021-07-24 06:03:39.417,Pix - Realizado,-241.8,752,3163.64
2333,124,124,7,71,5989,2016-05-24 08:28:31.783,Compra Crédito,-58.49,124,71.68
2334,80,80,7,71,7529,2020-08-11 11:27:09.717,Compra Débito,-60.17,80,27.45
2335,490,490,2,70,4482,2012-04-08 18:15:12.561,Saque,-99.68,490,78.52
2336,673,673,7,7,6573,2017-12-29 18:55:03.860,Depósito em espécie,38.39,673,60.25
2337,532,532,7,33,6780,2018-07-24 12:32:48.332,Compra Crédito,-6.1,532,106.38
2338,58,58,1,80,5242,2014-05-08 06:53:28.625,Compra Crédito,-84.05,58,134.97
2339,22,22,1,26,5437,2014-11-19 08:56:49.664,Compra Crédito,-7.54,22,2.67
2340,177,177,3,16,4525,2012-05-21 16:25:58.155,Compra Crédito,-29.73,177,43.44
2341,184,184,5,49,7579,2020-09-30 02:23:03.218,Transferência entre CC - Débito,-218.6,184,41.16
2342,690,690,1,36,5462,2014-12-14 16:31:49.833,Compra Débito,-41.06,690,1028.57
2343,283,283,4,19,5507,2015-01-28 20:23:48.979,Compra Crédito,-112.78,283,3416.3
2344,381,381,4,57,8397,2022-12-27 22:44:44.372,Compra Crédito,-36.58,381,1432.54
2345,756,756,7,100,7318,2020-01-13 22:46:00.538,Compra Débito,-26.38,756,79.57
2346,538,538,7,33,7382,2020-03-17 03:51:36.788,Compra Débito,-102.1,538,435.36
2347,876,876,7,7,7867,2021-07-15 10:19:52.764,Pix - Recebido,2684.5,876,4540.25
2348,729,729,7,14,8024,2021-12-19 05:21:30.380,Compra Crédito,-34.19,729,59.88
2349,134,134,5,43,7145,2019-07-24 19:39:02.144,Compra Crédito,-32.44,134,33031.09
2350,649,649,3,16,8406,2023-01-05 20:38:35.189,Saque,-165.96,649,3.6
2351,732,732,4,1,7328,2020-01-23 01:24:21.599,Compra Crédito,-19.31,732,35601.8
2352,200,200,2,82,7708,2021-02-06 14:49:44.305,Compra Crédito,-12.63,200,32.5
2353,136,136,6,44,8079,2022-02-12 08:54:37.280,Compra Crédito,-6.97,136,582.21
2354,616,616,7,100,6671,2018-04-06 21:44:59.546,DOC - Recebido,12715.0,616,12525.04
2355,799,799,2,85,4676,2012-10-19 05:06:51.475,Compra Débito,-28.14,799,3574.21
2356,725,725,7,71,7085,2019-05-25 00:45:54.714,Compra Débito,-136.97,725,557.09
2357,687,687,8,38,7155,2019-08-03 02:28:21.296,Compra Débito,-25.94,687,999.34
2358,61,61,1,11,4775,2013-01-26 05:20:54.053,Compra Débito,-146.75,61,12882.9
2359,314,314,7,100,7598,2020-10-19 04:22:08.941,Compra Débito,-12.41,314,14314.99
2360,53,53,5,63,8330,2022-10-21 16:14:43.664,Pix - Recebido,567.1,53,9931.98
2361,810,810,2,9,5513,2015-02-03 05:34:21.496,Compra Crédito,-135.99,810,125.43
2362,158,158,5,67,8291,2022-09-12 14:06:46.072,Pix - Realizado,-355.1,158,10785.13
2363,67,67,9,46,7663,2020-12-23 09:30:09.961,Pix - Realizado,-246.0,67,33480.7
2364,368,368,7,71,7312,2020-01-07 17:10:27.254,Compra Débito,-79.36,368,3208.56
2365,94,94,9,87,7573,2020-09-24 00:59:02.187,Compra Débito,-32.67,94,556.12
2366,973,973,7,42,7636,2020-11-26 20:33:31.324,Compra Crédito,-37.06,973,873.74
2367,516,516,1,36,5516,2015-02-06 22:31:06.700,Compra Crédito,-33.8,516,9930.41
2368,718,718,4,45,5309,2014-07-14 20:55:43.754,Compra Crédito,-6.92,718,445.88
2369,952,952,7,14,7109,2019-06-18 08:41:01.780,Compra Crédito,-17.5,952,23583.77
2370,484,484,1,75,5234,2014-04-30 23:45:04.812,Compra Débito,-84.66,484,103.52
2371,512,512,5,55,6257,2017-02-16 19:02:29.753,Compra Crédito,-59.32,512,10.77
2372,245,245,6,54,6680,2018-04-15 02:36:32.355,Depósito em espécie,3.24,245,8218.31
2373,325,325,1,92,4014,2010-12-27 10:29:58.334,Compra Débito,-28.07,325,76.91
2374,151,151,7,100,6203,2016-12-24 08:26:12.138,Compra Crédito,-25.13,151,6.63
2375,468,468,7,7,7162,2019-08-10 19:52:57.845,Compra Débito,-43.14,468,6.33
2376,343,343,3,98,7782,2021-04-21 13:39:21.076,Pix - Recebido,164.8,343,86.88
2377,212,212,7,14,8218,2022-07-01 00:08:56.992,Depósito em espécie,60.79,212,275.77
2378,331,331,7,71,7106,2019-06-15 19:56:30.526,Saque,-45.08,331,32267.25
2379,308,308,7,7,6388,2017-06-27 00:10:47.769,Compra Crédito,-28.48,308,23.21
2380,539,539,1,32,5650,2015-06-20 13:47:08.840,Compra Débito,-8.06,539,100962.93
2381,722,722,7,7,7007,2019-03-08 20:21:39.936,Compra Crédito,-11.23,722,6971.66
2382,474,474,7,71,7147,2019-07-26 19:33:05.273,Compra Débito,-74.62,474,414.48
2383,658,658,3,16,6136,2016-10-18 16:28:43.805,Compra Crédito,-22.15,658,7.08
2384,633,633,7,14,7191,2019-09-08 23:32:39.141,Depósito em espécie,18.91,633,438.87
2385,63,63,1,26,5706,2015-08-15 21:50:49.787,Compra Crédito,-58.2,63,2273.2
2386,553,553,5,43,7988,2021-11-13 19:28:01.803,Compra Débito,-5.34,553,317.19
2387,104,104,3,91,6962,2019-01-22 12:39:14.571,Compra Débito,-66.85,104,154.77
2388,239,239,6,88,8096,2022-03-01 20:59:13.496,Pix - Realizado,-149.1,239,13809.65
2389,986,986,3,98,7165,2019-08-13 03:26:15.543,Compra Crédito,-9.39,986,13317.02
2390,188,188,8,10,6728,2018-06-02 10:19:28.863,Compra Débito,-20.68,188,84.9
2391,161,161,6,44,7240,2019-10-27 15:56:59.729,DOC - Recebido,15900.0,161,14288.86
2392,181,181,2,85,4313,2011-10-22 18:50:19.450,Compra Débito,-61.72,181,196.99
2393,591,591,7,100,5912,2016-03-08 06:28:58.182,Compra Crédito,-20.13,591,46.46
2394,622,622,7,100,8119,2022-03-24 08:19:11.743,Pagamento de boleto,-541.2,622,1131.09
2395,866,866,7,42,7973,2021-10-29 03:34:20.462,Pix - Recebido,467.6,866,309.54
2396,546,546,1,61,7671,2020-12-31 11:55:04.549,Compra Crédito,-21.89,546,803.81
2397,771,771,1,80,7113,2019-06-22 09:01:23.059,Compra Crédito,-130.4,771,23150.03
2398,561,561,7,7,6826,2018-09-08 04:14:17.276,Depósito em espécie,112.14,561,86.17
2399,818,818,7,33,5884,2016-02-09 19:59:49.455,Compra Crédito,-12.9,818,11.77
2400,960,960,1,39,7026,2019-03-27 04:10:36.413,Compra Débito,-13.45,960,987.51
2401,148,148,9,93,7318,2020-01-13 00:25:47.522,Compra Crédito,-12.6,148,41.59
2402,892,892,1,18,4171,2011-06-02 12:54:16.085,DOC - Recebido,6890.0,892,6656.82
2403,966,966,7,14,7904,2021-08-21 03:26:11.452,Pix - Realizado,-99.2,966,1425.28
2404,498,498,4,45,7641,2020-12-01 00:55:16.183,Compra Crédito,-126.92,498,841.1
2405,537,537,6,28,6310,2017-04-10 05:53:00.532,Compra Crédito,-5.79,537,71.43
2406,445,445,1,92,3721,2010-03-09 12:37:31.226,Depósito em espécie,58.86,445,101.02
2407,405,405,7,71,8417,2023-01-16 05:00:39.209,TED - Recebido,16015.0,405,15321.24
2408,990,990,5,55,5490,2015-01-11 02:48:17.734,Compra Crédito,-20.04,990,145.52
2409,55,55,8,47,8012,2021-12-07 20:02:34.576,Compra Débito,-90.91,55,15624.79
2410,72,72,7,100,8279,2022-08-31 08:02:05.811,Pix - Realizado,-210.3,72,183.32
2411,995,995,7,33,6712,2018-05-17 17:47:09.454,Saque,-63.63,995,13383.67
2412,137,137,1,36,7032,2019-04-02 13:34:51.315,Compra Débito,-45.66,137,338.5
2413,769,769,7,71,6893,2018-11-14 05:20:04.115,Compra Débito,-14.6,769,40499.55
2414,457,457,7,7,7333,2020-01-28 02:30:41.718,Compra Débito,-35.65,457,1.81
2415,366,366,1,80,5696,2015-08-05 09:45:19.536,DOC - Recebido,12560.0,366,12287.89
2416,732,732,4,1,7378,2020-03-13 00:42:49.252,TED - Recebido,36980.0,732,35601.8
2417,809,809,1,11,8087,2022-02-20 01:39:40.881,Pix - Realizado,-109.8,809,6205.66
2418,800,800,1,92,8001,2021-11-26 10:34:55.792,Pix - Recebido,172.9,800,845.98
2419,380,380,7,42,8037,2022-01-01 10:08:06.415,Pix - Realizado,-83.0,380,4916.56
2420,669,669,5,58,5495,2015-01-16 18:34:56.267,Compra Crédito,-101.56,669,118.91
2421,373,373,2,86,4306,2011-10-15 19:32:50.285,Compra Crédito,-12.12,373,951.99
2422,425,425,5,67,5423,2014-11-05 05:15:44.955,Transferência entre CC - Crédito,240.6,425,9.86
2423,685,685,7,33,6169,2016-11-20 06:26:09.274,Depósito em espécie,22.05,685,8.32
2424,783,783,7,14,6488,2017-10-05 13:48:42.256,TED - Recebido,26265.0,783,27460.42
2425,740,740,4,19,6070,2016-08-13 02:04:14.047,Depósito em espécie,47.67,740,13398.08
2426,728,728,7,42,7909,2021-08-26 00:02:07.892,Saque,-140.69,728,640.32
2427,354,354,7,100,5878,2016-02-03 02:40:05.200,Compra Crédito,-53.79,354,76726.35
2428,234,234,5,49,7459,2020-06-02 05:57:36.718,Transferência entre CC - Débito,-251.8,234,1129.01
2429,561,561,7,7,6975,2019-02-04 11:45:46.786,Compra Crédito,-95.45,561,86.17
2430,718,718,4,45,5316,2014-07-21 00:22:55.219,Compra Crédito,-46.13,718,445.88
2431,144,144,7,14,6775,2018-07-19 14:05:39.420,Compra Débito,-40.62,144,11.39
2432,561,561,7,7,6975,2019-02-04 13:19:01.781,Depósito em espécie,20.81,561,86.17
2433,223,223,7,14,7481,2020-06-24 11:57:04.494,Compra Crédito,-20.52,223,13.51
2434,70,70,6,88,6452,2017-08-30 19:13:01.581,Depósito em espécie,13.88,70,22097.13
2435,490,490,2,70,4482,2012-04-08 18:34:11.228,Compra Crédito,-27.01,490,78.52
2436,555,555,5,49,7587,2020-10-08 10:18:23.830,Compra Débito,-17.17,555,1819.41
2437,670,670,3,73,6870,2018-10-22 00:01:44.619,Compra Crédito,-126.13,670,1285.7
2438,818,818,7,33,5884,2016-02-09 21:07:30.063,Compra Débito,-22.63,818,11.77
2439,193,193,7,7,6299,2017-03-30 06:47:21.598,Depósito em espécie,40.58,193,38.58
2440,111,111,7,33,7911,2021-08-28 10:00:35.937,Compra Crédito,-43.36,111,288.35
2441,344,344,7,71,8103,2022-03-08 12:51:16.076,Compra Crédito,-30.54,344,27444.25
2442,201,201,7,71,8164,2022-05-08 07:30:57.352,Pix - Realizado,-91.0,201,266.97
2443,581,581,5,63,7651,2020-12-11 12:24:41.063,Compra Crédito,-7.77,581,346.66
2444,880,880,7,71,7449,2020-05-23 04:17:17.925,Compra Débito,-19.98,880,28337.91
2445,283,283,4,19,5521,2015-02-11 03:13:51.308,Compra Crédito,-82.53,283,3416.3
2446,739,739,7,100,5925,2016-03-21 23:05:49.126,Depósito em espécie,49.75,739,14568.3
2447,209,209,7,14,6148,2016-10-30 05:50:11.071,Compra Crédito,-13.33,209,5.22
2448,911,911,7,14,8134,2022-04-08 21:57:51.560,Compra Débito,-66.5,911,492.8
2449,502,502,2,90,4524,2012-05-20 00:16:54.832,Compra Crédito,-307.55,502,179885.3
2450,317,317,2,95,3971,2010-11-14 02:41:44.575,TED - Recebido,49320.0,317,51156.1
2451,357,357,7,7,6974,2019-02-03 16:04:51.422,Saque,-226.77,357,20.01
2452,293,293,6,44,5870,2016-01-26 12:41:18.576,Compra Débito,-65.24,293,226.71
2453,858,858,7,14,8362,2022-11-22 11:03:27.388,Compra Crédito,-39.6,858,8063.11
2454,49,49,7,100,7804,2021-05-13 00:03:08.758,Compra Débito,-52.43,49,1.99
2455,705,705,7,42,8331,2022-10-22 12:14:25.135,Compra Crédito,-21.35,705,89349.96
2456,500,500,1,3,6157,2016-11-08 15:25:30.563,DOC - Recebido,94075.0,500,107875.13
2457,457,457,7,7,7335,2020-01-30 03:05:22.452,Depósito em espécie,14.9,457,1.81
2458,202,202,7,100,6209,2016-12-30 16:29:45.060,Compra Débito,-29.11,202,49.02
2459,419,419,6,4,7499,2020-07-12 01:46:00.943,Compra Crédito,-14.8,419,96414.93
2460,44,44,9,59,7529,2020-08-11 16:27:03.207,Compra Débito,-24.35,44,25295.97
2461,954,954,7,33,6663,2018-03-29 20:24:15.693,Compra Débito,-48.75,954,115.38
2462,548,548,7,33,7939,2021-09-25 10:41:34.204,Pix - Recebido,250.5,548,3522.41
2463,444,444,7,14,6160,2016-11-11 11:41:43.656,Compra Crédito,-40.41,444,10255.04
2464,905,905,1,80,4440,2012-02-26 04:41:08.307,Saque,-335.53,905,645.84
2465,777,777,8,23,6837,2018-09-19 16:45:34.977,Depósito em espécie,83.47,777,5.03
2466,160,160,3,98,4849,2013-04-10 23:43:30.433,Compra Crédito,-65.66,160,20533.29
2467,211,211,9,59,8274,2022-08-26 01:08:41.345,Compra Crédito,-37.42,211,0.59
2468,496,496,7,100,8156,2022-04-30 21:55:16.094,Compra Débito,-35.57,496,430.68
2469,93,93,1,92,7441,2020-05-15 20:29:30.129,Depósito em espécie,24.66,93,80650.07
2470,287,287,7,42,6921,2018-12-12 03:22:04.989,TED - Recebido,43235.0,287,41684.43
2471,473,473,7,71,7069,2019-05-09 17:20:45.271,Depósito em espécie,102.78,473,353.47
2472,532,532,7,33,6781,2018-07-25 06:40:52.583,Compra Crédito,-7.89,532,106.38
2473,179,179,3,98,4676,2012-10-19 12:52:37.923,Compra Crédito,-189.57,179,57273.21
2474,66,66,7,33,6901,2018-11-22 16:50:35.464,Compra Crédito,-11.44,66,50577.51
2475,442,442,7,71,8383,2022-12-13 12:49:53.248,Pix - Recebido,64.8,442,304.61
2476,99,99,7,7,7823,2021-06-01 02:13:46.906,Compra Crédito,-68.92,99,6159.31
2477,556,556,7,100,6681,2018-04-16 02:04:07.708,Compra Débito,-42.27,556,15.61
2478,803,803,7,100,8288,2022-09-09 23:51:03.254,Pix - Realizado,-287.8,803,1778.51
2479,447,447,3,16,7596,2020-10-17 10:07:35.264,Compra Crédito,-27.64,447,1560.83
2480,83,83,7,14,8058,2022-01-22 18:12:33.625,Compra Débito,-49.05,83,1420.31
2481,435,435,9,21,8279,2022-08-31 12:14:06.785,Compra Débito,-23.83,435,1790.34
2482,922,922,7,100,6653,2018-03-19 21:02:22.241,Compra Débito,-42.46,922,39.71
2483,261,261,2,70,4413,2012-01-30 10:17:10.322,Compra Crédito,-65.36,261,12732.03
2484,56,56,7,7,7584,2020-10-05 18:25:53.509,Depósito em espécie,20.61,56,55.1
2485,778,778,5,55,5958,2016-04-23 22:29:32.200,Compra Crédito,-37.06,778,86.63
2486,196,196,3,91,7661,2020-12-21 09:59:51.460,Pix - Realizado,-485.0,196,52.64
2487,504,504,7,42,7044,2019-04-14 01:22:17.889,Compra Crédito,-79.55,504,941.58
2488,729,729,7,14,8024,2021-12-19 06:47:15.974,Compra Débito,-50.87,729,59.88
2489,387,387,7,14,7414,2020-04-18 09:57:05.358,Saque,-158.68,387,25.59
2490,635,635,1,3,6290,2017-03-21 17:52:09.499,Compra Débito,-23.93,635,5673.71
2491,653,653,7,71,7308,2020-01-03 04:44:40.554,Compra Crédito,-15.02,653,24.9
2492,727,727,3,91,8123,2022-03-28 07:43:03.373,Pix - Realizado,-149.7,727,147.47
2493,802,802,3,13,8365,2022-11-25 23:51:46.662,Pix - Realizado,-63.1,802,981.85
2494,124,124,7,71,5989,2016-05-24 23:02:50.943,Compra Débito,-34.02,124,71.68
2495,315,315,7,100,6437,2017-08-15 10:54:31.594,Compra Crédito,-7.23,315,131.09
2496,185,185,3,51,5550,2015-03-12 09:09:01.131,Depósito em espécie,41.34,185,17.06
2497,949,949,7,42,5872,2016-01-28 06:52:43.240,Compra Débito,-170.99,949,15912.64
2498,81,81,7,71,7346,2020-02-10 10:04:14.304,Compra Débito,-51.87,81,123.08
2499,503,503,7,14,8383,2022-12-13 22:59:29.508,Compra Débito,-55.54,503,245.49
2500,884,884,7,71,6934,2018-12-25 09:47:56.725,Compra Crédito,-35.79,884,58.98
2501,738,738,7,14,7984,2021-11-09 23:10:15.713,Compra Crédito,-154.62,738,641.13
2502,111,111,7,33,7911,2021-08-28 11:12:41.455,Pix - Realizado,-176.5,111,288.35
2503,942,942,4,19,5215,2014-04-11 08:38:34.863,Compra Débito,-30.31,942,204.69
2504,936,936,7,33,8129,2022-04-03 16:41:12.348,Compra Débito,-14.28,936,458.65
2505,837,837,5,15,7477,2020-06-20 17:01:02.831,Compra Débito,-38.64,837,1685.83
2506,566,566,7,7,7919,2021-09-05 14:50:03.017,Pix - Recebido,3430.8,566,2055.49
2507,38,38,3,13,7875,2021-07-23 22:11:21.911,Compra Crédito,-76.88,38,105.86
2508,805,805,7,14,7242,2019-10-29 01:07:45.396,Compra Crédito,-5.21,805,10.77
2509,84,84,7,42,7276,2019-12-02 20:13:45.855,Compra Crédito,-101.6,84,629.81
2510,637,637,9,68,8399,2022-12-29 00:04:23.974,Compra Débito,-113.12,637,1130.11
2511,362,362,2,85,6197,2016-12-18 07:33:25.647,Compra Crédito,-26.49,362,24.48
2512,3,3,7,100,6410,2017-07-19 08:20:32.410,Saque,-362.79,3,165.04
2513,863,863,7,42,8405,2023-01-04 11:20:24.489,Depósito em espécie,10.69,863,418.28
2514,329,329,3,98,5799,2015-11-16 16:39:15.762,Compra Crédito,-29.89,329,3352.64
2515,770,770,7,14,7759,2021-03-29 15:15:33.081,Pix - Realizado,-451.5,770,349.01
2516,172,172,7,42,6263,2017-02-22 15:32:02.937,Compra Crédito,-35.23,172,187.41
2517,547,547,2,24,6485,2017-10-02 15:25:23.882,Compra Crédito,-46.26,547,31426.79
2518,362,362,2,85,6197,2016-12-18 09:01:19.855,Compra Crédito,-23.33,362,24.48
2519,627,627,7,33,6231,2017-01-21 00:45:30.386,Compra Débito,-97.85,627,1.39
2520,236,236,4,19,6035,2016-07-09 16:50:07.104,Compra Crédito,-53.89,236,20614.17
2521,575,575,5,58,7323,2020-01-18 04:15:54.735,Depósito em espécie,523.51,575,426.34
2522,95,95,7,14,8385,2022-12-15 18:14:42.541,Saque,-222.4,95,42.88
2523,858,858,7,14,8386,2022-12-16 16:38:04.676,Compra Débito,-12.13,858,8063.11
2524,456,456,3,13,5140,2014-01-26 18:46:12.219,Compra Crédito,-52.04,456,60535.86
2525,430,430,3,73,4915,2013-06-15 18:00:21.857,Compra Débito,-4.34,430,27934.18
2526,36,36,7,14,7331,2020-01-26 19:58:51.482,Compra Crédito,-29.96,36,43990.93
2527,30,30,9,77,7889,2021-08-06 12:21:09.802,Compra Crédito,-59.2,30,8.42
2528,835,835,7,71,8228,2022-07-11 09:24:34.236,Pix - Realizado,-145.6,835,273.63
2529,331,331,7,71,7107,2019-06-16 09:26:24.873,Compra Crédito,-126.9,331,32267.25
2530,675,675,7,100,7101,2019-06-10 10:12:01.785,Compra Débito,-45.33,675,51.61
2531,686,686,8,37,8347,2022-11-07 08:59:57.363,Saque,-117.15,686,3154.29
2532,567,567,8,89,6801,2018-08-14 05:11:40.231,Saque,-72.64,567,31.07
2533,7,7,6,48,8143,2022-04-17 00:06:12.710,Compra Crédito,-4.19,7,114.48
2534,868,868,9,87,7821,2021-05-30 20:25:17.952,Compra Crédito,-221.64,868,193.38
2535,281,281,7,33,7388,2020-03-23 10:40:31.439,DOC - Recebido,77835.0,281,77487.74
2536,887,887,7,42,6353,2017-05-23 20:43:12.335,Compra Débito,-51.88,887,68.2
2537,276,276,5,15,6210,2016-12-31 11:34:36.584,Compra Crédito,-110.86,276,40158.27
2538,614,614,7,7,7776,2021-04-15 22:27:59.927,Compra Crédito,-105.14,614,919.54
2539,917,917,1,36,7511,2020-07-24 13:56:28.480,Compra Débito,-12.65,917,245.39
2540,263,263,1,36,4847,2013-04-08 09:59:16.796,Compra Crédito,-95.47,263,3.2
2541,771,771,1,80,7117,2019-06-26 00:22:11.002,Saque,-145.49,771,23150.03
2542,704,704,4,57,6140,2016-10-22 17:21:10.179,Compra Débito,-5.96,704,25.39
2543,682,682,2,86,5821,2015-12-08 05:55:20.300,Compra Débito,-22.35,682,22.02
2544,155,155,3,16,7377,2020-03-12 06:46:36.781,Compra Débito,-128.44,155,515.96
2545,305,305,7,71,7779,2021-04-18 21:59:15.277,Pix - Realizado,-251.3,305,109.4
2546,313,313,2,76,7302,2019-12-28 01:14:39.034,Compra Crédito,-19.62,313,71620.68
2547,723,723,7,14,6137,2016-10-19 00:25:15.194,Compra Crédito,-5.92,723,1361.01
2548,976,976,4,1,5666,2015-07-06 15:31:47.622,Depósito em espécie,42.5,976,5.45
2549,484,484,1,75,5235,2014-05-01 00:31:17.580,Depósito em espécie,69.19,484,103.52
2550,881,881,7,42,6674,2018-04-09 08:39:21.210,Compra Crédito,-6.62,881,103.71
2551,625,625,3,51,6103,2016-09-15 12:30:57.146,Compra Crédito,-18.67,625,1736.31
2552,157,157,1,80,4601,2012-08-05 13:21:03.950,Compra Crédito,-90.53,157,0.61
2553,992,992,2,82,5286,2014-06-21 09:57:50.719,Compra Crédito,-57.89,992,32689.53
2554,59,59,3,98,7135,2019-07-14 03:31:47.272,Compra Débito,-10.11,59,1.8
2555,41,41,1,32,7525,2020-08-07 09:17:55.540,Depósito em espécie,35.47,41,166.11
2556,669,669,5,58,5495,2015-01-16 19:11:21.109,Compra Crédito,-19.05,669,118.91
2557,650,650,7,42,7666,2020-12-26 13:39:54.055,Compra Débito,-21.68,650,61.92
2558,327,327,3,98,6799,2018-08-12 20:34:48.606,Compra Débito,-51.65,327,73.88
2559,399,399,7,33,7527,2020-08-09 20:07:26.332,Compra Crédito,-19.44,399,2064.69
2560,552,552,4,1,8359,2022-11-19 16:53:27.065,Compra Débito,-16.25,552,386.22
2561,744,744,7,7,8380,2022-12-10 00:11:06.399,Compra Crédito,-11.93,744,1041.45
2562,798,798,3,13,6909,2018-11-30 18:04:29.606,Compra Débito,-38.66,798,40174.06
2563,338,338,7,42,7870,2021-07-18 17:20:43.091,Pix - Realizado,-415.0,338,1187.02
2564,289,289,1,26,6523,2017-11-09 20:47:33.119,Compra Débito,-54.59,289,2.62
2565,922,922,7,100,6658,2018-03-24 13:37:09.478,Compra Crédito,-11.4,922,39.71
2566,201,201,7,71,8201,2022-06-14 14:32:38.761,Compra Crédito,-56.31,201,266.97
2567,490,490,2,70,4482,2012-04-08 18:35:50.048,Depósito em espécie,95.23,490,78.52
2568,590,590,7,71,7945,2021-10-01 23:32:18.226,Pix - Realizado,-423.7,590,375.29
2569,10,10,3,98,5827,2015-12-14 13:43:10.830,Compra Crédito,-164.69,10,8835.58
2570,486,486,7,33,8012,2021-12-07 10:56:03.488,Pix - Realizado,-215.5,486,648.28
2571,754,754,1,61,4269,2011-09-08 22:57:32.778,Compra Débito,-85.45,754,21.71
2572,341,341,1,80,7105,2019-06-14 11:10:11.181,Compra Débito,-14.16,341,5.66
2573,910,910,4,1,6606,2018-01-31 21:35:03.349,Compra Crédito,-15.24,910,79.63
2574,482,482,9,12,7976,2021-11-01 16:11:33.746,Compra Crédito,-5.02,482,205.69
2575,479,479,7,42,7384,2020-03-19 10:13:33.462,Compra Débito,-16.57,479,63.54
2576,735,735,7,7,6529,2017-11-15 08:16:32.396,Compra Débito,-220.85,735,43843.05
2577,117,117,4,57,5411,2014-10-24 21:03:46.196,Compra Crédito,-59.09,117,97.21
2578,331,331,7,71,7107,2019-06-16 12:04:15.960,DOC - Recebido,30655.0,331,32267.25
2579,476,476,2,95,4937,2013-07-07 22:21:44.456,Compra Débito,-3.64,476,234.35
2580,274,274,4,19,5346,2014-08-20 13:22:16.732,Compra Crédito,-58.75,274,16293.85
2581,222,222,6,22,6056,2016-07-30 17:12:41.688,Depósito em espécie,44.33,222,563.31
2582,939,939,2,70,8393,2022-12-23 04:41:39.603,Transferência entre CC - Débito,-261.6,939,85135.76
2583,735,735,7,7,6703,2018-05-08 04:21:18.069,Compra Débito,-14.84,735,43843.05
2584,705,705,7,42,8386,2022-12-16 05:49:45.438,Pix - Realizado,-725.8,705,89349.96
2585,935,935,7,14,6955,2019-01-15 23:13:53.265,Saque,-22.07,935,7894.24
2586,979,979,7,71,8398,2022-12-28 16:48:48.719,Pix - Realizado,-128.7,979,1006.13
2587,173,173,1,60,5193,2014-03-20 07:29:54.129,Compra Crédito,-301.38,173,140.11
2588,269,269,5,63,5604,2015-05-05 05:50:55.705,Compra Débito,-23.85,269,37274.48
2589,278,278,4,57,5544,2015-03-06 00:08:34.817,Compra Débito,-94.28,278,30.67
2590,204,204,7,100,7038,2019-04-08 12:20:10.393,Transferência entre CC - Débito,-132.8,204,104.32
2591,809,809,1,11,8087,2022-02-20 01:43:18.381,TED - Recebido,5605.0,809,6205.66
2592,377,377,2,29,8190,2022-06-03 21:42:57.933,Pix - Realizado,-150.8,377,7673.52
2593,165,165,7,42,7534,2020-08-16 05:41:45.720,Compra Débito,-19.65,165,537.34
2594,680,680,7,42,8122,2022-03-27 08:12:32.796,Compra Débito,-7.27,680,80.25
2595,995,995,7,33,6712,2018-05-17 21:48:25.040,Compra Crédito,-40.37,995,13383.67
2596,21,21,2,86,4591,2012-07-26 11:17:13.003,Depósito em espécie,63.57,21,74.17
2597,778,778,5,55,6204,2016-12-25 08:44:32.992,Depósito em espécie,31.65,778,86.63
2598,685,685,7,33,6187,2016-12-08 15:43:05.636,Compra Débito,-20.9,685,8.32
2599,932,932,2,81,5905,2016-03-01 06:42:14.755,Compra Crédito,-142.25,932,230.83
2600,331,331,7,71,7108,2019-06-17 03:28:32.075,Compra Crédito,-41.27,331,32267.25
2601,937,937,7,71,8236,2022-07-19 14:14:26.939,Compra Crédito,-46.52,937,22.3
2602,518,518,3,31,5420,2014-11-02 23:22:43.898,TED - Recebido,19595.0,518,20526.06
2603,192,192,7,14,6594,2018-01-19 23:41:25.963,Compra Débito,-50.94,192,4.49
2604,203,203,7,7,8178,2022-05-22 10:55:59.959,Compra Crédito,-49.36,203,737.33
2605,515,515,5,58,5957,2016-04-22 11:52:13.291,Compra Débito,-24.43,515,5657.69
2606,853,853,2,86,5516,2015-02-06 15:57:21.615,Compra Débito,-28.51,853,6738.14
2607,573,573,7,71,8306,2022-09-27 01:09:27.881,Compra Crédito,-66.83,573,21.88
2608,252,252,7,71,8170,2022-05-14 10:09:02.064,Compra Crédito,-24.31,252,474.02
2609,415,415,4,1,5396,2014-10-09 17:32:43.652,Compra Crédito,-46.15,415,19485.86
2610,542,542,7,71,5963,2016-04-28 06:51:16.465,Compra Crédito,-18.77,542,23.69
2611,127,127,5,34,5722,2015-08-31 21:10:43.047,Compra Débito,-9.69,127,163.93
2612,351,351,2,94,8107,2022-03-12 06:57:02.767,Transferência entre CC - Crédito,175.8,351,632.44
2613,603,603,4,35,7940,2021-09-26 04:24:45.799,Pix - Recebido,1757.1,603,329.45
2614,952,952,7,14,7109,2019-06-18 22:58:55.051,Compra Débito,-39.89,952,23583.77
2615,974,974,7,7,7661,2020-12-21 03:53:12.071,Pix - Recebido,149.5,974,372.33
2616,422,422,7,42,6398,2017-07-07 02:32:20.868,Compra Débito,-20.4,422,23.08
2617,951,951,7,33,6807,2018-08-20 03:39:59.722,Compra Débito,-91.29,951,9861.48
2618,876,876,7,7,7884,2021-08-01 03:39:40.414,Pix - Recebido,754.2,876,4540.25
2619,515,515,5,58,5957,2016-04-22 12:04:53.234,Saque,-288.0,515,5657.69
2620,695,695,1,36,6970,2019-01-30 06:00:13.401,Estorno de Debito,23.41,695,464.6
2621,42,42,7,14,7920,2021-09-06 10:58:55.986,Compra Crédito,-42.51,42,95.06
2622,513,513,7,33,6451,2017-08-29 19:22:06.351,Compra Crédito,-9.24,513,176.7
2623,224,224,7,7,8039,2022-01-03 11:51:40.341,Compra Débito,-41.44,224,297.78
2624,140,140,6,22,8172,2022-05-16 08:11:55.941,Compra Crédito,-54.54,140,533.87
2625,808,808,3,31,4979,2013-08-18 08:39:37.145,Compra Crédito,-13.84,808,5942.22
2626,127,127,5,34,5728,2015-09-06 17:43:23.019,Compra Débito,-50.83,127,163.93
2627,818,818,7,33,5886,2016-02-11 02:35:25.323,Compra Débito,-17.76,818,11.77
2628,28,28,2,76,6203,2016-12-24 04:50:50.144,Compra Débito,-55.01,28,2982.91
2629,464,464,3,13,5356,2014-08-30 05:55:37.008,Compra Débito,-15.04,464,16.34
2630,122,122,7,100,6710,2018-05-15 03:14:21.367,Compra Débito,-12.64,122,437.76
2631,960,960,1,39,7067,2019-05-07 05:49:57.512,Compra Crédito,-38.96,960,987.51
2632,157,157,1,80,4639,2012-09-12 02:10:11.685,Saque,-608.89,157,0.61
2633,780,780,8,6,6638,2018-03-04 08:39:35.660,Compra Crédito,-42.56,780,15.8
2634,977,977,7,14,7688,2021-01-17 20:19:17.971,Pix - Realizado,-131.3,977,7788.41
2635,587,587,7,33,7465,2020-06-08 19:11:59.218,Compra Débito,-107.66,587,9385.97
2636,287,287,7,42,6921,2018-12-12 05:54:29.749,Compra Débito,-61.34,287,41684.43
2637,364,364,3,16,8034,2021-12-29 11:23:35.591,Compra Débito,-42.26,364,1783.15
2638,945,945,8,89,6890,2018-11-11 01:35:54.669,DOC - Recebido,23055.0,945,21810.32
2639,7,7,6,48,8150,2022-04-24 21:20:26.176,Depósito em espécie,23.92,7,114.48
2640,34,34,2,78,5455,2014-12-07 05:24:21.029,Compra Débito,-5.68,34,26823.17
2641,827,827,6,88,7119,2019-06-28 13:26:16.586,Compra Crédito,-21.05,827,113.21
2642,343,343,3,98,7816,2021-05-25 21:15:04.936,Pix - Recebido,185.7,343,86.88
2643,867,867,2,70,4000,2010-12-13 19:44:46.705,Compra Débito,-7.77,867,15541.16
2644,637,637,9,68,8399,2022-12-29 00:15:49.211,Pix - Realizado,-67.3,637,1130.11
2645,269,269,5,63,5605,2015-05-06 06:10:52.474,Compra Crédito,-69.08,269,37274.48
2646,666,666,7,42,8167,2022-05-11 13:32:35.566,Pix - Realizado,-241.7,666,40437.53
2647,581,581,5,63,7652,2020-12-12 10:25:20.903,Pix - Recebido,977.5,581,346.66
2648,572,572,2,86,5522,2015-02-12 01:36:24.294,Depósito em espécie,41.25,572,7982.21
2649,481,481,7,42,8261,2022-08-13 14:34:57.969,Pagamento de boleto,-468.6,481,107.1
2650,716,716,1,36,7737,2021-03-07 14:57:21.484,Pix - Recebido,194.4,716,21.65
2651,130,130,3,16,5292,2014-06-27 02:20:03.880,Compra Crédito,-8.89,130,5172.38
2652,410,410,7,14,6796,2018-08-09 07:32:18.204,Compra Débito,-39.54,410,53033.04
2653,704,704,4,57,6140,2016-10-22 17:41:28.571,Saque,-174.33,704,25.39
2654,120,120,2,82,7047,2019-04-17 19:07:07.917,Depósito em espécie,85.86,120,7738.26
2655,680,680,7,42,8131,2022-04-05 02:52:46.356,Compra Crédito,-15.71,680,80.25
2656,861,861,4,57,6241,2017-01-31 17:33:06.219,Compra Crédito,-18.55,861,35.17
2657,727,727,3,91,8123,2022-03-28 14:25:38.758,Compra Crédito,-37.57,727,147.47
2658,745,745,3,51,6990,2019-02-19 16:16:12.069,Compra Crédito,-14.17,745,28080.44
2659,521,521,7,71,7231,2019-10-18 04:00:00.786,Compra Débito,-432.08,521,92.87
2660,249,249,2,24,6191,2016-12-12 06:06:01.103,Compra Débito,-8.9,249,45973.33
2661,821,821,7,71,8214,2022-06-27 13:57:54.176,Compra Crédito,-68.49,821,1325.06
2662,273,273,2,95,8251,2022-08-03 00:32:11.417,Saque,-128.89,273,2610.71
2663,382,382,7,7,7447,2020-05-21 03:38:11.158,Compra Crédito,-9.51,382,1.46
2664,44,44,9,59,7582,2020-10-03 18:39:13.195,Compra Crédito,-22.73,44,25295.97
2665,97,97,3,13,6335,2017-05-05 13:39:03.244,Compra Crédito,-123.34,97,9589.16
2666,209,209,7,14,6150,2016-11-01 06:45:09.078,Saque,-274.88,209,5.22
2667,611,611,6,48,8390,2022-12-20 04:12:32.986,Pix - Realizado,-126.7,611,24506.47
2668,833,833,7,14,8196,2022-06-09 04:22:25.009,Compra Crédito,-15.44,833,7112.52
2669,810,810,2,9,5518,2015-02-08 18:48:25.996,Compra Crédito,-10.51,810,125.43
2670,34,34,2,78,5455,2014-12-07 08:39:47.415,Compra Crédito,-19.98,34,26823.17
2671,369,369,1,72,7916,2021-09-02 16:01:32.779,Compra Crédito,-17.7,369,1153.14
2672,917,917,1,36,7513,2020-07-26 03:48:55.914,Compra Crédito,-51.54,917,245.39
2673,428,428,5,55,7223,2019-10-10 14:03:05.220,Compra Crédito,-5.73,428,51.82
2674,228,228,1,80,5667,2015-07-07 05:18:53.694,Compra Débito,-15.11,228,11.6
2675,151,151,7,100,6203,2016-12-24 09:14:27.357,Compra Crédito,-18.0,151,6.63
2676,241,241,5,15,7610,2020-10-31 06:31:25.376,Saque,-176.25,241,536.84
2677,322,322,6,88,7710,2021-02-08 23:43:22.846,Estorno de Debito,50.99,322,1350.65
2678,198,198,1,61,6644,2018-03-10 00:47:39.035,Compra Débito,-127.37,198,586.57
2679,71,71,8,5,8108,2022-03-13 15:02:11.967,Pagamento de boleto,-2591.2,71,24975.47
2680,143,143,7,7,7778,2021-04-17 05:24:13.005,Compra Débito,-68.93,143,309.11
2681,534,534,7,42,7879,2021-07-27 09:14:39.983,Pix - Realizado,-431.8,534,31.94
2682,664,664,5,55,6985,2019-02-14 16:38:58.410,TED - Recebido,6105.0,664,6275.18
2683,862,862,7,7,7701,2021-01-30 20:55:05.515,Depósito em espécie,480.27,862,707.31
2684,23,23,7,33,5769,2015-10-17 13:08:15.387,Compra Débito,-11.37,23,7554.2
2685,298,298,6,4,7669,2020-12-29 15:40:29.214,Compra Débito,-266.59,298,8507.51
2686,698,698,7,42,6141,2016-10-23 09:22:21.689,Compra Crédito,-26.08,698,944.35
2687,215,215,9,12,7854,2021-07-02 02:46:29.145,Depósito em espécie,64.16,215,35.15
2688,868,868,9,87,7822,2021-05-31 00:36:55.536,Pix - Realizado,-397.6,868,193.38
2689,246,246,2,86,4764,2013-01-15 12:38:00.511,Compra Crédito,-52.33,246,53774.09
2690,426,426,7,100,7753,2021-03-23 15:57:44.036,Compra Débito,-6.19,426,999.75
2691,985,985,7,33,7854,2021-07-02 06:18:51.056,Compra Crédito,-66.25,985,86.56
2692,147,147,7,42,7020,2019-03-21 01:03:07.032,Compra Débito,-10.24,147,11.06
2693,403,403,1,72,4840,2013-04-01 16:58:47.497,Compra Crédito,-5.06,403,649.18
2694,704,704,4,57,6147,2016-10-29 15:41:23.699,Compra Crédito,-14.48,704,25.39
2695,912,912,7,100,8333,2022-10-24 17:27:23.699,Pix - Recebido,707.3,912,23655.76
2696,252,252,7,71,8187,2022-05-31 11:34:53.627,Compra Crédito,-39.57,252,474.02
2697,204,204,7,100,7038,2019-04-08 19:44:59.695,Compra Débito,-102.93,204,104.32
2698,122,122,7,100,6710,2018-05-15 11:34:57.045,Depósito em espécie,57.67,122,437.76
2699,895,895,7,14,5897,2016-02-22 01:52:36.161,Compra Crédito,-54.93,895,386.08
2700,321,321,7,7,5764,2015-10-12 06:24:13.209,Compra Crédito,-11.21,321,128.46
2701,695,695,1,36,6984,2019-02-13 01:09:05.530,Compra Débito,-20.44,695,464.6
2702,184,184,5,49,7579,2020-09-30 20:04:13.419,Compra Crédito,-7.9,184,41.16
2703,499,499,7,7,6597,2018-01-22 00:04:14.255,Depósito em espécie,37.21,499,22.94
2704,604,604,7,14,6408,2017-07-17 11:44:38.168,Compra Débito,-46.08,604,5498.85
2705,857,857,2,70,5321,2014-07-26 17:41:01.814,Compra Crédito,-93.0,857,11040.58
2706,617,617,7,33,8142,2022-04-16 22:26:43.605,Compra Crédito,-5.1,617,189.04
2707,993,993,7,14,7212,2019-09-29 18:24:28.224,Depósito em espécie,71.11,993,33.5
2708,236,236,4,19,6093,2016-09-05 05:25:19.662,Compra Crédito,-53.29,236,20614.17
2709,350,350,7,7,6333,2017-05-03 02:04:24.472,Compra Débito,-24.22,350,91.18
2710,577,577,1,61,7604,2020-10-25 05:46:04.335,Compra Débito,-20.77,577,9772.11
2711,809,809,1,11,8107,2022-03-12 15:28:29.844,Compra Débito,-16.59,809,6205.66
2712,254,254,7,100,8381,2022-12-11 16:02:44.264,Compra Crédito,-61.95,254,980.6
2713,287,287,7,42,6942,2019-01-02 16:01:17.494,Compra Débito,-23.45,287,41684.43
2714,525,525,7,71,8241,2022-07-24 02:37:23.778,Compra Débito,-8.52,525,24.17
2715,579,579,7,33,7124,2019-07-03 19:05:35.376,Compra Débito,-25.55,579,399.38
2716,399,399,7,33,7527,2020-08-09 22:46:26.879,Compra Crédito,-46.43,399,2064.69
2717,533,533,7,14,7212,2019-09-29 12:09:24.168,Compra Crédito,-8.86,533,219.27
2718,138,138,2,84,5347,2014-08-21 22:13:17.428,Compra Crédito,-88.96,138,19.91
2719,457,457,7,7,7356,2020-02-20 11:21:17.118,Compra Débito,-109.39,457,1.81
2720,832,832,7,33,6225,2017-01-15 21:28:36.981,Compra Crédito,-79.11,832,87.14
2721,625,625,3,51,6138,2016-10-20 10:05:40.069,Depósito em espécie,145.32,625,1736.31
2722,320,320,4,19,5370,2014-09-13 05:43:59.494,Compra Débito,-86.45,320,14108.84
2723,830,830,1,18,5561,2015-03-23 01:21:38.081,Depósito em espécie,43.1,830,16.28
2724,746,746,7,100,7987,2021-11-12 20:41:54.005,Compra Crédito,-16.88,746,2182.45
2725,813,813,2,81,5496,2015-01-17 22:09:21.360,Compra Crédito,-20.04,813,21054.94
2726,190,190,7,14,8281,2022-09-02 13:03:44.269,Compra Débito,-21.47,190,97.54
2727,211,211,9,59,8398,2022-12-28 22:14:25.880,Depósito em espécie,13.41,211,0.59
2728,29,29,3,98,7307,2020-01-02 05:04:10.157,Compra Crédito,-26.83,29,424.41
2729,869,869,3,98,7742,2021-03-12 03:14:39.162,Pix - Recebido,587.5,869,135.54
2730,870,870,7,42,7926,2021-09-12 12:30:54.861,Compra Débito,-11.71,870,252.45
2731,444,444,7,14,6167,2016-11-18 03:31:34.307,Compra Crédito,-45.55,444,10255.04
2732,636,636,1,39,4911,2013-06-11 09:59:32.060,Compra Crédito,-36.18,636,34782.8
2733,826,826,7,71,6425,2017-08-03 22:44:31.099,Depósito em espécie,59.58,826,181.92
2734,361,361,7,100,5995,2016-05-30 01:01:13.659,Compra Débito,-51.15,361,43014.06
2735,609,609,7,14,7827,2021-06-05 02:43:02.153,DOC - Recebido,6060.0,609,4968.54
2736,511,511,10,17,8180,2022-05-24 21:27:56.236,Compra Crédito,-27.03,511,128.53
2737,711,711,8,47,6790,2018-08-03 02:59:35.620,Compra Crédito,-33.5,711,14.31
2738,219,219,7,14,7295,2019-12-21 19:20:22.790,Depósito em espécie,65.4,219,212159.56
2739,27,27,7,42,7216,2019-10-03 20:35:50.548,Compra Crédito,-21.47,27,44370.52
2740,574,574,6,28,5917,2016-03-13 13:31:25.686,Compra Crédito,-19.74,574,1.9
2741,925,925,9,74,7555,2020-09-06 11:38:12.769,Compra Débito,-55.85,925,4860.91
2742,950,950,3,31,6427,2017-08-05 11:24:49.219,Estorno de Debito,20.32,950,9658.42
2743,441,441,4,35,7559,2020-09-10 10:50:39.380,Compra Débito,-86.25,441,879.91
2744,933,933,8,41,7758,2021-03-28 01:16:04.335,Depósito em espécie,68.03,933,322.81
2745,69,69,2,90,7278,2019-12-04 02:32:04.172,DOC - Recebido,20640.0,69,20300.68
2746,139,139,6,22,5982,2016-05-17 15:51:19.079,Saque,-107.49,139,82508.39
2747,879,879,3,31,4718,2012-11-30 16:36:26.314,Compra Débito,-37.08,879,4.04
2748,313,313,2,76,7302,2019-12-28 08:09:36.299,TED - Recebido,68290.0,313,71620.68
2749,471,471,7,14,8051,2022-01-15 18:26:57.927,Compra Crédito,-45.79,471,9465.57
2750,722,722,7,7,7007,2019-03-08 20:51:15.894,Compra Crédito,-49.23,722,6971.66
2751,235,235,2,94,5273,2014-06-08 13:24:09.094,Compra Crédito,-62.44,235,23770.63
2752,88,88,7,71,6832,2018-09-14 11:20:41.322,Saque,-450.36,88,186.23
2753,710,710,7,42,6210,2016-12-31 10:37:18.424,Compra Crédito,-46.01,710,38354.24
2754,725,725,7,71,7086,2019-05-26 16:49:33.143,Depósito em espécie,12.8,725,557.09
2755,798,798,3,13,6930,2018-12-21 06:34:45.440,Compra Crédito,-21.67,798,40174.06
2756,897,897,7,33,6521,2017-11-07 00:27:52.876,Depósito em espécie,36.55,897,84.61
2757,786,786,7,14,6532,2017-11-18 10:26:36.876,Compra Débito,-46.04,786,16.42
2758,326,326,7,100,8363,2022-11-23 14:38:14.618,Pix - Realizado,-106.8,326,3626.75
2759,305,305,7,71,7779,2021-04-18 22:15:29.417,Compra Crédito,-37.44,305,109.4
2760,627,627,7,33,6375,2017-06-14 21:21:18.595,Compra Crédito,-26.39,627,1.39
2761,24,24,6,54,5774,2015-10-22 04:29:16.312,Compra Crédito,-45.77,24,129.36
2762,645,645,7,71,8366,2022-11-26 17:12:30.542,Saque,-208.12,645,41775.87
2763,337,337,7,100,6619,2018-02-13 08:18:49.721,Compra Crédito,-5.49,337,14854.02
2764,859,859,7,100,8111,2022-03-16 15:32:50.618,Pix - Realizado,-65.5,859,586.87
2765,358,358,3,51,6982,2019-02-11 11:40:46.405,Compra Débito,-12.38,358,143.47
2766,343,343,3,98,7818,2021-05-27 11:50:07.478,Pix - Realizado,-334.4,343,86.88
2767,841,841,5,63,5316,2014-07-21 17:58:26.305,Compra Crédito,-81.56,841,1.02
2768,653,653,7,71,7308,2020-01-03 04:52:02.696,Compra Crédito,-14.96,653,24.9
2769,253,253,7,14,6568,2017-12-24 03:28:13.276,Compra Crédito,-64.43,253,4.95
2770,995,995,7,33,6712,2018-05-17 22:48:14.903,DOC - Recebido,13865.0,995,13383.67
2771,215,215,9,12,7854,2021-07-02 09:14:53.930,Compra Crédito,-80.93,215,35.15
2772,34,34,2,78,5455,2014-12-07 12:35:15.345,Depósito em espécie,27.58,34,26823.17
2773,664,664,5,55,6986,2019-02-15 05:16:07.690,Compra Débito,-27.43,664,6275.18
2774,504,504,7,42,7044,2019-04-14 06:21:03.439,Compra Débito,-109.09,504,941.58
2775,755,755,7,42,6760,2018-07-04 18:00:59.027,Compra Crédito,-99.02,755,25.99
2776,225,225,4,57,6519,2017-11-05 00:59:04.534,Compra Crédito,-8.64,225,36.51
2777,118,118,1,32,6885,2018-11-06 12:17:07.811,Compra Crédito,-17.47,118,11.03
2778,152,152,7,42,8383,2022-12-13 04:34:21.676,Saque,-46.37,152,209.11
2779,798,798,3,13,6930,2018-12-21 20:29:29.617,Compra Crédito,-171.98,798,40174.06
2780,218,218,5,15,5684,2015-07-24 22:43:17.166,Compra Crédito,-105.74,218,323.81
2781,914,914,5,55,5551,2015-03-13 22:52:25.465,Compra Crédito,-20.69,914,7492.2
2782,962,962,7,14,6857,2018-10-09 05:50:57.529,Compra Crédito,-16.9,962,946.66
2783,511,511,10,17,8240,2022-07-23 04:47:06.832,Compra Crédito,-19.16,511,128.53
2784,536,536,4,45,5592,2015-04-23 16:04:59.414,Compra Crédito,-14.58,536,14.4
2785,338,338,7,42,7920,2021-09-06 18:00:50.611,Compra Crédito,-18.25,338,1187.02
2786,171,171,7,33,7443,2020-05-17 08:58:48.710,Transferência entre CC - Crédito,173.0,171,548.91
2787,473,473,7,71,7077,2019-05-17 17:48:38.947,Compra Crédito,-66.61,473,353.47
2788,133,133,9,93,7386,2020-03-21 02:16:41.871,Compra Crédito,-27.37,133,41.65
2789,966,966,7,14,7906,2021-08-23 22:26:42.671,Compra Crédito,-4.27,966,1425.28
2790,872,872,7,71,6850,2018-10-02 18:50:03.011,Compra Crédito,-50.09,872,4227.81
2791,915,915,7,14,5823,2015-12-10 08:10:38.880,Compra Débito,-10.33,915,134.73
2792,762,762,7,42,7087,2019-05-27 16:23:44.562,Compra Débito,-31.92,762,723.01
2793,174,174,8,52,6971,2019-01-31 02:28:01.440,Compra Débito,-17.24,174,29.3
2794,726,726,3,91,6878,2018-10-30 23:33:25.024,Compra Crédito,-39.32,726,30.63
2795,236,236,4,19,6116,2016-09-28 19:30:47.563,Compra Débito,-13.2,236,20614.17
2796,21,21,2,86,4591,2012-07-26 11:18:11.530,Depósito em espécie,47.27,21,74.17
2797,230,230,7,7,7619,2020-11-09 08:44:25.073,Saque,-54.29,230,2378.15
2798,145,145,3,31,8351,2022-11-11 14:27:09.596,Pix - Recebido,140.1,145,321.91
2799,692,692,3,31,7307,2020-01-02 05:49:00.824,Compra Débito,-60.67,692,2.06
2800,543,543,8,10,7741,2021-03-11 21:13:20.527,Compra Crédito,-94.67,543,566.44
2801,715,715,8,23,8234,2022-07-17 18:39:02.672,Compra Crédito,-4.91,715,1222.03
2802,862,862,7,7,7701,2021-01-30 23:43:05.541,Compra Débito,-17.16,862,707.31
2803,259,259,3,51,7523,2020-08-05 12:58:00.333,Compra Crédito,-156.62,259,7590.37
2804,171,171,7,33,7443,2020-05-17 09:00:03.395,Compra Débito,-24.88,171,548.91
2805,597,597,2,94,7489,2020-07-02 14:19:10.105,Transferência entre CC - Crédito,1345.9,597,404.1
2806,25,25,8,23,8282,2022-09-03 05:02:51.406,Compra Crédito,-4.1,25,29.89
2807,919,919,7,14,6474,2017-09-21 21:36:01.544,Compra Crédito,-51.04,919,137.51
2808,698,698,7,42,6149,2016-10-31 14:08:20.527,Compra Débito,-86.04,698,944.35
2809,168,168,7,100,6782,2018-07-26 14:49:48.927,Compra Crédito,-77.09,168,1688.88
2810,891,891,7,33,6579,2018-01-04 19:01:41.127,Compra Crédito,-57.41,891,218.62
2811,390,390,7,14,8046,2022-01-10 13:52:26.409,TED - Recebido,29930.0,390,30642.59
2812,413,413,8,6,8341,2022-11-01 16:41:57.740,Compra Débito,-59.8,413,928.5
2813,801,801,7,100,7283,2019-12-09 21:12:35.987,Compra Débito,-32.06,801,37311.12
2814,772,772,3,16,5114,2013-12-31 23:28:31.452,Compra Crédito,-21.08,772,816.66
2815,795,795,4,35,7275,2019-12-01 17:47:52.963,Compra Crédito,-71.69,795,163.77
2816,345,345,5,43,7262,2019-11-18 03:37:40.094,Compra Crédito,-13.58,345,7.54
2817,97,97,3,13,7352,2020-02-16 01:38:50.828,Compra Crédito,-24.97,97,9589.16
2818,856,856,7,33,7817,2021-05-26 13:27:52.121,Estorno de Debito,10.22,856,19.22
2819,797,797,3,13,6419,2017-07-28 01:20:17.199,Compra Crédito,-29.23,797,1456.93
2820,243,243,5,49,7808,2021-05-17 02:26:43.459,Pix - Recebido,898.1,243,1150.34
2821,927,927,7,33,6436,2017-08-14 05:54:34.202,Compra Débito,-70.19,927,25.34
2822,821,821,7,71,8214,2022-06-27 14:00:08.713,Pix - Realizado,-75.8,821,1325.06
2823,832,832,7,33,6226,2017-01-16 01:53:16.955,Saque,-83.43,832,87.14
2824,781,781,1,36,7983,2021-11-08 00:36:49.190,Compra Crédito,-12.09,781,19.25
2825,689,689,2,84,4901,2013-06-01 16:36:46.580,Compra Crédito,-16.25,689,27162.12
2826,992,992,2,82,5286,2014-06-21 10:29:28.979,Compra Débito,-36.44,992,32689.53
2827,526,526,3,51,7948,2021-10-04 00:54:52.860,Pix - Recebido,3170.8,526,2246.83
2828,635,635,1,3,6291,2017-03-22 02:55:37.180,Compra Crédito,-9.59,635,5673.71
2829,484,484,1,75,5260,2014-05-26 11:14:51.122,Compra Crédito,-56.93,484,103.52
2830,991,991,4,57,6089,2016-09-01 10:02:45.638,Compra Débito,-17.77,991,430.16
2831,273,273,2,95,8255,2022-08-07 12:32:32.150,Depósito em espécie,61.79,273,2610.71
2832,555,555,5,49,7665,2020-12-25 16:23:28.812,Compra Débito,-52.46,555,1819.41
2833,723,723,7,14,6141,2016-10-23 06:53:14.366,Compra Crédito,-77.36,723,1361.01
2834,13,13,8,38,7336,2020-01-31 08:08:54.289,Compra Débito,-29.95,13,28351.16
2835,578,578,7,7,8305,2022-09-26 08:26:00.371,Compra Crédito,-36.48,578,815.65
2836,762,762,7,42,7125,2019-07-04 09:36:47.929,Compra Crédito,-33.64,762,723.01
2837,342,342,7,33,5737,2015-09-15 06:58:03.932,Compra Crédito,-18.64,342,44.69
2838,437,437,7,42,8259,2022-08-11 10:16:42.939,Compra Débito,-159.4,437,67.32
2839,509,509,4,35,8011,2021-12-06 14:43:41.054,Pix - Realizado,-573.0,509,783.41
2840,750,750,4,19,5938,2016-04-03 16:39:50.642,Compra Crédito,-28.06,750,1945.52
2841,541,541,1,62,6232,2017-01-22 08:20:42.606,Compra Crédito,-12.62,541,115.7
2842,988,988,6,28,8009,2021-12-04 23:58:51.836,Pix - Recebido,499.1,988,155.68
2843,817,817,7,100,6700,2018-05-05 11:11:17.008,Compra Débito,-41.69,817,19329.08
2844,997,997,2,85,7611,2020-11-01 06:35:55.536,Compra Crédito,-65.36,997,15973.33
2845,873,873,6,44,7678,2021-01-07 18:06:15.544,Compra Débito,-73.41,873,6549.26
2846,188,188,8,10,6729,2018-06-03 01:44:44.417,Depósito em espécie,89.68,188,84.9
2847,867,867,2,70,4060,2011-02-11 14:02:08.667,DOC - Recebido,14500.0,867,15541.16
2848,958,958,6,40,5617,2015-05-18 07:46:35.379,Compra Crédito,-9.48,958,72.3
2849,952,952,7,14,7109,2019-06-18 23:06:03.135,Compra Crédito,-24.67,952,23583.77
2850,999,999,7,42,7546,2020-08-28 19:02:18.646,Compra Débito,-32.96,999,11.44
2851,846,846,8,23,8167,2022-05-11 23:41:34.838,Pix - Realizado,-814.2,846,2090.0
2852,252,252,7,71,8188,2022-06-01 09:24:01.941,Pix - Recebido,162.0,252,474.02
2853,175,175,3,13,4741,2012-12-23 17:38:49.927,Compra Crédito,-5.86,175,79.74
2854,143,143,7,7,7778,2021-04-17 07:16:17.313,Compra Crédito,-31.39,143,309.11
2855,358,358,3,51,6984,2019-02-13 13:53:50.487,Compra Débito,-85.09,358,143.47
2856,608,608,2,82,4077,2011-02-28 05:19:27.382,Compra Crédito,-14.47,608,8.94
2857,769,769,7,71,6893,2018-11-14 11:12:14.894,TED - Recebido,38930.0,769,40499.55
2858,808,808,3,31,4986,2013-08-25 12:39:09.892,Depósito em espécie,12.27,808,5942.22
2859,544,544,7,71,7286,2019-12-12 16:16:44.676,Compra Débito,-11.36,544,14855.02
2860,485,485,3,13,4938,2013-07-08 01:28:56.935,Compra Crédito,-13.01,485,272.31
2861,443,443,7,14,5947,2016-04-12 08:16:09.235,Compra Crédito,-89.37,443,37.09
2862,219,219,7,14,7295,2019-12-21 20:02:26.655,Compra Crédito,-99.87,219,212159.56
2863,247,247,7,42,5901,2016-02-26 04:57:03.318,Compra Crédito,-13.49,247,2451.09
2864,645,645,7,71,8366,2022-11-26 21:21:23.676,Pix - Realizado,-392.5,645,41775.87
2865,160,160,3,98,4850,2013-04-11 14:21:41.629,Compra Crédito,-47.89,160,20533.29
2866,741,741,7,100,7472,2020-06-15 01:45:36.872,Compra Crédito,-63.99,741,691.71
2867,707,707,7,33,6082,2016-08-25 22:37:56.228,Compra Crédito,-22.36,707,258.79
2868,779,779,9,83,7785,2021-04-24 15:36:56.422,Depósito em espécie,114.08,779,2128.75
2869,242,242,7,14,7114,2019-06-23 04:54:35.525,Compra Débito,-2.51,242,2838.61
2870,64,64,7,100,8214,2022-06-27 03:42:26.235,Pix - Realizado,-93.3,64,682.16
2871,533,533,7,14,7212,2019-09-29 21:47:51.308,Compra Crédito,-26.1,533,219.27
2872,544,544,7,71,7288,2019-12-14 22:50:41.639,Compra Débito,-20.31,544,14855.02
2873,178,178,9,20,8126,2022-03-31 12:02:21.983,Saque,-251.5,178,1437.96
2874,297,297,1,32,7948,2021-10-04 13:29:57.658,Compra Débito,-21.75,297,55701.51
2875,854,854,6,96,7736,2021-03-06 04:54:46.595,Compra Débito,-18.22,854,2489.45
2876,127,127,5,34,5737,2015-09-15 16:15:10.474,Compra Crédito,-15.44,127,163.93
2877,268,268,4,19,6651,2018-03-17 01:39:04.678,Compra Crédito,-10.32,268,25.63
2878,554,554,1,75,6513,2017-10-30 15:28:59.775,Compra Débito,-35.09,554,25.68
2879,454,454,1,26,5140,2014-01-26 21:25:13.663,Compra Débito,-8.98,454,21390.15
2880,118,118,1,32,6887,2018-11-08 16:54:11.576,Compra Crédito,-22.18,118,11.03
2881,442,442,7,71,8383,2022-12-13 23:37:48.377,Compra Débito,-64.29,442,304.61
2882,693,693,7,33,6192,2016-12-13 11:12:59.847,Compra Débito,-26.67,693,2.12
2883,987,987,7,33,6481,2017-09-28 12:41:09.168,Saque,-49.68,987,32.6
2884,938,938,6,88,6831,2018-09-13 20:19:43.458,Compra Crédito,-39.46,938,1588.2
2885,941,941,7,7,6188,2016-12-09 21:53:47.685,Compra Débito,-62.31,941,35080.31
2886,2,2,7,100,7711,2021-02-09 11:27:18.860,Saque,-125.76,2,43.3
2887,772,772,3,16,5115,2014-01-01 06:13:45.932,Compra Débito,-220.08,772,816.66
2888,413,413,8,6,8341,2022-11-01 17:02:47.981,Compra Crédito,-15.31,413,928.5
2889,400,400,5,2,6034,2016-07-08 09:57:43.042,Compra Crédito,-32.75,400,234.12
2890,276,276,5,15,6211,2017-01-01 04:08:54.738,Compra Crédito,-81.3,276,40158.27
2891,79,79,4,35,5135,2014-01-21 21:38:25.128,Compra Crédito,-86.26,79,219.09
2892,95,95,7,14,8391,2022-12-21 19:59:48.087,Compra Débito,-55.75,95,42.88
2893,211,211,9,59,8399,2022-12-29 08:28:46.122,Depósito em espécie,60.02,211,0.59
2894,545,545,7,7,7242,2019-10-29 14:48:20.811,Saque,-340.7,545,32664.41
2895,422,422,7,42,6401,2017-07-10 03:02:12.083,Compra Crédito,-10.65,422,23.08
2896,939,939,2,70,8394,2022-12-24 01:10:46.091,Compra Crédito,-40.87,939,85135.76
2897,621,621,7,42,7360,2020-02-24 22:24:53.957,Compra Débito,-33.86,621,697.1
2898,189,189,7,7,7271,2019-11-27 13:54:52.364,Compra Crédito,-21.66,189,25382.15
2899,733,733,6,4,8057,2022-01-21 12:56:50.610,Compra Débito,-19.95,733,1849.3
2900,179,179,3,98,4682,2012-10-25 04:55:33.145,Depósito em espécie,26.79,179,57273.21
2901,677,677,7,33,7013,2019-03-14 21:26:35.978,Compra Débito,-27.89,677,11911.95
2902,268,268,4,19,6661,2018-03-27 16:19:30.148,Compra Débito,-27.08,268,25.63
2903,575,575,5,58,7324,2020-01-19 12:44:48.363,Compra Crédito,-65.92,575,426.34
2904,282,282,7,42,5858,2016-01-14 11:09:14.419,Compra Crédito,-27.33,282,12427.22
2905,371,371,7,100,6126,2016-10-08 23:34:32.173,Compra Débito,-40.8,371,45.64
2906,517,517,4,35,8205,2022-06-18 18:05:11.384,Compra Crédito,-29.8,517,102.72
2907,207,207,4,57,6434,2017-08-12 04:53:29.818,Depósito em espécie,49.15,207,200.61
2908,661,661,5,55,5796,2015-11-13 08:14:57.591,Saque,-38.93,661,6239.1
2909,612,612,6,54,6158,2016-11-09 09:38:02.528,Compra Débito,-16.43,612,18531.99
2910,87,87,7,100,7687,2021-01-16 22:57:55.819,Saque,-86.97,87,1554.82
2911,113,113,7,100,8111,2022-03-16 09:03:06.753,Compra Débito,-33.48,113,1153.95
2912,512,512,5,55,6306,2017-04-06 21:12:05.771,Compra Débito,-8.52,512,10.77
2913,581,581,5,63,7654,2020-12-14 03:18:19.226,Compra Crédito,-10.27,581,346.66
2914,749,749,5,50,5638,2015-06-08 22:58:16.121,Compra Débito,-17.52,749,49928.0
2915,128,128,8,6,7008,2019-03-09 15:02:35.192,Compra Crédito,-43.43,128,44201.24
2916,81,81,7,71,7377,2020-03-12 04:20:53.303,Compra Crédito,-53.46,81,123.08
2917,207,207,4,57,6435,2017-08-13 01:32:36.498,Compra Débito,-24.2,207,200.61
2918,526,526,3,51,7956,2021-10-12 02:28:07.533,Compra Crédito,-34.14,526,2246.83
2919,456,456,3,13,5141,2014-01-27 13:59:25.413,Compra Crédito,-33.14,456,60535.86
2920,523,523,7,14,6963,2019-01-23 05:57:35.010,Compra Crédito,-5.45,523,5.67
2921,177,177,3,16,4526,2012-05-22 06:29:23.191,Compra Crédito,-20.91,177,43.44
2922,185,185,3,51,5550,2015-03-12 10:22:03.441,Depósito em espécie,24.92,185,17.06
2923,750,750,4,19,5939,2016-04-04 03:45:40.530,Transferência entre CC - Crédito,645.8,750,1945.52
2924,39,39,2,84,5486,2015-01-07 22:10:51.770,Compra Crédito,-15.88,39,41879.26
2925,899,899,1,92,7742,2021-03-12 14:56:09.071,Pix - Realizado,-617.7,899,6.64
2926,931,931,7,42,6680,2018-04-15 04:27:14.079,Compra Crédito,-28.96,931,79.3
2927,968,968,5,55,5365,2014-09-08 13:12:02.301,Compra Crédito,-102.25,968,7480.46
2928,185,185,3,51,5550,2015-03-12 12:40:54.978,Compra Débito,-47.4,185,17.06
2929,869,869,3,98,7742,2021-03-12 08:16:28.244,Pix - Recebido,57.0,869,135.54
2930,568,568,7,71,6565,2017-12-21 06:43:07.538,Compra Débito,-9.24,568,25.73
2931,29,29,3,98,7400,2020-04-04 06:50:01.946,Compra Débito,-60.12,29,424.41
2932,377,377,2,29,8193,2022-06-06 07:37:11.843,Pix - Recebido,308.2,377,7673.52
2933,615,615,4,1,6899,2018-11-20 05:29:47.877,Compra Débito,-29.11,615,415.48
2934,362,362,2,85,6199,2016-12-20 13:41:54.092,Compra Débito,-42.22,362,24.48
2935,283,283,4,19,5529,2015-02-19 08:08:14.990,Compra Crédito,-24.94,283,3416.3
2936,427,427,6,4,7461,2020-06-04 17:26:08.399,Compra Crédito,-36.64,427,54.63
2937,175,175,3,13,4742,2012-12-24 03:05:57.163,Compra Crédito,-36.35,175,79.74
2938,217,217,4,57,5087,2013-12-04 13:16:41.726,Compra Crédito,-26.84,217,3307.79
2939,463,463,7,100,8089,2022-02-22 05:32:40.923,Pix - Recebido,242.8,463,848.28
2940,367,367,8,52,6985,2019-02-14 01:57:21.407,Compra Crédito,-30.38,367,44.42
2941,986,986,3,98,7165,2019-08-13 13:18:48.457,Compra Débito,-32.92,986,13317.02
2942,793,793,7,71,8399,2022-12-29 02:59:38.150,Compra Crédito,-112.18,793,136.29
2943,270,270,2,95,6328,2017-04-28 09:45:32.619,Compra Crédito,-48.28,270,10603.62
2944,146,146,1,80,4146,2011-05-08 18:13:46.885,Compra Débito,-47.87,146,708.81
2945,907,907,7,100,5979,2016-05-14 07:57:35.367,Depósito em espécie,67.87,907,76.9
2946,889,889,3,91,6366,2017-06-05 02:58:15.169,Compra Débito,-17.49,889,4872.02
2947,878,878,6,40,7073,2019-05-13 00:49:22.022,Compra Débito,-52.66,878,1.44
2948,121,121,7,71,6429,2017-08-07 23:41:46.902,Depósito em espécie,5.5,121,129.51
2949,343,343,3,98,7839,2021-06-17 16:47:05.018,Pix - Realizado,-664.5,343,86.88
2950,979,979,7,71,8399,2022-12-29 05:59:54.871,Pix - Realizado,-137.9,979,1006.13
2951,193,193,7,7,6299,2017-03-30 06:48:36.561,Compra Crédito,-32.55,193,38.58
2952,759,759,1,80,8235,2022-07-18 09:21:02.996,Pix - Recebido,2247.4,759,339.17
2953,325,325,1,92,4018,2010-12-31 15:41:09.572,Depósito em espécie,100.28,325,76.91
2954,719,719,3,51,8060,2022-01-24 14:20:49.524,Compra Débito,-55.09,719,392.74
2955,13,13,8,38,7337,2020-02-01 02:31:39.556,TED - Recebido,6815.0,13,28351.16
2956,230,230,7,7,7619,2020-11-09 09:32:45.981,Compra Débito,-7.5,230,2378.15
2957,934,934,1,26,5533,2015-02-23 01:47:59.381,Depósito em espécie,100.63,934,17360.35
2958,302,302,7,71,7438,2020-05-12 18:47:32.461,Compra Débito,-73.65,302,1444.94
2959,833,833,7,14,8199,2022-06-12 18:57:09.513,Compra Crédito,-10.65,833,7112.52
2960,159,159,7,7,6982,2019-02-11 16:00:39.721,Depósito em espécie,45.97,159,53761.86
2961,246,246,2,86,4764,2013-01-15 12:52:07.378,Compra Débito,-51.82,246,53774.09
2962,331,331,7,71,7108,2019-06-17 04:16:29.544,Compra Débito,-54.84,331,32267.25
2963,318,318,3,91,7492,2020-07-05 23:22:27.333,Compra Débito,-17.58,318,43585.91
2964,27,27,7,42,7216,2019-10-03 22:39:44.443,Compra Débito,-13.46,27,44370.52
2965,862,862,7,7,7703,2021-02-01 22:41:08.931,Compra Crédito,-42.39,862,707.31
2966,476,476,2,95,4938,2013-07-08 13:10:55.898,Compra Crédito,-16.44,476,234.35
2967,508,508,4,1,6876,2018-10-28 06:25:41.148,Compra Débito,-18.63,508,1454.88
2968,641,641,7,100,7573,2020-09-24 22:04:28.864,Compra Débito,-93.36,641,5294.41
2969,933,933,8,41,7758,2021-03-28 06:19:31.404,Compra Crédito,-97.76,933,322.81
2970,903,903,7,71,6837,2018-09-19 07:25:05.663,Compra Crédito,-39.95,903,69.48
2971,303,303,3,51,5376,2014-09-19 05:19:21.245,Compra Débito,-32.97,303,318.88
2972,192,192,7,14,6595,2018-01-20 03:58:04.161,Compra Débito,-7.0,192,4.49
2973,817,817,7,100,6708,2018-05-13 00:06:30.214,Compra Débito,-46.91,817,19329.08
2974,935,935,7,14,6959,2019-01-19 19:03:24.987,Depósito em espécie,12.51,935,7894.24
2975,640,640,7,71,7627,2020-11-17 11:00:04.177,Pix - Realizado,-195.8,640,418.19
2976,202,202,7,100,6209,2016-12-30 19:53:12.776,Compra Débito,-4.55,202,49.02
2977,954,954,7,33,6664,2018-03-30 08:22:44.126,Compra Crédito,-173.64,954,115.38
2978,411,411,1,75,4729,2012-12-11 17:45:48.853,DOC - Recebido,56130.0,411,53894.21
2979,582,582,7,42,7832,2021-06-10 10:19:53.866,Compra Débito,-34.23,582,41301.32
2980,583,583,7,33,7124,2019-07-03 22:48:49.975,Compra Crédito,-50.01,583,12.56
2981,48,48,7,100,8400,2022-12-30 08:02:55.312,Compra Débito,-76.96,48,557.6
2982,511,511,10,17,8240,2022-07-23 05:05:35.469,Depósito em espécie,62.21,511,128.53
2983,574,574,6,28,5927,2016-03-23 05:35:52.526,Compra Crédito,-19.44,574,1.9
2984,211,211,9,59,8399,2022-12-29 12:20:24.939,Depósito em espécie,17.07,211,0.59
2985,551,551,1,32,6112,2016-09-24 15:13:45.047,Compra Crédito,-41.69,551,33084.37
2986,215,215,9,12,7855,2021-07-03 01:58:21.467,Pix - Recebido,157.6,215,35.15
2987,472,472,7,7,6823,2018-09-05 07:38:39.978,Compra Crédito,-91.48,472,206.59
2988,576,576,7,14,6048,2016-07-22 22:58:18.293,Compra Crédito,-31.57,576,5024.21
2989,551,551,1,32,6120,2016-10-02 10:22:04.334,Depósito em espécie,12.34,551,33084.37
2990,129,129,1,32,8235,2022-07-18 21:55:00.542,Pix - Recebido,253.3,129,634.74
2991,412,412,7,42,6822,2018-09-04 05:33:48.534,Compra Crédito,-16.43,412,31263.77
2992,562,562,10,30,8020,2021-12-15 11:40:26.539,Compra Crédito,-32.03,562,1204.78
2993,973,973,7,42,7734,2021-03-04 22:24:11.222,Compra Débito,-18.28,973,873.74
2994,305,305,7,71,7779,2021-04-18 22:30:38.433,Compra Débito,-8.48,305,109.4
2995,159,159,7,7,7076,2019-05-16 16:37:09.392,Compra Crédito,-10.86,159,53761.86
2996,688,688,7,42,6619,2018-02-13 16:00:42.997,Compra Crédito,-6.91,688,228.81
2997,818,818,7,33,5996,2016-05-31 00:48:43.141,Compra Crédito,-7.63,818,11.77
2998,222,222,6,22,6057,2016-07-31 08:17:27.735,Compra Crédito,-62.95,222,563.31
2999,298,298,6,4,7669,2020-12-29 22:09:43.546,Depósito em espécie,22.66,298,8507.51
3000,326,326,7,100,8367,2022-11-27 04:13:47.848,TED - Recebido,3880.0,326,3626.75
3001,997,997,2,85,8047,2022-01-11 01:01:11.808,Compra Crédito,-37.58,997,15973.33
3002,867,867,2,70,4492,2012-04-18 06:38:43.489,Compra Débito,-14.93,867,15541.16
3003,269,269,5,63,5607,2015-05-08 08:57:38.035,Compra Débito,-27.3,269,37274.48
3004,193,193,7,7,6299,2017-03-30 19:45:44.093,Depósito em espécie,87.79,193,38.58
3005,466,466,2,95,6645,2018-03-11 00:47:54.149,DOC - Recebido,51920.0,466,61879.3
3006,135,135,1,75,7620,2020-11-10 20:10:34.240,Compra Crédito,-30.4,135,408.51
3007,565,565,4,57,7162,2019-08-10 15:10:26.452,Compra Crédito,-25.93,565,1589.12
3008,31,31,6,40,6160,2016-11-11 12:34:31.640,Compra Crédito,-19.35,31,271.65
3009,276,276,5,15,6222,2017-01-12 16:16:36.401,Compra Crédito,-10.32,276,40158.27
3010,910,910,4,1,6626,2018-02-20 04:51:19.853,Compra Crédito,-72.63,910,79.63
3011,305,305,7,71,7877,2021-07-25 13:41:57.002,Depósito em espécie,73.53,305,109.4
3012,324,324,5,43,6250,2017-02-09 17:48:19.733,Compra Crédito,-22.16,324,34.13
3013,189,189,7,7,7284,2019-12-10 20:37:24.257,Compra Crédito,-16.59,189,25382.15
3014,669,669,5,58,5527,2015-02-17 02:06:50.578,Compra Crédito,-15.13,669,118.91
3015,328,328,8,6,7596,2020-10-17 14:35:22.090,Compra Crédito,-25.07,328,89.76
3016,462,462,7,100,7492,2020-07-05 06:52:21.003,Compra Débito,-20.77,462,18922.28
3017,943,943,7,14,6278,2017-03-09 16:55:51.592,Compra Débito,-22.47,943,124.1
3018,538,538,7,33,7404,2020-04-08 04:06:57.280,Compra Crédito,-51.21,538,435.36
3019,414,414,1,39,4577,2012-07-12 19:27:52.173,Estorno de Debito,186.86,414,21.49
3020,618,618,7,100,8373,2022-12-03 04:11:45.220,Pix - Realizado,-317.7,618,2659.18
3021,200,200,2,82,7708,2021-02-06 15:35:45.522,Compra Crédito,-17.82,200,32.5
3022,684,684,7,42,8022,2021-12-17 19:55:08.595,Depósito em espécie,9.89,684,756.39
3023,753,753,7,33,6172,2016-11-23 05:39:37.561,Estorno de Debito,43.68,753,15.45
3024,591,591,7,100,5914,2016-03-10 10:52:50.732,Compra Débito,-49.22,591,46.46
3025,45,45,3,91,5822,2015-12-09 04:01:32.903,Compra Débito,-96.13,45,132.02
3026,286,286,7,71,8215,2022-06-28 09:46:47.666,Compra Débito,-42.86,286,1724.25
3027,758,758,5,50,5912,2016-03-08 10:35:34.464,Compra Crédito,-53.46,758,92.52
3028,134,134,5,43,7145,2019-07-24 20:17:17.404,Compra Crédito,-13.55,134,33031.09
3029,438,438,8,5,7475,2020-06-18 13:44:44.440,Saque,-110.89,438,1675.67
3030,494,494,7,14,8082,2022-02-15 02:04:06.784,Pix - Realizado,-118.2,494,484.48
3031,216,216,1,26,4382,2011-12-30 22:01:23.842,Compra Crédito,-67.87,216,622.12
3032,520,520,1,60,5682,2015-07-22 08:39:04.673,Depósito em espécie,45.85,520,9224.06
3033,500,500,1,3,6157,2016-11-08 17:36:40.805,Compra Débito,-66.55,500,107875.13
3034,101,101,7,71,7007,2019-03-08 06:04:55.688,Compra Crédito,-65.31,101,7497.62
3035,280,280,7,100,6161,2016-11-12 00:25:40.787,Compra Débito,-7.72,280,3.04
3036,22,22,1,26,5437,2014-11-19 12:26:24.968,Compra Crédito,-7.42,22,2.67
3037,994,994,7,7,5804,2015-11-21 10:06:12.963,Depósito em espécie,10.55,994,576.6
3038,573,573,7,71,8306,2022-09-27 16:02:40.800,Compra Débito,-10.08,573,21.88
3039,736,736,3,98,6156,2016-11-07 00:12:24.570,Compra Crédito,-11.12,736,87.06
3040,966,966,7,14,7906,2021-08-23 22:35:26.023,Pix - Recebido,1596.4,966,1425.28
3041,757,757,1,60,3865,2010-07-31 01:36:25.464,Compra Crédito,-274.89,757,26295.87
3042,510,510,1,80,5864,2016-01-20 20:39:36.882,Compra Crédito,-39.95,510,5629.63
3043,75,75,1,32,4463,2012-03-20 09:48:05.749,Compra Crédito,-6.81,75,7767.04
3044,527,527,7,33,7033,2019-04-03 05:19:44.204,Compra Crédito,-267.77,527,140.22
3045,210,210,3,91,4508,2012-05-04 21:17:41.629,Depósito em espécie,85.39,210,24.59
3046,418,418,8,47,7712,2021-02-10 14:47:33.530,Pix - Realizado,-139.5,418,31.17
3047,362,362,2,85,6200,2016-12-21 20:13:40.442,Depósito em espécie,68.06,362,24.48
3048,854,854,6,96,7736,2021-03-06 05:34:13.369,Compra Crédito,-11.98,854,2489.45
3049,110,110,3,31,5040,2013-10-18 22:39:40.487,Saque,-268.86,110,96140.95
3050,314,314,7,100,7598,2020-10-19 06:11:13.082,Compra Débito,-24.5,314,14314.99
3051,656,656,2,81,6238,2017-01-28 09:46:11.991,Compra Crédito,-60.38,656,72005.0
3052,808,808,3,31,4986,2013-08-25 13:50:14.090,Compra Crédito,-21.01,808,5942.22
3053,26,26,8,38,7890,2021-08-07 13:26:32.881,Pix - Recebido,211.6,26,1736.37
3054,179,179,3,98,4682,2012-10-25 07:44:35.207,Compra Crédito,-29.82,179,57273.21
3055,486,486,7,33,8012,2021-12-07 21:01:12.000,Pix - Recebido,625.5,486,648.28
3056,671,671,3,91,5423,2014-11-05 01:24:41.697,Compra Débito,-111.62,671,91.7
3057,407,407,7,42,8128,2022-04-02 05:54:25.520,Pix - Recebido,359.1,407,18.63
3058,268,268,4,19,6661,2018-03-27 19:37:03.126,Compra Crédito,-21.89,268,25.63
3059,197,197,4,35,7422,2020-04-26 10:28:24.446,Compra Crédito,-35.13,197,6.74
3060,790,790,7,7,7896,2021-08-13 22:07:39.723,Compra Crédito,-35.74,790,47.89
3061,723,723,7,14,6141,2016-10-23 07:49:41.006,Compra Débito,-49.58,723,1361.01
3062,730,730,8,69,7461,2020-06-04 23:03:02.852,Compra Crédito,-5.72,730,133.46
3063,384,384,3,98,6776,2018-07-20 19:49:26.169,Depósito em espécie,35.0,384,78.72
3064,87,87,7,100,7957,2021-10-13 06:45:51.622,Pix - Recebido,2075.7,87,1554.82
3065,702,702,7,42,8103,2022-03-08 14:47:10.600,Compra Crédito,-10.39,702,2887.37
3066,636,636,1,39,4911,2013-06-11 10:33:34.510,Compra Crédito,-32.42,636,34782.8
3067,953,953,7,7,7736,2021-03-06 03:53:56.459,Pix - Realizado,-386.1,953,102.72
3068,193,193,7,7,6311,2017-04-11 18:54:32.902,Compra Crédito,-59.88,193,38.58
3069,640,640,7,71,7633,2020-11-23 11:27:23.985,Pix - Realizado,-114.9,640,418.19
3070,127,127,5,34,5737,2015-09-15 17:21:48.384,Compra Débito,-2.59,127,163.93
3071,160,160,3,98,4850,2013-04-11 17:06:49.530,DOC - Recebido,17185.0,160,20533.29
3072,848,848,6,88,7199,2019-09-16 11:06:31.028,Compra Débito,-17.03,848,300.03
3073,122,122,7,100,6711,2018-05-16 17:02:16.852,Compra Débito,-46.66,122,437.76
3074,651,651,7,7,5863,2016-01-19 02:37:54.163,Compra Débito,-26.11,651,21634.01
3075,962,962,7,14,6858,2018-10-10 10:43:47.022,Compra Crédito,-45.82,962,946.66
3076,611,611,6,48,8390,2022-12-20 13:13:08.775,Compra Débito,-7.89,611,24506.47
3077,408,408,7,100,8260,2022-08-12 10:25:13.581,Pix - Realizado,-122.5,408,209.1
3078,839,839,5,50,8291,2022-09-12 20:45:46.015,Pix - Realizado,-169.3,839,308.53
3079,385,385,4,19,7206,2019-09-23 15:47:35.567,Compra Crédito,-100.22,385,13281.25
3080,601,601,7,7,5770,2015-10-18 13:50:07.601,Compra Débito,-68.31,601,0.91
3081,970,970,3,31,5527,2015-02-17 03:52:33.546,Compra Débito,-28.52,970,101.71
3082,967,967,7,100,7798,2021-05-07 07:23:54.408,Compra Débito,-20.43,967,527.36
3083,655,655,7,42,7575,2020-09-26 11:12:23.182,Compra Débito,-12.08,655,232.15
3084,770,770,7,14,7762,2021-04-01 14:29:11.378,Compra Débito,-12.62,770,349.01
3085,93,93,1,92,7442,2020-05-16 02:30:17.382,Compra Crédito,-9.22,93,80650.07
3086,378,378,9,83,8328,2022-10-19 16:22:25.365,Compra Crédito,-70.88,378,777.25
3087,190,190,7,14,8282,2022-09-03 05:20:19.561,Compra Débito,-26.55,190,97.54
3088,595,595,2,29,7929,2021-09-15 08:03:25.039,Compra Crédito,-9.75,595,27566.85
3089,163,163,2,84,8190,2022-06-03 21:03:52.143,Compra Débito,-24.29,163,37.1
3090,732,732,4,1,7391,2020-03-26 06:12:46.635,Compra Crédito,-29.29,732,35601.8
3091,995,995,7,33,6712,2018-05-17 22:50:31.144,Compra Débito,-6.22,995,13383.67
3092,745,745,3,51,6991,2019-02-20 08:09:55.684,Compra Débito,-29.65,745,28080.44
3093,985,985,7,33,7857,2021-07-05 12:15:21.614,Pix - Recebido,317.3,985,86.56
3094,373,373,2,86,4309,2011-10-18 13:32:42.251,Compra Débito,-51.25,373,951.99
3095,981,981,10,17,8296,2022-09-17 02:58:51.604,Transferência entre CC - Crédito,637.0,981,505.84
3096,732,732,4,1,8275,2022-08-27 18:54:57.460,Compra Crédito,-91.51,732,35601.8
3097,833,833,7,14,8200,2022-06-13 10:53:26.346,Depósito em espécie,24.29,833,7112.52
3098,325,325,1,92,4019,2011-01-01 11:11:11.424,Compra Crédito,-74.83,325,76.91
3099,112,112,4,19,8352,2022-11-12 15:29:10.990,Compra Crédito,-27.83,112,532.48
3100,253,253,7,14,6604,2018-01-29 02:51:39.528,Compra Crédito,-13.57,253,4.95
3101,37,37,3,98,4545,2012-06-10 14:03:26.842,Compra Crédito,-13.72,37,65.02
3102,326,326,7,100,8386,2022-12-16 19:32:07.130,Pix - Recebido,757.2,326,3626.75
3103,338,338,7,42,7921,2021-09-07 04:15:24.995,Pix - Recebido,456.9,338,1187.02
3104,46,46,7,33,7012,2019-03-13 02:42:29.840,Compra Crédito,-12.35,46,51.14
3105,166,166,7,14,7704,2021-02-02 03:12:00.851,Compra Débito,-44.8,166,782.5
3106,923,923,7,71,7691,2021-01-20 17:53:14.611,Pix - Realizado,-131.3,923,621.23
3107,909,909,3,98,6447,2017-08-25 16:27:12.839,Compra Crédito,-8.92,909,10436.29
3108,581,581,5,63,7654,2020-12-14 05:15:37.641,Compra Débito,-59.99,581,346.66
3109,254,254,7,100,8381,2022-12-11 19:06:50.337,Compra Crédito,-69.33,254,980.6
3110,256,256,7,42,7973,2021-10-29 16:06:10.997,Compra Crédito,-108.84,256,648.1
3111,28,28,2,76,6203,2016-12-24 07:52:12.579,Compra Débito,-136.48,28,2982.91
3112,957,957,3,73,5499,2015-01-20 10:30:40.706,Compra Crédito,-83.95,957,15.95
3113,788,788,1,80,4672,2012-10-15 07:12:02.862,Compra Crédito,-53.08,788,169.47
3114,105,105,7,7,5987,2016-05-22 20:43:20.847,Compra Débito,-15.34,105,132.78
3115,623,623,1,32,7926,2021-09-12 02:44:47.511,Compra Crédito,-15.89,623,317.47
3116,842,842,7,33,7126,2019-07-05 22:31:42.471,Compra Crédito,-156.3,842,1.24
3117,469,469,7,33,6833,2018-09-15 18:37:45.915,Compra Crédito,-24.05,469,72521.79
3118,377,377,2,29,8193,2022-06-06 09:52:18.437,Compra Crédito,-33.02,377,7673.52
3119,506,506,8,38,7394,2020-03-29 05:11:11.555,Compra Débito,-36.71,506,268.56
3120,7,7,6,48,8251,2022-08-03 15:45:23.652,Compra Débito,-21.55,7,114.48
3121,61,61,1,11,4775,2013-01-26 07:55:03.246,Compra Crédito,-11.98,61,12882.9
3122,638,638,3,73,7494,2020-07-07 05:11:13.517,Compra Crédito,-30.71,638,18243.26
3123,947,947,4,57,7905,2021-08-22 09:44:17.557,Compra Crédito,-66.99,947,176.91
3124,404,404,4,19,7460,2020-06-03 12:41:24.062,Compra Crédito,-12.99,404,161.87
3125,481,481,7,42,8262,2022-08-14 02:44:51.083,Saque,-87.1,481,107.1
3126,287,287,7,42,6945,2019-01-05 00:26:21.010,Saque,-86.97,287,41684.43
3127,79,79,4,35,5136,2014-01-22 00:01:13.359,Compra Crédito,-30.43,79,219.09
3128,944,944,7,7,7998,2021-11-23 10:34:37.263,Compra Crédito,-29.92,944,295.89
3129,947,947,4,57,7908,2021-08-25 06:24:43.703,Depósito em espécie,108.54,947,176.91
3130,687,687,8,38,7169,2019-08-17 13:47:24.322,Compra Crédito,-65.82,687,999.34
3131,735,735,7,7,7065,2019-05-05 09:28:48.051,Compra Crédito,-26.6,735,43843.05
3132,969,969,2,76,7657,2020-12-17 16:53:01.775,Pix - Realizado,-136.6,969,924.98
3133,797,797,3,13,6419,2017-07-28 01:42:25.880,Saque,-422.47,797,1456.93
3134,553,553,5,43,7988,2021-11-13 20:04:21.666,Transferência entre CC - Crédito,100.3,553,317.19
3135,929,929,1,60,8279,2022-08-31 03:02:04.905,Pix - Recebido,230.2,929,115.72
3136,822,822,5,34,8243,2022-07-26 11:41:22.212,Compra Crédito,-81.96,822,230.97
3137,465,465,3,98,6746,2018-06-20 19:40:45.672,Compra Crédito,-24.44,465,6182.65
3138,11,11,4,19,7951,2021-10-07 11:23:38.674,Compra Crédito,-29.06,11,21.04
3139,78,78,7,42,8281,2022-09-02 08:22:15.649,Compra Crédito,-51.91,78,1075.63
3140,115,115,2,84,7674,2021-01-03 11:35:53.617,Compra Crédito,-13.04,115,2036.75
3141,203,203,7,7,8179,2022-05-23 09:09:26.578,Compra Crédito,-17.31,203,737.33
3142,555,555,5,49,7678,2021-01-07 22:32:43.577,Pix - Recebido,1929.3,555,1819.41
3143,307,307,6,54,6720,2018-05-25 22:18:21.534,Compra Crédito,-38.31,307,250.85
3144,147,147,7,42,7020,2019-03-21 01:16:20.621,Compra Crédito,-175.52,147,11.06
3145,563,563,1,62,7691,2021-01-20 06:55:33.994,Compra Crédito,-111.08,563,413.35
3146,970,970,3,31,8312,2022-10-03 08:05:28.471,Pix - Recebido,58.9,970,101.71
3147,97,97,3,13,7352,2020-02-16 11:15:03.452,TED - Recebido,10690.0,97,9589.16
3148,837,837,5,15,7477,2020-06-20 17:16:42.407,Compra Crédito,-24.61,837,1685.83
3149,615,615,4,1,6916,2018-12-07 21:54:28.522,Compra Crédito,-58.06,615,415.48
3150,538,538,7,33,7404,2020-04-08 12:03:10.559,Compra Crédito,-76.15,538,435.36
3151,767,767,7,33,6213,2017-01-03 01:34:41.183,Compra Débito,-5.86,767,6534.06
3152,879,879,3,31,4729,2012-12-11 15:42:33.213,Compra Crédito,-9.95,879,4.04
3153,36,36,7,14,7331,2020-01-26 22:17:16.231,Compra Crédito,-22.64,36,43990.93
3154,538,538,7,33,7597,2020-10-18 00:02:07.306,Compra Crédito,-22.79,538,435.36
3155,681,681,7,42,7553,2020-09-04 05:00:04.498,Compra Débito,-15.91,681,507.39
3156,194,194,9,46,7426,2020-04-30 18:11:08.152,Compra Crédito,-5.35,194,90766.28
3157,784,784,3,91,5193,2014-03-20 23:30:04.110,Compra Crédito,-25.28,784,276.1
3158,101,101,7,71,7091,2019-05-31 18:51:36.827,Compra Crédito,-25.96,101,7497.62
3159,340,340,4,35,5482,2015-01-03 10:03:33.024,Compra Crédito,-80.79,340,393.03
3160,88,88,7,71,6835,2018-09-17 22:45:34.242,Compra Crédito,-16.41,88,186.23
3161,425,425,5,67,5423,2014-11-05 22:37:17.984,Compra Crédito,-191.19,425,9.86
3162,285,285,2,82,6732,2018-06-06 09:15:48.384,Compra Débito,-23.23,285,30.87
3163,323,323,7,14,8080,2022-02-13 21:28:36.913,Compra Crédito,-36.51,323,5230.02
3164,967,967,7,100,7798,2021-05-07 10:42:55.627,Pix - Recebido,345.9,967,527.36
3165,794,794,7,33,6900,2018-11-21 22:50:04.219,Compra Crédito,-15.26,794,454.95
3166,729,729,7,14,8024,2021-12-19 07:42:25.996,Compra Débito,-37.6,729,59.88
3167,15,15,7,33,7226,2019-10-13 18:40:29.673,Compra Débito,-35.68,15,689.76
3168,844,844,7,7,6343,2017-05-13 06:01:37.146,Compra Crédito,-4.43,844,2.69
3169,48,48,7,100,8400,2022-12-30 12:24:49.667,Pix - Recebido,256.5,48,557.6
3170,461,461,6,28,6401,2017-07-10 06:23:10.956,Compra Débito,-63.91,461,147.18
3171,33,33,9,93,7367,2020-03-02 20:56:43.510,Compra Débito,-175.66,33,57.66
3172,161,161,6,44,7311,2020-01-06 14:32:07.499,Compra Crédito,-22.09,161,14288.86
3173,627,627,7,33,6376,2017-06-15 10:48:22.223,Compra Crédito,-14.42,627,1.39
3174,251,251,5,63,6461,2017-09-08 01:02:26.256,Compra Crédito,-75.2,251,19.73
3175,570,570,4,1,7006,2019-03-07 11:28:39.052,Saque,-60.95,570,17.65
3176,7,7,6,48,8252,2022-08-04 15:05:14.990,Depósito em espécie,15.88,7,114.48
3177,170,170,7,100,7979,2021-11-04 08:47:49.621,Pix - Recebido,2153.7,170,340.47
3178,436,436,1,18,6352,2017-05-22 21:43:48.822,Compra Débito,-15.93,436,43193.28
3179,223,223,7,14,7482,2020-06-25 02:28:09.530,Depósito em espécie,248.42,223,13.51
3180,572,572,2,86,5524,2015-02-14 22:53:25.837,Compra Crédito,-151.46,572,7982.21
3181,954,954,7,33,6698,2018-05-03 07:43:04.062,Compra Crédito,-18.09,954,115.38
3182,221,221,4,45,6782,2018-07-26 22:17:47.670,Compra Crédito,-57.65,221,238.48
3183,183,183,1,62,7093,2019-06-02 02:51:29.395,Depósito em espécie,42.07,183,117.76
3184,29,29,3,98,7424,2020-04-28 06:57:55.136,Compra Débito,-25.99,29,424.41
3185,773,773,2,82,4147,2011-05-09 08:03:45.253,Compra Crédito,-16.44,773,23568.46
3186,273,273,2,95,8281,2022-09-02 09:29:09.337,Saque,-309.31,273,2610.71
3187,799,799,2,85,4681,2012-10-24 22:57:12.840,TED - Recebido,4290.0,799,3574.21
3188,314,314,7,100,7604,2020-10-25 06:38:53.048,TED - Recebido,13595.0,314,14314.99
3189,14,14,1,11,8009,2021-12-04 10:52:55.164,Compra Crédito,-249.19,14,104.39
3190,911,911,7,14,8134,2022-04-08 22:18:30.133,Pix Saque,-46.62,911,492.8
3191,32,32,8,69,6992,2019-02-21 11:57:45.182,Compra Débito,-21.72,32,53414.48
3192,734,734,1,75,5067,2013-11-14 00:05:19.487,DOC - Recebido,97160.0,734,80591.82
3193,154,154,7,33,6714,2018-05-19 01:23:21.416,Saque,-142.45,154,339.43
3194,739,739,7,100,5935,2016-03-31 02:47:54.338,Compra Crédito,-56.89,739,14568.3
3195,636,636,1,39,4913,2013-06-13 11:12:07.937,Compra Crédito,-8.07,636,34782.8
3196,731,731,7,7,8290,2022-09-11 05:20:32.744,Compra Débito,-13.65,731,524.28
3197,10,10,3,98,5829,2015-12-16 14:47:14.765,Compra Débito,-24.78,10,8835.58
3198,914,914,5,55,5566,2015-03-28 20:54:07.298,Depósito em espécie,29.77,914,7492.2
3199,629,629,3,98,6182,2016-12-03 10:27:16.133,Compra Crédito,-69.93,629,8813.34
3200,38,38,3,13,7875,2021-07-23 22:25:49.061,Pix - Realizado,-177.0,38,105.86
3201,937,937,7,71,8271,2022-08-23 13:31:43.459,Compra Crédito,-22.45,937,22.3
3202,113,113,7,100,8111,2022-03-16 16:56:51.120,Pix - Realizado,-140.5,113,1153.95
3203,279,279,3,91,8405,2023-01-04 01:41:16.559,Saque,-62.47,279,40.41
3204,206,206,7,33,6853,2018-10-05 19:33:04.245,Depósito em espécie,47.53,206,24.58
3205,336,336,7,100,6475,2017-09-22 09:25:14.140,Compra Crédito,-49.31,336,9163.5
3206,772,772,3,16,5115,2014-01-01 06:56:37.551,Depósito em espécie,20.38,772,816.66
3207,786,786,7,14,6548,2017-12-04 02:09:40.189,Compra Débito,-55.44,786,16.42
3208,243,243,5,49,7810,2021-05-19 05:06:26.230,Pix - Realizado,-184.7,243,1150.34
3209,469,469,7,33,6833,2018-09-15 23:36:02.306,Compra Crédito,-29.64,469,72521.79
3210,688,688,7,42,6624,2018-02-18 16:45:12.136,Compra Débito,-23.26,688,228.81
3211,968,968,5,55,5369,2014-09-12 12:59:18.855,Compra Crédito,-76.74,968,7480.46
3212,103,103,7,42,6414,2017-07-23 20:23:12.295,Transferência entre CC - Crédito,654.4,103,1008.16
3213,701,701,2,85,7141,2019-07-20 15:25:15.225,Compra Crédito,-31.67,701,4.39
3214,73,73,3,73,8258,2022-08-10 19:09:55.249,Pix - Recebido,991.4,73,212.31
3215,680,680,7,42,8131,2022-04-05 07:55:55.258,Compra Crédito,-33.16,680,80.25
3216,656,656,2,81,6238,2017-01-28 15:31:49.926,Compra Crédito,-50.79,656,72005.0
3217,227,227,3,16,6432,2017-08-10 11:16:04.367,Compra Crédito,-14.91,227,15.83
3218,699,699,3,13,8186,2022-05-30 11:25:16.596,Compra Débito,-29.99,699,93865.96
3219,785,785,7,100,8284,2022-09-05 00:19:28.611,Pix - Realizado,-1273.2,785,3150.15
3220,930,930,5,2,8188,2022-06-01 00:07:33.005,Compra Débito,-23.83,930,12.01
3221,405,405,7,71,8417,2023-01-16 05:00:39.496,Pix - Realizado,-1566.0,405,15321.24
3222,411,411,1,75,4729,2012-12-11 17:59:49.483,Compra Crédito,-108.55,411,53894.21
3223,898,898,4,45,5518,2015-02-08 12:01:53.931,Compra Crédito,-33.12,898,32.21
3224,655,655,7,42,7595,2020-10-16 10:37:37.207,Compra Crédito,-38.81,655,232.15
3225,357,357,7,7,6977,2019-02-06 00:24:05.974,Depósito em espécie,77.12,357,20.01
3226,589,589,8,69,7342,2020-02-06 10:08:00.080,Compra Crédito,-34.77,589,28519.79
3227,171,171,7,33,7447,2020-05-21 06:07:18.076,Compra Crédito,-13.11,171,548.91
3228,355,355,7,71,8379,2022-12-09 00:42:57.536,Pix - Realizado,-245.9,355,1998.43
3229,393,393,7,14,6917,2018-12-08 19:29:43.026,Compra Débito,-81.47,393,36.51
3230,298,298,6,4,7670,2020-12-30 08:49:03.609,Compra Crédito,-32.98,298,8507.51
3231,962,962,7,14,6858,2018-10-10 12:06:06.002,Compra Crédito,-46.68,962,946.66
3232,588,588,7,7,6014,2016-06-18 22:41:31.517,Depósito em espécie,24.56,588,8.41
3233,692,692,3,31,7308,2020-01-03 01:23:30.805,Compra Crédito,-74.87,692,2.06
3234,767,767,7,33,6213,2017-01-03 06:26:49.198,Depósito em espécie,34.92,767,6534.06
3235,725,725,7,71,7087,2019-05-27 07:04:17.824,Compra Crédito,-11.65,725,557.09
3236,922,922,7,100,6659,2018-03-25 18:35:10.341,Compra Crédito,-134.61,922,39.71
3237,578,578,7,7,8305,2022-09-26 08:34:03.948,Compra Crédito,-18.08,578,815.65
3238,870,870,7,42,7937,2021-09-23 19:54:29.622,Pix - Realizado,-442.6,870,252.45
3239,830,830,1,18,5563,2015-03-25 07:53:10.762,Compra Crédito,-22.98,830,16.28
3240,379,379,2,86,4432,2012-02-18 14:22:39.409,Compra Crédito,-24.04,379,28219.68
3241,28,28,2,76,6203,2016-12-24 09:12:46.211,Compra Débito,-51.55,28,2982.91
3242,777,777,8,23,6843,2018-09-25 19:14:58.033,Compra Débito,-5.6,777,5.03
3243,717,717,7,42,7487,2020-06-30 06:55:35.444,Compra Crédito,-209.14,717,86.27
3244,449,449,7,14,7814,2021-05-23 01:37:55.914,Compra Crédito,-26.33,449,378.55
3245,53,53,5,63,8330,2022-10-21 20:20:41.594,TED - Recebido,10500.0,53,9931.98
3246,508,508,4,1,6876,2018-10-28 20:09:11.136,Compra Débito,-17.04,508,1454.88
3247,388,388,3,98,5583,2015-04-14 01:40:23.036,Compra Débito,-54.14,388,5.66
3248,73,73,3,73,8258,2022-08-10 19:55:12.972,Pix - Realizado,-359.4,73,212.31
3249,726,726,3,91,6892,2018-11-13 14:10:00.851,Compra Crédito,-45.36,726,30.63
3250,310,310,7,42,6704,2018-05-09 22:19:35.628,Compra Crédito,-15.06,310,30.65
3251,443,443,7,14,5947,2016-04-12 09:36:02.386,Compra Débito,-44.15,443,37.09
3252,466,466,2,95,6647,2018-03-13 06:26:51.001,Compra Débito,-39.22,466,61879.3
3253,97,97,3,13,7352,2020-02-16 16:17:47.471,Compra Débito,-52.02,97,9589.16
3254,691,691,7,7,8302,2022-09-23 23:28:17.064,Depósito em espécie,187.16,691,1154.22
3255,35,35,7,100,6870,2018-10-22 13:09:07.506,Compra Débito,-32.06,35,63.06
3256,34,34,2,78,5455,2014-12-07 12:48:34.603,Compra Débito,-18.42,34,26823.17
3257,280,280,7,100,6161,2016-11-12 00:51:58.375,Depósito em espécie,47.89,280,3.04
3258,206,206,7,33,6855,2018-10-07 16:21:57.002,Depósito em espécie,36.27,206,24.58
3259,20,20,3,91,7133,2019-07-12 22:15:26.340,Compra Crédito,-164.35,20,27027.3
3260,600,600,4,45,5544,2015-03-06 12:41:02.333,Compra Crédito,-20.52,600,0.75
3261,664,664,5,55,6986,2019-02-15 10:15:36.598,Compra Débito,-14.44,664,6275.18
3262,786,786,7,14,6548,2017-12-04 20:08:54.308,Compra Débito,-20.45,786,16.42
3263,338,338,7,42,8014,2021-12-09 02:41:13.120,Compra Crédito,-13.65,338,1187.02
3264,913,913,7,33,7067,2019-05-07 23:12:12.050,Compra Débito,-169.66,913,575.77
3265,159,159,7,7,7077,2019-05-17 01:34:08.012,Compra Débito,-90.78,159,53761.86
3266,968,968,5,55,5369,2014-09-12 14:29:03.461,Compra Crédito,-18.62,968,7480.46
3267,389,389,7,71,7888,2021-08-05 20:14:15.987,Pix - Recebido,1006.7,389,1275.37
3268,665,665,1,3,7973,2021-10-29 16:33:06.662,Compra Crédito,-56.25,665,7841.46
3269,739,739,7,100,5936,2016-04-01 06:21:21.591,Compra Crédito,-2.59,739,14568.3
3270,614,614,7,7,7777,2021-04-16 00:16:35.086,Pix - Realizado,-340.0,614,919.54
3271,325,325,1,92,4019,2011-01-01 14:40:51.364,Compra Débito,-2.17,325,76.91
3272,70,70,6,88,6458,2017-09-05 09:07:58.424,Compra Crédito,-3.85,70,22097.13
3273,198,198,1,61,6647,2018-03-13 11:43:52.017,Saque,-102.93,198,586.57
3274,898,898,4,45,5605,2015-05-06 00:46:32.505,Compra Crédito,-25.66,898,32.21
3275,321,321,7,7,5764,2015-10-12 07:46:30.625,Depósito em espécie,47.31,321,128.46
3276,263,263,1,36,4847,2013-04-08 20:43:17.069,Compra Débito,-82.08,263,3.2
3277,465,465,3,98,6747,2018-06-21 01:16:19.429,Estorno de Debito,55.69,465,6182.65
3278,753,753,7,33,6178,2016-11-29 02:57:42.909,Compra Crédito,-48.95,753,15.45
3279,808,808,3,31,4986,2013-08-25 16:28:14.780,Depósito em espécie,7.88,808,5942.22
3280,955,955,5,34,8268,2022-08-20 06:15:23.079,Pix - Realizado,-129.4,955,25.34
3281,723,723,7,14,6142,2016-10-24 14:07:06.108,Compra Crédito,-28.24,723,1361.01
3282,499,499,7,7,6783,2018-07-27 15:30:09.919,Compra Crédito,-40.44,499,22.94
3283,722,722,7,7,7008,2019-03-09 03:56:41.790,Saque,-1002.18,722,6971.66
3284,910,910,4,1,6639,2018-03-05 01:39:22.422,Compra Débito,-17.81,910,79.63
3285,872,872,7,71,6850,2018-10-02 18:59:06.790,Compra Débito,-86.2,872,4227.81
3286,833,833,7,14,8200,2022-06-13 14:45:40.473,Saque,-283.24,833,7112.52
3287,169,169,3,91,7392,2020-03-27 14:53:34.617,Compra Débito,-23.92,169,1676.8
3288,139,139,6,22,5982,2016-05-17 16:03:24.269,Compra Crédito,-45.97,139,82508.39
3289,41,41,1,32,7525,2020-08-07 09:23:56.656,Compra Crédito,-11.05,41,166.11
3290,326,326,7,100,8387,2022-12-17 05:42:53.991,Saque,-349.42,326,3626.75
3291,577,577,1,61,7605,2020-10-26 07:44:43.968,Compra Crédito,-4.93,577,9772.11
3292,622,622,7,100,8119,2022-03-24 08:24:54.726,Compra Crédito,-16.6,622,1131.09
3293,186,186,5,2,5252,2014-05-18 07:52:38.357,Compra Débito,-97.37,186,2.1
3294,734,734,1,75,5067,2013-11-14 08:05:19.133,Compra Débito,-37.49,734,80591.82
3295,806,806,5,55,5472,2014-12-24 19:48:08.865,Compra Débito,-22.43,806,70.88
3296,787,787,4,19,8316,2022-10-07 11:26:19.703,Compra Crédito,-35.78,787,25561.95
3297,350,350,7,7,6337,2017-05-07 08:30:30.092,Compra Débito,-104.85,350,91.18
3298,377,377,2,29,8212,2022-06-25 06:03:58.191,Compra Crédito,-57.53,377,7673.52
3299,323,323,7,14,8081,2022-02-14 00:59:05.577,Pix - Realizado,-1140.6,323,5230.02
3300,126,126,7,42,5721,2015-08-30 15:06:59.330,Compra Crédito,-9.12,126,74.12
3301,649,649,3,16,8406,2023-01-05 20:38:35.179,Pix - Recebido,89.6,649,3.6
3302,192,192,7,14,6595,2018-01-20 14:30:31.284,Compra Débito,-37.6,192,4.49
3303,840,840,7,100,8382,2022-12-12 05:13:23.931,Compra Débito,-30.88,840,1092.15
3304,927,927,7,33,6436,2017-08-14 14:42:24.197,Compra Débito,-17.52,927,25.34
3305,173,173,1,60,5236,2014-05-02 10:28:40.883,Depósito em espécie,46.23,173,140.11
3306,809,809,1,11,8116,2022-03-21 10:17:49.604,Compra Crédito,-123.94,809,6205.66
3307,542,542,7,71,5966,2016-05-01 00:25:18.418,Compra Crédito,-60.31,542,23.69
3308,126,126,7,42,5758,2015-10-06 02:55:36.624,Compra Crédito,-24.34,126,74.12
3309,847,847,8,89,7115,2019-06-24 14:48:21.829,Compra Débito,-43.39,847,114.56
3310,226,226,4,35,7988,2021-11-13 12:33:11.985,Pix - Realizado,-201.7,226,2367.0
3311,13,13,8,38,7341,2020-02-05 00:26:56.520,DOC - Recebido,23150.0,13,28351.16
3312,474,474,7,71,7147,2019-07-26 21:48:03.173,Compra Crédito,-6.13,474,414.48
3313,849,849,7,7,6999,2019-02-28 22:56:37.527,Compra Crédito,-141.11,849,48289.13
3314,985,985,7,33,7859,2021-07-07 13:09:10.944,Pix - Realizado,-118.8,985,86.56
3315,816,816,3,51,4831,2013-03-23 03:22:30.491,Compra Crédito,-26.43,816,347.91
3316,882,882,7,100,7307,2020-01-02 19:49:06.875,Compra Débito,-8.52,882,13183.35
3317,180,180,7,71,6077,2016-08-20 22:42:43.330,Compra Débito,-3.14,180,12252.59
3318,224,224,7,7,8040,2022-01-04 05:43:28.174,Compra Crédito,-8.99,224,297.78
3319,585,585,7,71,6533,2017-11-19 10:24:57.538,Compra Crédito,-31.31,585,59.76
3320,299,299,6,96,7238,2019-10-25 23:17:27.599,Compra Débito,-38.66,299,146.82
3321,253,253,7,14,6605,2018-01-30 15:17:53.281,Compra Débito,-18.11,253,4.95
3322,619,619,7,71,8156,2022-04-30 21:31:20.439,Compra Débito,-25.72,619,511.6
3323,575,575,5,58,7341,2020-02-05 21:42:16.266,Depósito em espécie,7.55,575,426.34
3324,135,135,1,75,7620,2020-11-10 23:13:57.263,Compra Crédito,-10.48,135,408.51
3325,459,459,1,60,5214,2014-04-10 07:18:24.291,Saque,-317.39,459,19513.84
3326,411,411,1,75,4733,2012-12-15 09:57:17.887,Compra Crédito,-19.9,411,53894.21
3327,21,21,2,86,4606,2012-08-10 12:54:53.803,Compra Crédito,-29.03,21,74.17
3328,722,722,7,7,7008,2019-03-09 07:18:55.048,Compra Crédito,-23.63,722,6971.66
3329,53,53,5,63,8331,2022-10-22 13:34:50.218,Compra Débito,-17.58,53,9931.98
3330,623,623,1,32,7926,2021-09-12 02:47:11.278,Compra Crédito,-59.44,623,317.47
3331,283,283,4,19,5624,2015-05-25 04:05:26.904,Compra Crédito,-14.53,283,3416.3
3332,860,860,5,55,5587,2015-04-18 03:35:53.455,Depósito em espécie,21.86,860,5.32
3333,742,742,1,75,5039,2013-10-17 22:48:56.730,Saque,-236.57,742,29.02
3334,70,70,6,88,6459,2017-09-06 19:35:22.955,Compra Débito,-51.37,70,22097.13
3335,341,341,1,80,7365,2020-02-29 22:29:33.834,Compra Débito,-6.01,341,5.66
3336,720,720,1,80,5558,2015-03-20 03:57:52.607,Compra Crédito,-27.51,720,19081.01
3337,734,734,1,75,5075,2013-11-22 07:21:40.354,Compra Crédito,-53.85,734,80591.82
3338,217,217,4,57,5090,2013-12-07 03:22:13.819,Depósito em espécie,13.32,217,3307.79
3339,794,794,7,33,6902,2018-11-23 03:15:56.848,Compra Crédito,-143.93,794,454.95
3340,589,589,8,69,7342,2020-02-06 10:14:08.209,Compra Débito,-63.43,589,28519.79
3341,778,778,5,55,6204,2016-12-25 08:45:27.698,Compra Crédito,-28.66,778,86.63
3342,917,917,1,36,7513,2020-07-26 17:59:49.596,Compra Crédito,-19.93,917,245.39
3343,875,875,7,71,8120,2022-03-25 10:20:30.335,Pix - Realizado,-333.9,875,130.76
3344,146,146,1,80,4146,2011-05-08 19:59:17.508,Compra Débito,-86.56,146,708.81
3345,964,964,7,7,7358,2020-02-22 21:17:49.682,Compra Débito,-101.48,964,1104.14
3346,339,339,5,2,7635,2020-11-25 23:03:21.895,Compra Crédito,-12.28,339,663.32
3347,286,286,7,71,8215,2022-06-28 09:52:42.484,Pix - Recebido,64.6,286,1724.25
3348,11,11,4,19,7952,2021-10-08 04:25:49.402,Compra Crédito,-34.82,11,21.04
3349,372,372,7,100,7181,2019-08-29 23:14:47.350,Saque,-102.88,372,104852.88
3350,320,320,4,19,5370,2014-09-13 06:35:52.042,Compra Crédito,-52.56,320,14108.84
3351,942,942,4,19,5217,2014-04-13 02:10:55.865,Compra Débito,-10.46,942,204.69
3352,255,255,7,100,7067,2019-05-07 01:09:50.048,Estorno de Debito,19.39,255,163.21
3353,215,215,9,12,7857,2021-07-05 15:24:34.465,Compra Crédito,-40.88,215,35.15
3354,886,886,7,33,7224,2019-10-11 09:46:39.979,Compra Crédito,-56.37,886,54.27
3355,294,294,2,95,5549,2015-03-11 05:21:54.377,Depósito em espécie,6.82,294,14975.62
3356,866,866,7,42,7973,2021-10-29 21:32:35.063,Pix - Realizado,-160.6,866,309.54
3357,891,891,7,33,6579,2018-01-04 20:06:49.013,Compra Débito,-71.77,891,218.62
3358,24,24,6,54,5788,2015-11-05 01:57:04.305,Compra Débito,-20.49,24,129.36
3359,72,72,7,100,8290,2022-09-11 09:00:32.108,Compra Crédito,-22.79,72,183.32
3360,983,983,1,39,7783,2021-04-22 18:13:10.473,Compra Crédito,-15.28,983,28561.26
3361,831,831,7,14,7698,2021-01-27 18:26:16.250,Compra Crédito,-54.87,831,866.91
3362,858,858,7,14,8387,2022-12-17 07:19:35.266,Depósito em espécie,107.23,858,8063.11
3363,862,862,7,7,7703,2021-02-01 22:48:21.926,Pix - Realizado,-159.1,862,707.31
3364,325,325,1,92,4020,2011-01-02 06:45:20.252,Compra Débito,-8.3,325,76.91
3365,430,430,3,73,4915,2013-06-15 18:14:00.276,TED - Recebido,29670.0,430,27934.18
3366,67,67,9,46,8154,2022-04-28 23:06:44.203,Compra Crédito,-328.52,67,33480.7
3367,664,664,5,55,6986,2019-02-15 11:39:37.188,Compra Crédito,-78.26,664,6275.18
3368,103,103,7,42,6417,2017-07-26 18:24:55.983,Compra Débito,-85.74,103,1008.16
3369,746,746,7,100,7994,2021-11-19 09:27:11.400,Depósito em espécie,16.43,746,2182.45
3370,822,822,5,34,8266,2022-08-18 06:09:05.856,Pix - Realizado,-106.4,822,230.97
3371,996,996,2,24,7914,2021-08-31 13:48:59.719,Compra Crédito,-31.15,996,30339.67
3372,382,382,7,7,7447,2020-05-21 08:52:33.957,Depósito em espécie,14.43,382,1.46
3373,772,772,3,16,5115,2014-01-01 07:23:57.208,Compra Crédito,-10.96,772,816.66
3374,650,650,7,42,7666,2020-12-26 19:25:44.099,Compra Crédito,-55.23,650,61.92
3375,746,746,7,100,8088,2022-02-21 20:03:30.873,Compra Crédito,-30.44,746,2182.45
3376,697,697,2,84,4788,2013-02-08 05:40:07.123,Compra Crédito,-47.44,697,976.46
3377,123,123,4,57,5343,2014-08-17 20:26:36.037,Compra Débito,-21.65,123,14286.71
3378,799,799,2,85,4684,2012-10-27 04:53:20.868,Saque,-76.83,799,3574.21
3379,281,281,7,33,7399,2020-04-03 13:55:19.732,Depósito em espécie,173.06,281,77487.74
3380,255,255,7,100,7067,2019-05-07 01:43:27.872,Depósito em espécie,35.75,255,163.21
3381,831,831,7,14,7702,2021-01-31 20:10:56.483,Pix - Realizado,-413.6,831,866.91
3382,284,284,2,70,4150,2011-05-12 19:44:43.226,Compra Débito,-34.23,284,222.27
3383,999,999,7,42,7555,2020-09-06 13:42:01.680,Compra Débito,-22.76,999,11.44
3384,148,148,9,93,7327,2020-01-22 11:39:51.841,Compra Débito,-72.44,148,41.59
3385,530,530,1,80,5292,2014-06-27 23:11:00.000,Compra Débito,-50.51,530,181.44
3386,758,758,5,50,5912,2016-03-08 13:21:46.369,Compra Crédito,-32.66,758,92.52
3387,497,497,2,81,4060,2011-02-11 05:13:46.744,Compra Crédito,-58.49,497,137.81
3388,164,164,8,23,7682,2021-01-11 09:13:30.802,Compra Débito,-23.41,164,968.66
3389,274,274,4,19,5347,2014-08-21 05:31:13.563,Compra Débito,-21.6,274,16293.85
3390,995,995,7,33,6716,2018-05-21 11:54:08.413,Compra Débito,-347.32,995,13383.67
3391,257,257,1,60,4060,2011-02-11 00:47:14.769,Compra Débito,-29.15,257,38.78
3392,639,639,7,71,8072,2022-02-05 20:47:31.517,Pix - Recebido,149.5,639,1176.54
3393,630,630,8,89,7931,2021-09-17 11:10:32.250,Pix - Realizado,-197.0,630,758.44
3394,122,122,7,100,6711,2018-05-16 17:24:37.511,Depósito em espécie,60.47,122,437.76
3395,704,704,4,57,6147,2016-10-29 16:05:39.555,Pagamento de boleto,-915.2,704,25.39
3396,362,362,2,85,6200,2016-12-21 21:08:33.623,Compra Crédito,-136.81,362,24.48
3397,508,508,4,1,6919,2018-12-10 05:26:52.041,Transferência entre CC - Crédito,1319.6,508,1454.88
3398,532,532,7,33,6806,2018-08-19 14:44:14.748,Compra Crédito,-8.37,532,106.38
3399,87,87,7,100,7960,2021-10-16 10:52:18.621,Compra Débito,-55.01,87,1554.82
3400,875,875,7,71,8120,2022-03-25 17:08:58.261,Compra Crédito,-52.78,875,130.76
3401,56,56,7,7,7586,2020-10-07 02:37:32.484,Compra Crédito,-10.21,56,55.1
3402,734,734,1,75,5075,2013-11-22 10:56:28.636,Compra Crédito,-37.88,734,80591.82
3403,598,598,7,7,8297,2022-09-18 10:10:08.296,Compra Crédito,-78.6,598,442.26
3404,911,911,7,14,8138,2022-04-12 04:42:20.893,Compra Crédito,-16.31,911,492.8
3405,899,899,1,92,7750,2021-03-20 05:16:01.724,Depósito em espécie,12.38,899,6.64
3406,476,476,2,95,4939,2013-07-09 04:18:17.397,Compra Crédito,-9.74,476,234.35
3407,620,620,7,71,7201,2019-09-18 13:27:24.508,Depósito em espécie,76.25,620,22052.71
3408,392,392,7,14,7055,2019-04-25 16:22:21.129,Compra Débito,-45.31,392,111.31
3409,711,711,8,47,6790,2018-08-03 03:04:23.784,Compra Crédito,-62.56,711,14.31
3410,43,43,6,28,5948,2016-04-13 11:37:15.979,Depósito em espécie,47.74,43,368.78
3411,680,680,7,42,8140,2022-04-14 21:19:40.276,Compra Crédito,-21.42,680,80.25
3412,137,137,1,36,7033,2019-04-03 22:06:09.466,Saque,-119.16,137,338.5
3413,140,140,6,22,8173,2022-05-17 13:00:23.653,Compra Débito,-77.58,140,533.87
3414,951,951,7,33,6807,2018-08-20 05:11:02.422,Compra Crédito,-10.9,951,9861.48
3415,166,166,7,14,7706,2021-02-04 08:36:53.520,Compra Crédito,-4.12,166,782.5
3416,49,49,7,100,7807,2021-05-16 23:32:05.180,Pix - Recebido,130.2,49,1.99
3417,266,266,7,100,6757,2018-07-01 11:30:08.525,Compra Débito,-26.59,266,8.44
3418,409,409,2,82,4412,2012-01-29 05:15:46.425,Depósito em espécie,22.11,409,112.47
3419,563,563,1,62,7691,2021-01-20 19:03:04.148,Compra Crédito,-31.42,563,413.35
3420,581,581,5,63,7664,2020-12-24 21:51:04.927,Pix - Recebido,447.5,581,346.66
3421,252,252,7,71,8268,2022-08-20 10:20:09.899,Compra Débito,-48.54,252,474.02
3422,748,748,2,82,6950,2019-01-10 20:55:26.557,Compra Crédito,-16.62,748,1854.33
3423,18,18,2,85,4807,2013-02-27 11:45:09.667,Compra Débito,-13.97,18,32.99
3424,18,18,2,85,4807,2013-02-27 20:46:28.244,Compra Crédito,-52.8,18,32.99
3425,401,401,7,14,8095,2022-02-28 16:33:18.992,Compra Crédito,-74.21,401,2.51
3426,694,694,1,75,7239,2019-10-26 16:05:13.094,Saque,-269.29,694,102.68
3427,277,277,7,33,8370,2022-11-30 19:05:55.791,Pix - Realizado,-78.5,277,841.7
3428,426,426,7,100,7756,2021-03-26 00:46:37.050,Depósito em espécie,39.9,426,999.75
3429,165,165,7,42,7543,2020-08-25 12:05:48.127,Compra Débito,-30.64,165,537.34
3430,134,134,5,43,7145,2019-07-24 21:06:36.431,Estorno de Debito,82.78,134,33031.09
3431,939,939,2,70,8394,2022-12-24 02:44:51.363,Compra Crédito,-34.64,939,85135.76
3432,263,263,1,36,4847,2013-04-08 23:12:36.355,Depósito em espécie,119.67,263,3.2
3433,61,61,1,11,4809,2013-03-01 16:24:03.331,Compra Débito,-5.23,61,12882.9
3434,338,338,7,42,8014,2021-12-09 23:30:21.933,Pix - Realizado,-172.9,338,1187.02
3435,940,940,7,14,6332,2017-05-02 15:15:51.789,Compra Débito,-12.5,940,9.19
3436,69,69,2,90,7278,2019-12-04 09:06:19.506,Compra Crédito,-20.03,69,20300.68
3437,572,572,2,86,5538,2015-02-28 16:20:44.413,Compra Débito,-158.01,572,7982.21
3438,951,951,7,33,6878,2018-10-30 16:06:38.532,Compra Crédito,-18.06,951,9861.48
3439,231,231,7,14,6370,2017-06-09 09:23:47.262,Compra Débito,-41.27,231,2564.84
3440,254,254,7,100,8387,2022-12-17 19:20:01.083,Pix - Realizado,-88.0,254,980.6
3441,807,807,7,33,6501,2017-10-18 14:50:20.118,Compra Débito,-100.09,807,15951.23
3442,768,768,7,42,8072,2022-02-05 10:17:55.250,Compra Crédito,-20.94,768,222.38
3443,120,120,2,82,7049,2019-04-19 13:00:32.982,Compra Crédito,-54.48,120,7738.26
3444,257,257,1,60,4068,2011-02-19 19:17:28.209,Compra Crédito,-36.6,257,38.78
3445,689,689,2,84,4904,2013-06-04 02:43:29.019,Compra Crédito,-182.78,689,27162.12
3446,651,651,7,7,5863,2016-01-19 17:29:30.571,Compra Débito,-89.53,651,21634.01
3447,132,132,7,14,7847,2021-06-25 15:10:48.480,Compra Débito,-26.34,132,2593.5
3448,796,796,7,71,8281,2022-09-02 12:05:30.163,Pix - Realizado,-217.1,796,375.12
3449,228,228,1,80,5667,2015-07-07 14:04:47.697,Compra Débito,-107.99,228,11.6
3450,521,521,7,71,7232,2019-10-19 23:03:21.898,Compra Crédito,-12.06,521,92.87
3451,128,128,8,6,7009,2019-03-10 15:58:37.010,Compra Débito,-31.86,128,44201.24
3452,845,845,3,13,4867,2013-04-28 15:09:09.336,Compra Crédito,-21.18,845,14733.18
3453,305,305,7,71,8362,2022-11-22 10:45:39.666,Compra Crédito,-33.85,305,109.4
3454,610,610,7,42,7747,2021-03-17 11:55:36.685,Pix - Recebido,2186.4,610,378.18
3455,869,869,3,98,7764,2021-04-03 13:23:01.390,Pix - Realizado,-198.5,869,135.54
3456,612,612,6,54,6172,2016-11-23 16:08:37.777,Compra Crédito,-36.58,612,18531.99
3457,994,994,7,7,6270,2017-03-01 03:50:52.736,Compra Crédito,-44.29,994,576.6
3458,138,138,2,84,5348,2014-08-22 11:11:24.791,Compra Crédito,-333.27,138,19.91
3459,626,626,10,97,8095,2022-02-28 16:01:23.940,Compra Débito,-44.64,626,45.21
3460,56,56,7,7,7586,2020-10-07 08:45:00.499,Depósito em espécie,19.72,56,55.1
3461,692,692,3,31,7308,2020-01-03 10:14:05.850,Compra Débito,-7.66,692,2.06
3462,262,262,7,7,8378,2022-12-08 01:36:49.360,Compra Débito,-89.8,262,312.07
3463,178,178,9,20,8131,2022-04-05 20:44:29.321,Pix - Recebido,576.1,178,1437.96
3464,3,3,7,100,6420,2017-07-29 22:29:38.386,Compra Débito,-14.75,3,165.04
3465,226,226,4,35,7993,2021-11-18 21:24:23.389,Pix - Recebido,30.9,226,2367.0
3466,457,457,7,7,7357,2020-02-21 01:22:33.719,Compra Crédito,-36.81,457,1.81
3467,320,320,4,19,5755,2015-10-03 23:25:59.633,Saque,-138.02,320,14108.84
3468,334,334,7,14,8278,2022-08-30 19:54:58.973,Depósito em espécie,42.39,334,1195.42
3469,98,98,2,78,5923,2016-03-19 16:03:52.135,Compra Crédito,-53.88,98,1330.67
3470,912,912,7,100,8338,2022-10-29 18:43:57.054,Pix - Realizado,-461.7,912,23655.76
3471,652,652,7,14,8079,2022-02-12 21:12:01.085,Compra Crédito,-8.5,652,117.65
3472,677,677,7,33,7015,2019-03-16 09:20:27.064,Compra Débito,-39.41,677,11911.95
3473,318,318,3,91,7493,2020-07-06 17:08:29.364,Compra Crédito,-43.11,318,43585.91
3474,110,110,3,31,5041,2013-10-19 22:26:54.130,Compra Crédito,-22.12,110,96140.95
3475,120,120,2,82,7051,2019-04-21 09:59:57.743,Compra Débito,-36.23,120,7738.26
3476,32,32,8,69,6992,2019-02-21 13:53:08.798,Depósito em espécie,54.1,32,53414.48
3477,813,813,2,81,5496,2015-01-17 22:42:57.192,Depósito em espécie,16.29,813,21054.94
3478,731,731,7,7,8304,2022-09-25 00:14:55.860,Pix - Realizado,-483.0,731,524.28
3479,69,69,2,90,7284,2019-12-10 15:43:05.899,Compra Crédito,-43.58,69,20300.68
3480,388,388,3,98,5583,2015-04-14 03:46:49.290,Depósito em espécie,79.03,388,5.66
3481,572,572,2,86,5539,2015-03-01 14:28:39.618,Compra Crédito,-85.65,572,7982.21
3482,310,310,7,42,7223,2019-10-10 09:17:36.710,Compra Crédito,-38.4,310,30.65
3483,184,184,5,49,7586,2020-10-07 21:39:01.916,Estorno de Debito,43.23,184,41.16
3484,184,184,5,49,7586,2020-10-07 21:51:11.833,Compra Débito,-45.81,184,41.16
3485,472,472,7,7,6826,2018-09-08 19:44:24.158,Compra Crédito,-34.67,472,206.59
3486,500,500,1,3,7269,2019-11-25 06:41:22.556,TED - Recebido,9990.0,500,107875.13
3487,477,477,7,71,5889,2016-02-14 14:44:45.462,Depósito em espécie,7.43,477,36068.85
3488,756,756,7,100,7465,2020-06-08 10:13:09.944,Transferência entre CC - Débito,-237.6,756,79.57
3489,506,506,8,38,7915,2021-09-01 12:19:22.517,Compra Crédito,-32.36,506,268.56
3490,411,411,1,75,4733,2012-12-15 11:32:19.782,Compra Débito,-84.37,411,53894.21
3491,356,356,7,42,7387,2020-03-22 07:11:41.157,Compra Débito,-51.09,356,68663.09
3492,829,829,7,100,7990,2021-11-15 04:47:07.190,Compra Crédito,-20.45,829,398.52
3493,800,800,1,92,8006,2021-12-01 05:11:38.623,Pix - Recebido,544.8,800,845.98
3494,418,418,8,47,8200,2022-06-13 17:53:17.305,Pix - Realizado,-190.6,418,31.17
3495,39,39,2,84,5646,2015-06-16 17:25:49.491,Compra Crédito,-37.88,39,41879.26
3496,861,861,4,57,6241,2017-01-31 17:35:09.646,Compra Débito,-13.83,861,35.17
3497,114,114,7,33,7395,2020-03-30 10:20:04.742,Compra Crédito,-16.76,114,7855.66
3498,465,465,3,98,6747,2018-06-21 07:01:23.825,Compra Crédito,-23.02,465,6182.65
3499,747,747,1,61,7224,2019-10-11 03:57:17.099,Compra Crédito,-35.77,747,3.0
3500,848,848,6,88,7199,2019-09-16 11:20:06.733,Depósito em espécie,17.07,848,300.03
3501,644,644,8,38,7287,2019-12-13 04:31:13.420,Estorno de Debito,76.66,644,254.94
3502,997,997,2,85,8273,2022-08-25 05:42:33.783,Pix - Realizado,-396.6,997,15973.33
3503,216,216,1,26,4391,2012-01-08 21:00:39.088,Compra Crédito,-25.95,216,622.12
3504,421,421,7,14,7398,2020-04-02 12:32:20.459,Compra Crédito,-31.97,421,90.29
3505,776,776,4,1,6656,2018-03-22 09:28:14.851,Compra Crédito,-13.11,776,164.21
3506,634,634,4,57,5690,2015-07-30 12:50:34.178,Compra Débito,-8.45,634,0.69
3507,217,217,4,57,5103,2013-12-20 13:10:20.546,Depósito em espécie,39.65,217,3307.79
3508,803,803,7,100,8290,2022-09-11 07:45:06.012,Compra Débito,-33.75,803,1778.51
3509,155,155,3,16,7377,2020-03-12 07:11:29.597,Compra Crédito,-29.12,155,515.96
3510,872,872,7,71,6851,2018-10-03 20:25:23.801,Saque,-195.3,872,4227.81
3511,129,129,1,32,8238,2022-07-21 22:37:27.591,Pix - Recebido,497.3,129,634.74
3512,734,734,1,75,5075,2013-11-22 12:26:06.315,Compra Débito,-24.43,734,80591.82
3513,667,667,3,73,5440,2014-11-22 04:29:40.603,Compra Débito,-15.33,667,697.7
3514,975,975,1,32,5091,2013-12-08 17:35:42.905,Compra Débito,-86.57,975,42.45
3515,204,204,7,100,7045,2019-04-15 03:38:01.699,Compra Crédito,-64.72,204,104.32
3516,848,848,6,88,7199,2019-09-16 14:09:02.044,Compra Débito,-19.83,848,300.03
3517,885,885,7,14,6110,2016-09-22 00:58:58.246,Compra Crédito,-22.43,885,29102.28
3518,332,332,1,60,6604,2018-01-29 00:35:24.415,Compra Débito,-19.19,332,37.78
3519,977,977,7,14,7724,2021-02-22 11:52:07.636,Compra Crédito,-13.6,977,7788.41
3520,245,245,6,54,6681,2018-04-16 05:47:06.831,Compra Crédito,-93.91,245,8218.31
3521,736,736,3,98,6156,2016-11-07 14:45:41.523,Compra Débito,-12.27,736,87.06
3522,643,643,7,7,6217,2017-01-07 23:16:41.341,Compra Crédito,-83.59,643,2860.45
3523,618,618,7,100,8374,2022-12-04 21:09:14.616,Compra Crédito,-88.28,618,2659.18
3524,745,745,3,51,6995,2019-02-24 22:50:21.874,Compra Débito,-26.89,745,28080.44
3525,686,686,8,37,8347,2022-11-07 10:34:41.381,Compra Crédito,-16.77,686,3154.29
3526,645,645,7,71,8372,2022-12-02 09:50:16.103,Compra Crédito,-86.3,645,41775.87
3527,128,128,8,6,7009,2019-03-10 20:28:41.511,Compra Crédito,-28.85,128,44201.24
3528,762,762,7,42,7125,2019-07-04 11:40:35.890,Compra Crédito,-61.96,762,723.01
3529,254,254,7,100,8390,2022-12-20 06:18:10.287,Compra Débito,-28.23,254,980.6
3530,716,716,1,36,8341,2022-11-01 14:15:18.967,Saque,-318.94,716,21.65
3531,93,93,1,92,7494,2020-07-07 00:06:11.750,Compra Crédito,-15.58,93,80650.07
3532,970,970,3,31,8312,2022-10-03 09:47:57.665,Pix - Recebido,273.0,970,101.71
3533,578,578,7,7,8341,2022-11-01 05:51:00.005,Pix - Realizado,-821.5,578,815.65
3534,8,8,3,73,6847,2018-09-29 04:30:15.750,Compra Débito,-85.81,8,1714.2
3535,619,619,7,71,8156,2022-04-30 21:32:10.682,Pix - Recebido,381.8,619,511.6
3536,532,532,7,33,6806,2018-08-19 22:30:16.185,Compra Crédito,-23.82,532,106.38
3537,556,556,7,100,6682,2018-04-17 22:53:04.861,Compra Crédito,-91.79,556,15.61
3538,551,551,1,32,6120,2016-10-02 10:32:36.389,Compra Débito,-8.74,551,33084.37
3539,778,778,5,55,6213,2017-01-03 07:56:07.911,Compra Débito,-6.07,778,86.63
3540,497,497,2,81,4070,2011-02-21 08:52:45.351,Compra Débito,-35.6,497,137.81
3541,149,149,7,33,8132,2022-04-06 01:25:24.147,Pix - Realizado,-298.4,149,1259.47
3542,166,166,7,14,7707,2021-02-05 01:24:30.354,Saque,-50.44,166,782.5
3543,502,502,2,90,4525,2012-05-21 02:49:31.669,Compra Crédito,-151.51,502,179885.3
3544,633,633,7,14,7191,2019-09-08 23:54:52.454,Compra Crédito,-18.15,633,438.87
3545,589,589,8,69,7350,2020-02-14 01:27:21.501,Compra Crédito,-10.31,589,28519.79
3546,846,846,8,23,8168,2022-05-12 00:56:43.783,Pix - Realizado,-510.5,846,2090.0
3547,659,659,3,13,5597,2015-04-28 06:13:53.670,Compra Crédito,-27.19,659,156.31
3548,82,82,10,25,8108,2022-03-13 06:24:44.214,Compra Crédito,-31.98,82,124.63
3549,180,180,7,71,6193,2016-12-14 04:57:18.190,TED - Recebido,12710.0,180,12252.59
3550,338,338,7,42,8018,2021-12-13 05:49:09.831,Pix - Realizado,-76.6,338,1187.02
3551,882,882,7,100,7307,2020-01-02 23:40:49.819,Compra Débito,-49.16,882,13183.35
3552,573,573,7,71,8306,2022-09-27 18:30:04.212,Compra Débito,-21.44,573,21.88
3553,410,410,7,14,6796,2018-08-09 16:32:33.086,Compra Crédito,-27.9,410,53033.04
3554,373,373,2,86,4309,2011-10-18 22:32:56.887,Depósito em espécie,13.33,373,951.99
3555,412,412,7,42,6830,2018-09-12 12:02:43.614,DOC - Recebido,29700.0,412,31263.77
3556,362,362,2,85,6617,2018-02-11 13:42:06.076,Depósito em espécie,28.32,362,24.48
3557,84,84,7,42,7305,2019-12-31 13:44:24.259,Compra Crédito,-58.8,84,629.81
3558,279,279,3,91,8405,2023-01-04 01:41:16.057,Pix - Recebido,439.2,279,40.41
3559,650,650,7,42,7667,2020-12-27 14:40:39.927,Pix - Recebido,263.0,650,61.92
3560,941,941,7,7,6189,2016-12-10 02:52:42.196,Depósito em espécie,60.79,941,35080.31
3561,372,372,7,100,7240,2019-10-27 15:01:48.844,Compra Crédito,-13.87,372,104852.88
3562,276,276,5,15,6223,2017-01-13 21:46:05.845,Saque,-101.79,276,40158.27
3563,442,442,7,71,8394,2022-12-24 06:31:51.842,Compra Crédito,-38.51,442,304.61
3564,753,753,7,33,6831,2018-09-13 05:22:28.247,Saque,-77.42,753,15.45
3565,612,612,6,54,6183,2016-12-04 06:38:18.262,Compra Crédito,-5.79,612,18531.99
3566,400,400,5,2,6034,2016-07-08 10:03:23.324,Depósito em espécie,28.84,400,234.12
3567,15,15,7,33,7229,2019-10-16 03:37:49.915,Compra Débito,-12.83,15,689.76
3568,857,857,2,70,5321,2014-07-26 20:07:46.150,TED - Recebido,11845.0,857,11040.58
3569,651,651,7,7,5895,2016-02-20 11:41:08.312,Depósito em espécie,52.85,651,21634.01
3570,111,111,7,33,7916,2021-09-02 00:52:28.144,Pix - Realizado,-164.9,111,288.35
3571,980,980,7,7,7106,2019-06-15 20:44:56.158,Compra Débito,-34.04,980,49.3
3572,443,443,7,14,6070,2016-08-13 06:08:26.203,Compra Débito,-17.24,443,37.09
3573,957,957,3,73,5500,2015-01-21 01:49:17.062,Compra Crédito,-62.58,957,15.95
3574,440,440,4,57,6128,2016-10-10 14:20:11.262,Compra Crédito,-141.59,440,29.05
3575,46,46,7,33,7014,2019-03-15 17:41:06.653,Compra Crédito,-28.93,46,51.14
3576,767,767,7,33,6213,2017-01-03 06:33:24.079,Compra Crédito,-5.23,767,6534.06
3577,551,551,1,32,6120,2016-10-02 10:34:32.077,TED - Recebido,32460.0,551,33084.37
3578,762,762,7,42,7133,2019-07-12 20:22:48.971,Compra Débito,-48.52,762,723.01
3579,353,353,7,71,8332,2022-10-23 17:57:23.620,Compra Crédito,-19.6,353,29.98
3580,253,253,7,14,6606,2018-01-31 02:14:50.156,Compra Débito,-85.49,253,4.95
3581,763,763,6,4,6949,2019-01-09 20:00:59.165,Depósito em espécie,58.81,763,3.04
3582,959,959,1,61,5336,2014-08-10 09:45:15.248,Compra Débito,-25.03,959,96.49
3583,418,418,8,47,8200,2022-06-13 18:06:18.533,Compra Crédito,-11.69,418,31.17
3584,907,907,7,100,6002,2016-06-06 20:16:19.564,Compra Débito,-59.3,907,76.9
3585,995,995,7,33,6716,2018-05-21 11:56:49.936,Compra Crédito,-193.77,995,13383.67
3586,643,643,7,7,6218,2017-01-08 13:53:01.821,Compra Crédito,-23.16,643,2860.45
3587,165,165,7,42,7547,2020-08-29 04:29:43.111,Compra Crédito,-11.29,165,537.34
3588,376,376,7,14,6563,2017-12-19 10:14:22.827,Depósito em espécie,28.31,376,53.04
3589,585,585,7,71,6533,2017-11-19 13:51:18.999,Compra Crédito,-81.1,585,59.76
3590,798,798,3,13,7304,2019-12-30 05:43:21.745,Compra Débito,-64.84,798,40174.06
3591,987,987,7,33,6481,2017-09-28 13:37:23.830,Compra Crédito,-53.84,987,32.6
3592,847,847,8,89,7115,2019-06-24 15:52:25.312,Compra Débito,-29.8,847,114.56
3593,451,451,1,61,5568,2015-03-30 13:30:23.679,Compra Crédito,-33.04,451,17.34
3594,998,998,2,84,4903,2013-06-03 20:32:15.546,Compra Crédito,-57.29,998,36.07
3595,136,136,6,44,8081,2022-02-14 16:20:59.464,Compra Crédito,-39.76,136,582.21
3596,474,474,7,71,7239,2019-10-26 15:41:45.639,Compra Débito,-34.7,474,414.48
3597,438,438,8,5,7475,2020-06-18 14:13:03.759,Saque,-93.82,438,1675.67
3598,178,178,9,20,8148,2022-04-22 08:18:48.964,Compra Crédito,-150.93,178,1437.96
3599,740,740,4,19,6070,2016-08-13 21:40:27.308,Compra Crédito,-38.76,740,13398.08
3600,147,147,7,42,7027,2019-03-28 12:11:21.223,Compra Débito,-7.88,147,11.06
3601,845,845,3,13,4867,2013-04-28 23:48:48.369,Compra Débito,-41.46,845,14733.18
3602,403,403,1,72,4853,2013-04-14 18:34:10.321,Compra Crédito,-6.64,403,649.18
3603,121,121,7,71,6429,2017-08-07 23:48:26.701,Depósito em espécie,404.12,121,129.51
3604,599,599,7,33,8421,2023-01-20 20:27:24.933,Transferência entre CC - Débito,-195.2,599,1553.6
3605,36,36,7,14,7332,2020-01-27 04:37:01.091,Compra Débito,-23.49,36,43990.93
3606,632,632,7,71,7116,2019-06-25 02:34:33.872,Compra Crédito,-189.18,632,46.43
3607,642,642,7,100,5825,2015-12-12 17:23:49.159,Compra Crédito,-9.11,642,5.39
3608,293,293,6,44,5914,2016-03-10 00:01:04.694,Depósito em espécie,58.34,293,226.71
3609,610,610,7,42,7748,2021-03-18 04:15:48.416,Compra Crédito,-50.46,610,378.18
3610,602,602,7,33,7508,2020-07-21 22:04:06.753,Depósito em espécie,173.44,602,756.44
3611,290,290,7,42,8092,2022-02-25 22:23:35.785,Compra Débito,-103.37,290,21.07
3612,170,170,7,100,7979,2021-11-04 13:05:25.616,Compra Crédito,-10.16,170,340.47
3613,725,725,7,71,7087,2019-05-27 07:37:35.032,Compra Débito,-34.61,725,557.09
3614,128,128,8,6,7009,2019-03-10 22:37:56.515,Compra Crédito,-33.5,128,44201.24
3615,112,112,4,19,8352,2022-11-12 15:32:37.128,Pix - Recebido,137.5,112,532.48
3616,901,901,2,9,4187,2011-06-18 21:26:27.158,Compra Crédito,-85.29,901,23788.28
3617,278,278,4,57,5544,2015-03-06 12:48:15.237,Compra Crédito,-2.11,278,30.67
3618,75,75,1,32,4463,2012-03-20 20:42:10.757,Compra Crédito,-61.33,75,7767.04
3619,497,497,2,81,4071,2011-02-22 06:38:41.932,Depósito em espécie,30.54,497,137.81
3620,687,687,8,38,7172,2019-08-20 17:14:58.066,Compra Débito,-32.49,687,999.34
3621,181,181,2,85,4315,2011-10-24 11:35:59.696,Compra Débito,-21.65,181,196.99
3622,151,151,7,100,6210,2016-12-31 07:06:18.257,Depósito em espécie,15.81,151,6.63
3623,93,93,1,92,7497,2020-07-10 05:21:13.406,Compra Crédito,-29.48,93,80650.07
3624,666,666,7,42,8210,2022-06-23 23:26:49.033,Saque,-786.03,666,40437.53
3625,148,148,9,93,7327,2020-01-22 11:52:31.995,Saque,-233.11,148,41.59
3626,599,599,7,33,8421,2023-01-20 20:27:24.113,Compra Débito,-72.4,599,1553.6
3627,15,15,7,33,7229,2019-10-16 10:52:28.398,Compra Débito,-5.93,15,689.76
3628,940,940,7,14,6333,2017-05-03 23:49:31.825,Compra Crédito,-28.33,940,9.19
3629,301,301,7,71,7293,2019-12-19 00:01:54.583,Compra Crédito,-29.59,301,471.75
3630,356,356,7,42,7388,2020-03-23 00:17:30.356,Compra Crédito,-39.87,356,68663.09
3631,191,191,2,9,6076,2016-08-19 08:15:06.711,Compra Crédito,-59.31,191,5.42
3632,559,559,2,86,5008,2013-09-16 04:50:28.681,Compra Crédito,-53.04,559,287.05
3633,172,172,7,42,6271,2017-03-02 07:52:26.740,Compra Crédito,-15.01,172,187.41
3634,384,384,3,98,6781,2018-07-25 03:14:18.117,Compra Crédito,-23.75,384,78.72
3635,584,584,10,27,8227,2022-07-10 21:53:31.938,Compra Débito,-145.91,584,806.13
3636,526,526,3,51,7963,2021-10-19 10:33:19.422,Compra Débito,-49.74,526,2246.83
3637,348,348,7,100,7282,2019-12-08 09:03:12.798,Depósito em espécie,30.02,348,79.31
3638,81,81,7,71,7380,2020-03-15 03:46:05.681,Saque,-138.82,81,123.08
3639,739,739,7,100,6769,2018-07-13 21:44:39.977,Depósito em espécie,25.31,739,14568.3
3640,10,10,3,98,5829,2015-12-16 18:19:46.561,Compra Crédito,-24.44,10,8835.58
3641,323,323,7,14,8081,2022-02-14 20:51:44.030,Pix - Realizado,-188.8,323,5230.02
3642,471,471,7,14,8051,2022-01-15 18:33:03.034,DOC - Recebido,8875.0,471,9465.57
3643,465,465,3,98,6747,2018-06-21 07:36:44.895,Compra Crédito,-13.86,465,6182.65
3644,764,764,7,42,6438,2017-08-16 14:48:35.235,Compra Débito,-35.03,764,1599.11
3645,244,244,7,14,7323,2020-01-18 10:39:34.682,Compra Crédito,-19.44,244,2652.96
3646,912,912,7,100,8363,2022-11-23 13:16:26.678,Compra Débito,-452.55,912,23655.76
3647,877,877,7,7,7006,2019-03-07 23:34:24.093,Estorno de Debito,29.89,877,30.7
3648,662,662,7,42,7594,2020-10-15 14:40:49.582,Compra Crédito,-48.29,662,21469.65
3649,120,120,2,82,7223,2019-10-10 06:50:41.691,Depósito em espécie,87.27,120,7738.26
3650,418,418,8,47,8292,2022-09-13 04:53:41.058,Compra Crédito,-28.5,418,31.17
3651,394,394,3,51,4779,2013-01-30 23:01:21.452,Compra Débito,-84.4,394,14982.14
3652,888,888,3,73,7799,2021-05-08 06:23:22.680,Compra Crédito,-8.25,888,386.72
3653,316,316,7,33,7202,2019-09-19 21:29:12.462,Compra Débito,-23.2,316,5.29
3654,417,417,7,14,6545,2017-12-01 00:19:42.524,Compra Débito,-65.36,417,486.42
3655,782,782,6,88,5920,2016-03-16 16:02:49.531,Compra Crédito,-40.57,782,42.44
3656,135,135,1,75,7622,2020-11-12 05:42:54.863,Depósito em espécie,52.72,135,408.51
3657,252,252,7,71,8383,2022-12-13 07:35:10.804,Pix - Realizado,-167.8,252,474.02
3658,493,493,7,42,7617,2020-11-07 16:31:02.962,Compra Débito,-8.17,493,532.93
3659,933,933,8,41,7758,2021-03-28 21:35:49.084,Pix - Recebido,739.8,933,322.81
3660,878,878,6,40,7075,2019-05-15 05:46:48.054,Compra Crédito,-9.63,878,1.44
3661,550,550,1,3,7534,2020-08-16 07:01:02.195,Compra Crédito,-29.03,550,140.29
3662,402,402,3,13,4859,2013-04-20 20:54:51.769,Compra Crédito,-64.36,402,132.71
3663,142,142,2,81,6021,2016-06-25 11:31:31.510,Compra Crédito,-53.13,142,23.92
3664,347,347,7,100,7622,2020-11-12 16:12:08.643,Compra Crédito,-98.26,347,1104.9
3665,564,564,1,80,7202,2019-09-19 09:06:18.639,Compra Crédito,-8.62,564,9153.86
3666,329,329,3,98,5799,2015-11-16 18:25:05.795,Depósito em espécie,59.54,329,3352.64
3667,147,147,7,42,7054,2019-04-24 20:08:55.233,Compra Crédito,-33.54,147,11.06
3668,420,420,5,50,5728,2015-09-06 20:32:52.214,Compra Crédito,-35.94,420,7641.25
3669,508,508,4,1,6948,2019-01-08 09:57:21.406,Compra Débito,-109.32,508,1454.88
3670,62,62,2,82,6795,2018-08-08 23:50:56.721,Compra Crédito,-76.47,62,14.12
3671,139,139,6,22,5982,2016-05-17 17:00:58.145,Saque,-491.27,139,82508.39
3672,91,91,7,14,7314,2020-01-09 18:45:32.231,Compra Débito,-36.26,91,0.67
3673,385,385,4,19,7527,2020-08-09 03:49:14.711,Compra Crédito,-81.42,385,13281.25
3674,788,788,1,80,4672,2012-10-15 08:13:21.179,Compra Crédito,-35.69,788,169.47
3675,181,181,2,85,4379,2011-12-27 15:46:31.763,Compra Crédito,-23.71,181,196.99
3676,136,136,6,44,8081,2022-02-14 18:41:31.750,Depósito em espécie,21.89,136,582.21
3677,465,465,3,98,6748,2018-06-22 03:13:09.897,Compra Débito,-23.05,465,6182.65
3678,410,410,7,14,6798,2018-08-11 16:31:20.198,Compra Crédito,-41.31,410,53033.04
3679,786,786,7,14,6549,2017-12-05 02:38:15.896,Compra Crédito,-12.91,786,16.42
3680,190,190,7,14,8303,2022-09-24 17:28:09.422,Compra Crédito,-26.78,190,97.54
3681,998,998,2,84,4918,2013-06-18 08:32:52.811,Compra Débito,-14.51,998,36.07
3682,384,384,3,98,6781,2018-07-25 06:51:49.811,Compra Crédito,-45.3,384,78.72
3683,208,208,4,35,6907,2018-11-28 16:37:57.413,Compra Crédito,-72.58,208,77.03
3684,707,707,7,33,6084,2016-08-27 08:49:19.762,Compra Débito,-16.33,707,258.79
3685,688,688,7,42,6682,2018-04-17 23:43:45.795,Compra Crédito,-21.44,688,228.81
3686,858,858,7,14,8390,2022-12-20 02:16:19.911,Compra Débito,-24.93,858,8063.11
3687,987,987,7,33,6678,2018-04-13 22:45:30.057,Compra Débito,-17.3,987,32.6
3688,798,798,3,13,7304,2019-12-30 20:46:54.668,Compra Débito,-47.25,798,40174.06
3689,406,406,6,22,8383,2022-12-13 10:00:53.517,Pix - Recebido,281.5,406,166.64
3690,42,42,7,14,7923,2021-09-09 01:14:26.808,Compra Débito,-30.19,42,95.06
3691,497,497,2,81,4078,2011-03-01 04:22:13.116,Compra Débito,-14.59,497,137.81
3692,798,798,3,13,7305,2019-12-31 18:26:55.319,Compra Débito,-262.54,798,40174.06
3693,597,597,2,94,7493,2020-07-06 23:20:09.029,Depósito em espécie,12.06,597,404.1
3694,387,387,7,14,7414,2020-04-18 12:25:58.848,Depósito em espécie,10.04,387,25.59
3695,249,249,2,24,6191,2016-12-12 08:23:44.838,DOC - Recebido,47830.0,249,45973.33
3696,336,336,7,100,6475,2017-09-22 14:44:54.719,TED - Recebido,8770.0,336,9163.5
3697,268,268,4,19,6662,2018-03-28 10:46:52.285,Compra Crédito,-55.78,268,25.63
3698,317,317,2,95,4112,2011-04-04 08:09:12.833,Compra Crédito,-13.6,317,51156.1
3699,552,552,4,1,8373,2022-12-03 22:55:10.082,Compra Crédito,-47.93,552,386.22
3700,30,30,9,77,7892,2021-08-09 12:09:25.075,Pix - Realizado,-247.7,30,8.42
3701,353,353,7,71,8332,2022-10-23 18:03:31.443,Compra Débito,-34.18,353,29.98
3702,604,604,7,14,6408,2017-07-17 13:16:11.453,Compra Crédito,-92.43,604,5498.85
3703,317,317,2,95,4131,2011-04-23 12:28:00.590,Compra Crédito,-33.96,317,51156.1
3704,860,860,5,55,5594,2015-04-25 13:00:49.661,Compra Crédito,-36.73,860,5.32
3705,619,619,7,71,8156,2022-04-30 21:37:20.886,Pix - Realizado,-128.8,619,511.6
3706,506,506,8,38,8138,2022-04-12 12:04:06.297,Pix - Recebido,458.4,506,268.56
3707,809,809,1,11,8116,2022-03-21 14:25:33.287,Compra Crédito,-70.96,809,6205.66
3708,430,430,3,73,4915,2013-06-15 18:19:12.005,Compra Débito,-108.55,430,27934.18
3709,842,842,7,33,7127,2019-07-06 11:35:54.411,Compra Crédito,-9.42,842,1.24
3710,401,401,7,14,8095,2022-02-28 18:20:01.188,Saque,-45.54,401,2.51
3711,732,732,4,1,8276,2022-08-28 00:08:33.182,Pix - Realizado,-831.1,732,35601.8
3712,685,685,7,33,6195,2016-12-16 21:21:22.036,Compra Crédito,-7.52,685,8.32
3713,592,592,7,42,6983,2019-02-12 21:17:46.879,Compra Crédito,-40.41,592,21.29
3714,555,555,5,49,7681,2021-01-10 07:11:39.593,Pix - Realizado,-153.1,555,1819.41
3715,508,508,4,1,6951,2019-01-11 23:47:38.633,Compra Crédito,-12.41,508,1454.88
3716,59,59,3,98,7147,2019-07-26 19:05:33.011,Depósito em espécie,101.75,59,1.8
3717,641,641,7,100,7577,2020-09-28 06:46:23.618,Depósito em espécie,26.02,641,5294.41
3718,751,751,9,46,7934,2021-09-20 17:41:26.537,Pix - Recebido,191.9,751,11045.48
3719,187,187,7,7,6150,2016-11-01 09:38:49.317,Compra Débito,-34.1,187,111.14
3720,218,218,5,15,5686,2015-07-26 21:09:46.284,Compra Débito,-68.21,218,323.81
3721,833,833,7,14,8201,2022-06-14 07:58:11.031,Compra Crédito,-44.9,833,7112.52
3722,93,93,1,92,7497,2020-07-10 05:39:03.310,Compra Débito,-12.62,93,80650.07
3723,748,748,2,82,6951,2019-01-11 10:45:46.601,Compra Débito,-273.98,748,1854.33
3724,19,19,7,71,6099,2016-09-11 08:30:46.194,Compra Crédito,-53.62,19,457.62
3725,316,316,7,33,7203,2019-09-20 00:07:31.298,Depósito em espécie,64.08,316,5.29
3726,635,635,1,3,6292,2017-03-23 22:55:00.136,Compra Débito,-19.51,635,5673.71
3727,805,805,7,14,7246,2019-11-02 21:48:51.125,Compra Débito,-31.23,805,10.77
3728,662,662,7,42,7599,2020-10-20 11:18:07.749,Depósito em espécie,84.07,662,21469.65
3729,838,838,7,100,6443,2017-08-21 12:23:40.452,Compra Débito,-144.83,838,1128.51
3730,835,835,7,71,8228,2022-07-11 23:00:27.424,Compra Crédito,-23.88,835,273.63
3731,654,654,7,33,6089,2016-09-01 20:07:37.016,Saque,-59.62,654,27.85
3732,703,703,7,71,7989,2021-11-14 21:36:11.528,Pix - Realizado,-134.9,703,1455.48
3733,408,408,7,100,8260,2022-08-12 18:50:57.638,Compra Débito,-22.94,408,209.1
3734,530,530,1,80,5529,2015-02-19 16:14:37.982,Compra Débito,-136.05,530,181.44
3735,74,74,7,14,6754,2018-06-28 13:57:01.237,Compra Crédito,-5.06,74,47148.34
3736,958,958,6,40,5632,2015-06-02 00:02:41.870,Compra Crédito,-21.93,958,72.3
3737,739,739,7,100,6770,2018-07-14 01:38:20.314,Depósito em espécie,422.2,739,14568.3
3738,879,879,3,31,4733,2012-12-15 09:43:55.800,Depósito em espécie,32.85,879,4.04
3739,115,115,2,84,7739,2021-03-09 08:51:23.906,Pix - Realizado,-157.3,115,2036.75
3740,812,812,4,35,7999,2021-11-24 06:48:13.756,Pix - Realizado,-249.0,812,2869.8
3741,201,201,7,71,8275,2022-08-27 02:41:38.417,Pix - Recebido,585.2,201,266.97
3742,167,167,7,7,6856,2018-10-08 00:35:16.467,DOC - Recebido,6395.0,167,7155.67
3743,454,454,1,26,5141,2014-01-27 02:24:37.903,Compra Crédito,-75.62,454,21390.15
3744,266,266,7,100,6757,2018-07-01 13:05:45.755,Compra Débito,-89.12,266,8.44
3745,321,321,7,7,5803,2015-11-20 14:30:20.827,Compra Crédito,-31.73,321,128.46
3746,564,564,1,80,7203,2019-09-20 22:18:33.740,Compra Débito,-80.27,564,9153.86
3747,727,727,3,91,8223,2022-07-06 02:15:30.976,Depósito em espécie,85.13,727,147.47
3748,723,723,7,14,6143,2016-10-25 16:04:26.467,Compra Crédito,-81.92,723,1361.01
3749,739,739,7,100,7066,2019-05-06 22:41:52.861,Compra Débito,-37.49,739,14568.3
3750,562,562,10,30,8022,2021-12-17 06:48:45.508,Pix - Recebido,864.1,562,1204.78
3751,914,914,5,55,5566,2015-03-28 23:57:57.494,Compra Crédito,-26.44,914,7492.2
3752,594,594,7,71,6596,2018-01-21 14:13:21.571,Compra Débito,-18.88,594,12528.72
3753,128,128,8,6,7014,2019-03-15 10:24:20.451,DOC - Recebido,35950.0,128,44201.24
3754,102,102,7,7,7806,2021-05-15 12:13:15.691,Compra Débito,-52.01,102,13201.87
3755,862,862,7,7,7705,2021-02-03 21:37:28.520,Pix - Realizado,-137.8,862,707.31
3756,618,618,7,100,8386,2022-12-16 04:30:54.704,Compra Crédito,-96.36,618,2659.18
3757,803,803,7,100,8301,2022-09-22 08:03:25.214,Pix - Realizado,-1010.8,803,1778.51
3758,760,760,1,75,3697,2010-02-13 23:33:18.113,Saque,-134.73,760,15864.55
3759,998,998,2,84,4948,2013-07-18 04:00:38.553,Compra Crédito,-8.86,998,36.07
3760,9,9,4,45,7690,2021-01-19 04:51:37.108,Compra Crédito,-17.79,9,332.15
3761,184,184,5,49,7588,2020-10-09 19:17:20.982,Depósito em espécie,47.34,184,41.16
3762,731,731,7,7,8304,2022-09-25 04:53:59.239,Compra Débito,-21.94,731,524.28
3763,809,809,1,11,8116,2022-03-21 16:20:21.754,Compra Crédito,-42.78,809,6205.66
3764,302,302,7,71,7439,2020-05-13 07:06:49.851,Depósito em espécie,13.32,302,1444.94
3765,88,88,7,71,6837,2018-09-19 08:04:10.012,Compra Débito,-55.81,88,186.23
3766,655,655,7,42,7600,2020-10-21 20:03:02.275,Compra Débito,-58.28,655,232.15
3767,578,578,7,7,8373,2022-12-03 04:41:07.864,Pix - Realizado,-628.0,578,815.65
3768,518,518,3,31,5421,2014-11-03 04:19:35.752,Compra Crédito,-104.09,518,20526.06
3769,428,428,5,55,7258,2019-11-14 21:15:41.769,Depósito em espécie,19.21,428,51.82
3770,745,745,3,51,6995,2019-02-24 23:11:08.326,Compra Débito,-17.81,745,28080.44
3771,335,335,7,100,7663,2020-12-23 20:08:43.613,Compra Crédito,-26.64,335,36.23
3772,778,778,5,55,6291,2017-03-22 14:51:27.575,Transferência entre CC - Crédito,151.0,778,86.63
3773,826,826,7,71,6426,2017-08-04 00:15:15.790,Compra Crédito,-132.43,826,181.92
3774,817,817,7,100,6909,2018-11-30 12:48:03.785,Depósito em espécie,72.26,817,19329.08
3775,582,582,7,42,7832,2021-06-10 19:49:06.283,Pix - Realizado,-522.7,582,41301.32
3776,909,909,3,98,6447,2017-08-25 19:59:50.514,Compra Crédito,-54.13,909,10436.29
3777,255,255,7,100,7067,2019-05-07 02:05:27.533,Compra Débito,-66.33,255,163.21
3778,625,625,3,51,6139,2016-10-21 01:18:53.267,Compra Crédito,-39.21,625,1736.31
3779,363,363,1,18,7879,2021-07-27 20:08:28.703,Pix - Recebido,994.8,363,1334.98
3780,78,78,7,42,8281,2022-09-02 13:18:06.670,Compra Débito,-69.56,78,1075.63
3781,353,353,7,71,8334,2022-10-25 01:05:44.049,Pix - Recebido,650.8,353,29.98
3782,123,123,4,57,5343,2014-08-17 21:41:41.481,Compra Crédito,-53.91,123,14286.71
3783,767,767,7,33,6216,2017-01-06 01:46:30.810,Compra Crédito,-27.18,767,6534.06
3784,901,901,2,9,4189,2011-06-20 06:46:36.560,Compra Débito,-10.33,901,23788.28
3785,626,626,10,97,8251,2022-08-03 05:01:32.911,Compra Crédito,-128.9,626,45.21
3786,349,349,7,14,7875,2021-07-23 22:45:26.469,Pix - Realizado,-123.3,349,810.24
3787,459,459,1,60,5214,2014-04-10 07:46:53.954,Pagamento de boleto,-1066.6,459,19513.84
3788,777,777,8,23,6844,2018-09-26 05:13:49.962,Compra Crédito,-13.65,777,5.03
3789,910,910,4,1,6698,2018-05-03 02:32:47.463,Compra Débito,-9.65,910,79.63
3790,625,625,3,51,6139,2016-10-21 04:39:02.710,Saque,-229.44,625,1736.31
3791,142,142,2,81,6021,2016-06-25 20:12:46.005,Compra Débito,-22.82,142,23.92
3792,183,183,1,62,7094,2019-06-03 22:28:21.833,Compra Débito,-75.61,183,117.76
3793,906,906,7,71,7817,2021-05-26 06:15:22.776,Compra Crédito,-43.15,906,153.88
3794,765,765,2,82,6377,2017-06-16 03:53:16.470,Compra Crédito,-41.83,765,483.83
3795,185,185,3,51,5551,2015-03-13 04:23:54.687,Compra Débito,-7.58,185,17.06
3796,774,774,1,39,7182,2019-08-30 12:08:15.961,Compra Débito,-32.33,774,492.43
3797,263,263,1,36,4848,2013-04-09 18:32:48.702,Compra Crédito,-17.09,263,3.2
3798,378,378,9,83,8328,2022-10-19 16:24:10.392,Compra Débito,-29.91,378,777.25
3799,913,913,7,33,7069,2019-05-09 05:53:13.209,Compra Crédito,-121.53,913,575.77
3800,337,337,7,100,6621,2018-02-15 22:44:37.105,Compra Crédito,-57.56,337,14854.02
3801,856,856,7,33,7822,2021-05-31 05:22:50.216,Compra Débito,-39.02,856,19.22
3802,692,692,3,31,7309,2020-01-04 12:27:24.143,Compra Débito,-9.4,692,2.06
3803,768,768,7,42,8073,2022-02-06 07:01:54.990,Compra Crédito,-28.68,768,222.38
3804,671,671,3,91,5423,2014-11-05 10:23:26.004,Saque,-77.17,671,91.7
3805,808,808,3,31,5357,2014-08-31 09:25:40.128,Depósito em espécie,30.86,808,5942.22
3806,908,908,5,58,5607,2015-05-08 05:37:41.339,Compra Débito,-17.72,908,1.83
3807,805,805,7,14,7247,2019-11-03 00:04:10.176,Compra Débito,-5.56,805,10.77
3808,742,742,1,75,5040,2013-10-18 02:40:01.695,Compra Débito,-34.76,742,29.02
3809,278,278,4,57,5551,2015-03-13 19:37:41.943,Compra Crédito,-6.78,278,30.67
3810,503,503,7,14,8386,2022-12-16 02:31:51.318,Compra Crédito,-15.95,503,245.49
3811,10,10,3,98,5869,2016-01-25 03:33:20.137,Compra Crédito,-22.75,10,8835.58
3812,921,921,5,34,6498,2017-10-15 14:43:40.248,Depósito em espécie,48.88,921,3706.46
3813,410,410,7,14,6798,2018-08-11 16:46:10.093,DOC - Recebido,86610.0,410,53033.04
3814,241,241,5,15,7611,2020-11-01 08:20:59.770,Compra Débito,-22.99,241,536.84
3815,326,326,7,100,8395,2022-12-25 02:54:17.858,Pix - Realizado,-599.5,326,3626.75
3816,492,492,9,87,7433,2020-05-07 15:34:49.272,Compra Débito,-32.11,492,5.99
3817,161,161,6,44,7311,2020-01-06 16:37:20.918,Compra Crédito,-34.73,161,14288.86
3818,271,271,4,57,8299,2022-09-20 22:05:12.845,Saque,-161.29,271,7534.76
3819,971,971,1,61,4892,2013-05-23 08:54:21.269,Compra Crédito,-26.77,971,73.87
3820,451,451,1,61,5568,2015-03-30 20:12:13.503,Compra Crédito,-49.97,451,17.34
3821,681,681,7,42,7603,2020-10-24 02:16:50.988,Depósito em espécie,55.01,681,507.39
3822,983,983,1,39,7785,2021-04-24 16:57:37.397,TED - Recebido,28655.0,983,28561.26
3823,870,870,7,42,7937,2021-09-23 19:54:52.196,Compra Crédito,-57.47,870,252.45
3824,582,582,7,42,7835,2021-06-13 10:13:53.496,Compra Débito,-33.53,582,41301.32
3825,970,970,3,31,8318,2022-10-09 17:10:29.241,Compra Débito,-27.2,970,101.71
3826,322,322,6,88,7716,2021-02-14 01:35:17.015,Compra Crédito,-36.4,322,1350.65
3827,233,233,4,57,6088,2016-08-31 23:06:34.471,Transferência entre CC - Crédito,515.1,233,349.69
3828,870,870,7,42,7937,2021-09-23 21:18:27.659,Compra Crédito,-53.51,870,252.45
3829,826,826,7,71,6472,2017-09-19 16:51:06.501,Compra Crédito,-11.04,826,181.92
3830,431,431,2,85,4345,2011-11-23 08:51:47.272,Compra Crédito,-85.73,431,28.76
3831,245,245,6,54,6685,2018-04-20 11:31:44.625,Compra Débito,-323.84,245,8218.31
3832,976,976,4,1,5666,2015-07-06 15:56:17.971,Compra Crédito,-39.88,976,5.45
3833,577,577,1,61,7605,2020-10-26 08:46:33.525,Depósito em espécie,18.19,577,9772.11
3834,385,385,4,19,7550,2020-09-01 01:10:16.927,Compra Débito,-10.73,385,13281.25
3835,551,551,1,32,6120,2016-10-02 10:39:08.428,Compra Débito,-37.47,551,33084.37
3836,376,376,7,14,8312,2022-10-03 02:35:21.212,Compra Débito,-22.55,376,53.04
3837,102,102,7,7,7806,2021-05-15 12:24:23.054,Pix - Realizado,-153.4,102,13201.87
3838,153,153,4,1,7716,2021-02-14 06:03:37.664,Compra Débito,-9.22,153,268.85
3839,738,738,7,14,7985,2021-11-10 13:27:54.150,Pix - Realizado,-1551.3,738,641.13
3840,656,656,2,81,6238,2017-01-28 18:44:20.595,Compra Crédito,-17.09,656,72005.0
3841,842,842,7,33,7127,2019-07-06 23:43:54.167,Compra Crédito,-24.87,842,1.24
3842,544,544,7,71,7288,2019-12-14 22:51:52.208,Compra Débito,-9.1,544,14855.02
3843,107,107,7,14,8312,2022-10-03 02:14:03.631,Saque,-337.95,107,27052.86
3844,74,74,7,14,6776,2018-07-20 18:13:13.392,Compra Crédito,-47.62,74,47148.34
3845,557,557,2,29,6862,2018-10-14 12:34:20.057,Compra Crédito,-186.31,557,41512.44
3846,988,988,6,28,8010,2021-12-05 02:47:16.189,Compra Débito,-69.29,988,155.68
3847,570,570,4,1,7007,2019-03-08 01:22:25.500,Compra Débito,-317.89,570,17.65
3848,431,431,2,85,4500,2012-04-26 08:14:21.114,Compra Débito,-40.97,431,28.76
3849,508,508,4,1,6963,2019-01-23 17:35:10.452,Compra Crédito,-21.3,508,1454.88
3850,625,625,3,51,6141,2016-10-23 12:10:22.568,Saque,-44.73,625,1736.31
3851,579,579,7,33,7133,2019-07-12 21:46:40.540,Compra Crédito,-30.57,579,399.38
3852,99,99,7,7,7840,2021-06-18 09:08:39.861,Compra Débito,-308.04,99,6159.31
3853,984,984,1,72,5111,2013-12-28 12:30:59.049,Compra Crédito,-22.18,984,16163.39
3854,536,536,4,45,5593,2015-04-24 03:54:56.525,Depósito em espécie,104.69,536,14.4
3855,219,219,7,14,7380,2020-03-15 15:42:16.603,Compra Débito,-15.03,219,212159.56
3856,393,393,7,14,6917,2018-12-08 19:58:43.241,Compra Crédito,-35.25,393,36.51
3857,599,599,7,33,8421,2023-01-20 20:27:24.821,Compra Crédito,-14.04,599,1553.6
3858,515,515,5,58,5958,2016-04-23 09:12:02.156,Compra Crédito,-44.58,515,5657.69
3859,115,115,2,84,7739,2021-03-09 11:11:49.614,Depósito em espécie,49.78,115,2036.75
3860,250,250,5,55,6218,2017-01-08 14:59:58.134,Compra Débito,-40.24,250,12.9
3861,1,1,5,15,5929,2016-03-25 05:25:14.838,TED - Recebido,4710.0,1,4329.64
3862,787,787,4,19,8394,2022-12-24 02:26:44.455,Pix - Recebido,841.8,787,25561.95
3863,873,873,6,44,7679,2021-01-08 20:35:11.368,Pix - Realizado,-411.2,873,6549.26
3864,395,395,9,59,7969,2021-10-25 18:11:38.766,Depósito em espécie,48.74,395,791.86
3865,340,340,4,35,5518,2015-02-08 00:22:09.040,Compra Crédito,-10.76,340,393.03
3866,285,285,2,82,6807,2018-08-20 02:09:29.096,Compra Débito,-16.41,285,30.87
3867,506,506,8,38,8138,2022-04-12 18:01:47.279,Compra Débito,-132.63,506,268.56
3868,859,859,7,100,8122,2022-03-27 19:58:51.591,Compra Débito,-24.78,859,586.87
3869,901,901,2,9,4189,2011-06-20 09:25:37.486,Compra Crédito,-43.59,901,23788.28
3870,475,475,6,4,6525,2017-11-11 08:37:30.444,Compra Crédito,-119.87,475,53.46
3871,674,674,3,91,5494,2015-01-15 16:31:16.132,Compra Débito,-171.25,674,1902.33
3872,316,316,7,33,7203,2019-09-20 00:23:11.425,Compra Crédito,-16.6,316,5.29
3873,873,873,6,44,7680,2021-01-09 02:26:53.030,Compra Débito,-20.63,873,6549.26
3874,597,597,2,94,7494,2020-07-07 00:09:15.138,Compra Débito,-34.63,597,404.1
3875,910,910,4,1,6698,2018-05-03 07:06:37.554,Compra Débito,-16.77,910,79.63
3876,480,480,7,7,5988,2016-05-23 13:19:01.887,Saque,-100.72,480,16640.89
3877,835,835,7,71,8257,2022-08-09 16:07:48.560,Compra Débito,-23.69,835,273.63
3878,164,164,8,23,7688,2021-01-17 12:15:31.000,Compra Crédito,-101.33,164,968.66
3879,899,899,1,92,7805,2021-05-14 21:39:41.074,Pix - Realizado,-436.9,899,6.64
3880,520,520,1,60,5682,2015-07-22 09:59:54.791,Compra Débito,-22.44,520,9224.06
3881,755,755,7,42,6760,2018-07-04 19:13:06.304,Compra Crédito,-20.57,755,25.99
3882,282,282,7,42,5858,2016-01-14 11:33:08.068,TED - Recebido,12135.0,282,12427.22
3883,671,671,3,91,5423,2014-11-05 16:15:00.722,Transferência entre CC - Crédito,198.0,671,91.7
3884,505,505,7,33,7835,2021-06-13 07:11:22.034,Pix - Recebido,215.5,505,47.19
3885,151,151,7,100,6211,2017-01-01 22:12:47.222,Compra Crédito,-14.26,151,6.63
3886,586,586,7,33,5880,2016-02-05 20:28:03.305,Compra Crédito,-27.12,586,44099.92
3887,851,851,7,7,7385,2020-03-20 01:18:30.780,Compra Crédito,-5.92,851,4.05
3888,19,19,7,71,6099,2016-09-11 11:03:38.921,Compra Débito,-82.59,19,457.62
3889,753,753,7,33,6850,2018-10-02 20:32:45.960,Compra Débito,-151.56,753,15.45
3890,652,652,7,14,8080,2022-02-13 07:14:00.251,Compra Crédito,-45.74,652,117.65
3891,736,736,3,98,6158,2016-11-09 07:15:59.004,Compra Crédito,-31.18,736,87.06
3892,48,48,7,100,8400,2022-12-30 15:44:54.366,Depósito em espécie,11.62,48,557.6
3893,567,567,8,89,6801,2018-08-14 05:21:26.336,Compra Crédito,-43.84,567,31.07
3894,720,720,1,80,5560,2015-03-22 18:56:38.535,Compra Crédito,-6.57,720,19081.01
3895,773,773,2,82,4147,2011-05-09 14:18:07.821,Compra Crédito,-8.74,773,23568.46
3896,246,246,2,86,4764,2013-01-15 13:52:10.156,Compra Crédito,-65.68,246,53774.09
3897,535,535,7,33,6992,2019-02-21 10:09:20.516,Compra Crédito,-55.22,535,31.05
3898,745,745,3,51,6996,2019-02-25 01:46:41.388,Estorno de Debito,8.43,745,28080.44
3899,140,140,6,22,8174,2022-05-18 01:08:28.821,Estorno de Debito,11.1,140,533.87
3900,513,513,7,33,6451,2017-08-29 19:24:57.745,Compra Crédito,-42.65,513,176.7
3901,312,312,7,71,8297,2022-09-18 04:26:05.330,Compra Débito,-99.26,312,2354.15
3902,41,41,1,32,7525,2020-08-07 12:06:41.164,Compra Débito,-10.1,41,166.11
3903,487,487,7,100,6149,2016-10-31 16:51:54.916,Depósito em espécie,49.95,487,40.33
3904,316,316,7,33,7964,2021-10-20 10:22:15.324,Compra Crédito,-29.5,316,5.29
3905,308,308,7,7,6589,2018-01-14 19:21:11.272,Transferência entre CC - Crédito,222.3,308,23.21
3906,900,900,1,60,5303,2014-07-08 22:22:50.119,Saque,-173.95,900,7410.38
3907,115,115,2,84,7744,2021-03-14 00:17:59.221,Compra Crédito,-6.52,115,2036.75
3908,246,246,2,86,4773,2013-01-24 14:51:43.869,Compra Débito,-45.38,246,53774.09
3909,642,642,7,100,5825,2015-12-12 18:31:48.924,Compra Crédito,-95.91,642,5.39
3910,317,317,2,95,4132,2011-04-24 08:16:14.113,Saque,-443.29,317,51156.1
3911,419,419,6,4,7499,2020-07-12 05:03:32.074,Compra Débito,-22.26,419,96414.93
3912,760,760,1,75,4051,2011-02-02 10:59:42.789,Saque,-28.44,760,15864.55
3913,641,641,7,100,7578,2020-09-29 09:10:56.658,Compra Crédito,-11.67,641,5294.41
3914,305,305,7,71,8362,2022-11-22 16:25:53.229,Compra Crédito,-12.86,305,109.4
3915,399,399,7,33,7528,2020-08-10 16:01:22.619,Saque,-286.34,399,2064.69
3916,838,838,7,100,6511,2017-10-28 01:56:27.938,Compra Crédito,-23.41,838,1128.51
3917,691,691,7,7,8303,2022-09-24 08:45:42.377,Compra Crédito,-6.22,691,1154.22
3918,878,878,6,40,7085,2019-05-25 19:45:06.143,Depósito em espécie,24.53,878,1.44
3919,587,587,7,33,7465,2020-06-08 19:42:46.987,Compra Crédito,-23.34,587,9385.97
3920,810,810,2,9,5557,2015-03-19 19:15:53.394,Compra Crédito,-22.57,810,125.43
3921,200,200,2,82,7714,2021-02-12 03:36:42.594,Compra Débito,-4.89,200,32.5
3922,7,7,6,48,8276,2022-08-28 00:35:39.857,Pix - Recebido,202.2,7,114.48
3923,652,652,7,14,8080,2022-02-13 11:17:37.123,Pix - Recebido,390.8,652,117.65
3924,191,191,2,9,6082,2016-08-25 05:24:45.705,Compra Débito,-29.23,191,5.42
3925,478,478,7,14,6487,2017-10-04 15:52:37.320,Estorno de Debito,162.12,478,133.12
3926,801,801,7,100,7378,2020-03-13 20:00:44.079,Pagamento de boleto,-2861.4,801,37311.12
3927,7,7,6,48,8278,2022-08-30 00:32:57.446,Compra Crédito,-7.02,7,114.48
3928,997,997,2,85,8274,2022-08-26 03:14:31.966,Compra Crédito,-41.39,997,15973.33
3929,706,706,7,14,6924,2018-12-15 17:17:51.349,Compra Crédito,-49.81,706,972.02
3930,126,126,7,42,5758,2015-10-06 04:04:07.489,Compra Crédito,-11.26,126,74.12
3931,759,759,1,80,8236,2022-07-19 06:11:23.254,Pix - Recebido,149.6,759,339.17
3932,679,679,1,18,5780,2015-10-28 12:32:30.511,Compra Crédito,-21.29,679,17741.97
3933,77,77,7,100,6498,2017-10-15 03:36:51.137,Compra Débito,-95.82,77,30672.17
3934,515,515,5,58,5959,2016-04-24 21:31:17.243,Compra Crédito,-34.07,515,5657.69
3935,290,290,7,42,8093,2022-02-26 11:08:19.180,Pix - Realizado,-81.8,290,21.07
3936,874,874,7,14,6753,2018-06-27 18:46:44.913,Compra Débito,-30.55,874,41.36
3937,669,669,5,58,5531,2015-02-21 08:47:48.963,Saque,-92.44,669,118.91
3938,934,934,1,26,5533,2015-02-23 08:48:20.041,Compra Crédito,-26.28,934,17360.35
3939,478,478,7,14,6488,2017-10-05 01:03:34.737,Depósito em espécie,32.11,478,133.12
3940,725,725,7,71,7087,2019-05-27 07:45:08.002,Compra Crédito,-19.12,725,557.09
3941,344,344,7,71,8104,2022-03-09 05:21:55.860,Compra Crédito,-24.98,344,27444.25
3942,875,875,7,71,8120,2022-03-25 20:55:26.028,Pix - Realizado,-1043.8,875,130.76
3943,957,957,3,73,5501,2015-01-22 22:43:59.974,Compra Crédito,-9.17,957,15.95
3944,319,319,3,31,4861,2013-04-22 00:15:28.548,Compra Crédito,-17.61,319,24.22
3945,73,73,3,73,8258,2022-08-10 19:59:28.392,Pix - Realizado,-263.6,73,212.31
3946,761,761,3,91,4827,2013-03-19 07:55:59.882,Compra Débito,-23.24,761,964.05
3947,562,562,10,30,8022,2021-12-17 10:58:39.340,Pix - Recebido,1307.8,562,1204.78
3948,536,536,4,45,6573,2017-12-29 08:25:52.763,Compra Crédito,-71.78,536,14.4
3949,103,103,7,42,6417,2017-07-26 18:43:52.798,Pagamento de boleto,-177.6,103,1008.16
3950,448,448,8,10,7638,2020-11-28 10:18:19.998,Saque,-140.17,448,23366.23
3951,623,623,1,32,7926,2021-09-12 12:59:25.939,Pix - Realizado,-648.4,623,317.47
3952,19,19,7,71,6099,2016-09-11 18:02:43.250,Saque,-210.41,19,457.62
3953,761,761,3,91,4831,2013-03-23 19:21:44.637,Compra Débito,-13.97,761,964.05
3954,289,289,1,26,6565,2017-12-21 15:05:28.210,Compra Débito,-28.52,289,2.62
3955,256,256,7,42,7973,2021-10-29 20:15:36.733,Transferência entre CC - Crédito,892.9,256,648.1
3956,703,703,7,71,8044,2022-01-08 00:48:01.113,Pix - Realizado,-180.6,703,1455.48
3957,796,796,7,71,8285,2022-09-06 17:26:42.092,Compra Crédito,-31.26,796,375.12
3958,60,60,7,33,6751,2018-06-25 08:36:45.333,Compra Débito,-44.75,60,810.56
3959,804,804,7,7,8047,2022-01-11 07:56:53.591,Pix - Recebido,1116.0,804,2553.01
3960,473,473,7,71,7087,2019-05-27 04:08:09.742,Compra Débito,-29.63,473,353.47
3961,302,302,7,71,7440,2020-05-14 02:52:59.322,Compra Débito,-89.37,302,1444.94
3962,93,93,1,92,7497,2020-07-10 11:05:24.891,DOC - Recebido,76090.0,93,80650.07
3963,975,975,1,32,5093,2013-12-10 13:03:16.196,Compra Débito,-8.15,975,42.45
3964,845,845,3,13,4868,2013-04-29 07:21:00.283,Compra Débito,-5.15,845,14733.18
3965,113,113,7,100,8111,2022-03-16 17:40:38.411,Compra Débito,-53.99,113,1153.95
3966,248,248,7,14,7367,2020-03-02 08:40:28.569,Compra Crédito,-15.71,248,3.92
3967,121,121,7,71,6456,2017-09-03 23:21:26.272,Compra Débito,-48.97,121,129.51
3968,80,80,7,71,7545,2020-08-27 05:57:03.104,Depósito em espécie,29.24,80,27.45
3969,448,448,8,10,7655,2020-12-15 20:08:59.067,Depósito em espécie,125.15,448,23366.23
3970,51,51,3,13,4925,2013-06-25 21:47:44.321,Compra Débito,-7.19,51,8756.25
3971,278,278,4,57,5551,2015-03-13 20:56:16.898,Depósito em espécie,5.28,278,30.67
3972,826,826,7,71,6473,2017-09-20 03:39:27.847,Saque,-556.18,826,181.92
3973,582,582,7,42,7842,2021-06-20 00:03:38.225,Compra Débito,-68.95,582,41301.32
3974,885,885,7,14,6110,2016-09-22 01:30:38.019,Compra Débito,-502.75,885,29102.28
3975,607,607,7,42,7051,2019-04-21 03:05:44.693,Depósito em espécie,207.93,607,72146.24
3976,920,920,2,86,8370,2022-11-30 19:18:44.636,Compra Crédito,-47.02,920,199.44
3977,150,150,3,31,7345,2020-02-09 22:20:29.222,Compra Crédito,-50.32,150,7121.49
3978,965,965,2,9,7288,2019-12-14 13:24:55.186,Saque,-42.64,965,5877.77
3979,346,346,1,26,5070,2013-11-17 03:10:25.651,Depósito em espécie,13.53,346,57814.67
3980,795,795,4,35,7309,2020-01-04 20:24:23.181,Compra Crédito,-50.36,795,163.77
3981,284,284,2,70,4156,2011-05-18 16:47:41.023,Compra Crédito,-38.33,284,222.27
3982,727,727,3,91,8240,2022-07-23 21:52:12.118,Compra Crédito,-21.96,727,147.47
3983,849,849,7,7,7000,2019-03-01 00:34:28.201,Compra Crédito,-26.66,849,48289.13
3984,988,988,6,28,8010,2021-12-05 10:12:40.957,Compra Crédito,-25.53,988,155.68
3985,483,483,7,7,8363,2022-11-23 11:12:01.736,Compra Débito,-17.22,483,704.4
3986,157,157,1,80,4674,2012-10-17 00:17:40.932,Compra Crédito,-260.69,157,0.61
3987,318,318,3,91,7495,2020-07-08 05:25:19.065,Compra Crédito,-37.31,318,43585.91
3988,141,141,7,42,8136,2022-04-10 00:50:17.549,Compra Crédito,-10.98,141,270.68
3989,876,876,7,7,7885,2021-08-02 00:36:56.281,Compra Crédito,-14.73,876,4540.25
3990,509,509,4,35,8012,2021-12-07 04:08:47.516,Compra Débito,-43.86,509,783.41
3991,99,99,7,7,7858,2021-07-06 04:27:59.910,Depósito em espécie,26.71,99,6159.31
3992,399,399,7,33,7778,2021-04-17 06:30:45.309,Pix - Recebido,240.5,399,2064.69
3993,951,951,7,33,6878,2018-10-30 16:10:58.939,Estorno de Debito,6.43,951,9861.48
3994,60,60,7,33,6751,2018-06-25 11:02:02.419,Compra Débito,-15.63,60,810.56
3995,900,900,1,60,5304,2014-07-09 04:49:04.522,Compra Débito,-46.57,900,7410.38
3996,882,882,7,100,7325,2020-01-20 09:19:30.367,Compra Débito,-56.23,882,13183.35
3997,301,301,7,71,7298,2019-12-24 22:31:58.396,Compra Crédito,-43.62,301,471.75
3998,963,963,5,43,5898,2016-02-23 05:42:28.794,Compra Crédito,-40.79,963,26.19
3999,632,632,7,71,7140,2019-07-19 09:14:27.536,Compra Crédito,-70.94,632,46.43
4000,928,928,7,42,7614,2020-11-04 08:03:53.150,Compra Débito,-17.54,928,358.6
4001,707,707,7,33,6119,2016-10-01 22:38:22.993,Compra Crédito,-10.68,707,258.79
4002,228,228,1,80,5672,2015-07-12 04:41:29.027,Compra Débito,-68.11,228,11.6
4003,515,515,5,58,6030,2016-07-04 14:29:59.372,Compra Crédito,-18.43,515,5657.69
4004,656,656,2,81,6249,2017-02-08 05:50:07.898,Depósito em espécie,54.53,656,72005.0
4005,562,562,10,30,8029,2021-12-24 15:44:50.647,Compra Débito,-92.62,562,1204.78
4006,223,223,7,14,7482,2020-06-25 04:29:38.796,Compra Crédito,-29.98,223,13.51
4007,98,98,2,78,5966,2016-05-01 02:56:16.858,Compra Crédito,-68.2,98,1330.67
4008,603,603,4,35,7988,2021-11-13 15:12:13.102,Pix - Realizado,-334.6,603,329.45
4009,200,200,2,82,7718,2021-02-16 03:43:43.541,Pix - Recebido,2158.9,200,32.5
4010,134,134,5,43,7145,2019-07-24 23:54:05.317,Compra Crédito,-6.94,134,33031.09
4011,804,804,7,7,8277,2022-08-29 21:33:43.393,Pix Saque,-560.9,804,2553.01
4012,592,592,7,42,6984,2019-02-13 04:36:20.996,Compra Débito,-50.34,592,21.29
4013,605,605,3,16,5600,2015-05-01 13:32:25.020,Compra Débito,-17.95,605,48.1
4014,829,829,7,100,7990,2021-11-15 05:45:03.555,Pagamento de boleto,-394.8,829,398.52
4015,542,542,7,71,5966,2016-05-01 15:04:53.335,Compra Crédito,-95.96,542,23.69
4016,309,309,1,39,8280,2022-09-01 18:14:32.766,Compra Crédito,-9.48,309,759.62
4017,272,272,2,24,5379,2014-09-22 18:46:36.923,Compra Débito,-73.33,272,56695.45
4018,774,774,1,39,7182,2019-08-30 21:47:35.460,Compra Crédito,-36.04,774,492.43
4019,646,646,7,14,6030,2016-07-04 16:20:14.703,Compra Crédito,-48.22,646,1677.94
4020,488,488,7,14,7157,2019-08-05 21:45:25.171,Compra Crédito,-17.6,488,1303.71
4021,984,984,1,72,5115,2014-01-01 11:18:30.498,Compra Crédito,-16.18,984,16163.39
4022,489,489,7,100,7446,2020-05-20 08:33:00.994,Compra Débito,-39.28,489,2.95
4023,860,860,5,55,5596,2015-04-27 16:18:14.252,Compra Crédito,-47.93,860,5.32
4024,341,341,1,80,7366,2020-03-01 07:19:49.137,Compra Crédito,-71.88,341,5.66
4025,948,948,7,100,7260,2019-11-16 13:11:07.606,Depósito em espécie,69.61,948,201.98
4026,210,210,3,91,4509,2012-05-05 11:07:18.086,Compra Crédito,-30.41,210,24.59
4027,919,919,7,14,6474,2017-09-21 23:12:37.234,Compra Débito,-102.11,919,137.51
4028,318,318,3,91,7495,2020-07-08 07:55:03.030,Depósito em espécie,26.31,318,43585.91
4029,337,337,7,100,6631,2018-02-25 16:13:27.646,Compra Débito,-4.37,337,14854.02
4030,623,623,1,32,8393,2022-12-23 18:10:20.354,Compra Crédito,-171.28,623,317.47
4031,821,821,7,71,8215,2022-06-28 20:58:40.034,Pix - Realizado,-42.8,821,1325.06
4032,756,756,7,100,7466,2020-06-09 17:35:21.043,Compra Crédito,-13.51,756,79.57
4033,607,607,7,42,7051,2019-04-21 03:08:20.701,Compra Débito,-137.41,607,72146.24
4034,704,704,4,57,6148,2016-10-30 11:26:24.601,Compra Crédito,-47.3,704,25.39
4035,828,828,2,24,4757,2013-01-08 15:07:28.635,Compra Débito,-38.61,828,1.1
4036,393,393,7,14,6918,2018-12-09 11:38:35.067,Compra Crédito,-61.91,393,36.51
4037,491,491,7,100,6606,2018-01-31 21:29:14.244,Compra Débito,-38.97,491,0.86
4038,264,264,7,71,8185,2022-05-29 09:57:38.223,Compra Débito,-95.86,264,217.51
4039,882,882,7,100,7335,2020-01-30 02:40:16.521,Compra Débito,-6.46,882,13183.35
4040,795,795,4,35,7309,2020-01-04 20:25:03.454,Depósito em espécie,75.96,795,163.77
4041,565,565,4,57,7196,2019-09-13 14:37:33.306,Compra Crédito,-25.68,565,1589.12
4042,669,669,5,58,5531,2015-02-21 15:12:20.755,Depósito em espécie,122.3,669,118.91
4043,680,680,7,42,8141,2022-04-15 01:36:40.045,Compra Débito,-62.2,680,80.25
4044,89,89,4,57,8397,2022-12-27 14:48:25.588,Pix - Realizado,-115.1,89,24693.88
4045,976,976,4,1,5667,2015-07-07 11:40:17.168,Depósito em espécie,29.62,976,5.45
4046,704,704,4,57,6148,2016-10-30 16:17:11.788,Compra Crédito,-3.07,704,25.39
4047,567,567,8,89,6803,2018-08-16 04:44:30.153,Compra Débito,-34.82,567,31.07
4048,416,416,7,7,8174,2022-05-18 11:30:57.396,Compra Débito,-16.0,416,241.6
4049,339,339,5,2,7758,2021-03-28 17:17:21.817,Pix - Recebido,1307.4,339,663.32
4050,527,527,7,33,7033,2019-04-03 07:15:58.352,Compra Crédito,-66.32,527,140.22
4051,799,799,2,85,4684,2012-10-27 13:14:02.539,Compra Crédito,-31.12,799,3574.21
4052,117,117,4,57,5411,2014-10-24 21:16:20.965,Compra Crédito,-12.33,117,97.21
4053,798,798,3,13,7305,2019-12-31 18:48:14.508,Saque,-1208.29,798,40174.06
4054,63,63,1,26,5706,2015-08-15 22:18:18.640,Depósito em espécie,32.5,63,2273.2
4055,671,671,3,91,5423,2014-11-05 22:43:45.373,Compra Crédito,-13.33,671,91.7
4056,345,345,5,43,7262,2019-11-18 03:57:36.449,Compra Débito,-12.13,345,7.54
4057,126,126,7,42,5761,2015-10-09 02:55:56.859,Saque,-102.1,126,74.12
4058,240,240,7,14,7700,2021-01-29 05:19:52.956,Pix - Realizado,-389.0,240,1014.33
4059,180,180,7,71,6193,2016-12-14 16:24:23.844,Compra Crédito,-159.05,180,12252.59
4060,641,641,7,100,7578,2020-09-29 15:18:51.818,Compra Crédito,-16.61,641,5294.41
4061,116,116,4,45,5201,2014-03-28 17:20:46.325,Compra Débito,-83.28,116,133.07
4062,730,730,8,69,7461,2020-06-04 23:04:35.611,Depósito em espécie,61.56,730,133.46
4063,742,742,1,75,5040,2013-10-18 04:26:10.022,Compra Crédito,-48.32,742,29.02
4064,68,68,8,5,8143,2022-04-17 13:52:53.183,Compra Crédito,-17.63,68,192.9
4065,503,503,7,14,8387,2022-12-17 04:17:32.380,Compra Débito,-20.18,503,245.49
4066,554,554,1,75,6513,2017-10-30 16:27:09.625,Compra Crédito,-37.49,554,25.68
4067,91,91,7,14,7319,2020-01-14 18:36:09.971,Compra Crédito,-15.06,91,0.67
4068,941,941,7,7,6189,2016-12-10 14:32:07.140,Compra Crédito,-61.32,941,35080.31
4069,837,837,5,15,7484,2020-06-27 21:11:45.943,Compra Débito,-68.53,837,1685.83
4070,941,941,7,7,6189,2016-12-10 16:26:08.931,Compra Crédito,-59.71,941,35080.31
4071,44,44,9,59,7583,2020-10-04 14:41:04.637,Compra Crédito,-55.57,44,25295.97
4072,847,847,8,89,7115,2019-06-24 16:44:23.624,Compra Débito,-15.77,847,114.56
4073,540,540,5,2,6850,2018-10-02 13:35:06.037,Compra Crédito,-22.37,540,441.01
4074,628,628,7,71,6103,2016-09-15 05:04:59.030,Compra Débito,-47.15,628,30.58
4075,340,340,4,35,5715,2015-08-24 15:26:28.668,Compra Crédito,-27.63,340,393.03
4076,997,997,2,85,8285,2022-09-06 19:38:25.724,Pix - Realizado,-192.4,997,15973.33
4077,770,770,7,14,7795,2021-05-04 21:15:43.892,Compra Crédito,-38.49,770,349.01
4078,248,248,7,14,7369,2020-03-04 14:12:23.445,Compra Débito,-18.64,248,3.92
4079,901,901,2,9,4194,2011-06-25 01:55:48.032,TED - Recebido,24110.0,901,23788.28
4080,994,994,7,7,6271,2017-03-02 21:20:16.684,Compra Crédito,-26.23,994,576.6
4081,921,921,5,34,6498,2017-10-15 14:43:40.056,Compra Crédito,-15.55,921,3706.46
4082,675,675,7,100,7101,2019-06-10 10:16:51.098,Compra Débito,-5.37,675,51.61
4083,724,724,7,71,7443,2020-05-17 23:08:11.316,Compra Crédito,-54.32,724,998.2
4084,95,95,7,14,8391,2022-12-21 20:11:05.585,Compra Débito,-79.16,95,42.88
4085,857,857,2,70,5321,2014-07-26 21:22:43.115,Compra Crédito,-94.53,857,11040.58
4086,103,103,7,42,6419,2017-07-28 01:19:43.937,Compra Débito,-28.75,103,1008.16
4087,297,297,1,32,7948,2021-10-04 13:43:58.032,Compra Débito,-59.11,297,55701.51
4088,919,919,7,14,6477,2017-09-24 01:26:29.598,Compra Crédito,-12.51,919,137.51
4089,854,854,6,96,7736,2021-03-06 05:34:13.416,Compra Crédito,-30.1,854,2489.45
4090,249,249,2,24,6193,2016-12-14 21:59:25.591,Compra Crédito,-38.11,249,45973.33
4091,329,329,3,98,5800,2015-11-17 03:13:12.608,Compra Débito,-56.24,329,3352.64
4092,490,490,2,70,4484,2012-04-10 22:17:58.154,Compra Crédito,-44.05,490,78.52
4093,969,969,2,76,7657,2020-12-17 16:59:27.618,Compra Crédito,-49.66,969,924.98
4094,909,909,3,98,6447,2017-08-25 22:03:04.604,Depósito em espécie,38.24,909,10436.29
4095,94,94,9,87,7573,2020-09-24 01:18:40.269,Compra Crédito,-64.69,94,556.12
4096,839,839,5,50,8291,2022-09-12 21:55:25.853,Compra Débito,-100.49,839,308.53
4097,75,75,1,32,4490,2012-04-16 00:43:34.960,Compra Débito,-16.98,75,7767.04
4098,35,35,7,100,6870,2018-10-22 22:03:47.654,Compra Débito,-67.9,35,63.06
4099,94,94,9,87,7573,2020-09-24 17:21:19.607,Compra Débito,-32.79,94,556.12
4100,105,105,7,7,5994,2016-05-29 09:34:51.953,Compra Crédito,-10.72,105,132.78
4101,899,899,1,92,7820,2021-05-29 21:52:39.571,Compra Crédito,-66.53,899,6.64
4102,484,484,1,75,5260,2014-05-26 12:41:02.722,Compra Débito,-58.28,484,103.52
4103,915,915,7,14,5841,2015-12-28 23:59:16.754,Depósito em espécie,23.77,915,134.73
4104,91,91,7,14,7319,2020-01-14 21:54:08.252,Compra Débito,-38.9,91,0.67
4105,859,859,7,100,8122,2022-03-27 20:33:41.641,Compra Crédito,-96.06,859,586.87
4106,995,995,7,33,6717,2018-05-22 06:51:33.877,Compra Crédito,-49.88,995,13383.67
4107,977,977,7,14,7724,2021-02-22 13:14:18.799,Transferência entre CC - Débito,-551.4,977,7788.41
4108,779,779,9,83,7792,2021-05-01 01:12:13.254,Compra Crédito,-71.61,779,2128.75
4109,524,524,7,33,6410,2017-07-19 05:31:10.333,Compra Crédito,-10.23,524,9.47
4110,526,526,3,51,7964,2021-10-20 19:30:16.140,Pix - Realizado,-219.5,526,2246.83
4111,275,275,3,13,5899,2016-02-24 07:51:16.738,Depósito em espécie,83.45,275,134056.74
4112,698,698,7,42,6308,2017-04-08 18:15:23.554,Compra Débito,-18.56,698,944.35
4113,665,665,1,3,7974,2021-10-30 04:15:28.051,DOC - Recebido,7960.0,665,7841.46
4114,661,661,5,55,5796,2015-11-13 11:17:01.641,Compra Crédito,-126.29,661,6239.1
4115,820,820,4,35,6257,2017-02-16 14:56:17.734,Compra Crédito,-21.88,820,50513.1
4116,174,174,8,52,6986,2019-02-15 11:52:41.969,Depósito em espécie,109.23,174,29.3
4117,998,998,2,84,4951,2013-07-21 14:13:18.407,Depósito em espécie,33.39,998,36.07
4118,439,439,1,32,6757,2018-07-01 02:04:48.884,Pagamento de boleto,-1166.4,439,37.0
4119,43,43,6,28,5975,2016-05-10 15:04:24.064,Compra Débito,-28.72,43,368.78
4120,954,954,7,33,6699,2018-05-04 10:59:42.626,Compra Débito,-58.24,954,115.38
4121,479,479,7,42,7392,2020-03-27 16:53:20.901,Transferência entre CC - Crédito,249.2,479,63.54
4122,952,952,7,14,7110,2019-06-19 02:11:42.869,Compra Crédito,-48.45,952,23583.77
4123,54,54,1,26,7423,2020-04-27 06:50:19.012,Compra Débito,-329.51,54,9.45
4124,340,340,4,35,5725,2015-09-03 23:52:47.095,Compra Crédito,-70.52,340,393.03
4125,308,308,7,7,6590,2018-01-15 03:39:42.017,Compra Crédito,-26.8,308,23.21
4126,836,836,8,6,7651,2020-12-11 20:44:51.431,Compra Crédito,-88.09,836,240.05
4127,290,290,7,42,8093,2022-02-26 13:37:21.204,Pix - Realizado,-832.1,290,21.07
4128,943,943,7,14,6279,2017-03-10 10:48:12.345,Compra Crédito,-90.84,943,124.1
4129,951,951,7,33,6980,2019-02-09 00:21:37.696,Compra Débito,-8.08,951,9861.48
4130,477,477,7,71,5897,2016-02-22 01:56:37.756,Compra Crédito,-44.92,477,36068.85
4131,588,588,7,7,6539,2017-11-25 04:34:15.344,Compra Débito,-24.68,588,8.41
4132,30,30,9,77,7892,2021-08-09 12:10:49.963,Pix - Realizado,-797.2,30,8.42
4133,686,686,8,37,8347,2022-11-07 15:05:49.289,Compra Débito,-11.97,686,3154.29
4134,789,789,7,33,6362,2017-06-01 16:41:00.902,Compra Crédito,-32.89,789,63.36
4135,593,593,7,7,5988,2016-05-23 11:39:07.463,Saque,-68.03,593,216.19
4136,62,62,2,82,6796,2018-08-09 00:12:40.019,Compra Crédito,-33.14,62,14.12
4137,878,878,6,40,7090,2019-05-30 01:43:11.693,Saque,-277.55,878,1.44
4138,316,316,7,33,7964,2021-10-20 10:44:21.927,Compra Débito,-3.15,316,5.29
4139,291,291,3,98,6453,2017-08-31 21:38:41.204,Compra Débito,-80.7,291,376.66
4140,320,320,4,19,5756,2015-10-04 01:59:00.694,Compra Crédito,-11.55,320,14108.84
4141,477,477,7,71,5897,2016-02-22 02:17:53.609,Compra Crédito,-12.21,477,36068.85
4142,306,306,7,7,6420,2017-07-29 22:50:09.337,Compra Débito,-7.88,306,86.7
4143,567,567,8,89,6803,2018-08-16 05:02:01.455,Compra Débito,-35.67,567,31.07
4144,568,568,7,71,6565,2017-12-21 07:51:26.167,Compra Crédito,-40.13,568,25.73
4145,421,421,7,14,7398,2020-04-02 12:33:46.193,Depósito em espécie,306.8,421,90.29
4146,778,778,5,55,6293,2017-03-24 20:24:02.613,Saque,-73.95,778,86.63
4147,604,604,7,14,6454,2017-09-01 03:10:24.125,Compra Débito,-58.7,604,5498.85
4148,867,867,2,70,4514,2012-05-10 06:24:09.314,Compra Débito,-6.61,867,15541.16
4149,29,29,3,98,7424,2020-04-28 18:46:29.625,Compra Crédito,-22.68,29,424.41
4150,507,507,7,42,6519,2017-11-05 02:10:29.733,Depósito em espécie,17.43,507,5.5
4151,120,120,2,82,7226,2019-10-13 12:24:47.141,Compra Crédito,-66.11,120,7738.26
4152,444,444,7,14,6173,2016-11-24 12:31:12.577,Compra Débito,-36.43,444,10255.04
4153,994,994,7,7,6272,2017-03-03 20:15:34.090,Compra Débito,-49.91,994,576.6
4154,807,807,7,33,6505,2017-10-22 08:57:38.707,Compra Débito,-90.76,807,15951.23
4155,800,800,1,92,8035,2021-12-30 14:55:43.973,Pix - Recebido,454.4,800,845.98
4156,608,608,2,82,4078,2011-03-01 21:35:23.737,Compra Crédito,-53.33,608,8.94
4157,477,477,7,71,5903,2016-02-28 16:33:48.573,Compra Débito,-20.87,477,36068.85
4158,202,202,7,100,6213,2017-01-03 05:32:12.945,Depósito em espécie,52.73,202,49.02
4159,110,110,3,31,5041,2013-10-19 22:44:08.942,TED - Recebido,101815.0,110,96140.95
4160,144,144,7,14,6776,2018-07-20 14:17:18.124,Compra Débito,-7.76,144,11.39
4161,905,905,1,80,4442,2012-02-28 00:06:11.170,Compra Crédito,-55.6,905,645.84
4162,682,682,2,86,5857,2016-01-13 02:27:56.727,Compra Crédito,-16.62,682,22.02
4163,937,937,7,71,8272,2022-08-24 16:53:15.307,Compra Débito,-43.4,937,22.3
4164,781,781,1,36,7983,2021-11-08 00:55:33.174,Depósito em espécie,16.86,781,19.25
4165,36,36,7,14,7332,2020-01-27 10:35:16.238,Compra Débito,-27.14,36,43990.93
4166,44,44,9,59,7589,2020-10-10 08:59:00.458,Compra Crédito,-12.71,44,25295.97
4167,135,135,1,75,7622,2020-11-12 16:55:19.478,Compra Crédito,-14.82,135,408.51
4168,623,623,1,32,8393,2022-12-23 19:25:15.640,Compra Débito,-53.63,623,317.47
4169,712,712,7,42,8328,2022-10-19 16:05:38.667,Compra Crédito,-17.26,712,450.19
4170,354,354,7,100,5878,2016-02-03 13:10:43.649,Compra Débito,-49.33,354,76726.35
4171,723,723,7,14,6143,2016-10-25 19:37:32.830,Pagamento de boleto,-790.6,723,1361.01
4172,892,892,1,18,4171,2011-06-02 12:55:26.724,Transferência entre CC - Débito,-69.2,892,6656.82
4173,76,76,1,60,5335,2014-08-09 10:49:23.484,Saque,-192.62,76,35.47
4174,708,708,3,73,6812,2018-08-25 03:59:32.292,Compra Crédito,-48.3,708,81.79
4175,932,932,2,81,5905,2016-03-01 06:57:11.978,Compra Crédito,-65.64,932,230.83
4176,198,198,1,61,6647,2018-03-13 18:42:59.794,Compra Crédito,-174.75,198,586.57
4177,157,157,1,80,4676,2012-10-19 09:28:11.583,Compra Débito,-6.99,157,0.61
4178,208,208,4,35,6908,2018-11-29 01:12:28.270,Compra Crédito,-45.04,208,77.03
4179,901,901,2,9,4201,2011-07-02 20:26:06.010,Compra Crédito,-30.59,901,23788.28
4180,905,905,1,80,4442,2012-02-28 02:14:06.448,Compra Crédito,-50.72,905,645.84
4181,154,154,7,33,6714,2018-05-19 02:51:20.418,Compra Crédito,-13.04,154,339.43
4182,928,928,7,42,8142,2022-04-16 15:00:29.231,Pix - Realizado,-55.6,928,358.6
4183,366,366,1,80,5696,2015-08-05 19:46:54.027,Compra Crédito,-16.27,366,12287.89
4184,201,201,7,71,8276,2022-08-28 07:44:51.688,Compra Crédito,-17.22,201,266.97
4185,252,252,7,71,8383,2022-12-13 08:23:30.012,Pix - Realizado,-136.6,252,474.02
4186,383,383,7,14,7079,2019-05-19 10:14:17.607,Depósito em espécie,10.73,383,2380.07
4187,930,930,5,2,8188,2022-06-01 06:33:41.211,Compra Débito,-26.24,930,12.01
4188,908,908,5,58,5607,2015-05-08 19:02:13.180,Compra Crédito,-9.04,908,1.83
4189,143,143,7,7,7778,2021-04-17 11:33:39.893,Compra Crédito,-11.51,143,309.11
4190,176,176,4,35,6725,2018-05-30 16:03:21.862,Compra Crédito,-7.92,176,43.45
4191,749,749,5,50,5642,2015-06-12 08:40:53.541,Saque,-379.18,749,49928.0
4192,45,45,3,91,5822,2015-12-09 18:59:20.246,Saque,-497.82,45,132.02
4193,794,794,7,33,6902,2018-11-23 07:52:04.801,Compra Crédito,-42.43,794,454.95
4194,4,4,7,42,7118,2019-06-27 23:03:36.887,Compra Crédito,-14.34,4,403.16
4195,249,249,2,24,6193,2016-12-14 22:41:15.598,Compra Crédito,-28.53,249,45973.33
4196,128,128,8,6,7014,2019-03-15 15:23:37.340,Compra Débito,-110.32,128,44201.24
4197,944,944,7,7,8002,2021-11-27 13:22:04.226,Compra Débito,-83.78,944,295.89
4198,66,66,7,33,6901,2018-11-22 18:02:49.695,Compra Crédito,-19.05,66,50577.51
4199,435,435,9,21,8398,2022-12-28 13:07:27.812,Compra Débito,-104.59,435,1790.34
4200,609,609,7,14,7829,2021-06-07 19:03:02.164,Compra Débito,-62.4,609,4968.54
4201,161,161,6,44,7311,2020-01-06 16:55:13.222,Compra Crédito,-69.93,161,14288.86
4202,663,663,2,70,5510,2015-01-31 12:48:08.752,Compra Débito,-24.29,663,5.92
4203,684,684,7,42,8022,2021-12-17 20:06:35.032,Pix - Recebido,382.3,684,756.39
4204,319,319,3,31,5015,2013-09-23 12:18:42.975,Compra Débito,-87.3,319,24.22
4205,887,887,7,42,6588,2018-01-13 12:12:02.798,Compra Débito,-39.39,887,68.2
4206,971,971,1,61,4893,2013-05-24 13:21:10.040,Compra Débito,-30.49,971,73.87
4207,531,531,2,85,4076,2011-02-27 23:07:56.937,Saque,-224.67,531,65.86
4208,258,258,8,41,7585,2020-10-06 03:56:50.621,Compra Crédito,-24.75,258,16.18
4209,957,957,3,73,5507,2015-01-28 07:17:41.425,Depósito em espécie,116.83,957,15.95
4210,972,972,7,42,7983,2021-11-08 17:18:22.257,Compra Crédito,-37.41,972,468.02
4211,676,676,1,26,4468,2012-03-25 13:50:44.390,Compra Crédito,-68.53,676,91.0
4212,344,344,7,71,8123,2022-03-28 06:42:12.526,Compra Débito,-36.95,344,27444.25
4213,823,823,2,70,7695,2021-01-24 15:16:20.310,Pix - Recebido,939.2,823,557.38
4214,402,402,3,13,5140,2014-01-26 18:44:12.959,Compra Débito,-26.73,402,132.71
4215,426,426,7,100,7772,2021-04-11 02:28:13.252,Compra Crédito,-22.87,426,999.75
4216,238,238,6,48,8020,2021-12-15 11:02:15.906,Pix - Realizado,-225.1,238,2138.0
4217,589,589,8,69,7350,2020-02-14 02:41:29.552,Depósito em espécie,50.96,589,28519.79
4218,375,375,2,70,7340,2020-02-04 18:16:45.954,Compra Débito,-12.02,375,110.31
4219,502,502,2,90,4577,2012-07-12 02:05:36.677,Compra Crédito,-34.09,502,179885.3
4220,982,982,7,14,6342,2017-05-12 07:49:56.880,Saque,-64.51,982,2804.79
4221,994,994,7,7,6273,2017-03-04 18:03:13.135,Depósito em espécie,137.55,994,576.6
4222,327,327,3,98,6800,2018-08-13 01:13:01.659,Estorno de Debito,163.19,327,73.88
4223,54,54,1,26,7424,2020-04-28 16:24:29.573,Compra Crédito,-5.55,54,9.45
4224,408,408,7,100,8261,2022-08-13 10:53:23.533,Depósito em espécie,88.6,408,209.1
4225,980,980,7,7,7107,2019-06-16 00:45:03.343,Compra Débito,-26.17,980,49.3
4226,866,866,7,42,7984,2021-11-09 06:17:57.692,Pix - Realizado,-47.2,866,309.54
4227,789,789,7,33,6362,2017-06-01 20:02:53.198,Compra Débito,-6.51,789,63.36
4228,454,454,1,26,5141,2014-01-27 02:42:12.872,Compra Crédito,-27.72,454,21390.15
4229,563,563,1,62,7721,2021-02-19 02:09:05.598,Compra Crédito,-84.36,563,413.35
4230,159,159,7,7,7077,2019-05-17 06:18:29.838,Compra Débito,-38.28,159,53761.86
4231,477,477,7,71,5904,2016-02-29 17:31:18.422,Depósito em espécie,67.22,477,36068.85
4232,964,964,7,7,7366,2020-03-01 04:28:13.077,Compra Débito,-9.48,964,1104.14
4233,997,997,2,85,8286,2022-09-07 19:13:06.509,Compra Crédito,-43.29,997,15973.33
4234,19,19,7,71,6099,2016-09-11 18:02:50.377,Compra Crédito,-28.13,19,457.62
4235,452,452,5,49,8256,2022-08-08 15:50:00.302,Pix - Realizado,-294.7,452,340.61
4236,522,522,7,42,8394,2022-12-24 08:16:39.895,Compra Crédito,-3.46,522,144.23
4237,750,750,4,19,5981,2016-05-16 16:21:50.961,Compra Débito,-15.91,750,1945.52
4238,50,50,1,18,7393,2020-03-28 22:06:15.588,Compra Débito,-22.63,50,806.55
4239,284,284,2,70,4157,2011-05-19 13:31:01.005,Compra Débito,-19.54,284,222.27
4240,205,205,5,55,7127,2019-07-06 01:14:42.177,Compra Débito,-58.88,205,547.56
4241,246,246,2,86,5324,2014-07-29 08:34:34.490,Compra Crédito,-29.97,246,53774.09
4242,896,896,6,88,6845,2018-09-27 07:40:37.437,Saque,-277.12,896,24.5
4243,524,524,7,33,6410,2017-07-19 16:56:14.488,Depósito em espécie,71.58,524,9.47
4244,650,650,7,42,7667,2020-12-27 17:08:25.097,Compra Crédito,-48.92,650,61.92
4245,128,128,8,6,7015,2019-03-16 08:13:35.832,Compra Débito,-109.24,128,44201.24
4246,78,78,7,42,8281,2022-09-02 13:19:35.483,Compra Débito,-19.8,78,1075.63
4247,258,258,8,41,7585,2020-10-06 16:06:23.898,Compra Crédito,-16.84,258,16.18
4248,342,342,7,33,5737,2015-09-15 17:56:42.063,Depósito em espécie,58.08,342,44.69
4249,539,539,1,32,5653,2015-06-23 22:21:44.129,Depósito em espécie,31.42,539,100962.93
4250,524,524,7,33,6501,2017-10-18 02:38:54.407,Compra Débito,-13.96,524,9.47
4251,918,918,1,75,5380,2014-09-23 12:37:52.776,Compra Crédito,-14.32,918,1.77
4252,517,517,4,35,8212,2022-06-25 23:03:50.205,Compra Crédito,-20.9,517,102.72
4253,142,142,2,81,6022,2016-06-26 01:44:49.826,Compra Crédito,-21.02,142,23.92
4254,450,450,7,7,7759,2021-03-29 03:13:30.980,Pix - Recebido,439.3,450,888.57
4255,68,68,8,5,8144,2022-04-18 15:49:30.670,Compra Crédito,-17.91,68,192.9
4256,835,835,7,71,8260,2022-08-12 02:33:18.932,Pix - Realizado,-183.9,835,273.63
4257,13,13,8,38,7622,2020-11-12 13:26:15.169,Compra Crédito,-37.61,13,28351.16
4258,875,875,7,71,8128,2022-04-02 21:38:11.583,Compra Crédito,-65.87,875,130.76
4259,549,549,8,38,6821,2018-09-03 05:43:52.859,Depósito em espécie,61.32,549,325.26
4260,419,419,6,4,7499,2020-07-12 05:16:20.221,Compra Débito,-50.15,419,96414.93
4261,240,240,7,14,7700,2021-01-29 16:53:21.046,Compra Crédito,-37.82,240,1014.33
4262,233,233,4,57,6088,2016-08-31 23:29:38.919,Compra Crédito,-28.34,233,349.69
4263,105,105,7,7,5994,2016-05-29 18:23:56.173,Depósito em espécie,28.4,105,132.78
4264,1,1,5,15,5991,2016-05-26 02:15:06.291,Compra Crédito,-24.24,1,4329.64
4265,762,762,7,42,7145,2019-07-24 00:21:16.064,Compra Crédito,-103.62,762,723.01
4266,44,44,9,59,7596,2020-10-17 00:17:44.476,Compra Crédito,-4.44,44,25295.97
4267,383,383,7,14,7079,2019-05-19 14:48:35.591,Depósito em espécie,28.38,383,2380.07
4268,397,397,7,100,7196,2019-09-13 23:18:22.706,Transferência entre CC - Crédito,1382.4,397,1255.72
4269,16,16,5,67,8042,2022-01-06 13:22:15.375,Pix - Realizado,-377.8,16,24376.1
4270,19,19,7,71,6100,2016-09-12 17:30:39.566,Saque,-250.12,19,457.62
4271,654,654,7,33,6090,2016-09-02 03:37:26.723,Depósito em espécie,32.59,654,27.85
4272,45,45,3,91,5822,2015-12-09 20:16:50.703,Compra Débito,-71.8,45,132.02
4273,585,585,7,71,6533,2017-11-19 14:51:12.386,Compra Crédito,-38.74,585,59.76
4274,389,389,7,71,7888,2021-08-05 21:17:07.250,Compra Débito,-18.39,389,1275.37
4275,897,897,7,33,6521,2017-11-07 04:24:41.906,Compra Crédito,-91.3,897,84.61
4276,953,953,7,7,7736,2021-03-06 05:40:59.333,Compra Débito,-22.47,953,102.72
4277,146,146,1,80,4147,2011-05-09 05:55:11.618,Saque,-63.02,146,708.81
4278,663,663,2,70,5510,2015-01-31 13:25:26.156,Depósito em espécie,431.78,663,5.92
4279,827,827,6,88,7139,2019-07-18 11:40:07.793,Compra Débito,-37.17,827,113.21
4280,413,413,8,6,8361,2022-11-21 08:34:31.851,Saque,-247.88,413,928.5
4281,611,611,6,48,8393,2022-12-23 04:22:37.962,DOC - Recebido,26815.0,611,24506.47
4282,560,560,7,7,6630,2018-02-24 00:17:39.458,Compra Débito,-12.22,560,1.13
4283,921,921,5,34,6498,2017-10-15 17:42:39.040,Compra Crédito,-4.56,921,3706.46
4284,863,863,7,42,8405,2023-01-04 11:20:24.933,Compra Crédito,-51.46,863,418.28
4285,732,732,4,1,8327,2022-10-18 17:45:28.246,Compra Débito,-23.3,732,35601.8
4286,428,428,5,55,7258,2019-11-14 21:19:34.420,Compra Débito,-29.74,428,51.82
4287,287,287,7,42,6952,2019-01-12 22:38:18.922,Saque,-66.14,287,41684.43
4288,213,213,7,100,7381,2020-03-16 22:21:11.440,Compra Crédito,-40.69,213,741.68
4289,117,117,4,57,5412,2014-10-25 05:25:37.933,Compra Crédito,-10.98,117,97.21
4290,336,336,7,100,6476,2017-09-23 07:45:12.830,Compra Crédito,-18.95,336,9163.5
4291,365,365,1,75,6012,2016-06-16 06:27:14.053,Compra Crédito,-16.85,365,5.78
4292,115,115,2,84,7749,2021-03-19 11:35:56.103,Compra Crédito,-45.24,115,2036.75
4293,458,458,7,14,6471,2017-09-18 07:40:04.597,Compra Crédito,-38.58,458,24.67
4294,724,724,7,71,7446,2020-05-20 08:02:07.067,Compra Crédito,-17.49,724,998.2
4295,418,418,8,47,8294,2022-09-15 08:40:50.330,Compra Crédito,-8.86,418,31.17
4296,567,567,8,89,6843,2018-09-25 15:27:11.155,Depósito em espécie,9.04,567,31.07
4297,702,702,7,42,8115,2022-03-20 16:13:12.056,Depósito em espécie,15.05,702,2887.37
4298,275,275,3,13,5899,2016-02-24 19:49:57.021,Compra Crédito,-60.76,275,134056.74
4299,691,691,7,7,8305,2022-09-26 17:17:50.391,Pix - Recebido,222.0,691,1154.22
4300,337,337,7,100,6644,2018-03-10 22:41:14.379,Depósito em espécie,44.29,337,14854.02
4301,696,696,7,100,6108,2016-09-20 12:08:42.384,Compra Crédito,-39.59,696,3036.27
4302,473,473,7,71,7087,2019-05-27 04:18:27.911,Depósito em espécie,27.42,473,353.47
4303,15,15,7,33,7230,2019-10-17 09:04:12.536,Compra Crédito,-52.61,15,689.76
4304,371,371,7,100,6127,2016-10-09 00:57:33.778,Compra Crédito,-180.73,371,45.64
4305,252,252,7,71,8383,2022-12-13 08:24:37.301,Compra Crédito,-11.95,252,474.02
4306,519,519,5,55,6954,2019-01-14 23:52:20.287,Compra Débito,-73.09,519,69.17
4307,142,142,2,81,6038,2016-07-12 05:20:59.922,Compra Débito,-6.33,142,23.92
4308,47,47,1,11,4474,2012-03-31 13:55:32.977,Compra Crédito,-32.03,47,218.62
4309,509,509,4,35,8013,2021-12-08 16:42:19.273,Pix - Realizado,-574.7,509,783.41
4310,399,399,7,33,7787,2021-04-26 12:55:06.960,Compra Crédito,-76.02,399,2064.69
4311,553,553,5,43,8000,2021-11-25 20:29:58.028,Pix - Recebido,303.3,553,317.19
4312,902,902,7,71,6990,2019-02-19 22:56:11.632,TED - Recebido,13955.0,902,13771.38
4313,883,883,7,42,8326,2022-10-17 22:10:40.440,Pix - Recebido,2017.9,883,485.4
4314,97,97,3,13,7352,2020-02-16 16:17:52.005,Depósito em espécie,8.77,97,9589.16
4315,32,32,8,69,6992,2019-02-21 14:03:23.434,Compra Débito,-164.09,32,53414.48
4316,616,616,7,100,6677,2018-04-12 20:26:27.442,Compra Débito,-14.21,616,12525.04
4317,89,89,4,57,8400,2022-12-30 05:48:23.980,Compra Crédito,-44.41,89,24693.88
4318,424,424,2,76,4415,2012-02-01 17:33:23.492,Compra Crédito,-26.74,424,46029.34
4319,777,777,8,23,6882,2018-11-03 06:00:05.156,Compra Crédito,-46.42,777,5.03
4320,3,3,7,100,6420,2017-07-29 22:34:38.952,Compra Débito,-30.14,3,165.04
4321,577,577,1,61,7605,2020-10-26 18:44:42.967,Compra Débito,-17.79,577,9772.11
4322,997,997,2,85,8288,2022-09-09 06:56:50.827,Compra Débito,-60.28,997,15973.33
4323,819,819,10,53,8191,2022-06-04 05:30:33.598,Compra Crédito,-13.0,819,9921.46
4324,493,493,7,42,7617,2020-11-07 16:35:54.110,Compra Débito,-11.78,493,532.93
4325,621,621,7,42,7361,2020-02-25 00:11:17.866,Saque,-73.85,621,697.1
4326,753,753,7,33,6853,2018-10-05 06:33:45.771,Compra Crédito,-9.3,753,15.45
4327,210,210,3,91,4509,2012-05-05 12:41:39.730,Compra Crédito,-34.03,210,24.59
4328,247,247,7,42,5902,2016-02-27 00:53:24.124,Compra Crédito,-167.86,247,2451.09
4329,639,639,7,71,8212,2022-06-25 06:17:39.815,Pix - Recebido,408.4,639,1176.54
4330,266,266,7,100,6771,2018-07-15 11:03:25.626,Compra Crédito,-47.41,266,8.44
4331,308,308,7,7,6597,2018-01-22 19:12:25.050,Compra Crédito,-93.07,308,23.21
4332,527,527,7,33,7033,2019-04-03 07:53:13.375,Compra Crédito,-70.09,527,140.22
4333,772,772,3,16,5147,2014-02-02 04:43:52.391,Compra Crédito,-14.71,772,816.66
4334,48,48,7,100,8400,2022-12-30 19:08:13.642,Compra Débito,-142.24,48,557.6
4335,586,586,7,33,5881,2016-02-06 03:23:33.507,Compra Débito,-140.33,586,44099.92
4336,184,184,5,49,7617,2020-11-07 00:39:54.010,Compra Crédito,-10.98,184,41.16
4337,262,262,7,7,8381,2022-12-11 05:54:45.734,Pix - Recebido,235.7,262,312.07
4338,924,924,3,91,6470,2017-09-17 17:50:52.875,Compra Crédito,-74.26,924,306.5
4339,695,695,1,36,7767,2021-04-06 00:56:48.428,Pix - Realizado,-120.9,695,464.6
4340,916,916,3,73,4915,2013-06-15 04:30:22.734,Compra Débito,-34.64,916,76592.34
4341,333,333,3,13,5613,2015-05-14 04:25:11.434,TED - Recebido,69665.0,333,65395.97
4342,951,951,7,33,7115,2019-06-24 16:25:54.875,TED - Recebido,9855.0,951,9861.48
4343,272,272,2,24,5402,2014-10-15 20:32:42.102,Compra Débito,-6.27,272,56695.45
4344,290,290,7,42,8148,2022-04-22 20:13:15.672,Pix - Realizado,-34.7,290,21.07
4345,535,535,7,33,6994,2019-02-23 02:11:33.341,Compra Crédito,-44.42,535,31.05
4346,99,99,7,7,7860,2021-07-08 02:31:53.557,Compra Crédito,-64.38,99,6159.31
4347,817,817,7,100,6909,2018-11-30 13:24:42.296,Compra Débito,-56.3,817,19329.08
4348,171,171,7,33,7448,2020-05-22 18:31:56.081,Saque,-110.93,171,548.91
4349,328,328,8,6,7600,2020-10-21 17:32:58.662,Compra Débito,-121.44,328,89.76
4350,350,350,7,7,6337,2017-05-07 08:37:53.151,Compra Débito,-28.38,350,91.18
4351,6,6,7,100,6536,2017-11-22 01:44:48.452,Compra Crédito,-13.46,6,105.6
4352,580,580,7,33,7616,2020-11-06 21:02:15.021,Compra Débito,-32.11,580,10.58
4353,140,140,6,22,8178,2022-05-22 09:19:31.297,Pix - Recebido,245.4,140,533.87
4354,340,340,4,35,5725,2015-09-03 23:59:24.046,Compra Crédito,-16.49,340,393.03
4355,743,743,2,81,5391,2014-10-04 22:51:33.164,Depósito em espécie,268.98,743,18.63
4356,207,207,4,57,6435,2017-08-13 02:03:21.406,Compra Crédito,-12.78,207,200.61
4357,191,191,2,9,6094,2016-09-06 13:30:08.010,Compra Crédito,-19.52,191,5.42
4358,994,994,7,7,6278,2017-03-09 09:01:59.546,Compra Crédito,-20.36,994,576.6
4359,205,205,5,55,7149,2019-07-28 16:39:46.586,Compra Crédito,-34.34,205,547.56
4360,328,328,8,6,7603,2020-10-24 10:26:03.237,Compra Crédito,-43.62,328,89.76
4361,593,593,7,7,5989,2016-05-24 04:23:50.206,Compra Crédito,-62.69,593,216.19
4362,568,568,7,71,6568,2017-12-24 07:26:45.634,Compra Débito,-103.61,568,25.73
4363,83,83,7,14,8059,2022-01-23 05:26:00.441,Compra Crédito,-19.69,83,1420.31
4364,955,955,5,34,8268,2022-08-20 07:48:37.996,Compra Crédito,-12.28,955,25.34
4365,519,519,5,55,6965,2019-01-25 12:26:03.808,Compra Crédito,-13.87,519,69.17
4366,849,849,7,7,7402,2020-04-06 01:04:05.062,Depósito em espécie,89.99,849,48289.13
4367,68,68,8,5,8148,2022-04-22 15:57:29.702,Pix - Recebido,330.9,68,192.9
4368,333,333,3,13,5613,2015-05-14 22:53:46.071,Compra Crédito,-28.95,333,65395.97
4369,279,279,3,91,8405,2023-01-04 01:41:16.220,Transferência entre CC - Débito,-137.4,279,40.41
4370,242,242,7,14,7114,2019-06-23 05:30:08.215,Compra Crédito,-24.06,242,2838.61
4371,850,850,7,33,8314,2022-10-05 02:25:27.731,Pix - Realizado,-182.5,850,4.7
4372,979,979,7,71,8399,2022-12-29 06:50:11.590,Pix - Recebido,452.4,979,1006.13
4373,347,347,7,100,7623,2020-11-13 13:50:37.875,Compra Crédito,-58.88,347,1104.9
4374,837,837,5,15,7484,2020-06-27 21:20:30.709,Compra Débito,-26.35,837,1685.83
4375,244,244,7,14,7359,2020-02-23 10:36:22.313,Compra Débito,-16.84,244,2652.96
4376,198,198,1,61,6647,2018-03-13 18:57:55.715,Saque,-54.28,198,586.57
4377,657,657,3,73,5363,2014-09-06 11:04:17.468,Compra Crédito,-16.61,657,15464.38
4378,494,494,7,14,8259,2022-08-11 11:24:12.182,Compra Crédito,-7.49,494,484.48
4379,283,283,4,19,5624,2015-05-25 16:42:51.894,Compra Débito,-10.57,283,3416.3
4380,252,252,7,71,8383,2022-12-13 22:44:01.709,Depósito em espécie,180.92,252,474.02
4381,450,450,7,7,8141,2022-04-15 17:54:39.872,Saque,-96.14,450,888.57
4382,876,876,7,7,7886,2021-08-03 18:38:41.442,Compra Crédito,-6.55,876,4540.25
4383,35,35,7,100,6871,2018-10-23 00:25:40.971,Compra Crédito,-58.95,35,63.06
4384,223,223,7,14,7482,2020-06-25 08:06:36.503,Compra Crédito,-17.21,223,13.51
4385,804,804,7,7,8284,2022-09-05 15:50:38.580,Compra Débito,-45.11,804,2553.01
4386,631,631,6,88,5899,2016-02-24 04:22:27.526,Compra Débito,-96.12,631,7311.87
4387,995,995,7,33,6718,2018-05-23 05:15:49.079,Compra Crédito,-60.87,995,13383.67
4388,168,168,7,100,6782,2018-07-26 14:49:50.048,Transferência entre CC - Débito,-99.4,168,1688.88
4389,218,218,5,15,5702,2015-08-11 20:38:42.210,Compra Crédito,-22.16,218,323.81
4390,674,674,3,91,5495,2015-01-16 10:41:36.862,Compra Débito,-28.24,674,1902.33
4391,621,621,7,42,7361,2020-02-25 00:18:57.500,Compra Crédito,-18.95,621,697.1
4392,915,915,7,14,5842,2015-12-29 00:56:31.023,Saque,-55.6,915,134.73
4393,742,742,1,75,5264,2014-05-30 02:51:46.260,Compra Crédito,-6.2,742,29.02
4394,611,611,6,48,8398,2022-12-28 16:15:21.800,Compra Crédito,-75.35,611,24506.47
4395,474,474,7,71,7279,2019-12-05 08:16:52.526,Compra Crédito,-4.78,474,414.48
4396,330,330,9,59,7515,2020-07-28 08:18:14.998,Compra Crédito,-13.82,330,93.01
4397,578,578,7,7,8373,2022-12-03 15:52:03.360,Pix - Realizado,-99.7,578,815.65
4398,615,615,4,1,6916,2018-12-07 21:57:05.417,Compra Crédito,-88.66,615,415.48
4399,394,394,3,51,4780,2013-01-31 05:25:22.529,Compra Débito,-51.51,394,14982.14
4400,631,631,6,88,5900,2016-02-25 04:29:56.236,Compra Crédito,-37.59,631,7311.87
4401,944,944,7,7,8003,2021-11-28 07:53:42.273,Pix - Realizado,-361.8,944,295.89
4402,526,526,3,51,7965,2021-10-21 12:33:13.395,Pix - Realizado,-635.9,526,2246.83
4403,799,799,2,85,4684,2012-10-27 21:06:02.250,Compra Crédito,-108.74,799,3574.21
4404,747,747,1,61,7227,2019-10-14 21:16:59.095,Depósito em espécie,64.78,747,3.0
4405,321,321,7,7,5803,2015-11-20 20:50:34.845,Compra Crédito,-5.98,321,128.46
4406,143,143,7,7,7808,2021-05-17 22:10:57.026,Pix - Recebido,370.1,143,309.11
4407,919,919,7,14,6477,2017-09-24 01:29:19.136,Compra Débito,-11.57,919,137.51
4408,594,594,7,71,6597,2018-01-22 12:47:04.167,TED - Recebido,12705.0,594,12528.72
4409,132,132,7,14,7986,2021-11-11 12:07:34.970,Compra Crédito,-12.22,132,2593.5
4410,537,537,6,28,6310,2017-04-10 06:11:27.930,Compra Crédito,-7.94,537,71.43
4411,348,348,7,100,7301,2019-12-27 21:03:25.931,Compra Débito,-57.8,348,79.31
4412,395,395,9,59,7981,2021-11-06 06:25:32.822,Compra Crédito,-34.11,395,791.86
4413,228,228,1,80,5672,2015-07-12 07:55:06.038,Compra Débito,-24.35,228,11.6
4414,174,174,8,52,7932,2021-09-18 16:35:51.579,Compra Débito,-17.86,174,29.3
4415,315,315,7,100,6437,2017-08-15 12:42:17.762,Compra Débito,-40.17,315,131.09
4416,115,115,2,84,7824,2021-06-02 08:25:21.626,Pix - Recebido,1126.9,115,2036.75
4417,26,26,8,38,7891,2021-08-08 14:57:48.005,Estorno de Debito,47.22,26,1736.37
4418,778,778,5,55,6306,2017-04-06 00:37:05.087,Compra Crédito,-63.74,778,86.63
4419,288,288,7,33,6871,2018-10-23 16:33:39.492,Compra Débito,-21.27,288,951.59
4420,363,363,1,18,7905,2021-08-22 18:05:08.803,Depósito em espécie,17.25,363,1334.98
4421,88,88,7,71,6837,2018-09-19 11:01:05.239,Compra Débito,-14.39,88,186.23
4422,51,51,3,13,4959,2013-07-29 19:30:42.619,Depósito em espécie,54.17,51,8756.25
4423,103,103,7,42,6419,2017-07-28 01:52:46.191,Compra Crédito,-22.79,103,1008.16
4424,586,586,7,33,5888,2016-02-13 19:35:28.281,Compra Crédito,-61.52,586,44099.92
4425,832,832,7,33,6226,2017-01-16 18:52:58.871,Compra Crédito,-57.8,832,87.14
4426,987,987,7,33,6689,2018-04-24 19:45:57.448,Depósito em espécie,7.65,987,32.6
4427,721,721,7,33,8045,2022-01-09 08:20:20.894,Pix - Recebido,273.2,721,179.84
4428,649,649,3,16,8406,2023-01-05 20:38:35.919,Compra Débito,-53.74,649,3.6
4429,317,317,2,95,4133,2011-04-25 16:41:12.756,Compra Crédito,-28.42,317,51156.1
4430,484,484,1,75,5260,2014-05-26 13:41:01.927,Compra Crédito,-23.02,484,103.52
4431,23,23,7,33,5769,2015-10-17 13:42:02.376,Compra Crédito,-75.64,23,7554.2
4432,602,602,7,33,7669,2020-12-29 10:12:11.451,Pix - Realizado,-537.5,602,756.44
4433,121,121,7,71,6457,2017-09-04 02:08:54.646,Compra Débito,-10.9,121,129.51
4434,550,550,1,3,7537,2020-08-19 07:55:09.566,Compra Crédito,-7.09,550,140.29
4435,522,522,7,42,8396,2022-12-26 04:59:05.695,Compra Débito,-14.63,522,144.23
4436,282,282,7,42,5858,2016-01-14 14:36:49.221,Depósito em espécie,32.76,282,12427.22
4437,506,506,8,38,8138,2022-04-12 19:29:52.349,Compra Crédito,-26.39,506,268.56
4438,594,594,7,71,6605,2018-01-30 14:44:52.173,Compra Débito,-88.79,594,12528.72
4439,461,461,6,28,6401,2017-07-10 06:43:58.842,Compra Crédito,-36.96,461,147.18
4440,843,843,7,42,7033,2019-04-03 21:38:15.536,Depósito em espécie,178.63,843,13.37
4441,55,55,8,47,8012,2021-12-07 20:06:54.343,Compra Crédito,-36.02,55,15624.79
4442,370,370,7,42,6850,2018-10-02 11:20:29.414,Compra Débito,-102.0,370,1415.06
4443,534,534,7,42,7879,2021-07-27 12:01:21.454,Pix - Recebido,457.1,534,31.94
4444,932,932,2,81,5942,2016-04-07 10:02:46.707,Compra Débito,-13.79,932,230.83
4445,965,965,2,9,7288,2019-12-14 13:36:21.968,Compra Crédito,-45.94,965,5877.77
4446,807,807,7,33,6509,2017-10-26 12:44:37.958,Compra Crédito,-24.92,807,15951.23
4447,604,604,7,14,6461,2017-09-08 03:33:52.920,Compra Crédito,-4.27,604,5498.85
4448,718,718,4,45,5316,2014-07-21 01:30:33.380,Compra Débito,-30.91,718,445.88
4449,547,547,2,24,6485,2017-10-02 18:45:08.770,Compra Crédito,-104.46,547,31426.79
4450,25,25,8,23,8283,2022-09-04 11:24:41.383,Compra Débito,-53.74,25,29.89
4451,42,42,7,14,7927,2021-09-13 13:25:41.581,Compra Crédito,-73.6,42,95.06
4452,857,857,2,70,5322,2014-07-27 13:03:07.687,Compra Débito,-13.05,857,11040.58
4453,428,428,5,55,7272,2019-11-28 19:58:16.268,Depósito em espécie,70.86,428,51.82
4454,444,444,7,14,6173,2016-11-24 16:32:20.022,Compra Débito,-47.0,444,10255.04
4455,867,867,2,70,4521,2012-05-17 00:13:36.708,Compra Débito,-25.47,867,15541.16
4456,40,40,7,7,7992,2021-11-17 06:01:34.492,Pix - Realizado,-54.9,40,639.41
4457,384,384,3,98,6782,2018-07-26 03:32:17.699,Compra Débito,-28.28,384,78.72
4458,278,278,4,57,5552,2015-03-14 14:16:02.684,Depósito em espécie,46.3,278,30.67
4459,898,898,4,45,5605,2015-05-06 14:22:48.738,Compra Crédito,-4.91,898,32.21
4460,836,836,8,6,7652,2020-12-12 18:20:46.381,Compra Crédito,-7.97,836,240.05
4461,282,282,7,42,5878,2016-02-03 19:21:14.230,Compra Débito,-85.86,282,12427.22
4462,254,254,7,100,8398,2022-12-28 10:55:40.447,Compra Crédito,-40.35,254,980.6
4463,497,497,2,81,4081,2011-03-04 04:27:58.842,Depósito em espécie,56.85,497,137.81
4464,590,590,7,71,8026,2021-12-21 21:12:02.715,Pix - Realizado,-829.5,590,375.29
4465,165,165,7,42,7548,2020-08-30 13:24:42.171,Compra Débito,-44.88,165,537.34
4466,27,27,7,42,7221,2019-10-08 04:06:58.352,TED - Recebido,40115.0,27,44370.52
4467,65,65,7,7,7835,2021-06-13 21:54:48.617,Pix - Realizado,-592.8,65,575.37
4468,815,815,3,98,5040,2013-10-18 04:17:04.006,Compra Débito,-23.66,815,510.28
4469,451,451,1,61,5568,2015-03-30 21:03:32.984,Compra Crédito,-10.38,451,17.34
4470,185,185,3,51,5554,2015-03-16 15:22:34.035,Depósito em espécie,23.33,185,17.06
4471,4,4,7,42,7127,2019-07-06 11:18:59.671,Compra Crédito,-61.49,4,403.16
4472,443,443,7,14,6358,2017-05-28 00:34:38.538,Compra Crédito,-11.87,443,37.09
4473,609,609,7,14,7853,2021-07-01 03:03:33.329,Depósito em espécie,22.83,609,4968.54
4474,116,116,4,45,5207,2014-04-03 13:44:25.160,Compra Crédito,-17.76,116,133.07
4475,546,546,1,61,7677,2021-01-06 02:11:05.168,Pix - Realizado,-202.6,546,803.81
4476,778,778,5,55,6306,2017-04-06 02:18:27.449,Depósito em espécie,238.65,778,86.63
4477,927,927,7,33,6439,2017-08-17 06:04:24.120,Depósito em espécie,63.68,927,25.34
4478,151,151,7,100,6212,2017-01-02 00:07:32.072,Depósito em espécie,13.28,151,6.63
4479,927,927,7,33,6629,2018-02-23 10:52:13.986,Compra Débito,-36.95,927,25.34
4480,566,566,7,7,7919,2021-09-05 14:51:55.579,Pix - Realizado,-340.6,566,2055.49
4481,155,155,3,16,7377,2020-03-12 07:12:03.762,Compra Crédito,-4.66,155,515.96
4482,666,666,7,42,8222,2022-07-05 01:01:57.800,Pix - Realizado,-140.9,666,40437.53
4483,798,798,3,13,7305,2019-12-31 19:29:46.882,Compra Crédito,-138.74,798,40174.06
4484,696,696,7,100,6527,2017-11-13 22:58:45.800,DOC - Recebido,4200.0,696,3036.27
4485,132,132,7,14,7986,2021-11-11 19:01:59.499,Pix - Realizado,-527.3,132,2593.5
4486,42,42,7,14,7928,2021-09-14 14:25:59.924,Pix - Recebido,658.3,42,95.06
4487,320,320,4,19,5756,2015-10-04 02:56:32.388,Saque,-148.34,320,14108.84
4488,806,806,5,55,5472,2014-12-24 22:55:21.680,Compra Crédito,-29.91,806,70.88
4489,391,391,8,38,7069,2019-05-09 00:43:18.858,Compra Crédito,-15.73,391,11983.94
4490,809,809,1,11,8117,2022-03-22 03:19:23.969,Compra Débito,-35.81,809,6205.66
4491,605,605,3,16,5600,2015-05-01 13:50:39.321,Compra Débito,-66.25,605,48.1
4492,697,697,2,84,4788,2013-02-08 16:34:53.833,Compra Débito,-207.66,697,976.46
4493,96,96,7,71,8014,2021-12-09 22:23:51.673,Pix - Recebido,1239.1,96,1337.15
4494,22,22,1,26,5437,2014-11-19 23:27:42.566,Depósito em espécie,108.54,22,2.67
4495,88,88,7,71,6847,2018-09-29 03:49:55.748,Compra Débito,-69.44,88,186.23
4496,331,331,7,71,7108,2019-06-17 04:37:34.143,Compra Crédito,-198.67,331,32267.25
4497,658,658,3,16,6142,2016-10-24 01:51:40.192,Compra Débito,-136.55,658,7.08
4498,883,883,7,42,8327,2022-10-18 02:04:25.451,Compra Débito,-198.81,883,485.4
4499,986,986,3,98,7165,2019-08-13 23:27:28.492,Compra Crédito,-19.14,986,13317.02
4500,3,3,7,100,6420,2017-07-29 22:38:13.137,Compra Débito,-66.56,3,165.04
4501,330,330,9,59,7565,2020-09-16 08:12:43.021,Compra Débito,-17.04,330,93.01
4502,444,444,7,14,6173,2016-11-24 20:41:56.245,Compra Débito,-36.71,444,10255.04
4503,150,150,3,31,7346,2020-02-10 19:59:29.009,Compra Débito,-158.55,150,7121.49
4504,408,408,7,100,8294,2022-09-15 01:34:01.557,Pix - Recebido,885.1,408,209.1
4505,825,825,5,34,5118,2014-01-04 02:18:14.855,Compra Débito,-35.13,825,814.07
4506,710,710,7,42,6210,2016-12-31 12:42:51.898,Compra Crédito,-392.78,710,38354.24
4507,685,685,7,33,6201,2016-12-22 10:17:11.424,Estorno de Debito,255.96,685,8.32
4508,104,104,3,91,6962,2019-01-22 14:46:07.551,Compra Crédito,-138.89,104,154.77
4509,824,824,7,14,7230,2019-10-17 05:27:20.667,TED - Recebido,25775.0,824,32360.92
4510,327,327,3,98,6800,2018-08-13 01:48:20.422,Compra Crédito,-17.03,327,73.88
4511,423,423,8,47,8207,2022-06-20 22:28:06.744,Compra Crédito,-18.89,423,501.5
4512,105,105,7,7,5995,2016-05-30 01:00:50.773,Compra Débito,-27.01,105,132.78
4513,868,868,9,87,7822,2021-05-31 01:07:07.552,Compra Crédito,-72.74,868,193.38
4514,112,112,4,19,8368,2022-11-28 09:48:28.444,Pix - Recebido,808.9,112,532.48
4515,356,356,7,42,7388,2020-03-23 21:08:24.469,Compra Débito,-17.78,356,68663.09
4516,132,132,7,14,7986,2021-11-11 19:05:59.324,Pix - Recebido,1090.2,132,2593.5
4517,816,816,3,51,4856,2013-04-17 14:02:55.766,Depósito em espécie,7.44,816,347.91
4518,273,273,2,95,8284,2022-09-05 03:11:31.565,Pix - Realizado,-386.8,273,2610.71
4519,684,684,7,42,8022,2021-12-17 22:22:04.059,Pix - Recebido,257.2,684,756.39
4520,488,488,7,14,7175,2019-08-23 06:53:19.891,Transferência entre CC - Crédito,362.3,488,1303.71
4521,203,203,7,7,8198,2022-06-11 01:51:28.373,Pix - Recebido,621.4,203,737.33
4522,665,665,1,3,7974,2021-10-30 04:29:21.032,Pix - Recebido,460.3,665,7841.46
4523,104,104,3,91,6963,2019-01-23 11:48:59.807,Depósito em espécie,58.98,104,154.77
4524,459,459,1,60,5230,2014-04-26 03:43:41.598,Compra Crédito,-30.34,459,19513.84
4525,516,516,1,36,5518,2015-02-08 23:47:27.981,Compra Débito,-16.44,516,9930.41
4526,455,455,7,7,7342,2020-02-06 21:21:04.856,Compra Débito,-41.55,455,37.34
4527,254,254,7,100,8398,2022-12-28 20:25:47.252,Pix - Recebido,283.7,254,980.6
4528,845,845,3,13,4872,2013-05-03 16:25:38.293,Depósito em espécie,88.43,845,14733.18
4529,398,398,5,67,7355,2020-02-19 10:27:33.664,Compra Crédito,-63.76,398,98018.34
4530,347,347,7,100,7623,2020-11-13 14:21:19.257,Depósito em espécie,13.77,347,1104.9
4531,290,290,7,42,8148,2022-04-22 20:46:10.315,Compra Crédito,-101.34,290,21.07
4532,589,589,8,69,7350,2020-02-14 03:07:11.489,Transferência entre CC - Crédito,64.8,589,28519.79
4533,360,360,2,82,4446,2012-03-03 04:15:46.409,Compra Crédito,-20.4,360,1965.16
4534,597,597,2,94,7494,2020-07-07 01:06:41.178,Compra Crédito,-67.24,597,404.1
4535,291,291,3,98,6453,2017-08-31 22:08:04.464,Compra Débito,-27.67,291,376.66
4536,487,487,7,100,6151,2016-11-02 10:00:38.174,Compra Débito,-9.67,487,40.33
4537,656,656,2,81,6250,2017-02-09 15:57:11.146,Compra Crédito,-16.51,656,72005.0
4538,375,375,2,70,7341,2020-02-05 05:43:12.980,Depósito em espécie,35.69,375,110.31
4539,964,964,7,7,7940,2021-09-26 09:56:27.853,Depósito em espécie,123.42,964,1104.14
4540,560,560,7,7,6640,2018-03-06 09:32:08.149,Compra Débito,-21.03,560,1.13
4541,3,3,7,100,6421,2017-07-30 20:43:11.413,Compra Crédito,-111.91,3,165.04
4542,658,658,3,16,6172,2016-11-23 01:21:56.891,Compra Crédito,-9.95,658,7.08
4543,712,712,7,42,8356,2022-11-16 18:45:12.955,Compra Débito,-18.72,712,450.19
4544,311,311,7,100,7972,2021-10-28 13:59:14.156,Compra Crédito,-28.08,311,189.43
4545,353,353,7,71,8335,2022-10-26 02:43:21.318,Pix - Realizado,-372.3,353,29.98
4546,275,275,3,13,5900,2016-02-25 14:19:58.364,Compra Débito,-151.51,275,134056.74
4547,146,146,1,80,4147,2011-05-09 15:41:11.053,Compra Crédito,-167.68,146,708.81
4548,892,892,1,18,4171,2011-06-02 22:41:32.808,Compra Crédito,-96.97,892,6656.82
4549,836,836,8,6,7652,2020-12-12 21:52:23.552,Compra Débito,-9.15,836,240.05
4550,402,402,3,13,5141,2014-01-27 04:23:46.734,Compra Crédito,-19.93,402,132.71
4551,196,196,3,91,7661,2020-12-21 18:21:12.971,Compra Crédito,-8.93,196,52.64
4552,644,644,8,38,7290,2019-12-16 16:13:18.059,Compra Crédito,-46.5,644,254.94
4553,668,668,6,40,7549,2020-08-31 02:16:12.707,Compra Crédito,-160.29,668,2919.67
4554,8,8,3,73,6847,2018-09-29 04:46:12.054,Compra Débito,-195.13,8,1714.2
4555,885,885,7,14,6110,2016-09-22 01:34:53.231,Compra Débito,-62.04,885,29102.28
4556,925,925,9,74,7562,2020-09-13 09:46:33.203,Depósito em espécie,17.27,925,4860.91
4557,717,717,7,42,7488,2020-07-01 16:46:06.588,Estorno de Debito,43.64,717,86.27
4558,747,747,1,61,7228,2019-10-15 12:55:49.228,Compra Débito,-12.53,747,3.0
4559,273,273,2,95,8292,2022-09-13 05:40:43.618,Compra Crédito,-12.22,273,2610.71
4560,570,570,4,1,7028,2019-03-29 11:30:14.701,Saque,-15.58,570,17.65
4561,761,761,3,91,4832,2013-03-24 07:29:55.081,Compra Débito,-9.41,761,964.05
4562,718,718,4,45,5316,2014-07-21 05:35:26.479,Compra Débito,-38.04,718,445.88
4563,535,535,7,33,6994,2019-02-23 03:15:32.951,Compra Débito,-262.61,535,31.05
4564,310,310,7,42,7223,2019-10-10 23:46:05.481,Depósito em espécie,47.42,310,30.65
4565,54,54,1,26,7424,2020-04-28 21:35:38.418,Compra Débito,-65.0,54,9.45
4566,500,500,1,3,7270,2019-11-26 11:03:14.370,Compra Crédito,-36.21,500,107875.13
4567,248,248,7,14,7370,2020-03-05 14:36:39.754,Depósito em espécie,5.82,248,3.92
4568,303,303,3,51,5379,2014-09-22 20:59:06.459,Compra Débito,-64.94,303,318.88
4569,308,308,7,7,6597,2018-01-22 19:27:37.571,Compra Débito,-60.96,308,23.21
4570,294,294,2,95,5549,2015-03-11 22:23:45.796,DOC - Recebido,16410.0,294,14975.62
4571,856,856,7,33,7833,2021-06-11 22:52:23.920,Pix - Recebido,166.7,856,19.22
4572,731,731,7,7,8314,2022-10-05 22:47:28.670,Compra Débito,-13.24,731,524.28
4573,21,21,2,86,4606,2012-08-10 18:07:30.327,Compra Crédito,-72.83,21,74.17
4574,553,553,5,43,8000,2021-11-25 21:03:12.257,Compra Crédito,-23.85,553,317.19
4575,439,439,1,32,6757,2018-07-01 02:40:22.219,Transferência entre CC - Débito,-549.0,439,37.0
4576,875,875,7,71,8396,2022-12-26 02:54:21.966,Pix - Recebido,408.2,875,130.76
4577,740,740,4,19,6072,2016-08-15 10:55:53.904,Compra Débito,-38.85,740,13398.08
4578,898,898,4,45,5605,2015-05-06 14:48:35.531,Compra Crédito,-7.11,898,32.21
4579,133,133,9,93,7389,2020-03-24 12:48:11.977,Compra Crédito,-38.3,133,41.65
4580,441,441,4,35,7559,2020-09-10 10:55:27.585,Compra Crédito,-13.41,441,879.91
4581,656,656,2,81,6562,2017-12-18 13:24:06.152,Compra Crédito,-25.0,656,72005.0
4582,447,447,3,16,7597,2020-10-18 15:00:22.557,Compra Crédito,-41.21,447,1560.83
4583,651,651,7,7,5895,2016-02-20 17:02:56.461,Compra Crédito,-21.14,651,21634.01
4584,296,296,2,76,4365,2011-12-13 07:08:58.177,Compra Débito,-18.61,296,67795.77
4585,88,88,7,71,6847,2018-09-29 18:25:15.372,Compra Crédito,-39.77,88,186.23
4586,675,675,7,100,7101,2019-06-10 10:36:02.708,Compra Débito,-8.24,675,51.61
4587,619,619,7,71,8160,2022-05-04 06:42:07.172,Compra Débito,-33.84,619,511.6
4588,177,177,3,16,4526,2012-05-22 17:40:31.025,Compra Crédito,-73.79,177,43.44
4589,453,453,4,1,5534,2015-02-24 15:50:50.964,Compra Crédito,-40.9,453,17142.15
4590,641,641,7,100,7581,2020-10-02 14:13:15.790,DOC - Recebido,5340.0,641,5294.41
4591,9,9,4,45,7692,2021-01-21 22:21:49.303,Compra Crédito,-39.96,9,332.15
4592,856,856,7,33,7911,2021-08-28 01:27:47.187,Compra Crédito,-22.76,856,19.22
4593,950,950,3,31,6618,2018-02-12 13:17:57.980,Compra Débito,-13.62,950,9658.42
4594,988,988,6,28,8010,2021-12-05 23:38:38.096,Pix - Realizado,-282.3,988,155.68
4595,250,250,5,55,6306,2017-04-06 11:00:23.602,Compra Débito,-16.54,250,12.9
4596,530,530,1,80,5557,2015-03-19 11:37:13.674,Transferência entre CC - Crédito,745.5,530,181.44
4597,182,182,4,45,7070,2019-05-10 00:39:42.719,Compra Crédito,-133.34,182,13622.15
4598,630,630,8,89,7931,2021-09-17 17:32:18.723,Pix - Realizado,-442.7,630,758.44
4599,628,628,7,71,6103,2016-09-15 18:16:28.295,Compra Débito,-10.01,628,30.58
4600,801,801,7,100,7466,2020-06-09 01:25:14.438,Compra Débito,-429.87,801,37311.12
4601,33,33,9,93,7370,2020-03-05 04:28:02.522,Saque,-541.25,33,57.66
4602,13,13,8,38,7626,2020-11-16 10:59:47.874,Pix - Realizado,-43.4,13,28351.16
4603,411,411,1,75,4733,2012-12-15 13:41:45.140,Compra Crédito,-9.8,411,53894.21
4604,561,561,7,7,6977,2019-02-06 00:43:48.391,Compra Crédito,-39.68,561,86.17
4605,69,69,2,90,7293,2019-12-19 00:14:51.277,Compra Crédito,-49.42,69,20300.68
4606,142,142,2,81,6038,2016-07-12 05:24:39.466,Compra Crédito,-29.48,142,23.92
4607,622,622,7,100,8124,2022-03-29 21:23:44.529,Pix - Realizado,-1345.8,622,1131.09
4608,523,523,7,14,6993,2019-02-22 15:53:17.404,Compra Crédito,-10.84,523,5.67
4609,266,266,7,100,6771,2018-07-15 16:23:32.713,Compra Débito,-20.68,266,8.44
4610,245,245,6,54,6973,2019-02-02 06:12:36.574,Compra Crédito,-65.94,245,8218.31
4611,939,939,2,70,8394,2022-12-24 02:49:25.464,TED - Recebido,78660.0,939,85135.76
4612,842,842,7,33,7130,2019-07-09 09:42:28.821,Depósito em espécie,97.68,842,1.24
4613,512,512,5,55,6306,2017-04-06 21:27:38.829,Depósito em espécie,28.71,512,10.77
4614,462,462,7,100,7492,2020-07-05 09:52:14.821,Compra Débito,-6.35,462,18922.28
4615,631,631,6,88,5904,2016-02-29 17:51:31.149,Compra Crédito,-17.74,631,7311.87
4616,60,60,7,33,6767,2018-07-11 16:19:48.119,Compra Crédito,-13.37,60,810.56
4617,933,933,8,41,7759,2021-03-29 03:28:14.701,Pix - Recebido,359.1,933,322.81
4618,704,704,4,57,6154,2016-11-05 06:48:38.950,Transferência entre CC - Crédito,166.6,704,25.39
4619,377,377,2,29,8215,2022-06-28 02:58:39.028,Compra Crédito,-69.85,377,7673.52
4620,779,779,9,83,7792,2021-05-01 06:20:38.385,Compra Débito,-14.44,779,2128.75
4621,85,85,7,14,7736,2021-03-06 04:25:42.046,Compra Crédito,-19.09,85,669.94
4622,263,263,1,36,4859,2013-04-20 15:20:51.577,Compra Crédito,-25.93,263,3.2
4623,319,319,3,31,5024,2013-10-02 19:05:01.997,Compra Débito,-36.31,319,24.22
4624,901,901,2,9,4204,2011-07-05 18:36:34.673,Compra Débito,-17.9,901,23788.28
4625,141,141,7,42,8136,2022-04-10 19:24:25.039,Compra Crédito,-20.87,141,270.68
4626,486,486,7,33,8015,2021-12-10 09:06:04.834,Compra Crédito,-105.31,486,648.28
4627,473,473,7,71,8277,2022-08-29 20:07:33.974,Compra Crédito,-31.36,473,353.47
4628,838,838,7,100,6528,2017-11-14 06:44:28.643,Compra Crédito,-68.31,838,1128.51
4629,271,271,4,57,8301,2022-09-22 18:15:13.326,Pix - Realizado,-645.6,271,7534.76
4630,28,28,2,76,6347,2017-05-17 13:15:48.139,Depósito em espécie,94.81,28,2982.91
4631,996,996,2,24,7924,2021-09-10 13:21:11.710,Compra Crédito,-60.07,996,30339.67
4632,913,913,7,33,7070,2019-05-10 02:31:12.966,Compra Débito,-151.42,913,575.77
4633,136,136,6,44,8277,2022-08-29 16:49:43.588,Compra Crédito,-8.45,136,582.21
4634,794,794,7,33,6902,2018-11-23 12:00:36.968,Compra Crédito,-10.78,794,454.95
4635,761,761,3,91,4832,2013-03-24 10:44:12.465,Compra Crédito,-23.26,761,964.05
4636,800,800,1,92,8035,2021-12-30 19:19:18.521,Pix - Realizado,-102.6,800,845.98
4637,126,126,7,42,5773,2015-10-21 21:22:54.124,Compra Crédito,-109.07,126,74.12
4638,879,879,3,31,4734,2012-12-16 13:22:45.368,Compra Débito,-30.49,879,4.04
4639,885,885,7,14,6116,2016-09-28 20:38:20.523,Depósito em espécie,21.67,885,29102.28
4640,968,968,5,55,5369,2014-09-12 14:48:31.150,TED - Recebido,6545.0,968,7480.46
4641,663,663,2,70,5511,2015-02-01 17:53:02.936,Compra Crédito,-14.19,663,5.92
4642,492,492,9,87,7455,2020-05-29 23:53:37.230,Compra Crédito,-19.4,492,5.99
4643,388,388,3,98,5583,2015-04-14 05:48:02.325,Compra Crédito,-32.91,388,5.66
4644,996,996,2,24,8045,2022-01-09 05:27:27.783,Depósito em espécie,113.21,996,30339.67
4645,811,811,9,65,7523,2020-08-05 07:11:10.112,Compra Débito,-21.49,811,22.61
4646,382,382,7,7,7448,2020-05-22 11:49:10.059,Depósito em espécie,37.95,382,1.46
4647,681,681,7,42,7616,2020-11-06 07:36:25.203,Compra Crédito,-28.46,681,507.39
4648,586,586,7,33,5888,2016-02-13 20:11:46.757,TED - Recebido,45575.0,586,44099.92
4649,917,917,1,36,7514,2020-07-27 12:52:30.799,Compra Crédito,-28.56,917,245.39
4650,231,231,7,14,6403,2017-07-12 14:52:10.020,Pagamento de boleto,-2030.0,231,2564.84
4651,872,872,7,71,6852,2018-10-04 04:56:27.212,Depósito em espécie,124.04,872,4227.81
4652,456,456,3,13,5141,2014-01-27 16:24:17.647,TED - Recebido,63280.0,456,60535.86
4653,74,74,7,14,6776,2018-07-20 18:14:46.865,Compra Crédito,-15.07,74,47148.34
4654,208,208,4,35,6908,2018-11-29 01:25:25.074,Compra Crédito,-55.64,208,77.03
4655,341,341,1,80,7366,2020-03-01 08:52:01.388,Compra Crédito,-62.54,341,5.66
4656,836,836,8,6,7654,2020-12-14 07:05:19.531,Compra Crédito,-16.0,836,240.05
4657,307,307,6,54,6964,2019-01-24 09:45:57.124,Compra Crédito,-18.02,307,250.85
4658,86,86,5,34,7905,2021-08-22 23:51:00.329,Saque,-677.92,86,7186.34
4659,276,276,5,15,6223,2017-01-13 23:03:07.597,Compra Crédito,-14.88,276,40158.27
4660,271,271,4,57,8320,2022-10-11 19:20:00.467,Pix - Realizado,-497.2,271,7534.76
4661,176,176,4,35,6725,2018-05-30 20:36:14.320,Compra Débito,-28.88,176,43.45
4662,7,7,6,48,8282,2022-09-03 17:57:35.106,Pix - Recebido,357.4,7,114.48
4663,807,807,7,33,6511,2017-10-28 16:24:23.755,Compra Crédito,-43.4,807,15951.23
4664,293,293,6,44,5914,2016-03-10 00:14:28.311,Compra Débito,-53.93,293,226.71
4665,812,812,4,35,7999,2021-11-24 14:21:21.375,Compra Crédito,-117.62,812,2869.8
4666,627,627,7,33,6385,2017-06-24 05:18:53.852,Compra Crédito,-79.79,627,1.39
4667,213,213,7,100,7390,2020-03-25 17:21:40.661,Compra Crédito,-8.24,213,741.68
4668,646,646,7,14,6095,2016-09-07 08:51:45.147,Compra Crédito,-18.0,646,1677.94
4669,202,202,7,100,6214,2017-01-04 04:43:18.697,Compra Débito,-42.79,202,49.02
4670,968,968,5,55,5369,2014-09-12 15:54:54.388,Compra Débito,-31.2,968,7480.46
4671,995,995,7,33,6718,2018-05-23 06:37:09.447,Compra Débito,-116.53,995,13383.67
4672,818,818,7,33,5996,2016-05-31 01:08:24.304,Depósito em espécie,37.53,818,11.77
4673,415,415,4,1,5398,2014-10-11 16:50:18.525,Compra Crédito,-36.49,415,19485.86
4674,860,860,5,55,5596,2015-04-27 18:20:36.985,Compra Débito,-24.91,860,5.32
4675,597,597,2,94,7494,2020-07-07 02:53:57.855,Saque,-396.76,597,404.1
4676,672,672,7,14,6848,2018-09-30 23:36:57.376,Compra Débito,-15.88,672,581.81
4677,22,22,1,26,5440,2014-11-22 10:23:44.315,Depósito em espécie,36.4,22,2.67
4678,286,286,7,71,8215,2022-06-28 10:28:26.205,Compra Crédito,-15.13,286,1724.25
4679,603,603,4,35,7990,2021-11-15 21:30:46.820,Compra Débito,-71.68,603,329.45
4680,399,399,7,33,7787,2021-04-26 17:42:56.919,Compra Débito,-85.86,399,2064.69
4681,405,405,7,71,8417,2023-01-16 05:00:39.017,Pix - Recebido,2138.0,405,15321.24
4682,28,28,2,76,6348,2017-05-18 03:10:59.052,Compra Débito,-44.52,28,2982.91
4683,997,997,2,85,8355,2022-11-15 09:17:05.667,Compra Crédito,-179.09,997,15973.33
4684,733,733,6,4,8057,2022-01-21 13:08:30.704,Pix - Recebido,972.6,733,1849.3
4685,759,759,1,80,8248,2022-07-31 08:29:26.174,Compra Crédito,-62.05,759,339.17
4686,447,447,3,16,7597,2020-10-18 16:34:47.276,Depósito em espécie,37.49,447,1560.83
4687,118,118,1,32,6887,2018-11-08 17:08:15.379,Compra Débito,-22.0,118,11.03
4688,132,132,7,14,7987,2021-11-12 11:23:34.478,Compra Débito,-38.81,132,2593.5
4689,28,28,2,76,6348,2017-05-18 08:30:53.128,Compra Débito,-27.68,28,2982.91
4690,261,261,2,70,4415,2012-02-01 12:55:57.664,Compra Crédito,-38.23,261,12732.03
4691,359,359,1,80,5151,2014-02-06 10:34:39.957,Transferência entre CC - Crédito,65.0,359,24410.06
4692,713,713,1,39,5526,2015-02-16 03:44:19.210,Compra Débito,-92.02,713,56.06
4693,669,669,5,58,5531,2015-02-21 21:18:33.282,Compra Crédito,-40.77,669,118.91
4694,701,701,2,85,7142,2019-07-21 21:05:37.937,Compra Crédito,-11.47,701,4.39
4695,16,16,5,67,8048,2022-01-12 06:57:07.010,TED - Recebido,20240.0,16,24376.1
4696,150,150,3,31,7347,2020-02-11 06:46:01.270,Compra Débito,-28.29,150,7121.49
4697,665,665,1,3,7974,2021-10-30 10:19:43.887,Pix - Realizado,-358.8,665,7841.46
4698,580,580,7,33,7616,2020-11-06 21:23:48.021,Compra Crédito,-7.65,580,10.58
4699,733,733,6,4,8071,2022-02-04 02:36:33.250,Pix - Realizado,-475.5,733,1849.3
4700,176,176,4,35,6725,2018-05-30 20:47:34.722,Depósito em espécie,37.68,176,43.45
4701,939,939,2,70,8395,2022-12-25 07:43:37.435,Compra Crédito,-26.71,939,85135.76
4702,294,294,2,95,5550,2015-03-12 05:43:25.922,Compra Crédito,-16.43,294,14975.62
4703,750,750,4,19,5982,2016-05-17 22:34:19.411,Compra Crédito,-15.39,750,1945.52
4704,637,637,9,68,8399,2022-12-29 00:24:44.325,Pix - Realizado,-567.9,637,1130.11
4705,4,4,7,42,7129,2019-07-08 02:21:27.659,Compra Débito,-3.09,4,403.16
4706,600,600,4,45,5544,2015-03-06 15:06:31.357,Compra Crédito,-8.46,600,0.75
4707,9,9,4,45,7797,2021-05-06 02:07:26.229,Pix - Recebido,290.2,9,332.15
4708,178,178,9,20,8148,2022-04-22 08:42:47.419,Pix - Realizado,-312.6,178,1437.96
4709,163,163,2,84,8190,2022-06-03 21:07:24.822,Compra Débito,-39.01,163,37.1
4710,584,584,10,27,8229,2022-07-12 09:54:38.528,Compra Crédito,-15.45,584,806.13
4711,189,189,7,7,7284,2019-12-10 21:44:58.749,Compra Débito,-38.88,189,25382.15
4712,554,554,1,75,6569,2017-12-25 19:22:05.020,Compra Débito,-162.85,554,25.68
4713,625,625,3,51,6143,2016-10-25 12:57:50.934,Compra Débito,-20.86,625,1736.31
4714,765,765,2,82,6377,2017-06-16 04:39:17.005,Compra Crédito,-40.76,765,483.83
4715,594,594,7,71,6605,2018-01-30 18:45:38.932,Compra Crédito,-88.88,594,12528.72
4716,674,674,3,91,5584,2015-04-15 09:36:09.658,Compra Crédito,-27.66,674,1902.33
4717,58,58,1,80,5243,2014-05-09 05:18:43.451,Compra Crédito,-116.39,58,134.97
4718,462,462,7,100,7602,2020-10-23 15:03:39.044,Compra Débito,-28.18,462,18922.28
4719,28,28,2,76,6349,2017-05-19 09:06:00.677,Depósito em espécie,122.98,28,2982.91
4720,155,155,3,16,7421,2020-04-25 16:18:23.134,Transferência entre CC - Crédito,1044.3,155,515.96
4721,421,421,7,14,7399,2020-04-03 08:49:15.490,Compra Débito,-157.53,421,90.29
4722,153,153,4,1,7719,2021-02-17 16:07:35.739,Compra Crédito,-24.56,153,268.85
4723,170,170,7,100,7980,2021-11-05 00:51:24.413,Pix - Realizado,-924.5,170,340.47
4724,479,479,7,42,7394,2020-03-29 00:35:31.617,Compra Débito,-17.42,479,63.54
4725,438,438,8,5,7475,2020-06-18 14:20:18.309,Compra Crédito,-16.11,438,1675.67
4726,394,394,3,51,4781,2013-02-01 21:05:23.277,Compra Débito,-12.55,394,14982.14
4727,39,39,2,84,5646,2015-06-16 21:08:59.145,Depósito em espécie,12.3,39,41879.26
4728,932,932,2,81,5960,2016-04-25 09:33:18.973,Depósito em espécie,36.32,932,230.83
4729,100,100,7,100,7532,2020-08-14 18:06:30.469,Compra Crédito,-16.11,100,763.24
4730,253,253,7,14,6606,2018-01-31 03:52:26.215,Compra Crédito,-25.67,253,4.95
4731,854,854,6,96,7736,2021-03-06 11:20:11.549,Estorno de Debito,67.6,854,2489.45
4732,983,983,1,39,7934,2021-09-20 19:01:08.301,Compra Crédito,-38.18,983,28561.26
4733,436,436,1,18,6367,2017-06-06 20:00:37.782,Compra Débito,-46.19,436,43193.28
4734,621,621,7,42,7361,2020-02-25 00:36:01.770,Depósito em espécie,28.78,621,697.1
4735,308,308,7,7,6599,2018-01-24 12:49:33.721,Compra Crédito,-20.79,308,23.21
4736,324,324,5,43,6250,2017-02-09 19:45:40.998,Depósito em espécie,19.69,324,34.13
4737,381,381,4,57,8397,2022-12-27 23:19:42.156,Depósito em espécie,56.09,381,1432.54
4738,116,116,4,45,5209,2014-04-05 12:34:30.852,Transferência entre CC - Crédito,89.9,116,133.07
4739,667,667,3,73,5442,2014-11-24 17:59:28.540,Compra Crédito,-35.65,667,697.7
4740,348,348,7,100,7302,2019-12-28 02:48:05.453,Compra Crédito,-18.8,348,79.31
4741,991,991,4,57,6092,2016-09-04 02:18:21.952,Compra Crédito,-7.56,991,430.16
4742,696,696,7,100,6530,2017-11-16 11:42:05.080,Estorno de Debito,21.47,696,3036.27
4743,995,995,7,33,6718,2018-05-23 18:03:25.622,Compra Débito,-57.76,995,13383.67
4744,448,448,8,10,7663,2020-12-23 12:29:13.632,Pix - Realizado,-1113.3,448,23366.23
4745,910,910,4,1,6867,2018-10-19 15:39:48.527,Depósito em espécie,44.62,910,79.63
4746,59,59,3,98,7150,2019-07-29 17:35:45.289,Compra Crédito,-4.38,59,1.8
4747,426,426,7,100,7772,2021-04-11 21:02:56.958,Pix - Recebido,739.8,426,999.75
4748,369,369,1,72,7929,2021-09-15 06:26:12.415,Compra Crédito,-52.27,369,1153.14
4749,85,85,7,14,7849,2021-06-27 17:18:19.595,Pix - Recebido,574.7,85,669.94
4750,583,583,7,33,7125,2019-07-04 01:33:26.685,Depósito em espécie,11.27,583,12.56
4751,362,362,2,85,6623,2018-02-17 12:20:26.357,Compra Crédito,-17.24,362,24.48
4752,874,874,7,14,6753,2018-06-27 21:03:28.149,Compra Crédito,-30.41,874,41.36
4753,86,86,5,34,7906,2021-08-23 00:32:24.075,Compra Crédito,-37.1,86,7186.34
4754,617,617,7,33,8143,2022-04-17 00:16:25.645,Depósito em espécie,38.43,617,189.04
4755,231,231,7,14,6403,2017-07-12 15:57:16.515,Depósito em espécie,6.15,231,2564.84
4756,981,981,10,17,8296,2022-09-17 04:31:49.539,Pix - Realizado,-479.2,981,505.84
4757,307,307,6,54,6964,2019-01-24 11:42:30.574,Compra Crédito,-25.8,307,250.85
4758,97,97,3,13,7352,2020-02-16 19:07:27.767,Compra Crédito,-81.69,97,9589.16
4759,517,517,4,35,8212,2022-06-25 23:31:02.616,Compra Crédito,-22.52,517,102.72
4760,933,933,8,41,7759,2021-03-29 03:30:42.442,Pix - Realizado,-232.3,933,322.81
4761,152,152,7,42,8383,2022-12-13 05:08:04.421,Compra Débito,-56.58,152,209.11
4762,258,258,8,41,7596,2020-10-17 16:23:06.799,Compra Crédito,-6.95,258,16.18
4763,835,835,7,71,8281,2022-09-02 16:14:15.805,Compra Débito,-35.8,835,273.63
4764,684,684,7,42,8023,2021-12-18 10:04:00.022,Compra Crédito,-11.73,684,756.39
4765,280,280,7,100,6161,2016-11-12 07:54:41.809,Compra Crédito,-31.1,280,3.04
4766,741,741,7,100,7472,2020-06-15 16:56:08.193,Compra Débito,-38.77,741,691.71
4767,892,892,1,18,4187,2011-06-18 00:32:51.647,Compra Débito,-155.87,892,6656.82
4768,780,780,8,6,6638,2018-03-04 10:00:27.327,Compra Crédito,-71.01,780,15.8
4769,624,624,7,100,5987,2016-05-22 20:58:54.124,Compra Crédito,-31.67,624,169.09
4770,471,471,7,14,8057,2022-01-21 17:21:04.479,Pix - Recebido,195.1,471,9465.57
4771,345,345,5,43,7263,2019-11-19 15:46:28.208,Compra Débito,-36.45,345,7.54
4772,973,973,7,42,7745,2021-03-15 06:19:29.604,Compra Crédito,-16.62,973,873.74
4773,118,118,1,32,6888,2018-11-09 17:39:03.610,Depósito em espécie,30.12,118,11.03
4774,838,838,7,100,6539,2017-11-25 05:56:03.604,Compra Crédito,-92.07,838,1128.51
4775,518,518,3,31,5422,2014-11-04 19:29:00.794,Compra Crédito,-29.85,518,20526.06
4776,456,456,3,13,5141,2014-01-27 17:06:06.162,Compra Débito,-17.24,456,60535.86
4777,969,969,2,76,7657,2020-12-17 17:30:17.229,Compra Crédito,-91.74,969,924.98
4778,413,413,8,6,8367,2022-11-27 17:11:21.799,Compra Crédito,-58.14,413,928.5
4779,496,496,7,100,8157,2022-05-01 02:53:38.319,Pix - Recebido,84.1,496,430.68
4780,975,975,1,32,5102,2013-12-19 08:23:07.469,Compra Crédito,-15.88,975,42.45
4781,944,944,7,7,8003,2021-11-28 10:23:03.352,Pix - Realizado,-330.1,944,295.89
4782,129,129,1,32,8239,2022-07-22 21:06:41.364,Pix - Realizado,-174.8,129,634.74
4783,259,259,3,51,7523,2020-08-05 13:34:18.929,Compra Débito,-10.88,259,7590.37
4784,537,537,6,28,6311,2017-04-11 04:29:21.514,Depósito em espécie,20.84,537,71.43
4785,114,114,7,33,7405,2020-04-09 16:20:06.416,Compra Crédito,-32.2,114,7855.66
4786,72,72,7,100,8310,2022-10-01 05:29:19.156,Compra Débito,-15.97,72,183.32
4787,526,526,3,51,7965,2021-10-21 22:47:21.214,Compra Débito,-65.81,526,2246.83
4788,159,159,7,7,7078,2019-05-18 06:42:12.942,Compra Crédito,-20.75,159,53761.86
4789,849,849,7,7,7447,2020-05-21 20:08:45.669,Depósito em espécie,78.49,849,48289.13
4790,228,228,1,80,5672,2015-07-12 17:45:35.586,Compra Crédito,-28.32,228,11.6
4791,987,987,7,33,6722,2018-05-27 04:40:37.169,Compra Crédito,-11.16,987,32.6
4792,64,64,7,100,8215,2022-06-28 07:33:22.529,Compra Crédito,-84.08,64,682.16
4793,61,61,1,11,4811,2013-03-03 06:20:02.054,Compra Crédito,-8.19,61,12882.9
4794,258,258,8,41,7597,2020-10-18 09:02:44.074,Estorno de Debito,79.39,258,16.18
4795,124,124,7,71,6357,2017-05-27 13:09:39.663,Compra Débito,-11.32,124,71.68
4796,593,593,7,7,5992,2016-05-27 11:02:04.593,Depósito em espécie,221.28,593,216.19
4797,182,182,4,45,7070,2019-05-10 23:00:52.006,Compra Crédito,-6.71,182,13622.15
4798,573,573,7,71,8306,2022-09-27 19:42:40.793,Compra Crédito,-5.68,573,21.88
4799,476,476,2,95,4943,2013-07-13 05:38:24.630,Transferência entre CC - Crédito,384.4,476,234.35
4800,629,629,3,98,6385,2017-06-24 00:00:08.229,Compra Crédito,-96.2,629,8813.34
4801,237,237,2,95,7304,2019-12-30 20:47:57.474,Compra Crédito,-79.71,237,83.36
4802,816,816,3,51,4875,2013-05-06 20:29:35.485,Depósito em espécie,97.41,816,347.91
4803,107,107,7,14,8320,2022-10-11 02:36:44.395,Compra Crédito,-91.42,107,27052.86
4804,624,624,7,100,6537,2017-11-23 21:21:40.494,Compra Débito,-221.27,624,169.09
4805,116,116,4,45,5212,2014-04-08 14:52:01.328,Compra Débito,-37.24,116,133.07
4806,878,878,6,40,7362,2020-02-26 16:03:34.666,Compra Crédito,-17.79,878,1.44
4807,902,902,7,71,7004,2019-03-05 17:10:08.890,Compra Crédito,-19.15,902,13771.38
4808,631,631,6,88,5906,2016-03-02 07:35:25.527,Compra Crédito,-29.64,631,7311.87
4809,624,624,7,100,6538,2017-11-24 10:59:27.941,Compra Débito,-171.19,624,169.09
4810,646,646,7,14,6097,2016-09-09 01:24:13.603,Compra Crédito,-319.63,646,1677.94
4811,762,762,7,42,7152,2019-07-31 19:04:13.591,Compra Crédito,-12.04,762,723.01
4812,538,538,7,33,7597,2020-10-18 08:08:00.537,Depósito em espécie,6.55,538,435.36
4813,328,328,8,6,7622,2020-11-12 19:11:32.097,Compra Crédito,-26.09,328,89.76
4814,144,144,7,14,6776,2018-07-20 14:34:45.324,Depósito em espécie,162.93,144,11.39
4815,913,913,7,33,7070,2019-05-10 03:53:37.571,Compra Crédito,-61.1,913,575.77
4816,710,710,7,42,6210,2016-12-31 15:51:42.355,Compra Crédito,-98.94,710,38354.24
4817,569,569,4,45,7777,2021-04-16 11:34:39.342,Pix - Recebido,347.7,569,125.24
4818,980,980,7,7,7107,2019-06-16 02:32:15.775,Compra Crédito,-28.04,980,49.3
4819,229,229,7,14,7286,2019-12-12 14:52:07.601,Depósito em espécie,58.44,229,110.29
4820,478,478,7,14,6559,2017-12-15 17:51:05.794,Compra Crédito,-22.85,478,133.12
4821,820,820,4,35,6269,2017-02-28 04:06:44.780,DOC - Recebido,51960.0,820,50513.1
4822,239,239,6,88,8098,2022-03-03 01:22:05.355,Pix - Realizado,-93.4,239,13809.65
4823,85,85,7,14,7849,2021-06-27 17:33:46.600,Compra Débito,-16.55,85,669.94
4824,446,446,7,33,7135,2019-07-14 17:52:58.646,Compra Crédito,-21.22,446,204.27
4825,793,793,7,71,8399,2022-12-29 18:05:49.355,Pix - Recebido,201.8,793,136.29
4826,9,9,4,45,7804,2021-05-13 02:53:51.416,Compra Crédito,-34.47,9,332.15
4827,580,580,7,33,7617,2020-11-07 00:08:43.007,Compra Crédito,-8.42,580,10.58
4828,676,676,1,26,4480,2012-04-06 18:51:36.449,Compra Crédito,-7.1,676,91.0
4829,150,150,3,31,7349,2020-02-13 01:55:06.058,Compra Crédito,-22.75,150,7121.49
4830,789,789,7,33,6366,2017-06-05 15:51:18.652,Compra Débito,-11.6,789,63.36
4831,875,875,7,71,8397,2022-12-27 06:30:25.392,Pix - Realizado,-291.9,875,130.76
4832,975,975,1,32,5107,2013-12-24 22:43:27.457,Compra Crédito,-8.6,975,42.45
4833,719,719,3,51,8060,2022-01-24 15:21:42.073,Depósito em espécie,45.2,719,392.74
4834,659,659,3,13,5611,2015-05-12 19:41:24.655,Compra Débito,-81.34,659,156.31
4835,763,763,6,4,6949,2019-01-09 20:05:12.275,Compra Crédito,-21.73,763,3.04
4836,765,765,2,82,6444,2017-08-22 20:07:02.498,Compra Crédito,-13.36,765,483.83
4837,773,773,2,82,4147,2011-05-09 14:22:26.216,Compra Crédito,-6.34,773,23568.46
4838,54,54,1,26,7436,2020-05-10 07:31:53.758,Compra Débito,-150.98,54,9.45
4839,548,548,7,33,7939,2021-09-25 10:51:02.239,Transferência entre CC - Crédito,333.6,548,3522.41
4840,271,271,4,57,8348,2022-11-08 17:52:01.334,Saque,-556.61,271,7534.76
4841,926,926,7,71,5830,2015-12-17 18:42:49.934,Compra Débito,-79.57,926,4.32
4842,592,592,7,42,6991,2019-02-20 19:30:56.725,Compra Crédito,-9.53,592,21.29
4843,192,192,7,14,6596,2018-01-21 09:30:44.808,Compra Crédito,-5.49,192,4.49
4844,358,358,3,51,6984,2019-02-13 13:57:21.354,Compra Débito,-38.19,358,143.47
4845,847,847,8,89,7115,2019-06-24 21:40:23.565,Compra Crédito,-70.72,847,114.56
4846,269,269,5,63,5607,2015-05-08 13:19:02.990,Compra Débito,-18.06,269,37274.48
4847,979,979,7,71,8400,2022-12-30 03:12:40.776,Pix - Realizado,-160.6,979,1006.13
4848,619,619,7,71,8160,2022-05-04 07:20:11.254,Pix - Recebido,216.2,619,511.6
4849,246,246,2,86,5324,2014-07-29 14:03:37.120,Compra Crédito,-33.36,246,53774.09
4850,558,558,6,44,7200,2019-09-17 08:00:00.503,Compra Débito,-21.59,558,1.67
4851,129,129,1,32,8239,2022-07-22 21:42:57.485,Compra Crédito,-37.62,129,634.74
4852,666,666,7,42,8222,2022-07-05 06:43:51.751,Pix - Realizado,-158.5,666,40437.53
4853,161,161,6,44,7311,2020-01-06 19:26:29.295,Compra Crédito,-44.78,161,14288.86
4854,389,389,7,71,7899,2021-08-16 13:56:33.080,Compra Débito,-107.68,389,1275.37
4855,908,908,5,58,5607,2015-05-08 21:41:28.742,Saque,-89.56,908,1.83
4856,376,376,7,14,8347,2022-11-07 08:09:59.690,Compra Débito,-19.49,376,53.04
4857,21,21,2,86,4612,2012-08-16 05:38:57.176,Compra Débito,-15.44,21,74.17
4858,71,71,8,5,8213,2022-06-26 03:26:48.865,Pix - Realizado,-1072.7,71,24975.47
4859,128,128,8,6,7022,2019-03-23 15:57:12.843,Compra Crédito,-28.02,128,44201.24
4860,26,26,8,38,7891,2021-08-08 15:15:16.946,Compra Crédito,-17.66,26,1736.37
4861,997,997,2,85,8355,2022-11-15 11:45:48.666,Compra Crédito,-113.91,997,15973.33
4862,236,236,4,19,6117,2016-09-29 20:11:57.240,Estorno de Debito,58.22,236,20614.17
4863,275,275,3,13,5904,2016-02-29 08:50:54.042,Compra Crédito,-10.02,275,134056.74
4864,553,553,5,43,8000,2021-11-25 23:00:57.490,Compra Crédito,-18.77,553,317.19
4865,615,615,4,1,6930,2018-12-21 11:46:47.524,Compra Débito,-83.68,615,415.48
4866,835,835,7,71,8387,2022-12-17 02:56:13.356,Pix - Realizado,-30.2,835,273.63
4867,224,224,7,7,8040,2022-01-04 08:06:12.342,Compra Débito,-82.83,224,297.78
4868,716,716,1,36,8344,2022-11-04 13:47:30.649,Estorno de Debito,75.56,716,21.65
4869,580,580,7,33,7617,2020-11-07 03:47:24.393,Compra Débito,-3.65,580,10.58
4870,382,382,7,7,7452,2020-05-26 00:07:39.051,Compra Crédito,-28.19,382,1.46
4871,17,17,7,7,7538,2020-08-20 02:16:33.176,Compra Débito,-25.44,17,292.77
4872,58,58,1,80,5243,2014-05-09 05:41:02.044,Saque,-174.5,58,134.97
4873,689,689,2,84,4937,2013-07-07 11:34:55.273,Compra Crédito,-34.49,689,27162.12
4874,652,652,7,14,8086,2022-02-19 03:23:03.656,Compra Débito,-200.82,652,117.65
4875,619,619,7,71,8170,2022-05-14 15:52:49.374,Compra Crédito,-29.99,619,511.6
4876,860,860,5,55,5795,2015-11-12 00:29:11.188,Compra Débito,-27.08,860,5.32
4877,580,580,7,33,7617,2020-11-07 16:28:42.384,Depósito em espécie,52.28,580,10.58
4878,161,161,6,44,7324,2020-01-19 23:44:57.705,Compra Débito,-154.6,161,14288.86
4879,264,264,7,71,8395,2022-12-25 19:23:15.353,Pix - Recebido,284.4,264,217.51
4880,678,678,9,66,7251,2019-11-07 07:20:15.195,Compra Crédito,-29.38,678,49659.67
4881,398,398,5,67,7358,2020-02-22 07:02:14.256,Compra Débito,-20.2,398,98018.34
4882,240,240,7,14,7701,2021-01-30 20:06:26.561,Compra Crédito,-46.24,240,1014.33
4883,146,146,1,80,5452,2014-12-04 02:16:45.386,Compra Crédito,-46.34,146,708.81
4884,306,306,7,7,6509,2017-10-26 08:00:17.136,Compra Débito,-58.94,306,86.7
4885,494,494,7,14,8272,2022-08-24 22:40:37.455,Compra Crédito,-17.47,494,484.48
4886,845,845,3,13,4906,2013-06-06 21:30:33.088,Compra Débito,-40.38,845,14733.18
4887,355,355,7,71,8381,2022-12-11 17:03:06.957,Compra Débito,-39.8,355,1998.43
4888,326,326,7,100,8395,2022-12-25 03:02:20.270,Compra Débito,-88.19,326,3626.75
4889,900,900,1,60,5304,2014-07-09 06:25:24.965,Compra Crédito,-31.46,900,7410.38
4890,70,70,6,88,6461,2017-09-08 04:33:32.477,Compra Débito,-39.62,70,22097.13
4891,860,860,5,55,5795,2015-11-12 00:35:39.698,Transferência entre CC - Crédito,377.7,860,5.32
4892,199,199,7,71,7027,2019-03-28 09:08:42.944,Compra Crédito,-19.96,199,24.22
4893,350,350,7,7,6354,2017-05-24 13:07:22.548,Compra Crédito,-73.22,350,91.18
4894,291,291,3,98,6889,2018-11-10 16:54:04.346,Compra Débito,-4.62,291,376.66
4895,689,689,2,84,4943,2013-07-13 22:53:21.587,Compra Crédito,-91.1,689,27162.12
4896,941,941,7,7,6190,2016-12-11 08:49:38.324,Compra Crédito,-2.28,941,35080.31
4897,55,55,8,47,8013,2021-12-08 02:06:39.843,Compra Crédito,-84.69,55,15624.79
4898,657,657,3,73,5411,2014-10-24 12:31:23.188,TED - Recebido,15030.0,657,15464.38
4899,574,574,6,28,5927,2016-03-23 19:08:40.702,Compra Crédito,-23.18,574,1.9
4900,384,384,3,98,6782,2018-07-26 06:48:05.662,Compra Crédito,-32.46,384,78.72
4901,863,863,7,42,8405,2023-01-04 11:20:24.286,Pix - Recebido,50.8,863,418.28
4902,948,948,7,100,7268,2019-11-24 05:49:13.855,Compra Crédito,-22.49,948,201.98
4903,903,903,7,71,6837,2018-09-19 20:51:38.526,Compra Débito,-102.18,903,69.48
4904,128,128,8,6,7023,2019-03-24 11:06:38.016,Compra Débito,-48.03,128,44201.24
4905,337,337,7,100,6644,2018-03-10 22:47:05.924,Depósito em espécie,12.69,337,14854.02
4906,865,865,4,1,7320,2020-01-15 18:59:49.202,Compra Débito,-33.07,865,102.36
4907,617,617,7,33,8143,2022-04-17 06:43:45.692,Pix - Recebido,222.4,617,189.04
4908,829,829,7,100,8066,2022-01-30 23:27:05.427,Compra Crédito,-14.94,829,398.52
4909,426,426,7,100,7904,2021-08-21 01:30:56.996,Compra Crédito,-19.08,426,999.75
4910,818,818,7,33,5996,2016-05-31 19:19:11.822,Compra Débito,-20.9,818,11.77
4911,236,236,4,19,6118,2016-09-30 13:06:48.035,DOC - Recebido,20370.0,236,20614.17
4912,898,898,4,45,5606,2015-05-07 01:00:12.283,Compra Débito,-5.43,898,32.21
4913,759,759,1,80,8248,2022-07-31 16:41:51.392,Compra Débito,-39.67,759,339.17
4914,690,690,1,36,5463,2014-12-15 00:19:39.716,Compra Crédito,-208.31,690,1028.57
4915,182,182,4,45,7076,2019-05-16 20:31:18.204,Depósito em espécie,30.84,182,13622.15
4916,948,948,7,100,7270,2019-11-26 00:59:15.917,Compra Débito,-36.42,948,201.98
4917,398,398,5,67,7366,2020-03-01 15:51:52.450,Compra Débito,-23.29,398,98018.34
4918,734,734,1,75,5076,2013-11-23 07:57:18.670,Compra Débito,-15.77,734,80591.82
4919,363,363,1,18,7965,2021-10-21 21:40:59.756,Compra Crédito,-430.03,363,1334.98
4920,337,337,7,100,6795,2018-08-08 18:58:29.459,Depósito em espécie,57.56,337,14854.02
4921,752,752,7,42,7933,2021-09-19 06:25:52.524,Pix - Recebido,678.8,752,3163.64
4922,445,445,1,92,3741,2010-03-29 07:45:14.196,Compra Crédito,-10.93,445,101.02
4923,952,952,7,14,7111,2019-06-20 05:45:32.653,Compra Crédito,-16.1,952,23583.77
4924,114,114,7,33,7406,2020-04-10 21:14:45.629,Transferência entre CC - Crédito,458.5,114,7855.66
4925,983,983,1,39,7938,2021-09-24 22:21:06.361,Pix - Realizado,-378.2,983,28561.26
4926,369,369,1,72,7959,2021-10-15 06:51:56.018,Compra Crédito,-44.01,369,1153.14
4927,815,815,3,98,5040,2013-10-18 14:29:13.023,Saque,-559.87,815,510.28
4928,57,57,2,84,5349,2014-08-23 00:38:38.627,Compra Débito,-120.23,57,46453.98
4929,442,442,7,71,8399,2022-12-29 14:58:53.950,Compra Crédito,-17.29,442,304.61
4930,296,296,2,76,4365,2011-12-13 08:52:05.113,Compra Débito,-27.0,296,67795.77
4931,900,900,1,60,8351,2022-11-11 23:05:55.618,Compra Crédito,-26.68,900,7410.38
4932,224,224,7,7,8040,2022-01-04 16:10:31.654,Compra Débito,-60.78,224,297.78
4933,561,561,7,7,6980,2019-02-09 12:22:30.619,Depósito em espécie,9.25,561,86.17
4934,544,544,7,71,7288,2019-12-14 22:55:48.220,Depósito em espécie,53.52,544,14855.02
4935,645,645,7,71,8374,2022-12-04 03:46:27.748,Compra Débito,-39.59,645,41775.87
4936,71,71,8,5,8214,2022-06-27 20:24:48.363,Pix - Realizado,-392.4,71,24975.47
4937,852,852,7,33,7133,2019-07-12 17:42:52.979,Compra Crédito,-21.44,852,27073.51
4938,937,937,7,71,8294,2022-09-15 10:54:53.997,Compra Débito,-26.58,937,22.3
4939,548,548,7,33,8256,2022-08-08 12:59:32.356,Pix - Realizado,-196.0,548,3522.41
4940,493,493,7,42,7618,2020-11-08 04:39:55.123,Depósito em espécie,55.75,493,532.93
4941,100,100,7,100,7535,2020-08-17 22:52:20.585,Saque,-83.68,100,763.24
4942,849,849,7,7,7447,2020-05-21 22:22:12.958,Compra Débito,-6.13,849,48289.13
4943,654,654,7,33,6090,2016-09-02 04:18:04.050,Compra Débito,-27.83,654,27.85
4944,385,385,4,19,7551,2020-09-02 22:37:39.775,Compra Crédito,-48.15,385,13281.25
4945,177,177,3,16,4527,2012-05-23 00:36:04.650,Compra Débito,-40.93,177,43.44
4946,818,818,7,33,5996,2016-05-31 23:59:33.094,Compra Crédito,-12.86,818,11.77
4947,720,720,1,80,5565,2015-03-27 20:48:27.580,TED - Recebido,19090.0,720,19081.01
4948,492,492,9,87,7457,2020-05-31 02:00:48.035,Compra Crédito,-13.55,492,5.99
4949,449,449,7,14,7828,2021-06-06 00:03:22.650,Depósito em espécie,6.42,449,378.55
4950,75,75,1,32,4497,2012-04-23 14:37:54.074,Depósito em espécie,119.37,75,7767.04
4951,243,243,5,49,7810,2021-05-19 08:00:01.604,Pix - Realizado,-385.9,243,1150.34
4952,835,835,7,71,8387,2022-12-17 23:14:27.813,Compra Crédito,-153.56,835,273.63
4953,897,897,7,33,6521,2017-11-07 04:27:49.614,Compra Débito,-10.26,897,84.61
4954,432,432,7,100,6955,2019-01-15 07:44:17.286,Compra Débito,-49.71,432,15.63
4955,103,103,7,42,6419,2017-07-28 01:52:56.604,Compra Crédito,-115.82,103,1008.16
4956,537,537,6,28,6311,2017-04-11 04:40:42.256,Compra Débito,-19.23,537,71.43
4957,299,299,6,96,7238,2019-10-25 23:25:28.077,Compra Crédito,-39.43,299,146.82
4958,134,134,5,43,7151,2019-07-30 22:19:18.693,Compra Crédito,-69.23,134,33031.09
4959,487,487,7,100,6151,2016-11-02 15:25:23.303,Compra Débito,-14.92,487,40.33
4960,448,448,8,10,7664,2020-12-24 21:47:28.379,Compra Débito,-90.1,448,23366.23
4961,865,865,4,1,7321,2020-01-16 10:35:44.562,Compra Débito,-2.98,865,102.36
4962,949,949,7,42,5873,2016-01-29 21:09:48.988,Compra Débito,-64.12,949,15912.64
4963,316,316,7,33,7975,2021-10-31 08:55:20.636,Pix - Recebido,930.2,316,5.29
4964,262,262,7,7,8382,2022-12-12 16:11:29.717,Compra Débito,-37.27,262,312.07
4965,111,111,7,33,7917,2021-09-03 18:06:45.794,Compra Crédito,-6.17,111,288.35
4966,458,458,7,14,6471,2017-09-18 07:47:36.311,Compra Crédito,-36.79,458,24.67
4967,41,41,1,32,7526,2020-08-08 01:27:49.526,Estorno de Debito,40.07,41,166.11
4968,921,921,5,34,6498,2017-10-15 17:47:53.787,Compra Crédito,-11.33,921,3706.46
4969,745,745,3,51,7026,2019-03-27 10:31:06.864,Compra Crédito,-12.57,745,28080.44
4970,62,62,2,82,6796,2018-08-09 06:26:10.743,Depósito em espécie,5.74,62,14.12
4971,687,687,8,38,7173,2019-08-21 06:56:25.983,Compra Crédito,-18.0,687,999.34
4972,175,175,3,13,4744,2012-12-26 22:23:04.600,Compra Crédito,-12.72,175,79.74
4973,92,92,7,7,8126,2022-03-31 14:24:59.888,Pix - Realizado,-726.0,92,7380.5
4974,543,543,8,10,7742,2021-03-12 05:00:14.348,Compra Débito,-35.59,543,566.44
4975,22,22,1,26,5440,2014-11-22 14:26:51.313,Compra Débito,-9.28,22,2.67
4976,715,715,8,23,8278,2022-08-30 04:26:12.626,Pix - Recebido,927.7,715,1222.03
4977,781,781,1,36,7983,2021-11-08 06:47:53.219,Pix - Recebido,97.6,781,19.25
4978,737,737,6,22,7242,2019-10-29 08:32:41.219,Compra Crédito,-63.31,737,145.26
4979,822,822,5,34,8267,2022-08-19 03:45:41.938,Compra Crédito,-12.26,822,230.97
4980,991,991,4,57,6092,2016-09-04 02:40:12.708,Compra Crédito,-17.02,991,430.16
4981,957,957,3,73,5608,2015-05-09 14:19:12.929,Compra Débito,-21.83,957,15.95
4982,200,200,2,82,7718,2021-02-16 11:19:50.982,Pix - Realizado,-1398.0,200,32.5
4983,414,414,1,39,4579,2012-07-14 05:36:09.096,Compra Débito,-23.7,414,21.49
4984,84,84,7,42,7310,2020-01-05 21:23:52.911,Compra Crédito,-83.27,84,629.81
4985,546,546,1,61,7681,2021-01-10 19:47:52.347,Pix - Realizado,-152.4,546,803.81
4986,547,547,2,24,6485,2017-10-02 19:15:05.978,Saque,-98.52,547,31426.79
4987,121,121,7,71,6457,2017-09-04 20:28:51.878,Compra Crédito,-196.7,121,129.51
4988,778,778,5,55,6309,2017-04-09 17:47:02.440,Compra Crédito,-59.03,778,86.63
4989,407,407,7,42,8128,2022-04-02 23:30:12.426,Pix - Realizado,-124.5,407,18.63
4990,203,203,7,7,8198,2022-06-11 01:58:12.164,Compra Crédito,-19.96,203,737.33
4991,194,194,9,46,7426,2020-04-30 20:30:31.146,TED - Recebido,88160.0,194,90766.28
4992,842,842,7,33,7131,2019-07-10 18:56:07.513,Compra Débito,-19.85,842,1.24
4993,935,935,7,14,6959,2019-01-19 20:13:43.878,Compra Crédito,-13.83,935,7894.24
4994,920,920,2,86,8382,2022-12-12 16:49:21.704,Compra Crédito,-69.34,920,199.44
4995,332,332,1,60,6669,2018-04-04 19:26:42.400,Compra Crédito,-38.35,332,37.78
4996,280,280,7,100,6162,2016-11-13 02:57:40.180,Depósito em espécie,8.5,280,3.04
4997,727,727,3,91,8246,2022-07-29 13:54:11.599,Compra Débito,-24.33,727,147.47
4998,5,5,6,48,5750,2015-09-28 06:02:43.187,Compra Crédito,-63.93,5,58.36
4999,256,256,7,42,8044,2022-01-08 21:45:32.533,Pix - Realizado,-210.7,256,648.1
5000,655,655,7,42,7601,2020-10-22 12:31:19.135,Compra Crédito,-25.55,655,232.15
5001,762,762,7,42,7152,2019-07-31 19:25:02.700,Compra Crédito,-28.11,762,723.01
5002,165,165,7,42,7548,2020-08-30 14:10:53.864,Compra Crédito,-50.33,165,537.34
5003,29,29,3,98,7424,2020-04-28 18:53:52.670,Depósito em espécie,108.11,29,424.41
5004,686,686,8,37,8353,2022-11-13 18:56:04.427,Compra Débito,-80.67,686,3154.29
5005,965,965,2,9,7288,2019-12-14 15:08:22.813,Compra Débito,-126.21,965,5877.77
5006,146,146,1,80,5452,2014-12-04 04:12:55.087,Compra Débito,-5.27,146,708.81
5007,262,262,7,7,8383,2022-12-13 00:04:25.025,Pix - Realizado,-245.9,262,312.07
5008,807,807,7,33,6514,2017-10-31 16:40:43.935,DOC - Recebido,16045.0,807,15951.23
5009,110,110,3,31,5046,2013-10-24 06:44:24.541,Estorno de Debito,65.56,110,96140.95
5010,835,835,7,71,8390,2022-12-20 20:13:04.236,Depósito em espécie,44.88,835,273.63
5011,206,206,7,33,8194,2022-06-07 17:35:13.183,Compra Débito,-21.59,206,24.58
5012,600,600,4,45,5824,2015-12-11 12:13:24.277,Compra Crédito,-8.0,600,0.75
5013,988,988,6,28,8011,2021-12-06 01:13:45.622,Compra Crédito,-49.78,988,155.68
5014,504,504,7,42,7044,2019-04-14 17:54:05.938,Compra Débito,-31.92,504,941.58
5015,834,834,6,44,6052,2016-07-26 16:04:14.688,Depósito em espécie,27.05,834,38.68
5016,106,106,6,44,6493,2017-10-10 16:59:15.987,Compra Crédito,-49.81,106,1060.32
5017,640,640,7,71,7633,2020-11-23 14:59:42.441,Compra Crédito,-160.39,640,418.19
5018,740,740,4,19,6073,2016-08-16 13:59:49.049,Compra Crédito,-53.62,740,13398.08
5019,315,315,7,100,6440,2017-08-18 17:28:53.921,Depósito em espécie,277.69,315,131.09
5020,696,696,7,100,6530,2017-11-16 11:56:41.774,Compra Crédito,-141.85,696,3036.27
5021,378,378,9,83,8373,2022-12-03 20:57:04.704,Compra Crédito,-32.7,378,777.25
5022,958,958,6,40,5632,2015-06-02 00:43:21.923,Compra Crédito,-28.37,958,72.3
5023,74,74,7,14,8020,2021-12-15 22:49:53.412,Pix - Recebido,43.6,74,47148.34
5024,620,620,7,71,7201,2019-09-18 21:42:46.895,Compra Crédito,-34.67,620,22052.71
5025,723,723,7,14,6143,2016-10-25 19:41:16.331,Saque,-235.03,723,1361.01
5026,927,927,7,33,6639,2018-03-05 14:13:55.321,Compra Crédito,-16.82,927,25.34
5027,684,684,7,42,8023,2021-12-18 15:50:27.408,Pix - Realizado,-323.9,684,756.39
5028,285,285,2,82,6849,2018-10-01 17:38:04.014,Depósito em espécie,53.26,285,30.87
5029,361,361,7,100,6114,2016-09-26 08:47:47.607,Estorno de Debito,11.11,361,43014.06
5030,757,757,1,60,3865,2010-07-31 07:54:44.735,Compra Crédito,-62.7,757,26295.87
5031,772,772,3,16,5147,2014-02-02 05:10:04.984,Compra Crédito,-10.36,772,816.66
5032,492,492,9,87,7458,2020-06-01 16:36:37.595,Compra Crédito,-33.37,492,5.99
5033,280,280,7,100,6162,2016-11-13 23:36:19.620,Compra Crédito,-11.56,280,3.04
5034,183,183,1,62,7132,2019-07-11 22:05:34.742,Estorno de Debito,132.93,183,117.76
5035,44,44,9,59,7596,2020-10-17 04:06:21.521,TED - Recebido,10435.0,44,25295.97
5036,387,387,7,14,7414,2020-04-18 22:02:52.396,Compra Crédito,-193.04,387,25.59
5037,762,762,7,42,7152,2019-07-31 20:41:52.352,Transferência entre CC - Crédito,247.2,762,723.01
5038,107,107,7,14,8320,2022-10-11 10:44:08.963,Compra Crédito,-19.99,107,27052.86
5039,530,530,1,80,5558,2015-03-20 10:12:03.509,Compra Crédito,-45.98,530,181.44
5040,215,215,9,12,7858,2021-07-06 14:08:11.815,Compra Crédito,-112.46,215,35.15
5041,522,522,7,42,8399,2022-12-29 13:23:37.827,Compra Crédito,-4.89,522,144.23
5042,540,540,5,2,7740,2021-03-10 06:51:46.061,Pix - Realizado,-115.7,540,441.01
5043,707,707,7,33,6120,2016-10-02 04:22:25.929,Depósito em espécie,25.28,707,258.79
5044,229,229,7,14,7550,2020-09-01 04:34:25.777,Compra Crédito,-17.19,229,110.29
5045,781,781,1,36,7993,2021-11-18 04:11:37.957,Compra Débito,-32.95,781,19.25
5046,251,251,5,63,6465,2017-09-12 10:46:19.633,Compra Crédito,-16.04,251,19.73
5047,435,435,9,21,8400,2022-12-30 12:23:58.263,Compra Crédito,-7.47,435,1790.34
5048,647,647,5,43,7913,2021-08-30 03:15:55.723,Pix - Recebido,492.8,647,679.15
5049,37,37,3,98,4545,2012-06-10 15:11:37.434,Compra Crédito,-65.63,37,65.02
5050,782,782,6,88,5921,2016-03-17 13:27:17.044,Compra Crédito,-144.68,782,42.44
5051,376,376,7,14,8347,2022-11-07 08:35:01.377,Compra Crédito,-32.85,376,53.04
5052,248,248,7,14,7371,2020-03-06 10:38:55.352,Compra Débito,-6.53,248,3.92
5053,725,725,7,71,7088,2019-05-28 07:40:17.279,Compra Crédito,-33.4,725,557.09
5054,512,512,5,55,6307,2017-04-07 03:01:04.638,Compra Crédito,-11.19,512,10.77
5055,338,338,7,42,8131,2022-04-05 01:33:12.454,Compra Crédito,-134.43,338,1187.02
5056,503,503,7,14,8387,2022-12-17 06:29:51.253,Compra Crédito,-3.64,503,245.49
5057,241,241,5,15,7611,2020-11-01 08:34:23.874,Compra Débito,-7.27,241,536.84
5058,771,771,1,80,7117,2019-06-26 20:42:34.897,Compra Crédito,-14.3,771,23150.03
5059,107,107,7,14,8358,2022-11-18 06:42:06.982,TED - Recebido,27950.0,107,27052.86
5060,880,880,7,71,7453,2020-05-27 01:39:18.636,Compra Crédito,-23.17,880,28337.91
5061,162,162,7,42,8389,2022-12-19 12:57:17.635,Compra Débito,-22.97,162,57.87
5062,513,513,7,33,6452,2017-08-30 08:58:13.069,Compra Crédito,-4.4,513,176.7
5063,390,390,7,14,8046,2022-01-10 16:38:28.530,Compra Crédito,-38.49,390,30642.59
5064,408,408,7,100,8294,2022-09-15 01:43:57.832,Compra Crédito,-61.24,408,209.1
5065,23,23,7,33,5769,2015-10-17 14:23:13.342,TED - Recebido,7080.0,23,7554.2
5066,478,478,7,14,6597,2018-01-22 05:38:40.575,Compra Crédito,-47.72,478,133.12
5067,107,107,7,14,8364,2022-11-24 18:36:59.287,Compra Crédito,-18.42,107,27052.86
5068,805,805,7,14,7248,2019-11-04 14:10:56.637,Compra Crédito,-26.44,805,10.77
5069,772,772,3,16,5147,2014-02-02 09:45:49.976,Depósito em espécie,90.87,772,816.66
5070,110,110,3,31,5046,2013-10-24 12:26:58.682,Compra Débito,-27.68,110,96140.95
5071,512,512,5,55,6312,2017-04-12 21:01:10.690,Depósito em espécie,79.21,512,10.77
5072,291,291,3,98,6961,2019-01-21 00:57:13.005,Depósito em espécie,80.66,291,376.66
5073,939,939,2,70,8396,2022-12-26 13:01:07.016,Compra Crédito,-95.82,939,85135.76
5074,435,435,9,21,8400,2022-12-30 14:03:16.814,Compra Débito,-159.6,435,1790.34
5075,350,350,7,7,6354,2017-05-24 13:45:50.761,Compra Crédito,-22.0,350,91.18
5076,406,406,6,22,8383,2022-12-13 15:01:11.485,Pix - Recebido,186.2,406,166.64
5077,639,639,7,71,8213,2022-06-26 16:38:32.303,Pix - Recebido,366.7,639,1176.54
5078,606,606,7,14,6456,2017-09-03 11:42:19.600,Saque,-684.61,606,408.77
5079,295,295,6,44,6393,2017-07-02 17:56:37.082,Compra Débito,-71.58,295,405.1
5080,128,128,8,6,7024,2019-03-25 03:59:43.691,Depósito em espécie,61.51,128,44201.24
5081,988,988,6,28,8011,2021-12-06 01:14:33.534,Compra Débito,-56.62,988,155.68
5082,900,900,1,60,8398,2022-12-28 12:37:03.851,TED - Recebido,8045.0,900,7410.38
5083,565,565,4,57,7196,2019-09-13 18:37:24.885,Compra Crédito,-118.82,565,1589.12
5084,806,806,5,55,5473,2014-12-25 00:54:44.822,Compra Débito,-23.91,806,70.88
5085,354,354,7,100,5879,2016-02-04 04:27:02.975,Compra Crédito,-22.62,354,76726.35
5086,668,668,6,40,7549,2020-08-31 10:21:24.135,Compra Crédito,-26.21,668,2919.67
5087,466,466,2,95,6647,2018-03-13 17:38:20.721,Compra Crédito,-178.73,466,61879.3
5088,985,985,7,33,7866,2021-07-14 10:05:26.197,Pix - Realizado,-208.9,985,86.56
5089,377,377,2,29,8215,2022-06-28 12:16:50.753,Pix - Realizado,-79.1,377,7673.52
5090,114,114,7,33,7512,2020-07-25 14:46:55.189,Compra Crédito,-55.29,114,7855.66
5091,48,48,7,100,8400,2022-12-30 19:41:56.152,Compra Crédito,-31.56,48,557.6
5092,683,683,3,13,8229,2022-07-12 08:00:17.701,Compra Crédito,-69.15,683,308.98
5093,911,911,7,14,8138,2022-04-12 08:51:17.288,Pix - Recebido,748.2,911,492.8
5094,420,420,5,50,5731,2015-09-09 17:39:15.567,Compra Débito,-25.44,420,7641.25
5095,260,260,7,7,7785,2021-04-24 03:20:31.654,Compra Crédito,-74.87,260,1864.93
5096,862,862,7,7,7708,2021-02-06 14:44:45.306,Compra Débito,-106.12,862,707.31
5097,882,882,7,100,7335,2020-01-30 17:17:57.866,TED - Recebido,12575.0,882,13183.35
5098,300,300,9,46,7830,2021-06-08 20:52:26.320,TED - Recebido,3290.0,300,3224.34
5099,811,811,9,65,7528,2020-08-10 10:58:03.572,Depósito em espécie,48.6,811,22.61
5100,986,986,3,98,7166,2019-08-14 02:31:03.709,Compra Crédito,-9.65,986,13317.02
5101,213,213,7,100,7393,2020-03-28 19:26:38.478,Compra Débito,-36.7,213,741.68
5102,420,420,5,50,5731,2015-09-09 21:36:07.280,Depósito em espécie,79.48,420,7641.25
5103,359,359,1,80,5151,2014-02-06 17:59:57.302,Compra Débito,-82.55,359,24410.06
5104,267,267,6,22,7414,2020-04-18 14:32:46.129,Depósito em espécie,52.21,267,288.77
5105,197,197,4,35,7422,2020-04-26 10:28:41.619,Compra Crédito,-9.34,197,6.74
5106,799,799,2,85,4706,2012-11-18 15:35:34.814,Saque,-144.75,799,3574.21
5107,587,587,7,33,7475,2020-06-18 13:58:31.753,Compra Débito,-12.37,587,9385.97
5108,131,131,1,60,3685,2010-02-01 14:02:12.347,Compra Crédito,-34.8,131,86.41
5109,909,909,3,98,6489,2017-10-06 03:27:11.642,Compra Débito,-19.69,909,10436.29
5110,904,904,7,14,7868,2021-07-16 01:37:57.407,Compra Débito,-23.27,904,670.77
5111,524,524,7,33,6511,2017-10-28 13:42:38.644,Compra Crédito,-9.75,524,9.47
5112,750,750,4,19,5983,2016-05-18 15:31:25.482,Saque,-995.1,750,1945.52
5113,877,877,7,7,7006,2019-03-07 23:50:36.030,Depósito em espécie,81.64,877,30.7
5114,405,405,7,71,8417,2023-01-16 05:00:39.662,Compra Débito,-71.68,405,15321.24
5115,906,906,7,71,7817,2021-05-26 14:31:59.271,Compra Débito,-30.48,906,153.88
5116,806,806,5,55,5474,2014-12-26 04:33:52.567,Compra Crédito,-21.64,806,70.88
5117,54,54,1,26,7616,2020-11-06 04:08:32.668,Compra Débito,-61.81,54,9.45
5118,529,529,6,48,6643,2018-03-09 23:23:16.201,Compra Crédito,-96.61,529,10159.31
5119,264,264,7,71,8395,2022-12-25 23:11:20.312,Depósito em espécie,78.98,264,217.51
5120,875,875,7,71,8397,2022-12-27 11:50:57.902,Compra Crédito,-76.2,875,130.76
5121,634,634,4,57,5699,2015-08-08 06:51:19.840,Transferência entre CC - Crédito,153.1,634,0.69
5122,852,852,7,33,7136,2019-07-15 11:29:34.842,Saque,-76.64,852,27073.51
5123,343,343,3,98,7843,2021-06-21 08:04:24.499,Compra Crédito,-42.25,343,86.88
5124,49,49,7,100,7808,2021-05-17 08:24:51.815,Pix - Realizado,-262.6,49,1.99
5125,534,534,7,42,7879,2021-07-27 15:05:11.572,Compra Crédito,-46.79,534,31.94
5126,728,728,7,42,7909,2021-08-26 01:58:02.729,Compra Débito,-37.54,728,640.32
5127,92,92,7,7,8126,2022-03-31 18:38:38.355,Pix - Realizado,-705.7,92,7380.5
5128,879,879,3,31,4738,2012-12-20 03:56:38.745,Depósito em espécie,39.93,879,4.04
5129,788,788,1,80,4677,2012-10-20 01:28:20.451,Compra Crédito,-16.19,788,169.47
5130,994,994,7,7,6490,2017-10-07 19:38:34.827,Compra Débito,-16.9,994,576.6
5131,434,434,7,7,7827,2021-06-05 19:11:42.389,Compra Crédito,-18.59,434,2104.82
5132,41,41,1,32,7526,2020-08-08 01:27:57.438,Compra Crédito,-46.39,41,166.11
5133,213,213,7,100,7444,2020-05-18 00:35:49.107,Compra Crédito,-40.1,213,741.68
5134,690,690,1,36,5491,2015-01-12 06:21:43.986,Compra Débito,-126.69,690,1028.57
5135,615,615,4,1,6943,2019-01-03 06:48:38.678,Compra Crédito,-72.65,615,415.48
5136,987,987,7,33,6725,2018-05-30 10:23:24.518,Compra Crédito,-11.43,987,32.6
5137,592,592,7,42,6995,2019-02-24 13:13:19.340,Compra Crédito,-28.86,592,21.29
5138,550,550,1,3,7539,2020-08-21 14:34:34.715,Compra Crédito,-21.03,550,140.29
5139,672,672,7,14,6852,2018-10-04 22:26:23.561,Saque,-173.2,672,581.81
5140,278,278,4,57,5569,2015-03-31 05:13:18.093,Compra Débito,-38.26,278,30.67
5141,545,545,7,7,7247,2019-11-03 19:43:25.550,TED - Recebido,33565.0,545,32664.41
5142,996,996,2,24,8116,2022-03-21 06:23:22.598,Compra Crédito,-39.02,996,30339.67
5143,630,630,8,89,7932,2021-09-18 05:14:33.392,Depósito em espécie,26.05,630,758.44
5144,538,538,7,33,7617,2020-11-07 09:29:34.738,Compra Débito,-35.77,538,435.36
5145,919,919,7,14,6478,2017-09-25 23:29:47.324,Depósito em espécie,17.27,919,137.51
5146,122,122,7,100,6853,2018-10-05 09:13:04.252,Compra Débito,-10.21,122,437.76
5147,94,94,9,87,7574,2020-09-25 18:35:45.120,Compra Crédito,-92.26,94,556.12
5148,186,186,5,2,5481,2015-01-02 21:34:42.570,Compra Crédito,-70.77,186,2.1
5149,468,468,7,7,7162,2019-08-10 20:11:32.079,Compra Débito,-17.14,468,6.33
5150,33,33,9,93,7370,2020-03-05 08:34:48.071,Compra Débito,-184.09,33,57.66
5151,658,658,3,16,6182,2016-12-03 00:11:18.566,Compra Crédito,-5.46,658,7.08
5152,97,97,3,13,7359,2020-02-23 03:02:15.432,Compra Débito,-12.95,97,9589.16
5153,479,479,7,42,7395,2020-03-30 18:04:59.134,Compra Crédito,-40.2,479,63.54
5154,953,953,7,7,7736,2021-03-06 06:02:28.756,Pix - Recebido,178.2,953,102.72
5155,564,564,1,80,7206,2019-09-23 19:44:28.938,Compra Crédito,-9.98,564,9153.86
5156,682,682,2,86,5857,2016-01-13 02:36:06.672,Compra Crédito,-89.05,682,22.02
5157,391,391,8,38,7069,2019-05-09 06:45:54.265,TED - Recebido,11290.0,391,11983.94
5158,539,539,1,32,5653,2015-06-23 23:15:09.102,Compra Débito,-10.36,539,100962.93
5159,675,675,7,100,7101,2019-06-10 13:31:17.532,Depósito em espécie,50.85,675,51.61
5160,684,684,7,42,8028,2021-12-23 22:23:59.640,Compra Débito,-20.03,684,756.39
5161,330,330,9,59,7565,2020-09-16 14:59:20.502,Compra Crédito,-41.97,330,93.01
5162,380,380,7,42,8037,2022-01-01 18:26:05.528,Pix - Recebido,3074.4,380,4916.56
5163,732,732,4,1,8358,2022-11-18 00:17:54.924,Saque,-477.04,732,35601.8
5164,557,557,2,29,6862,2018-10-14 20:01:23.968,Compra Crédito,-34.08,557,41512.44
5165,955,955,5,34,8315,2022-10-06 20:04:17.056,Pix - Recebido,145.5,955,25.34
5166,455,455,7,7,7342,2020-02-06 22:04:06.412,Compra Débito,-15.69,455,37.34
5167,779,779,9,83,7799,2021-05-08 20:50:45.979,Compra Débito,-38.78,779,2128.75
5168,953,953,7,7,7736,2021-03-06 09:42:37.867,Compra Débito,-64.34,953,102.72
5169,365,365,1,75,6469,2017-09-16 23:04:44.553,Depósito em espécie,30.71,365,5.78
5170,512,512,5,55,6312,2017-04-12 23:12:35.171,Compra Débito,-78.54,512,10.77
5171,407,407,7,42,8169,2022-05-13 07:39:02.770,Compra Débito,-65.98,407,18.63
5172,661,661,5,55,5797,2015-11-14 17:22:58.003,Compra Crédito,-66.68,661,6239.1
5173,849,849,7,7,7473,2020-06-16 21:30:22.676,Compra Crédito,-38.27,849,48289.13
5174,169,169,3,91,7424,2020-04-28 05:13:41.271,Depósito em espécie,11.99,169,1676.8
5175,615,615,4,1,6943,2019-01-03 07:09:11.852,Saque,-316.92,615,415.48
5176,779,779,9,83,7799,2021-05-08 20:51:09.023,Compra Débito,-8.66,779,2128.75
5177,340,340,4,35,8015,2021-12-10 05:53:44.267,Depósito em espécie,13.27,340,393.03
5178,590,590,7,71,8027,2021-12-22 06:55:17.404,Depósito em espécie,140.23,590,375.29
5179,90,90,1,11,5511,2015-02-01 17:03:13.987,Compra Crédito,-19.36,90,22210.21
5180,891,891,7,33,6597,2018-01-22 11:46:57.721,Compra Crédito,-23.14,891,218.62
5181,442,442,7,71,8399,2022-12-29 16:49:55.229,Pix - Recebido,1342.7,442,304.61
5182,221,221,4,45,6783,2018-07-27 03:41:45.016,Saque,-97.5,221,238.48
5183,623,623,1,32,8396,2022-12-26 04:49:51.153,Depósito em espécie,18.51,623,317.47
5184,849,849,7,7,7473,2020-06-16 23:04:18.351,Compra Débito,-51.03,849,48289.13
5185,320,320,4,19,5756,2015-10-04 03:01:58.142,Compra Débito,-53.71,320,14108.84
5186,312,312,7,71,8297,2022-09-18 05:08:14.151,Pix - Realizado,-200.9,312,2354.15
5187,936,936,7,33,8129,2022-04-03 17:22:17.197,Compra Crédito,-12.25,936,458.65
5188,356,356,7,42,7388,2020-03-23 21:10:56.608,Depósito em espécie,15.46,356,68663.09
5189,273,273,2,95,8294,2022-09-15 11:23:34.865,Pix - Realizado,-116.8,273,2610.71
5190,899,899,1,92,7821,2021-05-30 16:20:11.484,Depósito em espécie,105.09,899,6.64
5191,948,948,7,100,7693,2021-01-22 02:35:58.362,Pix - Realizado,-452.0,948,201.98
5192,699,699,3,13,8186,2022-05-30 11:26:49.322,Compra Débito,-9.26,699,93865.96
5193,792,792,7,42,6584,2018-01-09 19:18:59.732,Compra Débito,-99.24,792,3.98
5194,11,11,4,19,7952,2021-10-08 21:22:38.148,Pix - Recebido,192.8,11,21.04
5195,872,872,7,71,6852,2018-10-04 05:08:52.393,Compra Crédito,-128.74,872,4227.81
5196,750,750,4,19,5983,2016-05-18 17:13:10.903,Compra Crédito,-25.33,750,1945.52
5197,553,553,5,43,8026,2021-12-21 18:42:42.218,Compra Crédito,-92.75,553,317.19
5198,499,499,7,7,6788,2018-08-01 10:37:57.889,Depósito em espécie,33.09,499,22.94
5199,212,212,7,14,8218,2022-07-01 03:26:29.969,Pix - Realizado,-96.4,212,275.77
5200,754,754,1,61,4294,2011-10-03 11:06:31.593,Depósito em espécie,25.6,754,21.71
5201,246,246,2,86,5327,2014-08-01 19:31:42.597,Compra Débito,-22.51,246,53774.09
5202,683,683,3,13,8289,2022-09-10 05:28:36.883,Compra Débito,-31.75,683,308.98
5203,492,492,9,87,7458,2020-06-01 19:51:31.640,Compra Crédito,-60.9,492,5.99
5204,11,11,4,19,7952,2021-10-08 21:52:50.207,Depósito em espécie,3.14,11,21.04
5205,67,67,9,46,8156,2022-04-30 16:08:02.814,Compra Crédito,-82.8,67,33480.7
5206,975,975,1,32,5113,2013-12-30 17:45:33.926,Compra Crédito,-15.47,975,42.45
5207,353,353,7,71,8336,2022-10-27 12:50:45.244,Compra Crédito,-52.85,353,29.98
5208,330,330,9,59,7569,2020-09-20 03:10:23.369,Compra Débito,-15.52,330,93.01
5209,910,910,4,1,6895,2018-11-16 07:40:22.939,Compra Débito,-32.86,910,79.63
5210,576,576,7,14,6049,2016-07-23 04:23:34.794,Compra Crédito,-148.12,576,5024.21
5211,468,468,7,7,7167,2019-08-15 22:35:18.448,Compra Crédito,-8.98,468,6.33
5212,11,11,4,19,7953,2021-10-09 12:57:15.688,Compra Crédito,-64.59,11,21.04
5213,404,404,4,19,7622,2020-11-12 00:19:07.517,Compra Crédito,-18.13,404,161.87
5214,946,946,7,42,8093,2022-02-26 06:29:25.008,Compra Crédito,-50.11,946,4.27
5215,954,954,7,33,6699,2018-05-04 18:19:30.707,Compra Débito,-14.59,954,115.38
5216,359,359,1,80,5151,2014-02-06 18:36:47.362,Depósito em espécie,25.94,359,24410.06
5217,300,300,9,46,7835,2021-06-13 06:23:27.042,Pix - Realizado,-880.6,300,3224.34
5218,859,859,7,100,8389,2022-12-19 20:09:09.064,Compra Crédito,-59.97,859,586.87
5219,91,91,7,14,7319,2020-01-14 21:59:16.813,Compra Crédito,-22.76,91,0.67
5220,732,732,4,1,8358,2022-11-18 00:18:31.462,Pix - Realizado,-621.3,732,35601.8
5221,134,134,5,43,7155,2019-08-03 21:37:17.559,Depósito em espécie,89.74,134,33031.09
5222,465,465,3,98,6748,2018-06-22 03:56:11.980,TED - Recebido,6340.0,465,6182.65
5223,171,171,7,33,7448,2020-05-22 20:38:28.698,Compra Débito,-8.06,171,548.91
5224,801,801,7,100,7466,2020-06-09 01:48:13.906,Compra Crédito,-112.18,801,37311.12
5225,763,763,6,4,6952,2019-01-12 12:31:28.184,Compra Débito,-3.3,763,3.04
5226,156,156,2,9,4511,2012-05-07 13:33:58.133,Compra Débito,-11.56,156,498.76
5227,686,686,8,37,8357,2022-11-17 12:23:50.415,Pix - Recebido,210.6,686,3154.29
5228,838,838,7,100,6542,2017-11-28 12:23:33.088,Compra Débito,-12.06,838,1128.51
5229,521,521,7,71,7233,2019-10-20 00:58:56.132,Compra Débito,-34.03,521,92.87
5230,90,90,1,11,5524,2015-02-14 23:30:29.590,Compra Débito,-7.7,90,22210.21
5231,478,478,7,14,6622,2018-02-16 16:02:44.489,Compra Crédito,-23.17,478,133.12
5232,704,704,4,57,6175,2016-11-26 20:08:38.603,Compra Débito,-47.94,704,25.39
5233,673,673,7,7,6574,2017-12-30 17:25:21.402,Compra Débito,-32.99,673,60.25
5234,400,400,5,2,6037,2016-07-11 22:15:12.287,Compra Débito,-25.01,400,234.12
5235,20,20,3,91,7134,2019-07-13 03:09:08.771,Compra Débito,-10.38,20,27027.3
5236,949,949,7,42,5952,2016-04-17 11:53:21.150,Compra Débito,-1.68,949,15912.64
5237,413,413,8,6,8382,2022-12-12 03:54:43.662,Compra Crédito,-44.11,413,928.5
5238,424,424,2,76,4443,2012-02-29 20:37:17.289,Saque,-33.62,424,46029.34
5239,29,29,3,98,7688,2021-01-17 09:12:08.371,Compra Crédito,-18.54,29,424.41
5240,571,571,8,5,8328,2022-10-19 15:14:27.078,Compra Crédito,-7.34,571,2475.58
5241,866,866,7,42,7986,2021-11-11 02:58:44.633,Compra Crédito,-80.58,866,309.54
5242,783,783,7,14,6488,2017-10-05 19:20:04.570,Compra Débito,-62.25,783,27460.42
5243,402,402,3,13,5143,2014-01-29 08:23:06.307,Depósito em espécie,10.87,402,132.71
5244,207,207,4,57,6568,2017-12-24 10:58:24.036,Depósito em espécie,35.1,207,200.61
5245,739,739,7,100,7334,2020-01-29 11:19:49.018,Compra Crédito,-25.2,739,14568.3
5246,39,39,2,84,5646,2015-06-16 21:30:30.132,Compra Débito,-7.24,39,41879.26
5247,201,201,7,71,8280,2022-09-01 12:07:40.461,Pix - Recebido,1226.4,201,266.97
5248,298,298,6,4,7847,2021-06-25 00:10:49.000,Compra Crédito,-15.03,298,8507.51
5249,484,484,1,75,5334,2014-08-08 12:45:48.418,Depósito em espécie,30.07,484,103.52
5250,389,389,7,71,7908,2021-08-25 04:44:09.940,Compra Crédito,-133.38,389,1275.37
5251,305,305,7,71,8362,2022-11-22 17:11:39.804,Compra Crédito,-9.82,305,109.4
5252,254,254,7,100,8399,2022-12-29 01:03:09.556,Pix - Recebido,604.0,254,980.6
5253,40,40,7,7,7992,2021-11-17 06:05:19.758,Compra Débito,-48.54,40,639.41
5254,426,426,7,100,7997,2021-11-22 15:53:32.566,Saque,-43.13,426,999.75
5255,200,200,2,82,7744,2021-03-14 00:16:09.535,Compra Crédito,-38.49,200,32.5
5256,539,539,1,32,5665,2015-07-05 23:22:44.143,Compra Crédito,-30.94,539,100962.93
5257,185,185,3,51,5554,2015-03-16 17:19:46.738,Depósito em espécie,82.71,185,17.06
5258,258,258,8,41,7602,2020-10-23 10:15:10.686,Compra Crédito,-72.52,258,16.18
5259,289,289,1,26,6565,2017-12-21 16:55:57.814,Depósito em espécie,27.62,289,2.62
5260,58,58,1,80,5243,2014-05-09 08:51:53.643,Compra Crédito,-20.67,58,134.97
5261,69,69,2,90,7306,2020-01-01 13:08:58.232,Depósito em espécie,59.8,69,20300.68
5262,705,705,7,42,8386,2022-12-16 06:05:04.318,Compra Crédito,-12.37,705,89349.96
5263,699,699,3,13,8186,2022-05-30 23:41:21.106,TED - Recebido,96190.0,699,93865.96
5264,440,440,4,57,6838,2018-09-20 13:03:37.210,Compra Crédito,-113.77,440,29.05
5265,992,992,2,82,5286,2014-06-21 10:29:30.591,TED - Recebido,33940.0,992,32689.53
5266,988,988,6,28,8011,2021-12-06 03:50:28.706,Compra Crédito,-23.62,988,155.68
5267,15,15,7,33,7230,2019-10-17 15:23:28.086,Compra Débito,-20.79,15,689.76
5268,75,75,1,32,4522,2012-05-18 02:23:25.827,Saque,-149.39,75,7767.04
5269,17,17,7,7,7610,2020-10-31 16:00:50.334,Compra Débito,-9.64,17,292.77
5270,254,254,7,100,8399,2022-12-29 07:47:13.158,Pix - Realizado,-770.4,254,980.6
5271,285,285,2,82,6853,2018-10-05 03:58:34.189,Compra Débito,-13.33,285,30.87
5272,571,571,8,5,8370,2022-11-30 03:34:37.330,Pix - Recebido,629.7,571,2475.58
5273,191,191,2,9,6094,2016-09-06 16:54:24.520,Compra Crédito,-45.37,191,5.42
5274,560,560,7,7,6640,2018-03-06 19:27:07.788,Compra Crédito,-3.49,560,1.13
5275,330,330,9,59,7569,2020-09-20 03:22:57.166,Compra Débito,-10.81,330,93.01
5276,1,1,5,15,5991,2016-05-26 04:45:28.894,Compra Crédito,-221.38,1,4329.64
5277,870,870,7,42,7938,2021-09-24 12:26:19.159,Pix - Recebido,704.9,870,252.45
5278,801,801,7,100,7518,2020-07-31 06:49:38.249,Compra Crédito,-31.57,801,37311.12
5279,605,605,3,16,5602,2015-05-03 06:05:56.127,Compra Débito,-126.88,605,48.1
5280,869,869,3,98,7764,2021-04-03 21:12:05.179,Compra Débito,-17.1,869,135.54
5281,472,472,7,7,6826,2018-09-08 19:44:43.207,Compra Débito,-31.84,472,206.59
5282,767,767,7,33,6217,2017-01-07 04:45:50.728,TED - Recebido,6285.0,767,6534.06
5283,125,125,1,61,7131,2019-07-10 07:09:49.446,Compra Crédito,-34.16,125,22.05
5284,981,981,10,17,8296,2022-09-17 09:36:22.596,Compra Débito,-6.23,981,505.84
5285,677,677,7,33,7016,2019-03-17 21:48:48.752,Compra Crédito,-38.66,677,11911.95
5286,187,187,7,7,6150,2016-11-01 09:46:44.635,Compra Débito,-21.63,187,111.14
5287,228,228,1,80,5674,2015-07-14 08:52:54.357,Compra Crédito,-11.02,228,11.6
5288,898,898,4,45,6578,2018-01-03 09:46:20.722,Compra Débito,-42.93,898,32.21
5289,240,240,7,14,7701,2021-01-30 20:45:10.611,Depósito em espécie,159.65,240,1014.33
5290,819,819,10,53,8191,2022-06-04 15:03:57.195,Compra Crédito,-29.7,819,9921.46
5291,648,648,8,10,8291,2022-09-12 23:59:20.215,Pix - Recebido,250.1,648,220.85
5292,479,479,7,42,7397,2020-04-01 16:26:07.987,Compra Crédito,-42.88,479,63.54
5293,785,785,7,100,8293,2022-09-14 02:03:24.001,Pix - Recebido,2894.3,785,3150.15
5294,195,195,4,45,5660,2015-06-30 07:56:40.584,Compra Crédito,-60.42,195,48.9
5295,788,788,1,80,4679,2012-10-22 11:28:49.312,Compra Débito,-26.16,788,169.47
5296,839,839,5,50,8304,2022-09-25 11:03:39.793,Compra Débito,-20.24,839,308.53
5297,234,234,5,49,7466,2020-06-09 06:33:42.426,Compra Crédito,-20.83,234,1129.01
5298,971,971,1,61,4911,2013-06-11 10:27:04.192,Compra Débito,-13.28,971,73.87
5299,560,560,7,7,6642,2018-03-08 20:58:03.543,Depósito em espécie,24.52,560,1.13
5300,439,439,1,32,6760,2018-07-04 02:40:17.375,Compra Crédito,-6.88,439,37.0
5301,421,421,7,14,7399,2020-04-03 23:39:44.513,Compra Crédito,-103.68,421,90.29
5302,431,431,2,85,4500,2012-04-26 10:03:37.367,Compra Crédito,-6.02,431,28.76
5303,338,338,7,42,8131,2022-04-05 04:13:18.385,Compra Crédito,-39.78,338,1187.02
5304,282,282,7,42,5878,2016-02-03 19:36:22.985,Compra Débito,-24.14,282,12427.22
5305,319,319,3,31,5029,2013-10-07 16:27:17.874,Compra Crédito,-6.71,319,24.22
5306,732,732,4,1,8359,2022-11-19 05:02:16.587,Pix - Realizado,-240.9,732,35601.8
5307,691,691,7,7,8307,2022-09-28 19:45:09.781,Pix - Realizado,-402.1,691,1154.22
5308,759,759,1,80,8304,2022-09-25 05:55:53.196,Compra Débito,-38.5,759,339.17
5309,984,984,1,72,5115,2014-01-01 13:02:53.793,Depósito em espécie,63.83,984,16163.39
5310,346,346,1,26,5070,2013-11-17 06:26:37.862,Compra Débito,-42.49,346,57814.67
5311,280,280,7,100,6164,2016-11-15 17:32:45.197,Compra Crédito,-11.52,280,3.04
5312,64,64,7,100,8216,2022-06-29 09:12:32.147,Compra Débito,-19.67,64,682.16
5313,354,354,7,100,5879,2016-02-04 08:19:16.608,Compra Crédito,-132.88,354,76726.35
5314,292,292,5,67,5505,2015-01-26 22:05:52.590,Compra Crédito,-19.61,292,436.53
5315,690,690,1,36,5491,2015-01-12 06:45:52.962,Compra Débito,-66.62,690,1028.57
5316,488,488,7,14,7177,2019-08-25 06:36:51.508,Compra Crédito,-84.39,488,1303.71
5317,235,235,2,94,5318,2014-07-23 14:38:16.306,Transferência entre CC - Débito,-1449.3,235,23770.63
5318,876,876,7,7,7896,2021-08-13 19:15:17.999,Depósito em espécie,159.45,876,4540.25
5319,858,858,7,14,8393,2022-12-23 20:39:32.124,Compra Crédito,-24.22,858,8063.11
5320,631,631,6,88,6002,2016-06-06 20:46:10.126,DOC - Recebido,7175.0,631,7311.87
5321,472,472,7,7,6830,2018-09-12 14:05:09.976,Compra Crédito,-4.78,472,206.59
5322,760,760,1,75,4054,2011-02-05 06:00:28.831,TED - Recebido,18180.0,760,15864.55
5323,354,354,7,100,5879,2016-02-04 17:56:30.365,Compra Crédito,-22.84,354,76726.35
5324,788,788,1,80,4680,2012-10-23 18:27:53.828,Compra Débito,-7.93,788,169.47
5325,882,882,7,100,7336,2020-01-31 04:39:36.490,Compra Débito,-98.59,882,13183.35
5326,55,55,8,47,8134,2022-04-08 01:50:03.715,Compra Crédito,-84.62,55,15624.79
5327,97,97,3,13,7534,2020-08-16 17:36:50.873,Compra Débito,-132.77,97,9589.16
5328,714,714,7,7,5752,2015-09-30 21:55:43.440,Compra Débito,-28.52,714,49.87
5329,281,281,7,33,7443,2020-05-17 11:56:41.215,Compra Crédito,-73.49,281,77487.74
5330,311,311,7,100,7993,2021-11-18 19:21:12.845,Pix - Recebido,469.2,311,189.43
5331,30,30,9,77,7995,2021-11-20 19:20:30.721,Pix - Realizado,-59.0,30,8.42
5332,892,892,1,18,4193,2011-06-24 02:23:16.423,Compra Crédito,-19.12,892,6656.82
5333,920,920,2,86,8383,2022-12-13 01:49:52.250,Saque,-481.24,920,199.44
5334,742,742,1,75,5264,2014-05-30 08:57:45.707,Compra Crédito,-18.23,742,29.02
5335,943,943,7,14,6279,2017-03-10 21:08:04.746,Compra Débito,-276.37,943,124.1
5336,545,545,7,7,7248,2019-11-04 11:26:14.802,Depósito em espécie,50.39,545,32664.41
5337,406,406,6,22,8384,2022-12-14 00:48:04.803,Compra Débito,-180.47,406,166.64
5338,401,401,7,14,8096,2022-03-01 07:37:31.272,Compra Crédito,-12.64,401,2.51
5339,622,622,7,100,8125,2022-03-30 02:38:49.938,Compra Débito,-117.57,622,1131.09
5340,901,901,2,9,4224,2011-07-25 13:12:29.680,Compra Crédito,-41.75,901,23788.28
5341,53,53,5,63,8331,2022-10-22 14:17:11.255,Pix - Realizado,-755.8,53,9931.98
5342,492,492,9,87,7459,2020-06-02 17:28:11.744,Compra Débito,-18.03,492,5.99
5343,549,549,8,38,6821,2018-09-03 12:09:07.777,Compra Débito,-36.0,549,325.26
5344,707,707,7,33,6121,2016-10-03 11:19:03.240,Depósito em espécie,46.35,707,258.79
5345,909,909,3,98,6490,2017-10-07 05:23:30.708,Compra Débito,-20.77,909,10436.29
5346,326,326,7,100,8398,2022-12-28 01:25:41.525,Pix - Recebido,815.6,326,3626.75
5347,856,856,7,33,7911,2021-08-28 02:59:06.146,Pix - Realizado,-625.5,856,19.22
5348,382,382,7,7,7452,2020-05-26 00:14:29.276,Compra Crédito,-14.89,382,1.46
5349,892,892,1,18,4197,2011-06-28 14:53:40.733,Compra Crédito,-158.77,892,6656.82
5350,774,774,1,39,7183,2019-08-31 02:21:57.820,Compra Débito,-4.96,774,492.43
5351,424,424,2,76,4443,2012-02-29 21:59:47.464,Compra Crédito,-51.09,424,46029.34
5352,279,279,3,91,8405,2023-01-04 01:41:16.655,Pix - Realizado,-265.2,279,40.41
5353,471,471,7,14,8057,2022-01-21 17:42:40.760,Pix - Recebido,424.4,471,9465.57
5354,103,103,7,42,6419,2017-07-28 02:11:37.316,Compra Crédito,-72.58,103,1008.16
5355,320,320,4,19,5756,2015-10-04 04:33:55.862,Compra Débito,-216.06,320,14108.84
5356,709,709,3,31,7039,2019-04-09 20:30:35.326,Compra Crédito,-30.4,709,5626.82
5357,112,112,4,19,8371,2022-12-01 20:42:55.735,Saque,-629.07,112,532.48
5358,98,98,2,78,5966,2016-05-01 17:47:13.057,Compra Crédito,-84.07,98,1330.67
5359,65,65,7,7,7837,2021-06-15 20:42:50.787,Pix - Recebido,672.9,65,575.37
5360,952,952,7,14,7111,2019-06-20 13:00:11.506,Compra Débito,-97.27,952,23583.77
5361,959,959,1,61,5337,2014-08-11 05:54:43.288,Compra Crédito,-4.34,959,96.49
5362,491,491,7,100,6608,2018-02-02 19:24:06.117,Compra Crédito,-32.85,491,0.86
5363,234,234,5,49,7478,2020-06-21 01:27:57.020,Compra Crédito,-12.53,234,1129.01
5364,965,965,2,9,7289,2019-12-15 12:25:32.422,Compra Débito,-98.3,965,5877.77
5365,366,366,1,80,5697,2015-08-06 21:02:59.334,Compra Crédito,-35.9,366,12287.89
5366,955,955,5,34,8315,2022-10-06 20:31:33.616,Compra Débito,-124.69,955,25.34
5367,294,294,2,95,5551,2015-03-13 11:59:30.504,Compra Débito,-117.69,294,14975.62
5368,687,687,8,38,7173,2019-08-21 07:16:38.593,Saque,-38.78,687,999.34
5369,915,915,7,14,5842,2015-12-29 01:56:06.026,Compra Débito,-60.65,915,134.73
5370,470,470,6,48,7760,2021-03-30 10:13:10.025,Depósito em espécie,120.43,470,585.06
5371,179,179,3,98,4685,2012-10-28 16:34:34.839,Compra Débito,-6.01,179,57273.21
5372,910,910,4,1,6915,2018-12-06 14:24:04.280,Estorno de Debito,44.67,910,79.63
5373,571,571,8,5,8370,2022-11-30 03:34:39.187,Pix - Recebido,377.1,571,2475.58
5374,784,784,3,91,5230,2014-04-26 16:02:00.188,Compra Débito,-44.03,784,276.1
5375,574,574,6,28,5934,2016-03-30 07:32:11.980,Compra Débito,-77.53,574,1.9
5376,283,283,4,19,5640,2015-06-10 02:46:20.526,Compra Crédito,-21.12,283,3416.3
5377,114,114,7,33,7512,2020-07-25 22:56:13.562,Compra Débito,-59.52,114,7855.66
5378,967,967,7,100,7798,2021-05-07 12:20:12.221,Pix - Realizado,-168.9,967,527.36
5379,476,476,2,95,4943,2013-07-13 05:44:29.534,Saque,-247.3,476,234.35
5380,340,340,4,35,8016,2021-12-11 10:55:32.797,Compra Crédito,-15.26,340,393.03
5381,717,717,7,42,7489,2020-07-02 07:32:11.767,Compra Crédito,-30.51,717,86.27
5382,875,875,7,71,8400,2022-12-30 10:40:17.141,Compra Crédito,-46.03,875,130.76
5383,251,251,5,63,6466,2017-09-13 02:17:55.894,Depósito em espécie,10.22,251,19.73
5384,866,866,7,42,7986,2021-11-11 21:23:32.340,Depósito em espécie,386.61,866,309.54
5385,261,261,2,70,4683,2012-10-26 03:24:58.933,Compra Crédito,-218.31,261,12732.03
5386,395,395,9,59,7981,2021-11-06 10:01:28.868,Compra Crédito,-59.35,395,791.86
5387,610,610,7,42,7755,2021-03-25 08:09:28.848,Pix - Realizado,-2343.5,610,378.18
5388,339,339,5,2,7760,2021-03-30 00:53:35.177,Pix - Realizado,-191.7,339,663.32
5389,146,146,1,80,5452,2014-12-04 09:07:55.316,Compra Crédito,-27.08,146,708.81
5390,276,276,5,15,6225,2017-01-15 08:05:33.240,Compra Débito,-97.53,276,40158.27
5391,216,216,1,26,4391,2012-01-08 21:13:39.492,Compra Débito,-15.8,216,622.12
5392,189,189,7,7,7435,2020-05-09 06:08:43.340,Compra Débito,-16.33,189,25382.15
5393,110,110,3,31,5046,2013-10-24 18:54:29.049,Compra Crédito,-64.32,110,96140.95
5394,898,898,4,45,6584,2018-01-09 07:08:42.031,Depósito em espécie,9.77,898,32.21
5395,196,196,3,91,7666,2020-12-26 12:07:51.000,Compra Débito,-17.55,196,52.64
5396,522,522,7,42,8399,2022-12-29 18:27:33.215,Compra Crédito,-13.61,522,144.23
5397,206,206,7,33,8235,2022-07-18 03:51:57.612,Pix - Realizado,-38.5,206,24.58
5398,67,67,9,46,8340,2022-10-31 11:46:00.585,DOC - Recebido,60550.0,67,33480.7
5399,168,168,7,100,6869,2018-10-21 11:28:22.721,Compra Crédito,-150.2,168,1688.88
5400,867,867,2,70,4521,2012-05-17 00:15:34.006,Compra Débito,-29.91,867,15541.16
5401,674,674,3,91,5585,2015-04-16 03:05:53.576,Compra Débito,-51.17,674,1902.33
5402,865,865,4,1,7343,2020-02-07 20:51:17.002,Depósito em espécie,47.45,865,102.36
5403,541,541,1,62,6276,2017-03-07 18:15:37.451,Depósito em espécie,20.87,541,115.7
5404,814,814,2,9,8400,2022-12-30 22:30:44.560,Compra Débito,-10.94,814,133.48
5405,548,548,7,33,8261,2022-08-13 14:55:28.570,Pix - Recebido,746.4,548,3522.41
5406,408,408,7,100,8295,2022-09-16 10:34:52.648,Pix - Realizado,-214.8,408,209.1
5407,348,348,7,100,7302,2019-12-28 06:33:39.583,Compra Débito,-24.94,348,79.31
5408,395,395,9,59,7993,2021-11-18 15:09:07.340,Compra Débito,-23.7,395,791.86
5409,434,434,7,7,7848,2021-06-26 12:50:04.557,Compra Crédito,-13.76,434,2104.82
5410,715,715,8,23,8278,2022-08-30 04:31:03.693,Pix - Realizado,-301.8,715,1222.03
5411,408,408,7,100,8335,2022-10-26 08:47:33.128,Compra Crédito,-71.68,408,209.1
5412,925,925,9,74,7562,2020-09-13 20:17:35.317,Compra Débito,-6.14,925,4860.91
5413,982,982,7,14,6342,2017-05-12 08:16:09.741,Saque,-496.18,982,2804.79
5414,784,784,3,91,6042,2016-07-16 15:40:12.247,Compra Crédito,-23.71,784,276.1
5415,395,395,9,59,7993,2021-11-18 16:20:16.122,Pix - Recebido,917.3,395,791.86
5416,130,130,3,16,5295,2014-06-30 11:13:07.561,Compra Débito,-91.83,130,5172.38
5417,677,677,7,33,7016,2019-03-17 22:35:28.633,Depósito em espécie,35.29,677,11911.95
5418,154,154,7,33,6714,2018-05-19 13:30:07.467,Compra Débito,-36.23,154,339.43
5419,343,343,3,98,7843,2021-06-21 23:05:56.098,Compra Crédito,-24.27,343,86.88
5420,583,583,7,33,7128,2019-07-07 17:30:34.941,Compra Débito,-30.15,583,12.56
5421,690,690,1,36,5493,2015-01-14 15:12:01.694,Compra Crédito,-58.46,690,1028.57
5422,559,559,2,86,5008,2013-09-16 11:42:18.040,Compra Débito,-19.89,559,287.05
5423,120,120,2,82,7226,2019-10-13 13:12:58.318,Compra Crédito,-18.27,120,7738.26
5424,534,534,7,42,7883,2021-07-31 13:20:24.635,Compra Débito,-5.78,534,31.94
5425,723,723,7,14,6143,2016-10-25 21:25:39.210,Compra Crédito,-32.61,723,1361.01
5426,70,70,6,88,6485,2017-10-02 21:44:57.267,TED - Recebido,20770.0,70,22097.13
5427,436,436,1,18,6368,2017-06-07 00:58:54.662,Compra Crédito,-23.34,436,43193.28
5428,108,108,3,31,7363,2020-02-27 22:00:55.510,Compra Crédito,-108.12,108,60.92
5429,30,30,9,77,7995,2021-11-20 21:20:43.500,Pix - Recebido,887.5,30,8.42
5430,307,307,6,54,6965,2019-01-25 13:30:29.834,Compra Débito,-28.42,307,250.85
5431,978,978,5,15,7701,2021-01-30 05:12:44.015,Compra Crédito,-60.09,978,40487.07
5432,97,97,3,13,7535,2020-08-17 11:53:57.953,Compra Débito,-19.53,97,9589.16
5433,582,582,7,42,7842,2021-06-20 01:04:24.374,Compra Débito,-187.05,582,41301.32
5434,228,228,1,80,5674,2015-07-14 09:05:56.931,Depósito em espécie,41.31,228,11.6
5435,327,327,3,98,6800,2018-08-13 02:06:56.939,Compra Débito,-6.9,327,73.88
5436,856,856,7,33,7911,2021-08-28 21:57:09.331,Compra Débito,-15.98,856,19.22
5437,934,934,1,26,5799,2015-11-16 22:17:26.702,DOC - Recebido,17225.0,934,17360.35
5438,124,124,7,71,6357,2017-05-27 16:40:17.584,Depósito em espécie,38.25,124,71.68
5439,709,709,3,31,7039,2019-04-09 22:02:39.491,Compra Crédito,-72.37,709,5626.82
5440,191,191,2,9,7525,2020-08-07 03:59:14.373,Compra Crédito,-3.91,191,5.42
5441,825,825,5,34,5118,2014-01-04 04:59:32.385,Transferência entre CC - Crédito,771.7,825,814.07
5442,4,4,7,42,7129,2019-07-08 06:09:47.955,Depósito em espécie,207.84,4,403.16
5443,539,539,1,32,5670,2015-07-10 01:36:08.497,TED - Recebido,99135.0,539,100962.93
5444,410,410,7,14,6798,2018-08-11 21:03:20.614,Compra Débito,-105.01,410,53033.04
5445,356,356,7,42,7388,2020-03-23 23:13:10.136,Compra Crédito,-8.44,356,68663.09
5446,319,319,3,31,5029,2013-10-07 22:37:02.381,Depósito em espécie,33.0,319,24.22
5447,500,500,1,3,7274,2019-11-30 21:02:56.539,Compra Crédito,-104.49,500,107875.13
5448,893,893,3,16,4660,2012-10-03 15:55:06.227,Compra Crédito,-22.28,893,1938.72
5449,227,227,3,16,6432,2017-08-10 17:33:36.167,Compra Crédito,-22.5,227,15.83
5450,30,30,9,77,7995,2021-11-20 22:08:14.364,Pix - Realizado,-398.0,30,8.42
5451,39,39,2,84,5788,2015-11-05 19:35:29.538,Compra Débito,-11.54,39,41879.26
5452,124,124,7,71,6366,2017-06-05 04:17:19.314,Compra Débito,-38.53,124,71.68
5453,767,767,7,33,6218,2017-01-08 12:38:48.415,Compra Crédito,-104.05,767,6534.06
5454,237,237,2,95,7305,2019-12-31 07:24:39.001,Compra Crédito,-19.77,237,83.36
5455,943,943,7,14,6283,2017-03-14 23:12:46.953,Compra Crédito,-13.06,943,124.1
5456,209,209,7,14,6195,2016-12-16 03:44:33.604,Compra Crédito,-34.7,209,5.22
5457,605,605,3,16,5642,2015-06-12 02:56:52.072,Compra Débito,-22.29,605,48.1
5458,312,312,7,71,8306,2022-09-27 18:22:44.756,Compra Débito,-798.69,312,2354.15
5459,623,623,1,32,8396,2022-12-26 23:25:19.436,Compra Crédito,-17.63,623,317.47
5460,351,351,2,94,8107,2022-03-12 07:30:04.044,Pix - Recebido,301.8,351,632.44
5461,774,774,1,39,7183,2019-08-31 07:08:36.829,Compra Crédito,-48.12,774,492.43
5462,295,295,6,44,6393,2017-07-02 18:04:16.065,Compra Crédito,-229.44,295,405.1
5463,821,821,7,71,8215,2022-06-28 20:58:40.944,Pix - Realizado,-142.8,821,1325.06
5464,530,530,1,80,5558,2015-03-20 10:25:08.329,Compra Crédito,-55.03,530,181.44
5465,97,97,3,13,7990,2021-11-15 09:40:49.942,Pix - Realizado,-667.3,97,9589.16
5466,292,292,5,67,5537,2015-02-27 20:22:38.254,Compra Débito,-139.6,292,436.53
5467,523,523,7,14,7006,2019-03-07 10:39:16.335,Compra Crédito,-16.76,523,5.67
5468,959,959,1,61,5342,2014-08-16 22:46:26.074,Depósito em espécie,77.06,959,96.49
5469,862,862,7,7,7708,2021-02-06 15:33:15.900,Compra Crédito,-52.56,862,707.31
5470,520,520,1,60,5682,2015-07-22 18:03:04.062,TED - Recebido,9795.0,520,9224.06
5471,793,793,7,71,8399,2022-12-29 22:14:42.460,Compra Débito,-83.78,793,136.29
5472,415,415,4,1,5401,2014-10-14 23:44:11.691,Depósito em espécie,12.45,415,19485.86
5473,796,796,7,71,8326,2022-10-17 05:54:04.245,Pix - Recebido,240.8,796,375.12
5474,50,50,1,18,7394,2020-03-29 14:03:59.847,Compra Débito,-12.4,50,806.55
5475,544,544,7,71,7290,2019-12-16 17:50:47.692,Compra Crédito,-20.37,544,14855.02
5476,243,243,5,49,7810,2021-05-19 14:48:06.158,Compra Crédito,-49.12,243,1150.34
5477,841,841,5,63,5667,2015-07-07 07:16:48.332,Depósito em espécie,49.19,841,1.02
5478,524,524,7,33,6516,2017-11-02 20:59:30.163,Compra Crédito,-17.95,524,9.47
5479,392,392,7,14,7055,2019-04-25 17:12:19.625,Compra Crédito,-67.35,392,111.31
5480,476,476,2,95,4945,2013-07-15 23:08:59.952,Compra Crédito,-8.87,476,234.35
5481,576,576,7,14,6049,2016-07-23 07:04:15.507,Compra Crédito,-19.66,576,5024.21
5482,982,982,7,14,6342,2017-05-12 13:38:25.310,Compra Débito,-36.8,982,2804.79
5483,347,347,7,100,7623,2020-11-13 19:07:48.629,Depósito em espécie,160.66,347,1104.9
5484,829,829,7,100,8067,2022-01-31 15:54:38.539,Pix - Realizado,-584.3,829,398.52
5485,121,121,7,71,6458,2017-09-05 10:49:28.162,Compra Crédito,-44.5,121,129.51
5486,536,536,4,45,6573,2017-12-29 09:46:39.543,Compra Crédito,-35.9,536,14.4
5487,658,658,3,16,6239,2017-01-29 23:22:14.470,Compra Crédito,-11.31,658,7.08
5488,622,622,7,100,8125,2022-03-30 03:49:12.077,Pix - Realizado,-328.3,622,1131.09
5489,634,634,4,57,5701,2015-08-10 10:40:32.211,Compra Crédito,-46.41,634,0.69
5490,723,723,7,14,6145,2016-10-27 04:53:47.824,Compra Crédito,-151.73,723,1361.01
5491,29,29,3,98,7759,2021-03-29 13:56:13.009,Compra Crédito,-14.93,29,424.41
5492,750,750,4,19,5984,2016-05-19 09:55:55.588,Compra Débito,-89.15,750,1945.52
5493,955,955,5,34,8321,2022-10-12 12:29:09.449,Compra Débito,-42.88,955,25.34
5494,298,298,6,4,7847,2021-06-25 07:38:17.094,Compra Crédito,-6.06,298,8507.51
5495,966,966,7,14,7913,2021-08-30 17:55:59.843,Compra Débito,-36.73,966,1425.28
5496,124,124,7,71,6366,2017-06-05 05:13:03.696,Depósito em espécie,52.96,124,71.68
5497,640,640,7,71,7633,2020-11-23 16:13:04.671,Compra Crédito,-8.48,640,418.19
5498,408,408,7,100,8336,2022-10-27 07:31:19.973,Pix - Realizado,-207.0,408,209.1
5499,371,371,7,100,6216,2017-01-06 14:09:32.103,Compra Débito,-22.69,371,45.64
5500,259,259,3,51,7524,2020-08-06 03:15:19.690,Saque,-509.19,259,7590.37
5501,723,723,7,14,6163,2016-11-14 04:48:49.874,Saque,-73.42,723,1361.01
5502,488,488,7,14,7177,2019-08-25 06:37:51.951,Compra Crédito,-27.81,488,1303.71
5503,728,728,7,42,7917,2021-09-03 11:18:34.986,Compra Débito,-9.92,728,640.32
5504,120,120,2,82,7264,2019-11-20 10:26:21.969,TED - Recebido,7190.0,120,7738.26
5505,291,291,3,98,6961,2019-01-21 02:15:11.631,Compra Débito,-29.2,291,376.66
5506,107,107,7,14,8365,2022-11-25 06:40:37.197,Compra Crédito,-15.52,107,27052.86
5507,131,131,1,60,3685,2010-02-01 15:01:01.290,Depósito em espécie,103.63,131,86.41
5508,910,910,4,1,6915,2018-12-06 16:06:48.227,Compra Crédito,-55.77,910,79.63
5509,943,943,7,14,6284,2017-03-15 01:02:04.240,Depósito em espécie,44.42,943,124.1
5510,21,21,2,86,4612,2012-08-16 16:42:07.556,Depósito em espécie,16.46,21,74.17
5511,182,182,4,45,7077,2019-05-17 07:12:41.407,Compra Débito,-17.96,182,13622.15
5512,913,913,7,33,7077,2019-05-17 14:44:05.874,Compra Crédito,-58.68,913,575.77
5513,331,331,7,71,7134,2019-07-13 23:06:18.155,Compra Crédito,-82.23,331,32267.25
5514,750,750,4,19,5984,2016-05-19 15:34:54.734,Compra Débito,-11.54,750,1945.52
5515,400,400,5,2,7332,2020-01-27 17:51:36.812,Compra Débito,-3.24,400,234.12
5516,360,360,2,82,4450,2012-03-07 11:32:27.548,Compra Débito,-1.66,360,1965.16
5517,230,230,7,7,7623,2020-11-13 08:58:45.515,Compra Crédito,-100.26,230,2378.15
5518,571,571,8,5,8370,2022-11-30 03:35:11.890,Pix - Realizado,-311.2,571,2475.58
5519,110,110,3,31,5047,2013-10-25 00:44:10.707,Compra Débito,-7.31,110,96140.95
5520,792,792,7,42,6585,2018-01-10 10:52:40.092,Depósito em espécie,17.87,792,3.98
5521,610,610,7,42,7755,2021-03-25 09:03:32.618,Compra Débito,-16.28,610,378.18
5522,108,108,3,31,7401,2020-04-05 16:30:13.401,Compra Crédito,-8.07,108,60.92
5523,949,949,7,42,5952,2016-04-17 17:05:47.764,Compra Débito,-13.01,949,15912.64
5524,681,681,7,42,7623,2020-11-13 11:51:12.084,Compra Crédito,-66.83,681,507.39
5525,503,503,7,14,8387,2022-12-17 22:01:40.835,Depósito em espécie,29.54,503,245.49
5526,502,502,2,90,4789,2013-02-09 16:41:25.824,Depósito em espécie,334.92,502,179885.3
5527,362,362,2,85,6629,2018-02-23 22:32:19.609,Compra Crédito,-27.45,362,24.48
5528,246,246,2,86,5329,2014-08-03 07:58:24.244,Compra Débito,-14.68,246,53774.09
5529,359,359,1,80,5152,2014-02-07 23:41:03.963,Compra Crédito,-17.69,359,24410.06
5530,338,338,7,42,8131,2022-04-05 18:05:44.209,Depósito em espécie,54.48,338,1187.02
5531,971,971,1,61,5166,2014-02-21 19:31:59.927,Depósito em espécie,42.44,971,73.87
5532,422,422,7,42,6401,2017-07-10 03:18:55.573,Compra Débito,-13.85,422,23.08
5533,669,669,5,58,5532,2015-02-22 16:04:17.338,Compra Crédito,-54.32,669,118.91
5534,965,965,2,9,7293,2019-12-19 18:41:10.179,Compra Crédito,-18.86,965,5877.77
5535,554,554,1,75,6569,2017-12-25 20:51:57.203,Compra Crédito,-37.92,554,25.68
5536,415,415,4,1,5402,2014-10-15 05:04:23.632,Compra Débito,-73.1,415,19485.86
5537,517,517,4,35,8213,2022-06-26 01:18:47.120,Compra Débito,-48.56,517,102.72
5538,968,968,5,55,5369,2014-09-12 17:18:09.405,Compra Débito,-95.93,968,7480.46
5539,776,776,4,1,6658,2018-03-24 07:47:02.304,Compra Débito,-14.71,776,164.21
5540,331,331,7,71,7134,2019-07-13 23:26:59.981,Depósito em espécie,10.04,331,32267.25
5541,31,31,6,40,6160,2016-11-11 12:35:02.493,Transferência entre CC - Crédito,511.1,31,271.65
5542,883,883,7,42,8333,2022-10-24 05:55:38.597,Pix - Realizado,-237.4,883,485.4
5543,834,834,6,44,6054,2016-07-28 13:49:29.630,Compra Crédito,-8.98,834,38.68
5544,19,19,7,71,6100,2016-09-12 20:12:18.224,Compra Crédito,-7.11,19,457.62
5545,604,604,7,14,6465,2017-09-12 03:14:48.237,Compra Débito,-25.57,604,5498.85
5546,210,210,3,91,4509,2012-05-05 12:46:32.486,Compra Débito,-48.68,210,24.59
5547,608,608,2,82,4081,2011-03-04 06:43:42.820,Depósito em espécie,22.06,608,8.94
5548,220,220,4,19,5639,2015-06-09 13:46:35.961,Compra Crédito,-53.04,220,2.35
5549,572,572,2,86,5547,2015-03-09 13:15:33.129,TED - Recebido,7955.0,572,7982.21
5550,731,731,7,7,8375,2022-12-05 20:07:38.433,Pix - Recebido,571.4,731,524.28
5551,863,863,7,42,8405,2023-01-04 11:20:24.759,Pix - Recebido,363.6,863,418.28
5552,408,408,7,100,8340,2022-10-31 19:00:35.970,Compra Crédito,-52.65,408,209.1
5553,753,753,7,33,6853,2018-10-05 14:21:18.558,Depósito em espécie,9.13,753,15.45
5554,437,437,7,42,8367,2022-11-27 02:28:04.408,Compra Crédito,-22.36,437,67.32
5555,205,205,5,55,7149,2019-07-28 20:06:00.049,Compra Crédito,-5.22,205,547.56
5556,553,553,5,43,8026,2021-12-21 22:31:04.855,Saque,-197.67,553,317.19
5557,509,509,4,35,8013,2021-12-08 17:04:11.661,Pix - Recebido,95.3,509,783.41
5558,246,246,2,86,5329,2014-08-03 08:23:24.713,TED - Recebido,63575.0,246,53774.09
5559,759,759,1,80,8311,2022-10-02 15:36:30.465,Pix - Realizado,-2276.7,759,339.17
5560,635,635,1,3,6293,2017-03-24 20:31:31.413,Compra Débito,-449.04,635,5673.71
5561,762,762,7,42,8218,2022-07-01 00:18:54.531,Compra Débito,-161.96,762,723.01
5562,410,410,7,14,6799,2018-08-12 20:58:40.939,Compra Crédito,-8.37,410,53033.04
5563,375,375,2,70,7345,2020-02-09 22:38:07.142,Compra Débito,-14.04,375,110.31
5564,813,813,2,81,5497,2015-01-18 01:03:29.141,Compra Crédito,-13.68,813,21054.94
5565,949,949,7,42,5955,2016-04-20 08:36:15.874,DOC - Realizado,-27230.0,949,15912.64
5566,8,8,3,73,6847,2018-09-29 07:13:57.964,Compra Crédito,-12.83,8,1714.2
5567,356,356,7,42,7400,2020-04-04 13:33:20.849,Compra Débito,-35.68,356,68663.09
5568,790,790,7,7,7897,2021-08-14 04:22:22.331,Compra Débito,-102.1,790,47.89
5569,189,189,7,7,7435,2020-05-09 18:49:00.608,Compra Débito,-125.3,189,25382.15
5570,350,350,7,7,6357,2017-05-27 19:35:56.360,Compra Débito,-44.02,350,91.18
5571,943,943,7,14,6293,2017-03-24 09:19:02.400,Compra Crédito,-32.29,943,124.1
5572,306,306,7,7,6510,2017-10-27 02:11:59.641,Depósito em espécie,14.83,306,86.7
5573,709,709,3,31,7039,2019-04-09 23:26:58.269,Compra Débito,-8.23,709,5626.82
5574,688,688,7,42,6685,2018-04-20 06:59:32.052,Depósito em espécie,22.82,688,228.81
5575,498,498,4,45,8289,2022-09-10 09:46:52.025,Compra Crédito,-52.35,498,841.1
5576,897,897,7,33,6522,2017-11-08 18:30:18.439,Compra Débito,-11.66,897,84.61
5577,411,411,1,75,4734,2012-12-16 11:30:27.084,Compra Crédito,-14.45,411,53894.21
5578,763,763,6,4,6953,2019-01-13 03:45:07.647,Compra Crédito,-23.35,763,3.04
5579,273,273,2,95,8295,2022-09-16 19:40:21.936,Saque,-240.46,273,2610.71
5580,187,187,7,7,6150,2016-11-01 12:35:25.037,Depósito em espécie,51.47,187,111.14
5581,186,186,5,2,5483,2015-01-04 21:03:19.508,Compra Crédito,-13.74,186,2.1
5582,29,29,3,98,7759,2021-03-29 15:25:12.654,Compra Crédito,-56.9,29,424.41
5583,960,960,1,39,7067,2019-05-07 13:57:06.071,Compra Débito,-37.24,960,987.51
5584,741,741,7,100,7527,2020-08-09 18:25:10.452,Compra Débito,-24.64,741,691.71
5585,172,172,7,42,6275,2017-03-06 01:55:57.573,Compra Crédito,-16.22,172,187.41
5586,398,398,5,67,7366,2020-03-01 19:25:08.250,Compra Crédito,-21.04,398,98018.34
5587,31,31,6,40,6160,2016-11-11 12:35:41.591,Compra Crédito,-35.23,31,271.65
5588,65,65,7,7,7856,2021-07-04 14:31:43.497,Compra Débito,-75.29,65,575.37
5589,424,424,2,76,4446,2012-03-03 04:25:14.602,Compra Crédito,-91.11,424,46029.34
5590,122,122,7,100,6853,2018-10-05 12:56:56.710,Compra Débito,-20.26,122,437.76
5591,870,870,7,42,7960,2021-10-16 18:10:51.375,Compra Débito,-81.3,870,252.45
5592,794,794,7,33,6902,2018-11-23 13:04:29.515,Compra Crédito,-15.95,794,454.95
5593,211,211,9,59,8399,2022-12-29 12:20:45.971,Pix - Realizado,-564.4,211,0.59
5594,756,756,7,100,7473,2020-06-16 19:38:28.525,Depósito em espécie,6.51,756,79.57
5595,640,640,7,71,7634,2020-11-24 05:24:27.131,Pix - Recebido,402.7,640,418.19
5596,667,667,3,73,5450,2014-12-02 14:38:53.559,Compra Débito,-47.32,667,697.7
5597,596,596,7,100,6561,2017-12-17 01:26:40.792,Saque,-239.89,596,147.68
5598,361,361,7,100,6115,2016-09-27 09:08:00.833,Compra Débito,-7.86,361,43014.06
5599,111,111,7,33,7921,2021-09-07 03:19:57.884,Compra Crédito,-38.08,111,288.35
5600,733,733,6,4,8072,2022-02-05 23:24:40.250,Pix - Realizado,-601.5,733,1849.3
5601,641,641,7,100,7585,2020-10-06 16:58:00.620,Saque,-83.02,641,5294.41
5602,723,723,7,14,6163,2016-11-14 18:54:49.082,Compra Débito,-81.59,723,1361.01
5603,696,696,7,100,6531,2017-11-17 03:54:43.148,Compra Débito,-172.55,696,3036.27
5604,864,864,7,14,6971,2019-01-31 21:16:12.082,Saque,-45.28,864,17812.14
5605,490,490,2,70,4484,2012-04-10 23:35:19.432,Depósito em espécie,26.56,490,78.52
5606,544,544,7,71,7290,2019-12-16 20:52:05.025,Compra Débito,-10.36,544,14855.02
5607,845,845,3,13,4917,2013-06-17 21:27:27.813,Compra Débito,-31.97,845,14733.18
5608,524,524,7,33,6521,2017-11-07 01:27:33.322,Compra Débito,-27.05,524,9.47
5609,879,879,3,31,4741,2012-12-23 07:53:03.975,Compra Débito,-13.73,879,4.04
5610,446,446,7,33,7143,2019-07-22 15:11:10.057,Compra Crédito,-29.44,446,204.27
5611,346,346,1,26,5070,2013-11-17 09:22:32.673,Compra Crédito,-16.45,346,57814.67
5612,778,778,5,55,6310,2017-04-10 05:08:56.903,Compra Débito,-83.18,778,86.63
5613,275,275,3,13,5904,2016-02-29 09:22:57.431,Compra Débito,-66.3,275,134056.74
5614,744,744,7,7,8380,2022-12-10 00:56:58.367,Compra Crédito,-41.62,744,1041.45
5615,313,313,2,76,7328,2020-01-23 19:00:56.326,Compra Débito,-48.55,313,71620.68
5616,754,754,1,61,4326,2011-11-04 18:14:19.561,Compra Débito,-16.48,754,21.71
5617,231,231,7,14,6420,2017-07-29 14:12:07.848,Compra Crédito,-56.76,231,2564.84
5618,607,607,7,42,7057,2019-04-27 11:49:26.722,Compra Crédito,-8.15,607,72146.24
5619,3,3,7,100,6481,2017-09-28 03:53:01.417,Compra Crédito,-79.47,3,165.04
5620,87,87,7,100,7961,2021-10-17 18:15:33.188,Pix - Realizado,-119.3,87,1554.82
5621,225,225,4,57,6519,2017-11-05 03:22:35.820,Depósito em espécie,62.4,225,36.51
5622,973,973,7,42,8006,2021-12-01 10:32:26.597,Compra Crédito,-14.57,973,873.74
5623,24,24,6,54,5788,2015-11-05 16:57:00.278,Depósito em espécie,6.45,24,129.36
5624,627,627,7,33,6388,2017-06-27 13:28:15.142,Compra Crédito,-20.45,627,1.39
5625,334,334,7,14,8283,2022-09-04 06:29:57.604,Compra Crédito,-38.1,334,1195.42
5626,368,368,7,71,7313,2020-01-08 07:49:54.772,Compra Débito,-27.37,368,3208.56
5627,46,46,7,33,7014,2019-03-15 18:36:40.779,Compra Débito,-34.31,46,51.14
5628,281,281,7,33,7446,2020-05-20 22:18:56.699,Compra Crédito,-172.24,281,77487.74
5629,460,460,7,71,6677,2018-04-12 05:00:25.315,Compra Crédito,-56.03,460,7316.98
5630,465,465,3,98,6748,2018-06-22 05:06:04.736,Compra Débito,-17.43,465,6182.65
5631,377,377,2,29,8219,2022-07-02 12:34:07.704,Pix - Realizado,-62.2,377,7673.52
5632,725,725,7,71,7088,2019-05-28 13:27:51.543,Compra Crédito,-185.3,725,557.09
5633,261,261,2,70,4683,2012-10-26 05:18:54.115,Compra Débito,-28.52,261,12732.03
5634,126,126,7,42,5828,2015-12-15 21:14:12.160,Compra Crédito,-9.69,126,74.12
5635,353,353,7,71,8337,2022-10-28 10:52:43.635,Pix - Realizado,-101.5,353,29.98
5636,635,635,1,3,6294,2017-03-25 07:58:50.429,Compra Crédito,-159.73,635,5673.71
5637,237,237,2,95,7306,2020-01-01 21:22:27.679,Compra Débito,-150.0,237,83.36
5638,660,660,4,45,5483,2015-01-04 04:06:40.287,Compra Débito,-12.6,660,122736.82
5639,877,877,7,7,7010,2019-03-11 17:32:31.103,Compra Débito,-20.21,877,30.7
5640,394,394,3,51,4781,2013-02-01 22:14:14.347,Compra Débito,-10.04,394,14982.14
5641,567,567,8,89,7301,2019-12-27 12:56:18.836,Compra Crédito,-4.96,567,31.07
5642,88,88,7,71,6848,2018-09-30 06:12:26.831,Saque,-211.23,88,186.23
5643,692,692,3,31,7323,2020-01-18 22:26:49.456,Depósito em espécie,125.32,692,2.06
5644,841,841,5,63,5668,2015-07-08 03:20:56.295,Compra Débito,-33.73,841,1.02
5645,95,95,7,14,8392,2022-12-22 01:25:40.806,Depósito em espécie,10.21,95,42.88
5646,977,977,7,14,7728,2021-02-26 03:35:33.142,Pix - Realizado,-1181.4,977,7788.41
5647,978,978,5,15,7701,2021-01-30 05:21:07.202,Compra Crédito,-50.42,978,40487.07
5648,398,398,5,67,7368,2020-03-03 12:26:27.100,Compra Crédito,-114.29,398,98018.34
5649,871,871,3,13,5278,2014-06-13 12:24:04.303,Compra Crédito,-5.27,871,7034.08
5650,404,404,4,19,7628,2020-11-18 19:21:37.026,Compra Crédito,-51.68,404,161.87
5651,64,64,7,100,8217,2022-06-30 05:45:40.598,Pix - Recebido,630.4,64,682.16
5652,793,793,7,71,8400,2022-12-30 18:07:53.590,Pix - Recebido,317.7,793,136.29
5653,404,404,4,19,7629,2020-11-19 15:33:52.315,Pix - Recebido,542.8,404,161.87
5654,301,301,7,71,7779,2021-04-18 00:29:32.130,Transferência entre CC - Crédito,631.6,301,471.75
5655,271,271,4,57,8353,2022-11-13 20:41:52.922,Pix - Realizado,-286.4,271,7534.76
5656,346,346,1,26,5070,2013-11-17 09:29:37.313,Depósito em espécie,54.34,346,57814.67
5657,42,42,7,14,7928,2021-09-14 14:42:13.846,Compra Débito,-33.93,42,95.06
5658,696,696,7,100,6532,2017-11-18 07:19:48.201,Saque,-217.62,696,3036.27
5659,533,533,7,14,7219,2019-10-06 07:23:36.030,Depósito em espécie,41.25,533,219.27
5660,925,925,9,74,7562,2020-09-13 21:55:32.780,Compra Crédito,-39.19,925,4860.91
5661,173,173,1,60,5320,2014-07-25 18:17:20.219,Compra Crédito,-29.82,173,140.11
5662,880,880,7,71,7453,2020-05-27 06:18:20.968,Depósito em espécie,27.8,880,28337.91
5663,20,20,3,91,7137,2019-07-16 03:29:43.459,TED - Recebido,24920.0,20,27027.3
5664,768,768,7,42,8073,2022-02-06 08:30:24.195,Saque,-421.9,768,222.38
5665,239,239,6,88,8173,2022-05-17 15:06:21.686,Pix - Realizado,-343.0,239,13809.65
5666,233,233,4,57,6099,2016-09-11 08:37:38.653,Compra Crédito,-76.53,233,349.69
5667,333,333,3,13,5615,2015-05-16 03:53:45.521,Compra Débito,-4.05,333,65395.97
5668,998,998,2,84,4951,2013-07-21 17:14:43.891,Compra Crédito,-39.68,998,36.07
5669,847,847,8,89,7211,2019-09-28 16:15:20.988,Compra Crédito,-122.76,847,114.56
5670,273,273,2,95,8300,2022-09-21 10:52:47.286,Pix - Realizado,-573.1,273,2610.71
5671,101,101,7,71,7092,2019-06-01 05:21:25.182,Compra Crédito,-62.6,101,7497.62
5672,946,946,7,42,8097,2022-03-02 08:47:23.260,Compra Crédito,-14.79,946,4.27
5673,820,820,4,35,6355,2017-05-25 21:41:34.334,Compra Crédito,-77.97,820,50513.1
5674,864,864,7,14,6974,2019-02-03 13:20:04.865,Compra Crédito,-15.3,864,17812.14
5675,965,965,2,9,7314,2020-01-09 03:54:32.036,Compra Crédito,-21.17,965,5877.77
5676,671,671,3,91,5425,2014-11-07 16:06:45.802,Compra Débito,-87.65,671,91.7
5677,376,376,7,14,8350,2022-11-10 07:12:12.822,Compra Crédito,-18.59,376,53.04
5678,985,985,7,33,7867,2021-07-15 11:36:14.003,Pix - Recebido,164.8,985,86.56
5679,82,82,10,25,8110,2022-03-15 07:45:35.447,Compra Crédito,-10.63,82,124.63
5680,543,543,8,10,7745,2021-03-15 02:18:05.313,Pix - Recebido,216.3,543,566.44
5681,850,850,7,33,8314,2022-10-05 02:28:57.447,Compra Crédito,-41.3,850,4.7
5682,560,560,7,7,6642,2018-03-08 21:18:52.843,Compra Crédito,-19.69,560,1.13
5683,374,374,7,71,6848,2018-09-30 17:00:47.100,Depósito em espécie,77.9,374,54.87
5684,189,189,7,7,7435,2020-05-09 19:11:56.947,Compra Crédito,-14.13,189,25382.15
5685,904,904,7,14,7870,2021-07-18 19:59:28.588,Pix - Recebido,1064.9,904,670.77
5686,993,993,7,14,7213,2019-09-30 02:31:29.564,Compra Crédito,-34.82,993,33.5
5687,575,575,5,58,7341,2020-02-05 23:26:44.743,Compra Crédito,-51.7,575,426.34
5688,939,939,2,70,8397,2022-12-27 20:37:10.173,Pix - Realizado,-194.4,939,85135.76
5689,546,546,1,61,7685,2021-01-14 19:02:57.042,Compra Crédito,-23.9,546,803.81
5690,871,871,3,13,5385,2014-09-28 22:00:28.268,Compra Crédito,-39.8,871,7034.08
5691,505,505,7,33,8004,2021-11-29 14:15:19.559,Compra Crédito,-30.09,505,47.19
5692,198,198,1,61,6647,2018-03-13 19:06:33.328,Saque,-385.73,198,586.57
5693,563,563,1,62,7721,2021-02-19 02:22:42.253,Compra Débito,-26.12,563,413.35
5694,595,595,2,29,7929,2021-09-15 08:07:16.394,Compra Débito,-30.73,595,27566.85
5695,66,66,7,33,7105,2019-06-14 18:16:22.117,TED - Recebido,23900.0,66,50577.51
5696,213,213,7,100,7444,2020-05-18 14:38:21.486,Compra Crédito,-52.42,213,741.68
5697,218,218,5,15,5702,2015-08-11 20:42:42.661,Compra Crédito,-6.28,218,323.81
5698,572,572,2,86,5547,2015-03-09 20:17:32.738,Compra Débito,-30.94,572,7982.21
5699,679,679,1,18,5781,2015-10-29 04:47:49.530,DOC - Recebido,17310.0,679,17741.97
5700,391,391,8,38,7069,2019-05-09 08:49:15.324,Compra Débito,-34.86,391,11983.94
5701,763,763,6,4,6953,2019-01-13 17:38:44.825,Depósito em espécie,31.66,763,3.04
5702,792,792,7,42,6593,2018-01-18 02:43:41.026,Compra Débito,-66.53,792,3.98
5703,122,122,7,100,6853,2018-10-05 17:26:53.266,Compra Débito,-11.57,122,437.76
5704,744,744,7,7,8380,2022-12-10 05:14:52.657,Compra Crédito,-8.37,744,1041.45
5705,269,269,5,63,5607,2015-05-08 13:21:59.923,Compra Débito,-9.79,269,37274.48
5706,138,138,2,84,5348,2014-08-22 12:53:56.713,Compra Crédito,-70.47,138,19.91
5707,482,482,9,12,7976,2021-11-01 18:14:47.070,Pix - Recebido,517.9,482,205.69
5708,691,691,7,7,8307,2022-09-28 19:47:32.977,Compra Crédito,-18.35,691,1154.22
5709,70,70,6,88,6485,2017-10-02 22:36:21.385,Compra Débito,-65.36,70,22097.13
5710,532,532,7,33,6807,2018-08-20 00:49:29.422,Compra Crédito,-31.92,532,106.38
5711,894,894,7,14,8188,2022-06-01 07:54:51.986,Compra Débito,-21.31,894,184.42
5712,957,957,3,73,5611,2015-05-12 00:38:09.901,Compra Crédito,-67.32,957,15.95
5713,955,955,5,34,8321,2022-10-12 13:03:47.183,Compra Débito,-153.87,955,25.34
5714,696,696,7,100,6534,2017-11-20 20:53:52.270,Depósito em espécie,11.86,696,3036.27
5715,472,472,7,7,6832,2018-09-14 15:37:48.893,Compra Crédito,-59.21,472,206.59
5716,717,717,7,42,7489,2020-07-02 13:03:33.610,Compra Débito,-32.25,717,86.27
5717,682,682,2,86,5857,2016-01-13 05:13:10.717,Compra Débito,-24.57,682,22.02
5718,996,996,2,24,8125,2022-03-30 13:38:55.867,Compra Crédito,-47.98,996,30339.67
5719,802,802,3,13,8366,2022-11-26 12:46:39.515,Compra Crédito,-20.99,802,981.85
5720,183,183,1,62,7132,2019-07-11 22:43:17.922,Compra Débito,-51.03,183,117.76
5721,607,607,7,42,7141,2019-07-20 13:50:26.702,Compra Crédito,-8.04,607,72146.24
5722,186,186,5,2,5485,2015-01-06 04:00:23.065,Compra Débito,-19.85,186,2.1
5723,299,299,6,96,7253,2019-11-09 18:10:41.184,Depósito em espécie,28.52,299,146.82
5724,189,189,7,7,7441,2020-05-15 03:47:42.869,Saque,-100.55,189,25382.15
5725,710,710,7,42,6210,2016-12-31 16:41:29.743,Saque,-496.97,710,38354.24
5726,295,295,6,44,6393,2017-07-02 18:51:48.989,Compra Crédito,-10.72,295,405.1
5727,715,715,8,23,8278,2022-08-30 12:20:03.762,Compra Débito,-48.14,715,1222.03
5728,60,60,7,33,6767,2018-07-11 17:47:42.561,Depósito em espécie,18.63,60,810.56
5729,186,186,5,2,5492,2015-01-13 00:45:52.339,Compra Crédito,-6.86,186,2.1
5730,672,672,7,14,6861,2018-10-13 17:57:57.468,Compra Débito,-50.22,672,581.81
5731,701,701,2,85,7148,2019-07-27 19:22:07.951,Compra Crédito,-12.7,701,4.39
5732,897,897,7,33,6523,2017-11-09 23:17:13.164,Depósito em espécie,65.06,897,84.61
5733,493,493,7,42,7618,2020-11-08 07:43:05.798,Compra Débito,-41.84,493,532.93
5734,544,544,7,71,7303,2019-12-29 13:27:31.326,Compra Débito,-9.63,544,14855.02
5735,430,430,3,73,4915,2013-06-15 21:36:40.182,Compra Débito,-25.77,430,27934.18
5736,843,843,7,42,7034,2019-04-04 10:57:01.334,Compra Débito,-23.02,843,13.37
5737,960,960,1,39,7067,2019-05-07 13:58:20.870,Depósito em espécie,44.16,960,987.51
5738,42,42,7,14,7929,2021-09-15 04:32:12.086,Pix - Realizado,-308.9,42,95.06
5739,835,835,7,71,8390,2022-12-20 21:24:01.741,Pix - Recebido,425.2,835,273.63
5740,674,674,3,91,5585,2015-04-16 04:04:15.146,Compra Crédito,-34.73,674,1902.33
5741,337,337,7,100,6796,2018-08-09 00:17:09.526,TED - Recebido,15670.0,337,14854.02
5742,181,181,2,85,4379,2011-12-27 15:51:50.323,Compra Crédito,-5.33,181,196.99
5743,995,995,7,33,6718,2018-05-23 18:24:38.753,Compra Crédito,-47.08,995,13383.67
5744,955,955,5,34,8321,2022-10-12 17:51:44.690,Pix - Realizado,-170.7,955,25.34
5745,586,586,7,33,5888,2016-02-13 20:27:38.927,Saque,-86.87,586,44099.92
5746,831,831,7,14,7706,2021-02-04 10:12:40.405,Saque,-99.96,831,866.91
5747,5,5,6,48,5750,2015-09-28 13:46:15.190,Compra Débito,-9.6,5,58.36
5748,739,739,7,100,7335,2020-01-30 04:55:49.001,TED - Recebido,13115.0,739,14568.3
5749,298,298,6,4,7849,2021-06-27 07:06:45.955,DOC - Recebido,9480.0,298,8507.51
5750,580,580,7,33,7617,2020-11-07 17:27:57.439,Compra Crédito,-44.43,580,10.58
5751,887,887,7,42,6589,2018-01-14 13:13:51.984,Compra Débito,-15.67,887,68.2
5752,158,158,5,67,8291,2022-09-12 21:48:23.763,Pix - Realizado,-96.9,158,10785.13
5753,624,624,7,100,6557,2017-12-13 17:16:06.073,Compra Crédito,-113.59,624,169.09
5754,577,577,1,61,7610,2020-10-31 22:51:08.049,Depósito em espécie,20.82,577,9772.11
5755,195,195,4,45,5660,2015-06-30 15:45:44.760,Compra Crédito,-155.23,195,48.9
5756,641,641,7,100,7585,2020-10-06 17:51:08.652,Compra Débito,-26.11,641,5294.41
5757,239,239,6,88,8231,2022-07-14 00:52:42.535,Compra Débito,-25.11,239,13809.65
5758,991,991,4,57,6103,2016-09-15 03:37:56.971,Depósito em espécie,46.33,991,430.16
5759,539,539,1,32,5670,2015-07-10 07:55:23.743,Compra Débito,-11.93,539,100962.93
5760,115,115,2,84,7824,2021-06-02 09:03:28.451,Pix - Realizado,-245.5,115,2036.75
5761,117,117,4,57,5412,2014-10-25 11:59:05.575,Depósito em espécie,92.28,117,97.21
5762,338,338,7,42,8134,2022-04-08 04:11:18.805,Compra Débito,-55.63,338,1187.02
5763,184,184,5,49,7617,2020-11-07 14:32:04.689,Compra Débito,-10.46,184,41.16
5764,181,181,2,85,4379,2011-12-27 17:26:30.210,Depósito em espécie,35.11,181,196.99
5765,292,292,5,67,5537,2015-02-27 20:33:05.958,Compra Débito,-22.05,292,436.53
5766,486,486,7,33,8015,2021-12-10 10:59:07.718,Saque,-130.13,486,648.28
5767,373,373,2,86,4311,2011-10-20 13:57:42.287,Compra Crédito,-38.66,373,951.99
5768,399,399,7,33,7788,2021-04-27 19:11:09.861,Compra Débito,-30.17,399,2064.69
5769,208,208,4,35,6909,2018-11-30 21:27:18.051,Compra Débito,-40.3,208,77.03
5770,775,775,4,57,7214,2019-10-01 23:37:27.909,Compra Débito,-7.73,775,260.06
5771,574,574,6,28,5940,2016-04-05 02:11:40.224,Depósito em espécie,23.74,574,1.9
5772,569,569,4,45,7784,2021-04-23 04:49:52.173,Compra Crédito,-18.88,569,125.24
5773,39,39,2,84,5788,2015-11-05 19:45:40.160,Depósito em espécie,31.81,39,41879.26
5774,278,278,4,57,5570,2015-04-01 07:02:57.141,Compra Crédito,-13.86,278,30.67
5775,173,173,1,60,5320,2014-07-25 19:55:40.564,Compra Débito,-38.63,173,140.11
5776,975,975,1,32,5113,2013-12-30 21:02:49.828,Transferência entre CC - Crédito,266.0,975,42.45
5777,927,927,7,33,6677,2018-04-12 20:05:55.554,Compra Crédito,-5.03,927,25.34
5778,616,616,7,100,6678,2018-04-13 01:22:08.356,Compra Crédito,-20.71,616,12525.04
5779,22,22,1,26,5440,2014-11-22 15:52:18.122,Compra Crédito,-19.5,22,2.67
5780,815,815,3,98,5040,2013-10-18 15:10:23.697,Compra Crédito,-283.2,815,510.28
5781,512,512,5,55,6312,2017-04-12 23:17:40.966,Compra Crédito,-17.31,512,10.77
5782,746,746,7,100,8098,2022-03-03 12:15:48.461,Compra Débito,-60.59,746,2182.45
5783,870,870,7,42,7962,2021-10-18 03:32:58.587,Pix - Realizado,-404.5,870,252.45
5784,424,424,2,76,4446,2012-03-03 22:30:17.455,Depósito em espécie,28.81,424,46029.34
5785,737,737,6,22,7689,2021-01-18 18:08:42.301,Compra Débito,-29.43,737,145.26
5786,31,31,6,40,6185,2016-12-06 05:44:02.585,Compra Débito,-26.58,31,271.65
5787,670,670,3,73,6870,2018-10-22 17:00:38.929,Compra Débito,-51.53,670,1285.7
5788,949,949,7,42,5957,2016-04-22 11:12:14.609,Compra Débito,-120.71,949,15912.64
5789,417,417,7,14,6553,2017-12-09 11:13:23.107,Compra Débito,-19.49,417,486.42
5790,284,284,2,70,4159,2011-05-21 07:41:51.716,Compra Crédito,-76.27,284,222.27
5791,766,766,3,73,4921,2013-06-21 05:35:20.928,Compra Débito,-22.01,766,26.09
5792,860,860,5,55,5801,2015-11-18 05:22:48.845,Compra Crédito,-159.72,860,5.32
5793,252,252,7,71,8396,2022-12-26 15:39:44.887,Pix - Recebido,510.2,252,474.02
5794,923,923,7,71,7693,2021-01-22 08:23:47.175,Compra Crédito,-44.65,923,621.23
5795,140,140,6,22,8178,2022-05-22 13:58:37.325,Pix - Realizado,-221.7,140,533.87
5796,59,59,3,98,7150,2019-07-29 18:27:47.979,Compra Débito,-30.38,59,1.8
5797,382,382,7,7,7452,2020-05-26 01:17:06.131,Compra Débito,-86.9,382,1.46
5798,164,164,8,23,7689,2021-01-18 04:24:09.562,Depósito em espécie,51.06,164,968.66
5799,690,690,1,36,5493,2015-01-14 17:19:05.359,Compra Crédito,-45.03,690,1028.57
5800,997,997,2,85,8355,2022-11-15 17:03:40.697,Pix - Realizado,-225.4,997,15973.33
5801,986,986,3,98,7167,2019-08-15 16:27:37.639,Compra Débito,-9.35,986,13317.02
5802,624,624,7,100,6557,2017-12-13 17:37:01.003,Compra Crédito,-106.29,624,169.09
5803,429,429,5,43,7441,2020-05-15 10:19:14.532,Compra Crédito,-10.06,429,52.35
5804,829,829,7,100,8104,2022-03-09 17:46:00.073,Pix Saque,-131.26,829,398.52
5805,53,53,5,63,8353,2022-11-13 13:01:41.688,Compra Crédito,-12.79,53,9931.98
5806,613,613,1,26,3683,2010-01-30 22:28:46.211,Compra Débito,-58.8,613,5863.47
5807,864,864,7,14,6974,2019-02-03 16:44:17.195,Compra Crédito,-79.38,864,17812.14
5808,642,642,7,100,7311,2020-01-06 16:27:07.033,Compra Crédito,-6.08,642,5.39
5809,886,886,7,33,7224,2019-10-11 13:19:52.124,Compra Débito,-59.48,886,54.27
5810,775,775,4,57,7215,2019-10-02 00:09:06.752,Compra Débito,-13.48,775,260.06
5811,579,579,7,33,7134,2019-07-13 05:33:07.881,Depósito em espécie,229.48,579,399.38
5812,231,231,7,14,6436,2017-08-14 03:32:18.909,Compra Crédito,-31.53,231,2564.84
5813,377,377,2,29,8220,2022-07-03 02:31:33.318,Pix - Recebido,295.1,377,7673.52
5814,191,191,2,9,7526,2020-08-08 12:14:21.696,Compra Crédito,-40.22,191,5.42
5815,420,420,5,50,5740,2015-09-18 21:39:41.549,Compra Crédito,-53.62,420,7641.25
5816,771,771,1,80,7118,2019-06-27 00:38:26.312,Compra Débito,-39.24,771,23150.03
5817,963,963,5,43,5898,2016-02-23 15:13:08.975,Compra Crédito,-13.94,963,26.19
5818,609,609,7,14,7857,2021-07-05 05:03:42.003,Pix - Realizado,-565.6,609,4968.54
5819,707,707,7,33,6247,2017-02-06 02:21:09.740,Compra Débito,-47.42,707,258.79
5820,403,403,1,72,4853,2013-04-14 20:39:28.338,Compra Crédito,-40.67,403,649.18
5821,506,506,8,38,8140,2022-04-14 10:57:57.849,Compra Crédito,-42.3,506,268.56
5822,807,807,7,33,6514,2017-10-31 18:35:46.537,Depósito em espécie,66.01,807,15951.23
5823,712,712,7,42,8359,2022-11-19 02:25:10.717,Compra Crédito,-10.19,712,450.19
5824,824,824,7,14,7230,2019-10-17 05:54:25.550,Estorno de Debito,38.89,824,32360.92
5825,800,800,1,92,8035,2021-12-30 21:41:35.346,Pix - Realizado,-305.8,800,845.98
5826,774,774,1,39,7185,2019-09-02 00:13:11.578,Compra Débito,-4.15,774,492.43
5827,188,188,8,10,6736,2018-06-10 08:38:41.907,Saque,-83.17,188,84.9
5828,949,949,7,42,5960,2016-04-25 12:59:56.350,Compra Crédito,-87.71,949,15912.64
5829,85,85,7,14,7849,2021-06-27 19:35:11.534,Pix - Recebido,460.3,85,669.94
5830,381,381,4,57,8399,2022-12-29 16:41:49.331,Compra Crédito,-44.21,381,1432.54
5831,904,904,7,14,7870,2021-07-18 20:08:15.792,Pix - Recebido,903.2,904,670.77
5832,503,503,7,14,8400,2022-12-30 01:05:44.696,Compra Débito,-35.55,503,245.49
5833,56,56,7,7,7586,2020-10-07 12:30:10.654,Compra Débito,-33.66,56,55.1
5834,47,47,1,11,4474,2012-03-31 16:14:50.750,Depósito em espécie,277.16,47,218.62
5835,723,723,7,14,6163,2016-11-14 22:46:32.792,Compra Crédito,-24.3,723,1361.01
5836,163,163,2,84,8250,2022-08-02 10:01:18.730,Compra Débito,-8.39,163,37.1
5837,951,951,7,33,7115,2019-06-24 17:03:01.362,Depósito em espécie,81.05,951,9861.48
5838,897,897,7,33,6523,2017-11-09 23:59:33.161,Compra Débito,-48.56,897,84.61
5839,605,605,3,16,5642,2015-06-12 09:51:01.371,Compra Crédito,-21.13,605,48.1
5840,99,99,7,7,7878,2021-07-26 16:48:44.585,Pix - Realizado,-121.1,99,6159.31
5841,934,934,1,26,5799,2015-11-16 22:24:10.531,Compra Crédito,-14.43,934,17360.35
5842,804,804,7,7,8284,2022-09-05 16:12:55.495,Pix - Realizado,-867.7,804,2553.01
5843,105,105,7,7,5995,2016-05-30 22:26:19.872,Depósito em espécie,15.0,105,132.78
5844,29,29,3,98,7844,2021-06-22 16:23:55.563,Depósito em espécie,46.18,29,424.41
5845,640,640,7,71,7634,2020-11-24 05:45:50.342,Compra Crédito,-23.51,640,418.19
5846,979,979,7,71,8400,2022-12-30 04:01:23.805,Pix - Realizado,-100.4,979,1006.13
5847,633,633,7,14,7213,2019-09-30 06:18:18.524,Transferência entre CC - Crédito,566.0,633,438.87
5848,645,645,7,71,8398,2022-12-28 23:36:33.280,Compra Crédito,-20.54,645,41775.87
5849,986,986,3,98,7168,2019-08-16 11:15:23.569,Depósito em espécie,81.33,986,13317.02
5850,292,292,5,67,5540,2015-03-02 11:37:17.639,Pagamento de boleto,-3534.6,292,436.53
5851,625,625,3,51,6143,2016-10-25 14:49:54.975,Compra Crédito,-109.08,625,1736.31
5852,883,883,7,42,8333,2022-10-24 21:18:41.707,Compra Crédito,-9.44,883,485.4
5853,564,564,1,80,7210,2019-09-27 19:47:10.006,Compra Débito,-13.16,564,9153.86
5854,974,974,7,7,7661,2020-12-21 19:07:46.624,Compra Débito,-123.33,974,372.33
5855,546,546,1,61,7686,2021-01-15 05:48:48.138,Compra Débito,-50.73,546,803.81
5856,595,595,2,29,7941,2021-09-27 07:42:04.656,Compra Débito,-35.64,595,27566.85
5857,164,164,8,23,7689,2021-01-18 07:52:09.723,Pix - Recebido,944.4,164,968.66
5858,85,85,7,14,8027,2021-12-22 23:38:45.045,Pix - Realizado,-261.4,85,669.94
5859,782,782,6,88,5926,2016-03-22 03:20:14.175,Compra Crédito,-109.05,782,42.44
5860,137,137,1,36,7041,2019-04-11 22:57:45.471,Compra Crédito,-16.71,137,338.5
5861,737,737,6,22,7689,2021-01-18 18:08:42.925,Saque,-161.41,737,145.26
5862,195,195,4,45,5662,2015-07-02 10:40:27.196,Compra Débito,-80.36,195,48.9
5863,450,450,7,7,8147,2022-04-21 00:31:29.072,Compra Crédito,-17.19,450,888.57
5864,78,78,7,42,8282,2022-09-03 10:34:58.918,Compra Crédito,-8.82,78,1075.63
5865,83,83,7,14,8059,2022-01-23 11:14:16.225,Compra Crédito,-230.66,83,1420.31
5866,759,759,1,80,8311,2022-10-02 15:38:59.647,Pix - Recebido,402.9,759,339.17
5867,782,782,6,88,5926,2016-03-22 03:30:55.920,Compra Débito,-18.22,782,42.44
5868,417,417,7,14,6554,2017-12-10 05:06:17.750,Depósito em espécie,18.25,417,486.42
5869,24,24,6,54,5789,2015-11-06 20:11:29.621,Depósito em espécie,101.76,24,129.36
5870,754,754,1,61,4328,2011-11-06 22:27:42.011,Compra Crédito,-7.59,754,21.71
5871,591,591,7,100,5914,2016-03-10 23:32:38.373,Compra Crédito,-116.24,591,46.46
5872,999,999,7,42,7555,2020-09-06 14:18:08.132,Compra Crédito,-14.42,999,11.44
5873,122,122,7,100,6853,2018-10-05 17:53:17.361,Estorno de Debito,21.35,122,437.76
5874,815,815,3,98,5040,2013-10-18 15:17:38.102,Compra Crédito,-21.17,815,510.28
5875,753,753,7,33,7009,2019-03-10 11:30:34.580,Compra Crédito,-33.39,753,15.45
5876,889,889,3,91,6366,2017-06-05 04:24:04.870,Saque,-959.06,889,4872.02
5877,165,165,7,42,7548,2020-08-30 15:13:16.146,Compra Débito,-19.37,165,537.34
5878,474,474,7,71,7279,2019-12-05 08:51:41.871,Transferência entre CC - Crédito,522.5,474,414.48
5879,910,910,4,1,6921,2018-12-12 21:18:02.557,Depósito em espécie,49.17,910,79.63
5880,79,79,4,35,5153,2014-02-08 07:48:56.777,Compra Crédito,-14.23,79,219.09
5881,165,165,7,42,7549,2020-08-31 10:40:37.268,Saque,-323.64,165,537.34
5882,463,463,7,100,8090,2022-02-23 12:21:48.434,Compra Débito,-27.68,463,848.28
5883,787,787,4,19,8394,2022-12-24 18:02:10.122,Pix - Realizado,-554.2,787,25561.95
5884,726,726,3,91,6896,2018-11-17 16:11:52.009,Depósito em espécie,30.52,726,30.63
5885,256,256,7,42,8044,2022-01-08 21:50:09.084,Compra Débito,-60.6,256,648.1
5886,967,967,7,100,7801,2021-05-10 03:55:32.579,Compra Crédito,-80.21,967,527.36
5887,80,80,7,71,7579,2020-09-30 10:07:41.133,Depósito em espécie,17.45,80,27.45
5888,375,375,2,70,7345,2020-02-09 23:01:10.789,Compra Débito,-59.88,375,110.31
5889,701,701,2,85,7150,2019-07-29 17:49:18.979,Compra Débito,-8.19,701,4.39
5890,514,514,9,65,7965,2021-10-21 00:14:03.789,Compra Crédito,-19.19,514,29138.28
5891,790,790,7,7,7902,2021-08-19 10:33:55.427,Compra Débito,-35.01,790,47.89
5892,610,610,7,42,7755,2021-03-25 12:02:06.215,Pix - Recebido,470.5,610,378.18
5893,692,692,3,31,7323,2020-01-18 22:27:16.422,Compra Crédito,-110.47,692,2.06
5894,267,267,6,22,7470,2020-06-13 17:34:12.810,Compra Débito,-54.37,267,288.77
5895,802,802,3,13,8367,2022-11-27 09:57:26.390,Compra Crédito,-27.66,802,981.85
5896,696,696,7,100,6538,2017-11-24 11:21:36.288,Compra Crédito,-3.25,696,3036.27
5897,243,243,5,49,7810,2021-05-19 20:50:11.714,Compra Débito,-28.01,243,1150.34
5898,78,78,7,42,8288,2022-09-09 04:18:19.007,Pix - Recebido,988.7,78,1075.63
5899,562,562,10,30,8030,2021-12-25 07:19:09.517,Compra Crédito,-16.44,562,1204.78
5900,949,949,7,42,5967,2016-05-02 01:09:18.379,Compra Crédito,-16.91,949,15912.64
5901,406,406,6,22,8384,2022-12-14 01:11:41.164,Compra Débito,-89.77,406,166.64
5902,69,69,2,90,7306,2020-01-01 13:27:37.612,Saque,-417.46,69,20300.68
5903,998,998,2,84,4954,2013-07-24 15:28:04.904,Depósito em espécie,47.67,998,36.07
5904,563,563,1,62,7721,2021-02-19 03:01:47.766,Compra Crédito,-31.12,563,413.35
5905,93,93,1,92,7498,2020-07-11 03:02:42.859,Compra Crédito,-14.79,93,80650.07
5906,303,303,3,51,5382,2014-09-25 11:07:50.886,Compra Crédito,-11.91,303,318.88
5907,134,134,5,43,7155,2019-08-03 21:44:04.072,Compra Débito,-31.42,134,33031.09
5908,210,210,3,91,4510,2012-05-06 15:56:21.946,Compra Crédito,-21.42,210,24.59
5909,549,549,8,38,6822,2018-09-04 10:53:54.963,Compra Débito,-41.02,549,325.26
5910,758,758,5,50,5912,2016-03-08 13:39:07.460,Compra Crédito,-7.69,758,92.52
5911,934,934,1,26,5821,2015-12-08 15:43:21.768,Depósito em espécie,113.78,934,17360.35
5912,234,234,5,49,7483,2020-06-26 17:55:38.243,Saque,-151.63,234,1129.01
5913,493,493,7,42,7618,2020-11-08 08:04:08.601,Compra Crédito,-4.48,493,532.93
5914,816,816,3,51,4875,2013-05-06 20:40:54.226,Transferência entre CC - Crédito,441.2,816,347.91
5915,991,991,4,57,6445,2017-08-23 21:02:52.927,Compra Crédito,-15.55,991,430.16
5916,438,438,8,5,7475,2020-06-18 14:26:09.067,Compra Crédito,-49.54,438,1675.67
5917,331,331,7,71,7136,2019-07-15 17:50:22.879,Compra Crédito,-7.31,331,32267.25
5918,621,621,7,42,7361,2020-02-25 10:13:18.925,Compra Crédito,-25.28,621,697.1
5919,286,286,7,71,8215,2022-06-28 13:12:53.797,Pix - Recebido,2095.2,286,1724.25
5920,707,707,7,33,6247,2017-02-06 03:09:03.866,Depósito em espécie,154.93,707,258.79
5921,967,967,7,100,7815,2021-05-24 06:04:17.540,Compra Crédito,-23.88,967,527.36
5922,218,218,5,15,5702,2015-08-11 22:38:38.719,Compra Débito,-17.35,218,323.81
5923,67,67,9,46,8340,2022-10-31 12:16:05.387,Pix - Realizado,-185.6,67,33480.7
5924,223,223,7,14,7504,2020-07-17 13:17:54.300,Compra Crédito,-78.73,223,13.51
5925,854,854,6,96,7736,2021-03-06 12:57:30.130,Compra Crédito,-17.93,854,2489.45
5926,901,901,2,9,4224,2011-07-25 15:18:37.409,Pagamento de boleto,-1494.6,901,23788.28
5927,152,152,7,42,8387,2022-12-17 23:38:04.334,Depósito em espécie,12.36,152,209.11
5928,170,170,7,100,8011,2021-12-06 10:17:18.499,Compra Crédito,-8.47,170,340.47
5929,292,292,5,67,5545,2015-03-07 13:06:37.288,Compra Crédito,-994.99,292,436.53
5930,301,301,7,71,7780,2021-04-19 11:08:43.050,Compra Crédito,-31.38,301,471.75
5931,694,694,1,75,7240,2019-10-27 05:04:30.399,Depósito em espécie,110.39,694,102.68
5932,135,135,1,75,7762,2021-04-01 05:08:54.318,Compra Crédito,-23.44,135,408.51
5933,438,438,8,5,7475,2020-06-18 14:26:17.274,Compra Débito,-223.9,438,1675.67
5934,535,535,7,33,7003,2019-03-04 20:44:59.874,Compra Crédito,-58.6,535,31.05
5935,239,239,6,88,8232,2022-07-15 00:00:49.241,Compra Crédito,-4.26,239,13809.65
5936,918,918,1,75,5380,2014-09-23 16:34:34.622,Compra Débito,-32.29,918,1.77
5937,25,25,8,23,8284,2022-09-05 05:55:44.662,Depósito em espécie,118.37,25,29.89
5938,66,66,7,33,7167,2019-08-15 13:03:28.888,Compra Débito,-12.19,66,50577.51
5939,398,398,5,67,7370,2020-03-05 08:40:26.728,Compra Débito,-5.21,398,98018.34
5940,396,396,7,71,7855,2021-07-03 10:39:21.943,Compra Débito,-63.53,396,765.0
5941,656,656,2,81,6709,2018-05-14 22:20:37.571,Transferência entre CC - Crédito,283.2,656,72005.0
5942,271,271,4,57,8354,2022-11-14 00:45:36.557,Pix - Recebido,5680.4,271,7534.76
5943,319,319,3,31,5029,2013-10-07 23:47:30.651,Compra Débito,-33.88,319,24.22
5944,453,453,4,1,5535,2015-02-25 16:43:59.039,Compra Débito,-7.51,453,17142.15
5945,989,989,2,70,7019,2019-03-20 09:43:28.426,Compra Crédito,-42.47,989,1.03
5946,989,989,2,70,7025,2019-03-26 02:41:16.855,Compra Crédito,-4.92,989,1.03
5947,39,39,2,84,5878,2016-02-03 16:59:23.602,TED - Recebido,44505.0,39,41879.26
5948,919,919,7,14,6478,2017-09-25 23:43:53.487,Compra Crédito,-42.81,919,137.51
5949,471,471,7,14,8057,2022-01-21 19:27:09.091,Compra Crédito,-63.79,471,9465.57
5950,888,888,3,73,7799,2021-05-08 17:10:40.728,Pix - Recebido,485.9,888,386.72
5951,652,652,7,14,8119,2022-03-24 08:18:05.533,Compra Débito,-138.82,652,117.65
5952,229,229,7,14,7586,2020-10-07 09:14:30.671,Compra Débito,-36.03,229,110.29
5953,710,710,7,42,6210,2016-12-31 18:29:28.262,Compra Débito,-3.8,710,38354.24
5954,706,706,7,14,6925,2018-12-16 20:23:58.755,Compra Crédito,-81.73,706,972.02
5955,231,231,7,14,6436,2017-08-14 04:07:33.502,Compra Débito,-23.75,231,2564.84
5956,206,206,7,33,8238,2022-07-21 05:06:39.998,Compra Débito,-23.68,206,24.58
5957,857,857,2,70,5322,2014-07-27 13:42:52.578,Compra Débito,-15.67,857,11040.58
5958,17,17,7,7,7610,2020-10-31 22:57:17.985,Saque,-322.06,17,292.77
5959,740,740,4,19,6073,2016-08-16 14:04:41.636,Compra Débito,-22.26,740,13398.08
5960,106,106,6,44,7243,2019-10-30 00:28:14.533,Compra Crédito,-28.42,106,1060.32
5961,899,899,1,92,7827,2021-06-05 06:11:46.158,Compra Débito,-34.51,899,6.64
5962,621,621,7,42,7362,2020-02-26 04:55:18.541,Depósito em espécie,23.76,621,697.1
5963,49,49,7,100,7809,2021-05-18 06:10:36.645,Compra Crédito,-40.28,49,1.99
5964,176,176,4,35,6741,2018-06-15 22:19:47.812,Compra Crédito,-34.54,176,43.45
5965,553,553,5,43,8028,2021-12-23 18:54:11.680,Compra Crédito,-25.07,553,317.19
5966,570,570,4,1,7029,2019-03-30 23:42:47.345,Depósito em espécie,26.9,570,17.65
5967,152,152,7,42,8388,2022-12-18 11:56:42.730,Compra Crédito,-18.78,152,209.11
5968,246,246,2,86,6299,2017-03-30 00:24:33.067,Compra Crédito,-85.12,246,53774.09
5969,818,818,7,33,5997,2016-06-01 07:52:41.116,Compra Crédito,-7.81,818,11.77
5970,837,837,5,15,7503,2020-07-16 09:53:47.642,Compra Débito,-81.24,837,1685.83
5971,112,112,4,19,8375,2022-12-05 13:17:34.391,Compra Débito,-42.79,112,532.48
5972,806,806,5,55,5475,2014-12-27 05:01:29.308,Compra Crédito,-52.12,806,70.88
5973,55,55,8,47,8134,2022-04-08 02:10:19.699,Compra Débito,-61.81,55,15624.79
5974,264,264,7,71,8396,2022-12-26 01:46:39.565,Pix - Realizado,-177.4,264,217.51
5975,80,80,7,71,7579,2020-09-30 10:08:55.865,Compra Crédito,-119.84,80,27.45
5976,974,974,7,7,7661,2020-12-21 21:13:09.053,Compra Débito,-30.3,974,372.33
5977,905,905,1,80,4442,2012-02-28 08:50:44.311,Compra Débito,-16.39,905,645.84
5978,41,41,1,32,7526,2020-08-08 04:36:55.484,Compra Débito,-9.8,41,166.11
5979,813,813,2,81,5499,2015-01-20 10:57:42.995,Compra Débito,-22.17,813,21054.94
5980,50,50,1,18,7394,2020-03-29 22:47:37.520,Compra Débito,-37.15,50,806.55
5981,456,456,3,13,5142,2014-01-28 10:04:45.279,Compra Crédito,-28.18,456,60535.86
5982,598,598,7,7,8299,2022-09-20 04:59:18.324,Compra Crédito,-18.12,598,442.26
5983,199,199,7,71,7027,2019-03-28 15:45:32.457,Estorno de Debito,9.87,199,24.22
5984,449,449,7,14,7828,2021-06-06 22:25:46.668,Pix - Realizado,-251.4,449,378.55
5985,182,182,4,45,7131,2019-07-10 16:19:12.592,Compra Crédito,-10.94,182,13622.15
5986,846,846,8,23,8176,2022-05-20 06:50:39.735,Compra Débito,-58.33,846,2090.0
5987,365,365,1,75,6469,2017-09-16 23:06:47.137,Depósito em espécie,24.48,365,5.78
5988,859,859,7,100,8393,2022-12-23 15:18:37.436,Pix - Recebido,1732.4,859,586.87
5989,687,687,8,38,7181,2019-08-29 09:53:15.119,Compra Crédito,-62.18,687,999.34
5990,170,170,7,100,8011,2021-12-06 14:20:25.791,Pix - Realizado,-442.2,170,340.47
5991,285,285,2,82,6863,2018-10-15 06:17:13.667,Compra Crédito,-15.91,285,30.87
5992,670,670,3,73,6907,2018-11-28 21:24:32.208,Compra Crédito,-86.55,670,1285.7
5993,310,310,7,42,7226,2019-10-13 23:59:20.207,Compra Débito,-14.19,310,30.65
5994,484,484,1,75,5336,2014-08-10 13:15:47.908,Compra Débito,-60.39,484,103.52
5995,736,736,3,98,6158,2016-11-09 09:57:29.003,Compra Crédito,-38.3,736,87.06
5996,486,486,7,33,8015,2021-12-10 14:16:35.008,Compra Débito,-110.3,486,648.28
5997,735,735,7,7,7071,2019-05-11 04:37:29.292,Depósito em espécie,39.29,735,43843.05
5998,331,331,7,71,7136,2019-07-15 19:05:08.337,Saque,-148.01,331,32267.25
5999,225,225,4,57,6520,2017-11-06 09:31:08.724,Compra Débito,-8.44,225,36.51
6000,555,555,5,49,7681,2021-01-10 07:29:11.155,Compra Crédito,-76.02,555,1819.41
6001,166,166,7,14,7707,2021-02-05 01:55:42.036,Pix - Realizado,-228.1,166,782.5
6002,336,336,7,100,6479,2017-09-26 06:50:00.581,Depósito em espécie,110.14,336,9163.5
6003,171,171,7,33,7450,2020-05-24 16:38:20.226,Compra Débito,-21.28,171,548.91
6004,501,501,4,35,5327,2014-08-01 04:42:25.417,Compra Débito,-11.49,501,44.82
6005,347,347,7,100,7623,2020-11-13 19:43:15.048,Compra Débito,-65.0,347,1104.9
6006,438,438,8,5,7483,2020-06-26 07:00:14.714,Compra Crédito,-16.67,438,1675.67
6007,212,212,7,14,8218,2022-07-01 05:08:20.267,Pix - Recebido,426.7,212,275.77
6008,434,434,7,7,7850,2021-06-28 00:06:19.145,Compra Crédito,-74.74,434,2104.82
6009,417,417,7,14,6696,2018-05-01 08:48:17.581,Depósito em espécie,46.31,417,486.42
6010,460,460,7,71,6681,2018-04-16 07:26:58.399,Compra Crédito,-34.0,460,7316.98
6011,851,851,7,7,7387,2020-03-22 01:49:09.630,Compra Crédito,-238.94,851,4.05
6012,210,210,3,91,5769,2015-10-17 00:21:44.458,Depósito em espécie,60.74,210,24.59
6013,234,234,5,49,7484,2020-06-27 02:31:23.861,Compra Débito,-210.95,234,1129.01
6014,316,316,7,33,7975,2021-10-31 22:25:04.515,Compra Crédito,-19.93,316,5.29
6015,521,521,7,71,7233,2019-10-20 23:04:19.828,Compra Crédito,-21.14,521,92.87
6016,978,978,5,15,7701,2021-01-30 09:14:24.815,Compra Débito,-23.12,978,40487.07
6017,349,349,7,14,7877,2021-07-25 12:12:32.813,Estorno de Debito,52.93,349,810.24
6018,590,590,7,71,8027,2021-12-22 06:58:03.563,Compra Débito,-74.73,590,375.29
6019,609,609,7,14,7858,2021-07-06 19:19:32.859,Compra Débito,-91.43,609,4968.54
6020,180,180,7,71,6194,2016-12-15 00:37:31.934,Saque,-210.62,180,12252.59
6021,908,908,5,58,5617,2015-05-18 20:21:57.438,Compra Crédito,-10.95,908,1.83
6022,74,74,7,14,8020,2021-12-15 23:42:05.421,Pix - Realizado,-328.6,74,47148.34
6023,303,303,3,51,5382,2014-09-25 20:24:45.506,Compra Crédito,-2.39,303,318.88
6024,102,102,7,7,7809,2021-05-18 04:02:56.229,Compra Crédito,-73.3,102,13201.87
6025,252,252,7,71,8396,2022-12-26 15:40:10.217,Compra Débito,-35.23,252,474.02
6026,936,936,7,33,8142,2022-04-16 07:03:06.728,Pix - Realizado,-82.1,936,458.65
6027,633,633,7,14,7213,2019-09-30 08:08:00.479,Compra Crédito,-40.92,633,438.87
6028,292,292,5,67,5582,2015-04-13 20:17:34.440,Compra Débito,-104.51,292,436.53
6029,357,357,7,7,6986,2019-02-15 16:25:49.203,Compra Débito,-38.41,357,20.01
6030,17,17,7,7,7613,2020-11-03 16:06:05.870,Compra Crédito,-26.93,17,292.77
6031,731,731,7,7,8388,2022-12-18 13:03:50.380,Compra Crédito,-29.74,731,524.28
6032,716,716,1,36,8344,2022-11-04 14:32:49.764,Compra Crédito,-42.8,716,21.65
6033,386,386,3,51,5039,2013-10-17 07:55:56.845,Compra Crédito,-52.91,386,1806.71
6034,377,377,2,29,8227,2022-07-10 15:13:29.703,Compra Débito,-31.38,377,7673.52
6035,461,461,6,28,6448,2017-08-26 17:33:18.254,Compra Débito,-125.57,461,147.18
6036,716,716,1,36,8344,2022-11-04 17:36:41.270,Compra Crédito,-6.89,716,21.65
6037,395,395,9,59,7995,2021-11-20 23:57:18.178,Pix - Realizado,-65.7,395,791.86
6038,716,716,1,36,8362,2022-11-22 06:31:39.585,Compra Débito,-57.44,716,21.65
6039,573,573,7,71,8307,2022-09-28 04:56:18.579,Pix - Recebido,859.8,573,21.88
6040,430,430,3,73,4915,2013-06-15 22:24:29.668,Compra Débito,-250.87,430,27934.18
6041,493,493,7,42,7618,2020-11-08 13:30:06.489,Depósito em espécie,64.0,493,532.93
6042,466,466,2,95,6647,2018-03-13 17:47:46.706,Compra Crédito,-47.4,466,61879.3
6043,611,611,6,48,8398,2022-12-28 23:28:02.797,Pix - Realizado,-249.3,611,24506.47
6044,22,22,1,26,5441,2014-11-23 18:42:13.825,Compra Débito,-109.78,22,2.67
6045,499,499,7,7,6788,2018-08-01 20:31:25.772,Depósito em espécie,25.96,499,22.94
6046,332,332,1,60,6679,2018-04-14 10:04:49.473,Depósito em espécie,60.45,332,37.78
6047,311,311,7,100,7995,2021-11-20 01:51:30.620,Pix - Realizado,-419.4,311,189.43
6048,142,142,2,81,6923,2018-12-14 13:00:23.907,Compra Crédito,-9.34,142,23.92
6049,833,833,7,14,8382,2022-12-12 11:25:12.996,Pix - Realizado,-373.6,833,7112.52
6050,239,239,6,88,8234,2022-07-17 01:17:09.805,Compra Crédito,-6.14,239,13809.65
6051,251,251,5,63,6469,2017-09-16 09:33:16.971,Compra Débito,-193.09,251,19.73
6052,506,506,8,38,8155,2022-04-29 17:38:14.467,Depósito em espécie,83.64,506,268.56
6053,985,985,7,33,7875,2021-07-23 14:29:13.564,Depósito em espécie,42.37,985,86.56
6054,143,143,7,7,7809,2021-05-18 09:37:30.591,Compra Crédito,-79.33,143,309.11
6055,389,389,7,71,7908,2021-08-25 10:29:56.956,Compra Crédito,-40.29,389,1275.37
6056,159,159,7,7,7385,2020-03-20 05:08:14.530,Compra Débito,-20.85,159,53761.86
6057,489,489,7,100,7446,2020-05-20 10:53:12.798,Compra Crédito,-11.62,489,2.95
6058,759,759,1,80,8314,2022-10-05 13:37:23.093,Compra Crédito,-88.3,759,339.17
6059,993,993,7,14,7214,2019-10-01 00:03:57.365,Compra Crédito,-8.96,993,33.5
6060,477,477,7,71,5915,2016-03-11 14:26:22.344,Compra Crédito,-21.31,477,36068.85
6061,91,91,7,14,7320,2020-01-15 19:31:41.644,Compra Débito,-7.25,91,0.67
6062,114,114,7,33,7518,2020-07-31 10:53:19.210,Compra Crédito,-119.05,114,7855.66
6063,988,988,6,28,8011,2021-12-06 17:40:08.726,Compra Crédito,-50.85,988,155.68
6064,720,720,1,80,5566,2015-03-28 15:55:59.398,Compra Crédito,-51.19,720,19081.01
6065,402,402,3,13,5145,2014-01-31 21:54:50.713,Depósito em espécie,142.36,402,132.71
6066,150,150,3,31,7349,2020-02-13 01:58:49.650,Compra Débito,-108.91,150,7121.49
6067,616,616,7,100,6679,2018-04-14 03:39:29.813,Compra Crédito,-46.17,616,12525.04
6068,403,403,1,72,4853,2013-04-14 22:42:51.832,Compra Crédito,-9.64,403,649.18
6069,925,925,9,74,7564,2020-09-15 00:31:44.563,Compra Crédito,-23.39,925,4860.91
6070,521,521,7,71,7234,2019-10-21 22:41:07.504,Compra Crédito,-11.04,521,92.87
6071,902,902,7,71,7005,2019-03-06 10:14:11.690,Compra Crédito,-39.77,902,13771.38
6072,242,242,7,14,7114,2019-06-23 06:58:04.286,Compra Débito,-74.19,242,2838.61
6073,976,976,4,1,5679,2015-07-19 11:41:42.651,Compra Crédito,-26.21,976,5.45
6074,651,651,7,7,5895,2016-02-20 19:08:13.486,Compra Crédito,-27.22,651,21634.01
6075,711,711,8,47,6790,2018-08-03 09:16:53.504,Compra Crédito,-55.73,711,14.31
6076,756,756,7,100,7473,2020-06-16 19:57:10.448,Compra Crédito,-29.47,756,79.57
6077,436,436,1,18,6368,2017-06-07 17:27:38.941,Compra Débito,-6.01,436,43193.28
6078,195,195,4,45,5663,2015-07-03 11:10:28.463,Compra Crédito,-13.54,195,48.9
6079,114,114,7,33,7521,2020-08-03 18:50:05.709,Depósito em espécie,14.28,114,7855.66
6080,614,614,7,7,7777,2021-04-16 01:32:12.258,Compra Débito,-12.62,614,919.54
6081,273,273,2,95,8300,2022-09-21 11:40:00.761,Compra Crédito,-16.47,273,2610.71
6082,589,589,8,69,7375,2020-03-10 22:12:20.398,DOC - Recebido,30025.0,589,28519.79
6083,277,277,7,33,8385,2022-12-15 12:51:05.834,Depósito em espécie,50.32,277,841.7
6084,861,861,4,57,6259,2017-02-18 18:03:56.661,Compra Débito,-22.53,861,35.17
6085,819,819,10,53,8192,2022-06-05 13:27:30.983,Compra Crédito,-16.97,819,9921.46
6086,871,871,3,13,5390,2014-10-03 16:34:46.087,Compra Débito,-20.57,871,7034.08
6087,951,951,7,33,7118,2019-06-27 07:04:14.397,Depósito em espécie,69.34,951,9861.48
6088,462,462,7,100,7602,2020-10-23 15:23:44.373,Compra Crédito,-43.68,462,18922.28
6089,595,595,2,29,7941,2021-09-27 07:49:13.877,Pix - Recebido,510.1,595,27566.85
6090,316,316,7,33,7977,2021-11-02 04:42:55.991,Saque,-759.62,316,5.29
6091,663,663,2,70,5934,2016-03-30 04:01:19.728,Transferência entre CC - Débito,-316.9,663,5.92
6092,911,911,7,14,8173,2022-05-17 17:34:55.570,Pix - Recebido,127.8,911,492.8
6093,991,991,4,57,6445,2017-08-23 21:56:00.727,Depósito em espécie,101.02,991,430.16
6094,900,900,1,60,8398,2022-12-28 17:39:49.452,Pix - Realizado,-162.9,900,7410.38
6095,615,615,4,1,6947,2019-01-07 11:49:55.433,Compra Crédito,-174.49,615,415.48
6096,209,209,7,14,6195,2016-12-16 03:49:03.384,Compra Crédito,-17.64,209,5.22
6097,358,358,3,51,6984,2019-02-13 14:42:05.366,Compra Crédito,-8.19,358,143.47
6098,385,385,4,19,7551,2020-09-02 22:45:24.654,Compra Débito,-12.37,385,13281.25
6099,820,820,4,35,6356,2017-05-26 12:39:57.274,Compra Débito,-67.45,820,50513.1
6100,633,633,7,14,7213,2019-09-30 08:29:08.094,Saque,-59.01,633,438.87
6101,60,60,7,33,6768,2018-07-12 13:15:31.483,Compra Crédito,-15.82,60,810.56
6102,468,468,7,7,7168,2019-08-16 08:07:18.015,Compra Crédito,-10.57,468,6.33
6103,318,318,3,91,7506,2020-07-19 17:13:01.317,Compra Crédito,-20.65,318,43585.91
6104,977,977,7,14,7728,2021-02-26 04:57:25.218,Pix - Realizado,-349.0,977,7788.41
6105,520,520,1,60,5683,2015-07-23 00:04:05.013,Compra Crédito,-12.65,520,9224.06
6106,211,211,9,59,8400,2022-12-30 18:23:22.998,Compra Débito,-15.6,211,0.59
6107,530,530,1,80,5558,2015-03-20 16:42:12.068,Compra Débito,-26.72,530,181.44
6108,951,951,7,33,7118,2019-06-27 23:38:24.053,Compra Crédito,-83.38,951,9861.48
6109,769,769,7,71,6897,2018-11-18 16:11:51.207,Compra Débito,-8.96,769,40499.55
6110,420,420,5,50,5741,2015-09-19 11:19:24.994,Compra Débito,-40.69,420,7641.25
6111,520,520,1,60,5685,2015-07-25 21:50:32.734,Compra Débito,-44.61,520,9224.06
6112,468,468,7,7,7211,2019-09-28 16:44:27.350,Depósito em espécie,34.17,468,6.33
6113,569,569,4,45,7845,2021-06-23 05:40:48.651,Pix - Recebido,655.8,569,125.24
6114,560,560,7,7,6668,2018-04-03 08:52:48.134,Compra Crédito,-7.1,560,1.13
6115,920,920,2,86,8383,2022-12-13 04:12:59.301,Compra Crédito,-146.87,920,199.44
6116,944,944,7,7,8014,2021-12-09 13:56:31.651,Pix - Realizado,-347.6,944,295.89
6117,889,889,3,91,6440,2017-08-18 00:01:44.518,Depósito em espécie,31.56,889,4872.02
6118,110,110,3,31,5051,2013-10-29 09:53:28.386,Saque,-106.14,110,96140.95
6119,877,877,7,7,7011,2019-03-12 01:53:37.948,Compra Crédito,-19.91,877,30.7
6120,372,372,7,100,7243,2019-10-30 18:13:14.328,DOC - Recebido,106155.0,372,104852.88
6121,251,251,5,63,6472,2017-09-19 20:59:56.814,Compra Crédito,-31.98,251,19.73
6122,270,270,2,95,6351,2017-05-21 12:57:10.220,Compra Débito,-20.79,270,10603.62
6123,675,675,7,100,7452,2020-05-26 20:12:02.195,Compra Crédito,-40.6,675,51.61
6124,251,251,5,63,6482,2017-09-29 11:19:09.135,Saque,-232.76,251,19.73
6125,326,326,7,100,8400,2022-12-30 07:33:46.054,Compra Débito,-150.98,326,3626.75
6126,207,207,4,57,6570,2017-12-26 12:40:36.371,Compra Débito,-49.33,207,200.61
6127,806,806,5,55,5493,2015-01-14 00:09:32.613,Compra Débito,-46.5,806,70.88
6128,149,149,7,33,8133,2022-04-07 01:05:04.088,Compra Débito,-8.76,149,1259.47
6129,389,389,7,71,7908,2021-08-25 17:02:46.689,Saque,-46.34,389,1275.37
6130,455,455,7,7,7344,2020-02-08 00:51:44.555,Compra Crédito,-25.08,455,37.34
6131,847,847,8,89,7712,2021-02-10 22:12:23.713,Compra Crédito,-19.45,847,114.56
6132,40,40,7,7,7992,2021-11-17 19:11:25.297,Pix - Recebido,995.9,40,639.41
6133,129,129,1,32,8240,2022-07-23 00:35:37.130,Compra Crédito,-56.94,129,634.74
6134,352,352,7,33,7794,2021-05-03 22:19:51.669,Depósito em espécie,22.83,352,317.86
6135,133,133,9,93,7389,2020-03-24 13:54:17.832,Compra Crédito,-100.78,133,41.65
6136,153,153,4,1,7734,2021-03-04 04:22:28.187,Compra Crédito,-102.77,153,268.85
6137,12,12,2,90,4861,2013-04-22 21:02:01.980,Compra Crédito,-259.34,12,386.99
6138,685,685,7,33,6201,2016-12-22 10:17:45.764,Compra Crédito,-58.35,685,8.32
6139,203,203,7,7,8198,2022-06-11 10:23:47.473,Pix - Recebido,301.8,203,737.33
6140,670,670,3,73,6908,2018-11-29 11:40:55.833,Compra Crédito,-37.66,670,1285.7
6141,359,359,1,80,5187,2014-03-14 03:34:19.405,Depósito em espécie,48.48,359,24410.06
6142,480,480,7,7,5988,2016-05-23 21:05:44.623,Depósito em espécie,26.17,480,16640.89
6143,319,319,3,31,5030,2013-10-08 02:16:28.727,Depósito em espécie,3.1,319,24.22
6144,863,863,7,42,8405,2023-01-04 11:20:24.367,Pix - Realizado,-343.7,863,418.28
6145,59,59,3,98,7150,2019-07-29 22:03:58.873,Compra Débito,-52.82,59,1.8
6146,81,81,7,71,7400,2020-04-04 07:46:44.525,Compra Crédito,-42.24,81,123.08
6147,551,551,1,32,6327,2017-04-27 23:43:58.064,Compra Débito,-14.9,551,33084.37
6148,67,67,9,46,8341,2022-11-01 13:32:07.859,Pix - Realizado,-457.2,67,33480.7
6149,854,854,6,96,7783,2021-04-22 13:02:16.683,Pix - Recebido,2802.6,854,2489.45
6150,972,972,7,42,7985,2021-11-10 09:17:29.642,Pix - Recebido,549.8,972,468.02
6151,439,439,1,32,7173,2019-08-21 15:52:47.780,Compra Crédito,-30.77,439,37.0
6152,250,250,5,55,6307,2017-04-07 09:41:13.613,Compra Crédito,-17.83,250,12.9
6153,110,110,3,31,5190,2014-03-17 10:39:02.979,Compra Crédito,-81.63,110,96140.95
6154,425,425,5,67,5424,2014-11-06 02:11:23.970,Compra Crédito,-36.01,425,9.86
6155,227,227,3,16,6433,2017-08-11 22:36:54.678,Compra Crédito,-33.9,227,15.83
6156,780,780,8,6,6639,2018-03-05 15:23:55.530,Compra Crédito,-8.29,780,15.8
6157,227,227,3,16,6434,2017-08-12 04:47:45.803,Compra Débito,-52.19,227,15.83
6158,696,696,7,100,6548,2017-12-04 01:21:38.080,Compra Débito,-66.4,696,3036.27
6159,173,173,1,60,5330,2014-08-04 08:18:26.767,Depósito em espécie,176.53,173,140.11
6160,141,141,7,42,8136,2022-04-10 20:00:28.555,Pix - Recebido,353.0,141,270.68
6161,884,884,7,71,6934,2018-12-25 11:25:18.096,Compra Crédito,-16.61,884,58.98
6162,77,77,7,100,6498,2017-10-15 06:12:17.125,TED - Recebido,31080.0,77,30672.17
6163,165,165,7,42,7551,2020-09-02 23:45:17.790,Compra Crédito,-17.69,165,537.34
6164,406,406,6,22,8384,2022-12-14 11:13:52.021,Compra Crédito,-91.31,406,166.64
6165,821,821,7,71,8362,2022-11-22 08:04:42.222,Pix - Realizado,-126.6,821,1325.06
6166,241,241,5,15,7611,2020-11-01 08:40:32.770,Compra Débito,-29.38,241,536.84
6167,763,763,6,4,6959,2019-01-19 15:03:56.539,Compra Débito,-16.75,763,3.04
6168,309,309,1,39,8312,2022-10-03 00:31:18.401,Pix - Realizado,-101.7,309,759.62
6169,638,638,3,73,7495,2020-07-08 11:47:14.758,TED - Recebido,19180.0,638,18243.26
6170,886,886,7,33,7258,2019-11-14 23:05:02.000,Compra Débito,-48.3,886,54.27
6171,505,505,7,33,8004,2021-11-29 16:38:03.021,Compra Débito,-34.06,505,47.19
6172,267,267,6,22,7471,2020-06-14 15:05:03.561,Compra Crédito,-31.33,267,288.77
6173,904,904,7,14,7875,2021-07-23 07:24:22.009,Pix - Realizado,-1062.7,904,670.77
6174,39,39,2,84,5878,2016-02-03 19:05:26.106,Compra Débito,-44.07,39,41879.26
6175,986,986,3,98,7168,2019-08-16 13:07:20.673,Compra Crédito,-39.39,986,13317.02
6176,817,817,7,100,6911,2018-12-02 08:36:43.232,Compra Crédito,-20.42,817,19329.08
6177,971,971,1,61,5910,2016-03-06 13:04:47.616,Compra Débito,-55.32,971,73.87
6178,410,410,7,14,6803,2018-08-16 02:09:00.977,Compra Crédito,-182.39,410,53033.04
6179,311,311,7,100,7996,2021-11-21 05:59:50.230,Pix - Recebido,357.4,311,189.43
6180,705,705,7,42,8386,2022-12-16 06:46:25.448,Pix - Realizado,-156.7,705,89349.96
6181,496,496,7,100,8178,2022-05-22 10:12:05.215,Pix - Recebido,834.2,496,430.68
6182,252,252,7,71,8400,2022-12-30 07:02:35.797,Pix - Realizado,-171.1,252,474.02
6183,705,705,7,42,8386,2022-12-16 22:40:09.205,Depósito em espécie,74.71,705,89349.96
6184,849,849,7,7,7477,2020-06-20 13:30:37.589,Compra Débito,-101.37,849,48289.13
6185,204,204,7,100,7187,2019-09-04 13:21:38.448,Compra Débito,-53.13,204,104.32
6186,586,586,7,33,5889,2016-02-14 00:59:10.389,Estorno de Debito,17.11,586,44099.92
6187,466,466,2,95,6654,2018-03-20 17:07:58.457,Compra Débito,-34.01,466,61879.3
6188,912,912,7,100,8363,2022-11-23 14:29:36.005,Compra Crédito,-29.49,912,23655.76
6189,802,802,3,13,8370,2022-11-30 16:43:46.029,Compra Crédito,-12.93,802,981.85
6190,847,847,8,89,7713,2021-02-11 02:34:41.169,Compra Débito,-246.08,847,114.56
6191,485,485,3,13,4938,2013-07-08 02:20:49.233,Compra Crédito,-11.91,485,272.31
6192,657,657,3,73,5411,2014-10-24 13:09:27.741,Compra Débito,-68.13,657,15464.38
6193,958,958,6,40,5642,2015-06-12 21:37:58.499,Compra Crédito,-13.61,958,72.3
6194,197,197,4,35,7424,2020-04-28 21:33:49.569,Compra Crédito,-55.24,197,6.74
6195,607,607,7,42,7990,2021-11-15 03:58:40.918,Compra Crédito,-39.41,607,72146.24
6196,180,180,7,71,6203,2016-12-24 08:28:34.370,Compra Crédito,-28.92,180,12252.59
6197,164,164,8,23,7690,2021-01-19 07:20:44.741,Compra Débito,-16.44,164,968.66
6198,108,108,3,31,7401,2020-04-05 17:40:10.202,Compra Débito,-8.46,108,60.92
6199,60,60,7,33,6768,2018-07-12 19:47:06.088,Depósito em espécie,23.33,60,810.56
6200,333,333,3,13,5615,2015-05-16 12:54:19.721,Compra Crédito,-81.44,333,65395.97
6201,968,968,5,55,5369,2014-09-12 18:14:42.935,Compra Débito,-78.9,968,7480.46
6202,12,12,2,90,4875,2013-05-06 12:23:57.616,Compra Débito,-32.32,12,386.99
6203,156,156,2,9,4511,2012-05-07 23:47:40.109,Compra Crédito,-16.86,156,498.76
6204,879,879,3,31,4789,2013-02-09 04:15:04.138,Compra Crédito,-24.88,879,4.04
6205,334,334,7,14,8295,2022-09-16 10:15:51.740,Pix - Recebido,1649.7,334,1195.42
6206,189,189,7,7,7445,2020-05-19 11:11:58.376,Compra Crédito,-10.9,189,25382.15
6207,554,554,1,75,6569,2017-12-25 23:39:06.509,Compra Débito,-74.36,554,25.68
6208,306,306,7,7,6510,2017-10-27 06:48:04.159,Depósito em espécie,30.33,306,86.7
6209,402,402,3,13,5146,2014-02-01 15:03:21.965,Compra Débito,-21.85,402,132.71
6210,834,834,6,44,6056,2016-07-30 01:59:04.851,Depósito em espécie,28.82,834,38.68
6211,595,595,2,29,7943,2021-09-29 19:05:09.940,Compra Crédito,-183.68,595,27566.85
6212,154,154,7,33,6714,2018-05-19 16:28:44.598,Compra Crédito,-36.1,154,339.43
6213,961,961,6,28,6852,2018-10-04 20:50:05.247,Compra Crédito,-5.28,961,7834.99
6214,338,338,7,42,8150,2022-04-24 19:56:44.550,Compra Débito,-20.2,338,1187.02
6215,457,457,7,7,7357,2020-02-21 01:52:42.783,Compra Débito,-35.72,457,1.81
6216,449,449,7,14,8041,2022-01-05 20:22:01.572,Compra Crédito,-38.52,449,378.55
6217,983,983,1,39,7964,2021-10-20 06:17:47.827,Compra Crédito,-37.07,983,28561.26
6218,749,749,5,50,5657,2015-06-27 07:26:36.777,Depósito em espécie,70.16,749,49928.0
6219,804,804,7,7,8370,2022-11-30 23:44:17.517,Compra Crédito,-42.17,804,2553.01
6220,209,209,7,14,6195,2016-12-16 12:18:11.783,Compra Crédito,-58.37,209,5.22
6221,21,21,2,86,4624,2012-08-28 02:15:17.488,Compra Crédito,-7.31,21,74.17
6222,182,182,4,45,7195,2019-09-12 23:24:41.014,Depósito em espécie,38.57,182,13622.15
6223,584,584,10,27,8229,2022-07-12 18:44:48.058,Depósito em espécie,9.82,584,806.13
6224,554,554,1,75,6592,2018-01-17 15:10:29.778,Compra Débito,-106.93,554,25.68
6225,48,48,7,100,8400,2022-12-30 19:47:42.612,Pix - Recebido,137.0,48,557.6
6226,570,570,4,1,7029,2019-03-30 23:57:50.623,Compra Crédito,-26.35,570,17.65
6227,42,42,7,14,8016,2021-12-11 12:30:43.895,Compra Débito,-23.61,42,95.06
6228,455,455,7,7,7344,2020-02-08 03:47:01.253,Compra Débito,-8.5,455,37.34
6229,424,424,2,76,4447,2012-03-04 01:18:02.847,Compra Crédito,-9.28,424,46029.34
6230,727,727,3,91,8246,2022-07-29 19:07:00.770,Compra Débito,-40.17,727,147.47
6231,433,433,9,99,7897,2021-08-14 01:12:35.819,Compra Crédito,-7.79,433,16.55
6232,230,230,7,7,7634,2020-11-24 01:38:03.051,Compra Crédito,-72.51,230,2378.15
6233,13,13,8,38,7626,2020-11-16 13:45:45.452,Pix - Realizado,-888.1,13,28351.16
6234,723,723,7,14,6295,2017-03-26 10:36:21.956,Compra Crédito,-20.22,723,1361.01
6235,589,589,8,69,7379,2020-03-14 11:11:48.924,Compra Crédito,-6.82,589,28519.79
6236,556,556,7,100,6835,2018-09-17 16:18:08.038,Compra Crédito,-23.97,556,15.61
6237,279,279,3,91,8405,2023-01-04 01:41:16.063,Compra Crédito,-26.6,279,40.41
6238,361,361,7,100,6116,2016-09-28 08:06:27.857,Depósito em espécie,13.16,361,43014.06
6239,557,557,2,29,6862,2018-10-14 20:56:55.915,Depósito em espécie,36.44,557,41512.44
6240,823,823,2,70,7702,2021-01-31 16:02:57.387,Pix - Realizado,-98.2,823,557.38
6241,299,299,6,96,7254,2019-11-10 20:58:08.493,Compra Débito,-39.68,299,146.82
6242,980,980,7,7,7108,2019-06-17 22:00:25.028,Compra Débito,-152.27,980,49.3
6243,832,832,7,33,6230,2017-01-20 01:26:46.020,Compra Débito,-27.7,832,87.14
6244,184,184,5,49,7617,2020-11-07 15:14:51.216,Compra Débito,-12.84,184,41.16
6245,584,584,10,27,8235,2022-07-18 01:53:47.914,Pix - Recebido,774.8,584,806.13
6246,289,289,1,26,6577,2018-01-02 15:20:21.300,Compra Débito,-34.98,289,2.62
6247,102,102,7,7,7809,2021-05-18 08:25:39.918,Pix - Realizado,-101.6,102,13201.87
6248,718,718,4,45,5327,2014-08-01 08:39:18.563,Compra Débito,-64.28,718,445.88
6249,497,497,2,81,4091,2011-03-14 14:52:50.282,Depósito em espécie,65.95,497,137.81
6250,956,956,8,10,7559,2020-09-10 19:40:33.799,Compra Crédito,-8.59,956,95.15
6251,947,947,4,57,7908,2021-08-25 19:31:07.955,Compra Crédito,-63.0,947,176.91
6252,369,369,1,72,7959,2021-10-15 07:09:07.981,Pix - Recebido,350.6,369,1153.14
6253,272,272,2,24,5403,2014-10-16 02:17:56.341,Compra Débito,-26.48,272,56695.45
6254,74,74,7,14,8024,2021-12-19 06:38:06.279,Pix - Realizado,-781.8,74,47148.34
6255,866,866,7,42,8024,2021-12-19 19:06:21.273,Compra Débito,-45.66,866,309.54
6256,218,218,5,15,5702,2015-08-11 23:04:01.300,Estorno de Debito,39.71,218,323.81
6257,614,614,7,7,7777,2021-04-16 16:58:14.363,Compra Crédito,-86.35,614,919.54
6258,357,357,7,7,6986,2019-02-15 17:31:24.270,Compra Crédito,-33.95,357,20.01
6259,709,709,3,31,7040,2019-04-10 15:16:05.182,Saque,-276.41,709,5626.82
6260,655,655,7,42,7619,2020-11-09 23:58:59.325,Compra Crédito,-15.38,655,232.15
6261,984,984,1,72,5116,2014-01-02 07:43:55.783,Compra Crédito,-45.61,984,16163.39
6262,197,197,4,35,7425,2020-04-29 00:24:01.958,Compra Débito,-5.35,197,6.74
6263,472,472,7,7,6833,2018-09-15 17:57:25.716,Compra Crédito,-35.99,472,206.59
6264,499,499,7,7,6788,2018-08-01 20:39:33.552,Depósito em espécie,4.99,499,22.94
6265,718,718,4,45,5334,2014-08-08 22:06:18.800,Transferência entre CC - Crédito,656.1,718,445.88
6266,645,645,7,71,8399,2022-12-29 17:55:04.939,Pix - Realizado,-139.4,645,41775.87
6267,141,141,7,42,8136,2022-04-10 23:18:27.959,Compra Crédito,-60.84,141,270.68
6268,767,767,7,33,6219,2017-01-09 14:12:35.307,Compra Crédito,-13.77,767,6534.06
6269,975,975,1,32,5113,2013-12-30 21:26:14.576,Compra Débito,-201.36,975,42.45
6270,291,291,3,98,6980,2019-02-09 00:09:37.469,Compra Crédito,-20.89,291,376.66
6271,9,9,4,45,7804,2021-05-13 03:50:38.145,Compra Crédito,-59.79,9,332.15
6272,649,649,3,16,8406,2023-01-05 20:38:35.511,Compra Crédito,-40.14,649,3.6
6273,562,562,10,30,8030,2021-12-25 07:19:57.900,Pix - Realizado,-389.3,562,1204.78
6274,77,77,7,100,6521,2017-11-07 15:15:40.206,Compra Crédito,-26.55,77,30672.17
6275,537,537,6,28,6318,2017-04-18 06:39:23.276,Depósito em espécie,35.75,537,71.43
6276,126,126,7,42,5829,2015-12-16 19:51:12.196,Compra Débito,-73.12,126,74.12
6277,187,187,7,7,6298,2017-03-29 18:44:09.320,Compra Débito,-13.56,187,111.14
6278,515,515,5,58,6030,2016-07-04 15:20:29.668,Compra Débito,-42.27,515,5657.69
6279,586,586,7,33,5889,2016-02-14 01:21:32.003,Compra Débito,-76.3,586,44099.92
6280,658,658,3,16,6273,2017-03-04 17:06:35.811,Depósito em espécie,81.07,658,7.08
6281,706,706,7,14,6925,2018-12-16 20:23:59.678,Compra Débito,-21.93,706,972.02
6282,568,568,7,71,6803,2018-08-16 20:43:17.393,Compra Crédito,-85.86,568,25.73
6283,506,506,8,38,8156,2022-04-30 23:39:11.629,Compra Débito,-96.89,506,268.56
6284,481,481,7,42,8262,2022-08-14 08:39:37.344,Compra Débito,-20.21,481,107.1
6285,681,681,7,42,7812,2021-05-21 02:47:48.209,Pix - Realizado,-256.4,681,507.39
6286,364,364,3,16,8036,2021-12-31 23:42:21.122,Pix - Realizado,-1151.6,364,1783.15
6287,373,373,2,86,4311,2011-10-20 16:14:15.479,Transferência entre CC - Crédito,1014.4,373,951.99
6288,710,710,7,42,6210,2016-12-31 21:17:24.476,Compra Débito,-28.83,710,38354.24
6289,914,914,5,55,5567,2015-03-29 15:45:39.690,Depósito em espécie,102.49,914,7492.2
6290,302,302,7,71,7479,2020-06-22 21:25:01.572,Compra Débito,-84.3,302,1444.94
6291,750,750,4,19,5987,2016-05-22 00:35:52.823,Compra Crédito,-54.41,750,1945.52
6292,514,514,9,65,7965,2021-10-21 00:24:02.597,TED - Recebido,28085.0,514,29138.28
6293,10,10,3,98,5897,2016-02-22 09:31:12.412,Compra Crédito,-13.39,10,8835.58
6294,546,546,1,61,7686,2021-01-15 18:46:43.365,Compra Crédito,-10.64,546,803.81
6295,230,230,7,7,7637,2020-11-27 03:24:40.552,Compra Crédito,-26.98,230,2378.15
6296,192,192,7,14,6596,2018-01-21 10:02:02.963,Depósito em espécie,19.52,192,4.49
6297,973,973,7,42,8007,2021-12-02 22:33:34.339,Pix - Recebido,466.0,973,873.74
6298,975,975,1,32,5114,2013-12-31 13:36:49.343,Compra Crédito,-50.53,975,42.45
6299,720,720,1,80,5572,2015-04-03 08:05:53.772,Compra Crédito,-21.54,720,19081.01
6300,882,882,7,100,7346,2020-02-10 06:15:21.307,Compra Débito,-138.12,882,13183.35
6301,212,212,7,14,8228,2022-07-11 05:31:54.488,Compra Crédito,-88.39,212,275.77
6302,239,239,6,88,8234,2022-07-17 07:32:16.841,TED - Recebido,21840.0,239,13809.65
6303,337,337,7,100,6796,2018-08-09 12:18:21.980,Compra Débito,-72.9,337,14854.02
6304,887,887,7,42,6590,2018-01-15 07:21:30.851,Compra Crédito,-32.57,887,68.2
6305,596,596,7,100,6566,2017-12-22 12:48:36.952,Compra Crédito,-57.87,596,147.68
6306,347,347,7,100,7628,2020-11-18 00:16:13.620,Pix - Recebido,879.5,347,1104.9
6307,855,855,7,71,5965,2016-04-30 00:19:46.522,Depósito em espécie,62.06,855,242.54
6308,812,812,4,35,8011,2021-12-06 10:30:24.237,Compra Crédito,-19.19,812,2869.8
6309,466,466,2,95,6654,2018-03-20 19:50:35.090,Transferência entre CC - Crédito,1786.1,466,61879.3
6310,924,924,3,91,6470,2017-09-17 20:28:07.269,Compra Crédito,-42.64,924,306.5
6311,604,604,7,14,6477,2017-09-24 19:25:28.675,TED - Recebido,6530.0,604,5498.85
6312,473,473,7,71,8278,2022-08-30 00:13:41.965,Pix - Recebido,323.6,473,353.47
6313,515,515,5,58,6032,2016-07-06 15:52:27.487,Compra Crédito,-256.65,515,5657.69
6314,251,251,5,63,6704,2018-05-09 14:56:48.614,Compra Crédito,-47.88,251,19.73
6315,300,300,9,46,7835,2021-06-13 18:08:01.628,Pix - Recebido,488.7,300,3224.34
6316,940,940,7,14,6334,2017-05-04 15:09:24.498,Compra Crédito,-18.72,940,9.19
6317,54,54,1,26,7620,2020-11-10 11:59:15.356,Compra Débito,-40.96,54,9.45
6318,631,631,6,88,6011,2016-06-15 09:36:49.102,Compra Crédito,-56.79,631,7311.87
6319,160,160,3,98,4850,2013-04-11 18:55:01.632,Compra Débito,-10.13,160,20533.29
6320,497,497,2,81,4106,2011-03-29 22:43:11.289,Compra Crédito,-14.6,497,137.81
6321,110,110,3,31,5190,2014-03-17 11:12:24.568,Saque,-1532.59,110,96140.95
6322,494,494,7,14,8352,2022-11-12 03:08:46.354,Pix - Recebido,597.0,494,484.48
6323,377,377,2,29,8227,2022-07-10 16:13:49.808,Pix - Recebido,6426.1,377,7673.52
6324,39,39,2,84,5883,2016-02-08 17:04:51.948,Compra Débito,-812.83,39,41879.26
6325,76,76,1,60,5335,2014-08-09 11:44:44.277,Compra Débito,-41.06,76,35.47
6326,248,248,7,14,7413,2020-04-17 23:27:26.503,Compra Crédito,-28.22,248,3.92
6327,19,19,7,71,6368,2017-06-07 05:53:54.915,Compra Crédito,-96.73,19,457.62
6328,996,996,2,24,8125,2022-03-30 13:44:34.793,Compra Débito,-31.91,996,30339.67
6329,14,14,1,11,8009,2021-12-04 11:39:58.096,Depósito em espécie,85.01,14,104.39
6330,837,837,5,15,7525,2020-08-07 17:44:41.094,Compra Crédito,-133.69,837,1685.83
6331,984,984,1,72,5116,2014-01-02 09:54:20.161,Compra Crédito,-17.91,984,16163.39
6332,455,455,7,7,7358,2020-02-22 01:45:04.920,Depósito em espécie,45.89,455,37.34
6333,869,869,3,98,7764,2021-04-03 21:29:40.120,Compra Débito,-45.79,869,135.54
6334,689,689,2,84,4946,2013-07-16 08:12:58.982,Compra Crédito,-38.41,689,27162.12
6335,873,873,6,44,7680,2021-01-09 16:41:55.554,Pix - Realizado,-428.0,873,6549.26
6336,81,81,7,71,7565,2020-09-16 22:25:19.622,Compra Crédito,-58.22,81,123.08
6337,377,377,2,29,8229,2022-07-12 14:34:14.834,Compra Débito,-71.93,377,7673.52
6338,946,946,7,42,8098,2022-03-03 07:47:51.889,Depósito em espécie,106.05,946,4.27
6339,811,811,9,65,7528,2020-08-10 12:50:52.620,Compra Crédito,-19.65,811,22.61
6340,289,289,1,26,6577,2018-01-02 15:58:21.899,Compra Crédito,-17.55,289,2.62
6341,551,551,1,32,6452,2017-08-30 11:48:43.466,Compra Débito,-84.97,551,33084.37
6342,70,70,6,88,6486,2017-10-03 08:43:52.218,Compra Débito,-140.72,70,22097.13
6343,862,862,7,7,7708,2021-02-06 15:54:27.452,Compra Débito,-43.06,862,707.31
6344,939,939,2,70,8397,2022-12-27 21:12:49.465,Pix - Realizado,-413.9,939,85135.76
6345,256,256,7,42,8079,2022-02-12 09:12:33.360,Compra Débito,-31.1,256,648.1
6346,656,656,2,81,6711,2018-05-16 14:52:30.322,Compra Crédito,-72.15,656,72005.0
6347,326,326,7,100,8400,2022-12-30 08:40:16.590,Compra Crédito,-36.18,326,3626.75
6348,459,459,1,60,5506,2015-01-27 02:11:15.461,Compra Crédito,-21.72,459,19513.84
6349,505,505,7,33,8011,2021-12-06 14:51:09.080,Compra Crédito,-56.88,505,47.19
6350,542,542,7,71,5966,2016-05-01 15:12:47.126,Compra Crédito,-22.97,542,23.69
6351,957,957,3,73,5611,2015-05-12 02:26:37.763,Depósito em espécie,26.17,957,15.95
6352,360,360,2,82,4527,2012-05-23 02:38:44.245,Compra Crédito,-44.11,360,1965.16
6353,391,391,8,38,7069,2019-05-09 09:41:40.185,Compra Crédito,-20.42,391,11983.94
6354,674,674,3,91,5585,2015-04-16 06:24:46.826,Saque,-135.12,674,1902.33
6355,255,255,7,100,7074,2019-05-14 22:45:25.040,Compra Crédito,-72.12,255,163.21
6356,375,375,2,70,7346,2020-02-10 01:51:32.724,Compra Crédito,-8.85,375,110.31
6357,538,538,7,33,7643,2020-12-03 06:28:39.348,Pagamento de boleto,-153.6,538,435.36
6358,250,250,5,55,6312,2017-04-12 08:30:36.933,Compra Débito,-31.26,250,12.9
6359,699,699,3,13,8190,2022-06-03 10:40:26.475,Compra Débito,-60.33,699,93865.96
6360,329,329,3,98,5816,2015-12-03 11:21:45.152,Transferência entre CC - Crédito,708.4,329,3352.64
6361,891,891,7,33,6597,2018-01-22 19:35:11.630,Transferência entre CC - Crédito,215.2,891,218.62
6362,759,759,1,80,8316,2022-10-07 07:34:05.905,Compra Crédito,-46.51,759,339.17
6363,136,136,6,44,8395,2022-12-25 22:13:03.149,Depósito em espécie,130.37,136,582.21
6364,167,167,7,7,6869,2018-10-21 06:05:00.195,Compra Crédito,-40.82,167,7155.67
6365,88,88,7,71,6851,2018-10-03 19:18:49.712,Compra Crédito,-401.09,88,186.23
6366,606,606,7,14,6456,2017-09-03 15:19:21.480,Compra Débito,-102.08,606,408.77
6367,984,984,1,72,5116,2014-01-02 16:56:29.913,TED - Recebido,15290.0,984,16163.39
6368,700,700,4,57,5410,2014-10-23 23:01:27.099,Compra Débito,-60.39,700,767.58
6369,238,238,6,48,8040,2022-01-04 18:58:17.949,Saque,-320.56,238,2138.0
6370,907,907,7,100,6002,2016-06-06 23:08:08.818,Compra Crédito,-9.35,907,76.9
6371,887,887,7,42,6600,2018-01-25 22:15:00.080,Compra Débito,-14.63,887,68.2
6372,366,366,1,80,5703,2015-08-12 23:59:05.467,Compra Débito,-210.34,366,12287.89
6373,879,879,3,31,4789,2013-02-09 06:14:20.541,Depósito em espécie,19.09,879,4.04
6374,279,279,3,91,8405,2023-01-04 01:41:16.703,Pix - Recebido,108.8,279,40.41
6375,350,350,7,7,6357,2017-05-27 20:36:18.327,Compra Crédito,-5.02,350,91.18
6376,934,934,1,26,5824,2015-12-11 04:57:19.722,Saque,-71.21,934,17360.35
6377,907,907,7,100,6004,2016-06-08 00:46:03.558,Transferência entre CC - Crédito,181.5,907,76.9
6378,366,366,1,80,5704,2015-08-13 02:33:04.188,Compra Crédito,-47.2,366,12287.89
6379,983,983,1,39,7964,2021-10-20 22:41:46.470,Compra Crédito,-50.06,983,28561.26
6380,230,230,7,7,7732,2021-03-02 10:11:26.262,Pix - Recebido,1346.6,230,2378.15
6381,700,700,4,57,5411,2014-10-24 06:41:05.557,Compra Débito,-59.91,700,767.58
6382,521,521,7,71,7254,2019-11-10 17:10:33.726,Compra Crédito,-22.86,521,92.87
6383,543,543,8,10,7745,2021-03-15 23:51:24.791,Pix - Recebido,313.6,543,566.44
6384,215,215,9,12,7867,2021-07-15 17:14:26.078,Compra Crédito,-4.95,215,35.15
6385,709,709,3,31,7043,2019-04-13 17:17:40.898,Compra Crédito,-21.71,709,5626.82
6386,523,523,7,14,7006,2019-03-07 11:49:58.617,Depósito em espécie,48.3,523,5.67
6387,151,151,7,100,6212,2017-01-02 19:26:58.364,Compra Crédito,-10.23,151,6.63
6388,540,540,5,2,7742,2021-03-12 03:59:31.230,Compra Crédito,-37.61,540,441.01
6389,326,326,7,100,8400,2022-12-30 17:31:34.491,Pix - Realizado,-527.2,326,3626.75
6390,896,896,6,88,6845,2018-09-27 16:01:39.792,Compra Débito,-13.1,896,24.5
6391,124,124,7,71,6374,2017-06-13 12:18:44.796,Compra Débito,-27.3,124,71.68
6392,155,155,3,16,7438,2020-05-12 23:57:55.551,Compra Crédito,-54.84,155,515.96
6393,809,809,1,11,8117,2022-03-22 12:00:01.090,Compra Crédito,-125.03,809,6205.66
6394,518,518,3,31,5422,2014-11-04 20:06:29.070,Compra Crédito,-17.01,518,20526.06
6395,180,180,7,71,6208,2016-12-29 10:37:07.189,Compra Débito,-31.52,180,12252.59
6396,288,288,7,33,6871,2018-10-23 19:26:21.052,Compra Débito,-24.42,288,951.59
6397,749,749,5,50,5657,2015-06-27 09:54:04.320,Compra Crédito,-45.55,749,49928.0
6398,807,807,7,33,6514,2017-10-31 18:36:26.480,Compra Débito,-21.4,807,15951.23
6399,94,94,9,87,7705,2021-02-03 19:57:57.473,Pix - Realizado,-494.3,94,556.12
6400,671,671,3,91,5426,2014-11-08 00:20:03.592,Compra Crédito,-18.56,671,91.7
6401,486,486,7,33,8026,2021-12-21 17:02:14.252,Pix - Recebido,335.9,486,648.28
6402,634,634,4,57,5701,2015-08-10 11:49:48.610,Compra Crédito,-15.96,634,0.69
6403,49,49,7,100,7810,2021-05-19 19:07:45.099,Compra Débito,-9.33,49,1.99
6404,464,464,3,13,5356,2014-08-30 09:46:55.336,Compra Débito,-17.34,464,16.34
6405,607,607,7,42,7998,2021-11-23 03:23:53.171,TED - Recebido,72115.0,607,72146.24
6406,88,88,7,71,6863,2018-10-15 09:33:17.502,Compra Crédito,-11.8,88,186.23
6407,120,120,2,82,7265,2019-11-21 22:07:48.496,Compra Débito,-20.57,120,7738.26
6408,264,264,7,71,8400,2022-12-30 23:38:45.655,Pix - Recebido,520.2,264,217.51
6409,944,944,7,7,8016,2021-12-11 08:52:49.993,Pix - Realizado,-609.1,944,295.89
6410,15,15,7,33,7247,2019-11-03 05:12:03.345,Compra Débito,-18.48,15,689.76
6411,548,548,7,33,8280,2022-09-01 00:30:42.413,Pix - Recebido,212.5,548,3522.41
6412,526,526,3,51,7972,2021-10-28 00:39:12.072,Compra Débito,-24.06,526,2246.83
6413,512,512,5,55,6453,2017-08-31 19:23:48.840,Compra Débito,-4.33,512,10.77
6414,518,518,3,31,5424,2014-11-06 05:35:44.323,Compra Crédito,-21.5,518,20526.06
6415,191,191,2,9,7526,2020-08-08 13:51:24.661,Depósito em espécie,17.96,191,5.42
6416,519,519,5,55,7020,2019-03-21 05:32:19.674,Compra Débito,-35.92,519,69.17
6417,362,362,2,85,6638,2018-03-04 18:18:44.330,Depósito em espécie,133.13,362,24.48
6418,269,269,5,63,5608,2015-05-09 17:56:07.241,Compra Débito,-41.37,269,37274.48
6419,921,921,5,34,6527,2017-11-13 16:06:15.276,Compra Crédito,-16.35,921,3706.46
6420,651,651,7,7,5895,2016-02-20 19:53:44.291,Compra Crédito,-13.82,651,21634.01
6421,254,254,7,100,8399,2022-12-29 17:41:48.080,Pix - Recebido,136.2,254,980.6
6422,449,449,7,14,8044,2022-01-08 05:47:15.740,Compra Crédito,-6.59,449,378.55
6423,993,993,7,14,7214,2019-10-01 05:16:13.524,Compra Débito,-18.28,993,33.5
6424,279,279,3,91,8405,2023-01-04 01:41:16.834,Compra Débito,-27.27,279,40.41
6425,951,951,7,33,7119,2019-06-28 01:08:27.421,Compra Débito,-20.05,951,9861.48
6426,742,742,1,75,5264,2014-05-30 09:41:28.061,Compra Débito,-6.72,742,29.02
6427,342,342,7,33,5749,2015-09-27 18:11:23.901,Compra Crédito,-26.86,342,44.69
6428,789,789,7,33,6367,2017-06-06 18:13:55.575,Depósito em espécie,56.67,789,63.36
6429,264,264,7,71,8400,2022-12-30 23:58:53.990,Compra Débito,-17.45,264,217.51
6430,66,66,7,33,7168,2019-08-16 20:26:34.252,Compra Crédito,-73.27,66,50577.51
6431,292,292,5,67,5898,2016-02-23 02:08:43.513,Saque,-118.0,292,436.53
6432,834,834,6,44,6148,2016-10-30 05:34:29.655,Compra Crédito,-31.99,834,38.68
6433,683,683,3,13,8315,2022-10-06 09:10:34.643,Pix - Recebido,398.2,683,308.98
6434,798,798,3,13,7306,2020-01-01 04:40:28.279,Compra Crédito,-15.12,798,40174.06
6435,974,974,7,7,7663,2020-12-23 18:34:34.753,Pix - Recebido,355.3,974,372.33
6436,907,907,7,100,6074,2016-08-17 14:47:16.905,Compra Débito,-135.55,907,76.9
6437,345,345,5,43,7263,2019-11-19 21:24:56.594,Compra Crédito,-47.5,345,7.54
6438,237,237,2,95,7306,2020-01-01 22:21:01.662,Compra Crédito,-19.07,237,83.36
6439,389,389,7,71,7914,2021-08-31 21:28:00.111,Pix - Recebido,159.1,389,1275.37
6440,372,372,7,100,7243,2019-10-30 22:52:05.775,Compra Débito,-132.04,372,104852.88
6441,69,69,2,90,7308,2020-01-03 17:09:36.684,Compra Crédito,-58.02,69,20300.68
6442,201,201,7,71,8288,2022-09-09 09:17:03.530,Pix - Realizado,-330.4,201,266.97
6443,425,425,5,67,5424,2014-11-06 21:14:14.970,Compra Débito,-6.81,425,9.86
6444,732,732,4,1,8381,2022-12-11 02:09:53.760,Pix - Realizado,-2167.2,732,35601.8
6445,170,170,7,100,8011,2021-12-06 19:30:27.483,Compra Crédito,-30.3,170,340.47
6446,349,349,7,14,7877,2021-07-25 15:11:11.486,Compra Débito,-124.63,349,810.24
6447,266,266,7,100,6772,2018-07-16 06:58:01.442,Compra Crédito,-19.73,266,8.44
6448,606,606,7,14,6462,2017-09-09 01:45:12.714,Compra Débito,-38.99,606,408.77
6449,905,905,1,80,4447,2012-03-04 17:07:26.485,Compra Crédito,-4.44,905,645.84
6450,858,858,7,14,8394,2022-12-24 10:57:02.644,Compra Débito,-11.9,858,8063.11
6451,166,166,7,14,7751,2021-03-21 09:12:31.234,Depósito em espécie,320.85,166,782.5
6452,818,818,7,33,5998,2016-06-02 06:47:55.234,Depósito em espécie,43.78,818,11.77
6453,975,975,1,32,5114,2013-12-31 14:05:48.230,Compra Crédito,-15.81,975,42.45
6454,44,44,9,59,7612,2020-11-02 08:42:18.856,Compra Crédito,-14.73,44,25295.97
6455,282,282,7,42,5892,2016-02-17 05:03:27.651,Compra Crédito,-121.88,282,12427.22
6456,496,496,7,100,8394,2022-12-24 18:45:45.854,Pix - Realizado,-304.1,496,430.68
6457,739,739,7,100,7404,2020-04-08 02:50:37.148,Depósito em espécie,8.41,739,14568.3
6458,773,773,2,82,4147,2011-05-09 14:37:13.558,Compra Débito,-119.63,773,23568.46
6459,574,574,6,28,6153,2016-11-04 13:49:07.549,Compra Débito,-76.29,574,1.9
6460,345,345,5,43,7265,2019-11-21 19:23:01.539,Compra Débito,-20.73,345,7.54
6461,942,942,4,19,5217,2014-04-13 02:13:14.451,Depósito em espécie,71.6,942,204.69
6462,639,639,7,71,8213,2022-06-26 17:24:17.461,Compra Débito,-25.64,639,1176.54
6463,861,861,4,57,6272,2017-03-03 15:56:57.845,Compra Débito,-10.86,861,35.17
6464,291,291,3,98,6989,2019-02-18 09:50:41.643,Compra Crédito,-18.27,291,376.66
6465,713,713,1,39,5526,2015-02-16 06:45:48.531,Depósito em espécie,14.6,713,56.06
6466,393,393,7,14,6930,2018-12-21 04:26:19.517,Compra Crédito,-9.46,393,36.51
6467,17,17,7,7,7614,2020-11-04 22:41:19.766,Compra Crédito,-12.55,17,292.77
6468,714,714,7,7,5752,2015-09-30 22:55:53.392,Compra Crédito,-43.84,714,49.87
6469,524,524,7,33,6522,2017-11-08 21:07:57.162,Depósito em espécie,60.19,524,9.47
6470,37,37,3,98,4552,2012-06-17 22:21:06.061,Compra Crédito,-50.53,37,65.02
6471,960,960,1,39,7067,2019-05-07 14:46:30.745,Compra Débito,-26.32,960,987.51
6472,89,89,4,57,8400,2022-12-30 06:18:01.705,Compra Débito,-15.37,89,24693.88
6473,728,728,7,42,7917,2021-09-03 17:36:01.276,Saque,-248.77,728,640.32
6474,869,869,3,98,7765,2021-04-04 05:59:12.528,Saque,-181.12,869,135.54
6475,989,989,2,70,7044,2019-04-14 05:57:13.138,Depósito em espécie,10.64,989,1.03
6476,937,937,7,71,8294,2022-09-15 14:34:43.363,Depósito em espécie,45.49,937,22.3
6477,675,675,7,100,7816,2021-05-25 20:15:27.775,Depósito em espécie,87.43,675,51.61
6478,967,967,7,100,7815,2021-05-24 07:20:58.906,Pix - Realizado,-60.6,967,527.36
6479,87,87,7,100,7961,2021-10-17 20:57:36.794,Pix - Realizado,-168.8,87,1554.82
6480,671,671,3,91,5427,2014-11-09 19:36:20.712,Compra Crédito,-8.56,671,91.7
6481,450,450,7,7,8147,2022-04-21 21:08:04.534,Compra Débito,-100.58,450,888.57
6482,362,362,2,85,6638,2018-03-04 22:34:18.245,Compra Débito,-83.63,362,24.48
6483,484,484,1,75,5336,2014-08-10 14:33:32.812,Compra Débito,-36.78,484,103.52
6484,450,450,7,7,8147,2022-04-21 23:29:32.016,Compra Crédito,-20.28,450,888.57
6485,91,91,7,14,7320,2020-01-15 19:31:51.984,Depósito em espécie,19.88,91,0.67
6486,956,956,8,10,7573,2020-09-24 22:31:47.622,Compra Crédito,-63.39,956,95.15
6487,531,531,2,85,4077,2011-02-28 20:57:00.454,Compra Crédito,-50.85,531,65.86
6488,688,688,7,42,6685,2018-04-20 10:05:50.052,Compra Débito,-22.59,688,228.81
6489,366,366,1,80,5704,2015-08-13 06:53:25.713,Compra Débito,-30.1,366,12287.89
6490,782,782,6,88,5926,2016-03-22 03:32:04.423,Compra Crédito,-8.63,782,42.44
6491,831,831,7,14,7706,2021-02-04 12:05:42.750,Compra Débito,-36.8,831,866.91
6492,382,382,7,7,7452,2020-05-26 04:06:08.836,Depósito em espécie,11.02,382,1.46
6493,808,808,3,31,5432,2014-11-14 22:14:29.896,Compra Débito,-17.86,808,5942.22
6494,815,815,3,98,5044,2013-10-22 03:03:57.803,Compra Crédito,-15.65,815,510.28
6495,813,813,2,81,5502,2015-01-23 23:24:27.597,Depósito em espécie,85.09,813,21054.94
6496,259,259,3,51,8230,2022-07-13 19:04:05.699,Pix - Realizado,-318.5,259,7590.37
6497,657,657,3,73,5411,2014-10-24 14:32:45.395,Compra Débito,-34.75,657,15464.38
6498,586,586,7,33,5957,2016-04-22 06:49:51.895,Pagamento de boleto,-1720.4,586,44099.92
6499,689,689,2,84,4946,2013-07-16 09:06:05.685,Compra Crédito,-37.47,689,27162.12
6500,192,192,7,14,6596,2018-01-21 10:48:59.113,Compra Crédito,-21.14,192,4.49
6501,996,996,2,24,8134,2022-04-08 13:07:45.475,Pix - Realizado,-54.5,996,30339.67
6502,646,646,7,14,6097,2016-09-09 03:37:50.884,Compra Crédito,-13.03,646,1677.94
6503,198,198,1,61,6649,2018-03-15 14:07:10.903,Compra Crédito,-11.39,198,586.57
6504,270,270,2,95,6352,2017-05-22 02:30:24.126,Compra Crédito,-17.79,270,10603.62
6505,452,452,5,49,8256,2022-08-08 18:48:52.997,Compra Crédito,-60.97,452,340.61
6506,273,273,2,95,8300,2022-09-21 12:06:17.196,Pix - Recebido,222.9,273,2610.71
6507,198,198,1,61,6649,2018-03-15 19:51:00.630,Compra Débito,-209.58,198,586.57
6508,356,356,7,42,7400,2020-04-04 15:33:29.355,Compra Crédito,-9.96,356,68663.09
6509,102,102,7,7,7835,2021-06-13 12:53:15.750,DOC - Recebido,12780.0,102,13201.87
6510,492,492,9,87,7472,2020-06-15 02:09:41.145,Compra Crédito,-15.09,492,5.99
6511,863,863,7,42,8405,2023-01-04 11:20:24.956,Depósito em espécie,14.55,863,418.28
6512,495,495,7,33,8243,2022-07-26 20:38:36.757,Compra Crédito,-16.38,495,134.75
6513,957,957,3,73,5612,2015-05-13 02:59:24.538,Compra Crédito,-47.73,957,15.95
6514,106,106,6,44,7465,2020-06-08 17:17:58.872,Compra Crédito,-7.54,106,1060.32
6515,514,514,9,65,7965,2021-10-21 00:28:00.020,Pix - Realizado,-950.7,514,29138.28
6516,710,710,7,42,6211,2017-01-01 20:16:09.903,Compra Crédito,-20.76,710,38354.24
6517,920,920,2,86,8383,2022-12-13 04:59:11.039,Pix - Realizado,-313.8,920,199.44
6518,697,697,2,84,4788,2013-02-08 16:40:20.973,Compra Débito,-24.31,697,976.46
6519,836,836,8,6,7657,2020-12-17 10:54:33.854,Depósito em espécie,62.77,836,240.05
6520,74,74,7,14,8024,2021-12-19 15:45:29.080,Saque,-175.46,74,47148.34
6521,702,702,7,42,8121,2022-03-26 05:11:15.979,Pix - Recebido,744.7,702,2887.37
6522,226,226,4,35,8045,2022-01-09 02:10:53.980,Compra Crédito,-19.91,226,2367.0
6523,494,494,7,14,8391,2022-12-21 14:15:48.237,Compra Débito,-37.45,494,484.48
6524,316,316,7,33,7977,2021-11-02 17:30:24.097,Compra Crédito,-18.29,316,5.29
6525,489,489,7,100,7446,2020-05-20 11:44:18.445,Compra Crédito,-8.63,489,2.95
6526,144,144,7,14,6776,2018-07-20 15:32:18.560,Saque,-94.83,144,11.39
6527,449,449,7,14,8045,2022-01-09 16:44:38.354,Compra Crédito,-60.34,449,378.55
6528,909,909,3,98,6494,2017-10-11 15:06:05.062,Compra Crédito,-10.66,909,10436.29
6529,695,695,1,36,7767,2021-04-06 07:22:07.223,Compra Crédito,-29.82,695,464.6
6530,202,202,7,100,6214,2017-01-04 06:03:44.600,Estorno de Debito,5.54,202,49.02
6531,855,855,7,71,5965,2016-04-30 05:12:27.219,Compra Débito,-27.95,855,242.54
6532,880,880,7,71,7532,2020-08-14 01:51:02.205,Compra Crédito,-39.13,880,28337.91
6533,126,126,7,42,5830,2015-12-17 16:35:39.094,Compra Débito,-57.82,126,74.12
6534,938,938,6,88,6832,2018-09-14 05:08:19.624,Depósito em espécie,182.37,938,1588.2
6535,647,647,5,43,7918,2021-09-04 14:02:53.019,Pix - Realizado,-614.5,647,679.15
6536,185,185,3,51,5586,2015-04-17 06:22:30.185,Compra Crédito,-49.14,185,17.06
6537,165,165,7,42,8309,2022-09-30 14:49:26.977,Depósito em espécie,19.56,165,537.34
6538,240,240,7,14,7702,2021-01-31 11:00:14.217,Pix - Recebido,244.4,240,1014.33
6539,715,715,8,23,8278,2022-08-30 13:05:56.979,Compra Débito,-84.33,715,1222.03
6540,845,845,3,13,4935,2013-07-05 04:03:02.379,Compra Débito,-33.53,845,14733.18
6541,647,647,5,43,7920,2021-09-06 05:17:59.054,Compra Débito,-17.32,647,679.15
6542,652,652,7,14,8119,2022-03-24 22:24:06.407,Compra Crédito,-88.6,652,117.65
6543,550,550,1,3,7539,2020-08-21 14:35:52.345,Compra Crédito,-11.16,550,140.29
6544,595,595,2,29,7946,2021-10-02 06:05:22.367,Saque,-278.17,595,27566.85
6545,319,319,3,31,5031,2013-10-09 18:35:23.342,Depósito em espécie,45.69,319,24.22
6546,211,211,9,59,8400,2022-12-30 21:17:33.365,Pix - Recebido,310.1,211,0.59
6547,640,640,7,71,7636,2020-11-26 10:24:30.899,Pix - Recebido,140.8,640,418.19
6548,379,379,2,86,4436,2012-02-22 01:18:25.338,Compra Débito,-46.29,379,28219.68
6549,632,632,7,71,7182,2019-08-30 05:13:07.394,Depósito em espécie,79.69,632,46.43
6550,222,222,6,22,6390,2017-06-29 08:31:53.926,Compra Crédito,-36.87,222,563.31
6551,683,683,3,13,8393,2022-12-23 06:35:32.815,Compra Crédito,-6.13,683,308.98
6552,264,264,7,71,8400,2022-12-30 23:59:18.657,Pix - Realizado,-475.7,264,217.51
6553,778,778,5,55,6325,2017-04-25 18:19:29.099,Compra Crédito,-17.75,778,86.63
6554,121,121,7,71,6458,2017-09-05 22:36:42.335,Compra Crédito,-15.03,121,129.51
6555,769,769,7,71,7657,2020-12-17 03:37:51.256,Pix - Realizado,-341.2,769,40499.55
6556,312,312,7,71,8307,2022-09-28 12:51:58.990,Compra Crédito,-16.88,312,2354.15
6557,61,61,1,11,4855,2013-04-16 02:32:59.809,Depósito em espécie,30.8,61,12882.9
6558,474,474,7,71,7279,2019-12-05 17:49:02.861,Compra Crédito,-11.42,474,414.48
6559,251,251,5,63,6704,2018-05-09 17:55:35.825,Compra Débito,-4.82,251,19.73
6560,217,217,4,57,5103,2013-12-20 13:33:40.240,Saque,-480.21,217,3307.79
6561,975,975,1,32,5159,2014-02-14 15:49:48.880,Transferência entre CC - Crédito,248.5,975,42.45
6562,378,378,9,83,8398,2022-12-28 12:55:30.828,Pix - Realizado,-213.5,378,777.25
6563,131,131,1,60,3687,2010-02-03 16:23:08.385,Compra Crédito,-45.76,131,86.41
6564,621,621,7,42,7362,2020-02-26 05:21:22.730,Compra Crédito,-7.54,621,697.1
6565,855,855,7,71,5972,2016-05-07 15:39:58.466,Compra Crédito,-31.62,855,242.54
6566,382,382,7,7,7452,2020-05-26 04:07:21.475,Compra Crédito,-14.29,382,1.46
6567,347,347,7,100,7628,2020-11-18 00:19:13.845,Pix - Recebido,509.1,347,1104.9
6568,126,126,7,42,5830,2015-12-17 16:59:29.710,Compra Crédito,-26.51,126,74.12
6569,422,422,7,42,6409,2017-07-18 18:58:30.574,Compra Crédito,-5.28,422,23.08
6570,511,511,10,17,8240,2022-07-23 05:08:50.778,Compra Débito,-17.07,511,128.53
6571,622,622,7,100,8130,2022-04-04 10:11:20.918,Pix - Recebido,808.8,622,1131.09
6572,325,325,1,92,4172,2011-06-03 23:13:15.783,Depósito em espécie,36.94,325,76.91
6573,778,778,5,55,6325,2017-04-25 19:21:25.973,Compra Crédito,-10.71,778,86.63
6574,377,377,2,29,8230,2022-07-13 18:21:30.543,Compra Crédito,-38.22,377,7673.52
6575,31,31,6,40,6185,2016-12-06 06:41:03.500,Compra Crédito,-235.05,31,271.65
6576,773,773,2,82,4147,2011-05-09 14:41:15.796,Compra Crédito,-30.69,773,23568.46
6577,2,2,7,100,7713,2021-02-11 05:21:34.655,Compra Crédito,-88.75,2,43.3
6578,916,916,3,73,5274,2014-06-09 18:30:29.250,Saque,-184.5,916,76592.34
6579,688,688,7,42,6873,2018-10-25 15:42:39.848,Compra Débito,-11.25,688,228.81
6580,847,847,8,89,7716,2021-02-14 13:48:12.442,Saque,-301.76,847,114.56
6581,175,175,3,13,5106,2013-12-23 11:08:20.649,Compra Crédito,-7.88,175,79.74
6582,125,125,1,61,7132,2019-07-11 08:10:02.086,Compra Débito,-81.53,125,22.05
6583,599,599,7,33,8421,2023-01-20 20:27:24.228,Pix - Realizado,-631.4,599,1553.6
6584,292,292,5,67,5936,2016-04-01 18:01:34.975,Depósito em espécie,5.62,292,436.53
6585,692,692,3,31,7323,2020-01-18 22:44:44.809,Compra Débito,-5.18,692,2.06
6586,678,678,9,66,7259,2019-11-15 19:00:19.919,Compra Crédito,-34.44,678,49659.67
6587,925,925,9,74,7564,2020-09-15 13:29:39.401,Compra Crédito,-46.64,925,4860.91
6588,70,70,6,88,6487,2017-10-04 15:44:49.199,Compra Crédito,-66.26,70,22097.13
6589,678,678,9,66,7285,2019-12-11 19:29:35.574,Compra Débito,-11.04,678,49659.67
6590,539,539,1,32,5670,2015-07-10 20:06:00.941,Compra Débito,-11.94,539,100962.93
6591,294,294,2,95,5551,2015-03-13 12:57:46.586,Compra Crédito,-23.33,294,14975.62
6592,204,204,7,100,7188,2019-09-05 09:12:11.153,Compra Crédito,-71.31,204,104.32
6593,819,819,10,53,8192,2022-06-05 21:00:48.467,Compra Crédito,-12.79,819,9921.46
6594,693,693,7,33,6192,2016-12-13 17:03:16.523,Compra Crédito,-50.82,693,2.12
6595,518,518,3,31,5429,2014-11-11 08:15:11.460,Compra Crédito,-40.3,518,20526.06
6596,757,757,1,60,3921,2010-09-25 23:44:27.219,Compra Crédito,-43.63,757,26295.87
6597,679,679,1,18,5841,2015-12-28 02:22:04.003,Compra Débito,-62.54,679,17741.97
6598,902,902,7,71,7031,2019-04-01 22:58:40.349,Compra Crédito,-44.65,902,13771.38
6599,992,992,2,82,5304,2014-07-09 06:29:51.381,Compra Débito,-42.0,992,32689.53
6600,328,328,8,6,7624,2020-11-14 17:38:06.715,Compra Débito,-28.74,328,89.76
6601,154,154,7,33,6715,2018-05-20 03:56:30.655,Compra Débito,-25.66,154,339.43
6602,420,420,5,50,5745,2015-09-23 14:34:53.749,Depósito em espécie,83.12,420,7641.25
6603,88,88,7,71,6932,2018-12-23 11:22:05.475,Depósito em espécie,84.64,88,186.23
6604,476,476,2,95,4946,2013-07-16 07:26:34.394,Compra Crédito,-35.31,476,234.35
6605,570,570,4,1,7032,2019-04-02 02:44:32.377,Compra Crédito,-14.66,570,17.65
6606,437,437,7,42,8367,2022-11-27 15:56:52.119,Saque,-49.89,437,67.32
6607,627,627,7,33,6389,2017-06-28 15:05:20.802,Compra Débito,-104.95,627,1.39
6608,946,946,7,42,8103,2022-03-08 17:56:04.990,Saque,-130.9,946,4.27
6609,761,761,3,91,4832,2013-03-24 12:13:33.264,Compra Crédito,-22.04,761,964.05
6610,771,771,1,80,7118,2019-06-27 02:44:37.132,Compra Crédito,-191.23,771,23150.03
6611,50,50,1,18,7396,2020-03-31 15:58:32.321,Compra Crédito,-56.49,50,806.55
6612,699,699,3,13,8192,2022-06-05 08:04:37.018,Pix - Realizado,-124.1,699,93865.96
6613,380,380,7,42,8038,2022-01-02 02:03:48.676,Pix - Realizado,-58.8,380,4916.56
6614,276,276,5,15,6261,2017-02-20 13:22:07.279,Compra Crédito,-7.51,276,40158.27
6615,589,589,8,69,7380,2020-03-15 07:04:54.326,Transferência entre CC - Débito,-1032.6,589,28519.79
6616,411,411,1,75,4744,2012-12-26 13:02:38.615,Compra Crédito,-162.54,411,53894.21
6617,995,995,7,33,6718,2018-05-23 19:48:59.916,Compra Crédito,-54.2,995,13383.67
6618,144,144,7,14,6938,2018-12-29 02:35:34.444,Compra Crédito,-9.49,144,11.39
6619,805,805,7,14,7248,2019-11-04 15:34:18.106,Compra Crédito,-16.33,805,10.77
6620,853,853,2,86,5568,2015-03-30 18:39:18.082,Saque,-103.3,853,6738.14
6621,831,831,7,14,7706,2021-02-04 12:42:37.190,Pix - Realizado,-142.5,831,866.91
6622,263,263,1,36,4859,2013-04-20 20:51:14.180,Compra Crédito,-90.53,263,3.2
6623,858,858,7,14,8394,2022-12-24 13:20:39.663,Compra Crédito,-11.23,858,8063.11
6624,249,249,2,24,6204,2016-12-25 17:29:59.757,Compra Crédito,-155.07,249,45973.33
6625,544,544,7,71,7323,2020-01-18 18:16:11.162,Compra Crédito,-5.67,544,14855.02
6626,626,626,10,97,8253,2022-08-05 05:19:09.389,Compra Crédito,-41.3,626,45.21
6627,516,516,1,36,5519,2015-02-09 09:44:18.543,Depósito em espécie,19.34,516,9930.41
6628,157,157,1,80,4677,2012-10-20 01:53:26.350,Compra Débito,-15.25,157,0.61
6629,382,382,7,7,7454,2020-05-28 17:08:16.217,Compra Crédito,-25.47,382,1.46
6630,190,190,7,14,8332,2022-10-23 11:58:23.160,Compra Débito,-54.83,190,97.54
6631,710,710,7,42,6213,2017-01-03 16:04:26.040,Compra Débito,-27.38,710,38354.24
6632,192,192,7,14,6606,2018-01-31 13:26:14.345,Depósito em espécie,19.14,192,4.49
6633,212,212,7,14,8228,2022-07-11 08:53:09.452,Pix - Recebido,342.6,212,275.77
6634,668,668,6,40,7549,2020-08-31 16:09:30.265,Compra Crédito,-52.62,668,2919.67
6635,559,559,2,86,5008,2013-09-16 14:10:21.458,Compra Débito,-109.69,559,287.05
6636,410,410,7,14,6803,2018-08-16 13:38:47.970,Saque,-552.09,410,53033.04
6637,804,804,7,7,8371,2022-12-01 06:26:27.879,Pix - Recebido,922.2,804,2553.01
6638,44,44,9,59,7612,2020-11-02 17:50:03.204,Compra Crédito,-61.19,44,25295.97
6639,374,374,7,71,6863,2018-10-15 22:33:48.541,Compra Crédito,-45.12,374,54.87
6640,982,982,7,14,6343,2017-05-13 04:12:38.746,Compra Débito,-48.64,982,2804.79
6641,869,869,3,98,7768,2021-04-07 05:07:32.904,Compra Débito,-47.87,869,135.54
6642,573,573,7,71,8319,2022-10-10 03:26:58.561,Pix - Realizado,-793.4,573,21.88
6643,835,835,7,71,8391,2022-12-21 08:04:32.906,Compra Débito,-34.02,835,273.63
6644,322,322,6,88,7716,2021-02-14 01:50:54.505,Pix - Recebido,628.5,322,1350.65
6645,288,288,7,33,6871,2018-10-23 20:46:02.164,Compra Débito,-24.98,288,951.59
6646,372,372,7,100,7245,2019-11-01 19:08:44.759,Compra Débito,-64.2,372,104852.88
6647,884,884,7,71,6953,2019-01-13 03:22:26.799,Depósito em espécie,14.19,884,58.98
6648,119,119,6,88,6032,2016-07-06 06:43:17.197,Compra Débito,-15.38,119,5.21
6649,750,750,4,19,5987,2016-05-22 00:56:06.705,Compra Débito,-63.76,750,1945.52
6650,891,891,7,33,6688,2018-04-23 19:33:14.413,Compra Débito,-29.16,891,218.62
6651,359,359,1,80,5188,2014-03-15 13:39:16.269,Compra Débito,-28.12,359,24410.06
6652,762,762,7,42,8218,2022-07-01 07:47:15.640,Compra Crédito,-35.9,762,723.01
6653,289,289,1,26,6580,2018-01-05 05:46:53.324,Compra Débito,-11.14,289,2.62
6654,254,254,7,100,8400,2022-12-30 17:43:38.059,Compra Crédito,-94.5,254,980.6
6655,27,27,7,42,7221,2019-10-08 13:33:22.202,Compra Débito,-60.83,27,44370.52
6656,757,757,1,60,3923,2010-09-27 11:54:14.149,Compra Crédito,-55.73,757,26295.87
6657,403,403,1,72,4865,2013-04-26 03:12:11.606,Depósito em espécie,286.74,403,649.18
6658,596,596,7,100,6566,2017-12-22 19:13:58.487,Compra Crédito,-115.35,596,147.68
6659,245,245,6,54,6973,2019-02-02 06:15:13.596,Compra Débito,-45.4,245,8218.31
6660,500,500,1,3,7274,2019-11-30 21:47:45.888,Compra Crédito,-75.14,500,107875.13
6661,991,991,4,57,6450,2017-08-28 11:35:36.371,Depósito em espécie,206.59,991,430.16
6662,130,130,3,16,5297,2014-07-02 00:19:10.295,Transferência entre CC - Crédito,4959.8,130,5172.38
6663,827,827,6,88,7139,2019-07-18 11:51:22.523,Compra Débito,-13.74,827,113.21
6664,816,816,3,51,4922,2013-06-22 11:02:48.462,Compra Crédito,-18.81,816,347.91
6665,107,107,7,14,8384,2022-12-14 04:02:37.734,Pix - Recebido,519.8,107,27052.86
6666,366,366,1,80,5704,2015-08-13 09:18:52.999,Depósito em espécie,138.73,366,12287.89
6667,12,12,2,90,4880,2013-05-11 07:53:00.379,Compra Crédito,-64.03,12,386.99
6668,160,160,3,98,4856,2013-04-17 18:31:55.610,Compra Crédito,-70.28,160,20533.29
6669,553,553,5,43,8032,2021-12-27 02:36:17.907,Compra Débito,-51.8,553,317.19
6670,353,353,7,71,8337,2022-10-28 11:51:28.021,Compra Crédito,-83.75,353,29.98
6671,34,34,2,78,5456,2014-12-08 03:52:45.456,TED - Recebido,28275.0,34,26823.17
6672,846,846,8,23,8183,2022-05-27 16:38:47.663,Pix - Realizado,-244.1,846,2090.0
6673,935,935,7,14,6962,2019-01-22 20:20:21.016,TED - Recebido,8290.0,935,7894.24
6674,52,52,7,7,7177,2019-08-25 14:42:18.993,Compra Crédito,-22.76,52,33.85
6675,685,685,7,33,6201,2016-12-22 10:27:46.695,Compra Crédito,-9.49,685,8.32
6676,287,287,7,42,6954,2019-01-14 11:18:18.933,Compra Crédito,-23.78,287,41684.43
6677,428,428,5,55,7273,2019-11-29 10:27:12.469,Compra Crédito,-24.11,428,51.82
6678,530,530,1,80,5558,2015-03-20 16:50:40.672,Compra Crédito,-20.14,530,181.44
6679,947,947,4,57,7909,2021-08-26 06:02:23.718,Compra Débito,-5.15,947,176.91
6680,75,75,1,32,4523,2012-05-19 04:22:15.193,TED - Recebido,7335.0,75,7767.04
6681,383,383,7,14,7085,2019-05-25 16:09:26.617,Compra Débito,-206.1,383,2380.07
6682,464,464,3,13,5438,2014-11-20 11:01:14.397,Compra Débito,-18.9,464,16.34
6683,532,532,7,33,6807,2018-08-20 04:40:02.324,Depósito em espécie,180.64,532,106.38
6684,232,232,5,15,8294,2022-09-15 18:50:37.381,Pix - Realizado,-2673.2,232,16812.45
6685,82,82,10,25,8111,2022-03-16 06:44:38.783,Compra Débito,-113.62,82,124.63
6686,230,230,7,7,7732,2021-03-02 12:06:26.230,Compra Crédito,-44.64,230,2378.15
6687,792,792,7,42,6593,2018-01-18 06:29:09.482,Compra Débito,-13.04,792,3.98
6688,426,426,7,100,8105,2022-03-10 22:37:42.798,Pix - Realizado,-267.1,426,999.75
6689,7,7,6,48,8288,2022-09-09 03:35:14.831,Compra Crédito,-9.59,7,114.48
6690,111,111,7,33,7921,2021-09-07 12:15:27.651,Transferência entre CC - Débito,-446.9,111,288.35
6691,276,276,5,15,6266,2017-02-25 04:15:07.158,Compra Crédito,-5.92,276,40158.27
6692,652,652,7,14,8120,2022-03-25 13:59:38.297,Pix - Recebido,275.9,652,117.65
6693,974,974,7,7,7685,2021-01-14 16:55:51.587,Compra Crédito,-86.74,974,372.33
6694,370,370,7,42,6851,2018-10-03 20:33:23.020,Compra Crédito,-81.79,370,1415.06
6695,557,557,2,29,6862,2018-10-14 21:52:50.232,Depósito em espécie,72.33,557,41512.44
6696,647,647,5,43,7953,2021-10-09 05:01:25.488,Compra Crédito,-140.93,647,679.15
6697,792,792,7,42,6593,2018-01-18 12:11:05.110,Compra Crédito,-8.51,792,3.98
6698,499,499,7,7,6792,2018-08-05 11:09:03.048,Compra Débito,-26.68,499,22.94
6699,9,9,4,45,7804,2021-05-13 05:32:09.494,Compra Crédito,-124.02,9,332.15
6700,361,361,7,100,6116,2016-09-28 09:36:35.246,Compra Débito,-6.39,361,43014.06
6701,55,55,8,47,8173,2022-05-17 06:13:58.876,Compra Débito,-61.46,55,15624.79
6702,574,574,6,28,6153,2016-11-04 13:51:07.101,Estorno de Debito,19.14,574,1.9
6703,438,438,8,5,7483,2020-06-26 22:26:46.141,Compra Débito,-190.41,438,1675.67
6704,239,239,6,88,8241,2022-07-24 04:35:39.671,Compra Crédito,-85.57,239,13809.65
6705,139,139,6,22,5986,2016-05-21 22:53:45.405,TED - Recebido,74370.0,139,82508.39
6706,276,276,5,15,6267,2017-02-26 16:28:00.479,Estorno de Debito,9.58,276,40158.27
6707,604,604,7,14,6615,2018-02-09 03:58:37.280,Transferência entre CC - Débito,-845.2,604,5498.85
6708,645,645,7,71,8400,2022-12-30 06:22:56.387,Pix - Realizado,-954.3,645,41775.87
6709,983,983,1,39,7986,2021-11-11 09:01:18.678,Pix - Realizado,-643.8,983,28561.26
6710,59,59,3,98,7150,2019-07-29 22:22:11.238,Compra Débito,-16.18,59,1.8
6711,675,675,7,100,7820,2021-05-29 08:04:53.452,Pix - Realizado,-69.1,675,51.61
6712,394,394,3,51,4790,2013-02-10 09:36:52.219,Compra Crédito,-7.84,394,14982.14
6713,215,215,9,12,7867,2021-07-15 18:49:03.734,Pix - Recebido,245.1,215,35.15
6714,598,598,7,7,8307,2022-09-28 01:54:53.937,Compra Débito,-6.6,598,442.26
6715,638,638,3,73,7496,2020-07-09 01:49:24.944,Compra Crédito,-9.94,638,18243.26
6716,806,806,5,55,5495,2015-01-16 02:14:18.489,Compra Débito,-8.47,806,70.88
6717,760,760,1,75,4054,2011-02-05 19:27:38.722,Compra Débito,-53.78,760,15864.55
6718,793,793,7,71,8400,2022-12-30 22:43:08.756,Pix - Realizado,-330.0,793,136.29
6719,438,438,8,5,7483,2020-06-26 23:07:11.555,Compra Débito,-43.51,438,1675.67
6720,720,720,1,80,5585,2015-04-16 11:01:21.580,Saque,-202.07,720,19081.01
6721,309,309,1,39,8312,2022-10-03 05:29:23.158,Pix - Recebido,814.5,309,759.62
6722,996,996,2,24,8139,2022-04-13 14:50:33.102,Compra Débito,-70.03,996,30339.67
6723,323,323,7,14,8292,2022-09-13 13:09:11.154,Pix - Realizado,-138.7,323,5230.02
6724,68,68,8,5,8160,2022-05-04 14:37:50.312,Compra Crédito,-27.21,68,192.9
6725,510,510,1,80,5878,2016-02-03 23:49:47.511,DOC - Recebido,4265.0,510,5629.63
6726,853,853,2,86,5570,2015-04-01 01:11:01.312,Compra Débito,-52.4,853,6738.14
6727,722,722,7,7,7008,2019-03-09 07:22:47.345,Compra Crédito,-38.41,722,6971.66
6728,849,849,7,7,7479,2020-06-22 21:23:59.758,Compra Crédito,-14.84,849,48289.13
6729,135,135,1,75,7762,2021-04-01 13:08:09.621,Compra Crédito,-9.51,135,408.51
6730,596,596,7,100,6566,2017-12-22 22:58:51.274,Compra Crédito,-80.67,596,147.68
6731,765,765,2,82,6445,2017-08-23 12:08:50.406,Depósito em espécie,37.11,765,483.83
6732,467,467,10,27,8198,2022-06-11 19:38:00.722,Compra Débito,-28.54,467,403.93
6733,818,818,7,33,5998,2016-06-02 10:09:15.766,Compra Débito,-46.7,818,11.77
6734,367,367,8,52,6989,2019-02-18 23:49:01.445,Compra Débito,-77.08,367,44.42
6735,893,893,3,16,4660,2012-10-03 16:04:29.849,Compra Débito,-57.21,893,1938.72
6736,57,57,2,84,5388,2014-10-01 12:10:48.420,Compra Débito,-20.77,57,46453.98
6737,433,433,9,99,7903,2021-08-20 08:19:09.355,Compra Crédito,-12.28,433,16.55
6738,837,837,5,15,7528,2020-08-10 22:57:00.677,Depósito em espécie,306.33,837,1685.83
6739,456,456,3,13,5224,2014-04-20 08:22:47.928,Compra Crédito,-18.69,456,60535.86
6740,536,536,4,45,6574,2017-12-30 16:27:19.714,Depósito em espécie,8.57,536,14.4
6741,481,481,7,42,8262,2022-08-14 12:10:41.878,Pix - Realizado,-139.4,481,107.1
6742,674,674,3,91,5659,2015-06-29 08:13:23.804,Saque,-950.9,674,1902.33
6743,627,627,7,33,6390,2017-06-29 17:47:04.605,Compra Crédito,-16.75,627,1.39
6744,937,937,7,71,8301,2022-09-22 22:52:07.815,Compra Débito,-37.0,937,22.3
6745,9,9,4,45,7804,2021-05-13 08:26:44.892,Compra Crédito,-29.63,9,332.15
6746,56,56,7,7,7593,2020-10-14 09:47:41.473,Compra Crédito,-15.64,56,55.1
6747,48,48,7,100,8400,2022-12-30 22:57:25.142,Compra Crédito,-23.52,48,557.6
6748,224,224,7,7,8066,2022-01-30 13:03:32.789,Compra Débito,-8.47,224,297.78
6749,201,201,7,71,8288,2022-09-09 17:39:06.797,Compra Crédito,-75.41,201,266.97
6750,50,50,1,18,7421,2020-04-25 09:13:54.312,Compra Débito,-16.76,50,806.55
6751,813,813,2,81,5503,2015-01-24 18:02:22.310,Compra Crédito,-46.22,813,21054.94
6752,631,631,6,88,6012,2016-06-16 06:55:18.737,Compra Crédito,-25.32,631,7311.87
6753,917,917,1,36,7555,2020-09-06 07:19:02.214,Compra Crédito,-24.24,917,245.39
6754,15,15,7,33,7254,2019-11-10 14:00:43.473,Compra Débito,-19.66,15,689.76
6755,827,827,6,88,7796,2021-05-05 17:59:55.868,Pix - Recebido,264.1,827,113.21
6756,812,812,4,35,8011,2021-12-06 17:12:40.142,Compra Crédito,-11.15,812,2869.8
6757,359,359,1,80,5189,2014-03-16 19:49:16.202,Compra Débito,-23.31,359,24410.06
6758,272,272,2,24,5431,2014-11-13 03:17:46.271,Compra Crédito,-33.49,272,56695.45
6759,105,105,7,7,6006,2016-06-10 03:48:57.837,Depósito em espécie,16.09,105,132.78
6760,848,848,6,88,7199,2019-09-16 23:27:38.460,Estorno de Debito,154.22,848,300.03
6761,373,373,2,86,4391,2012-01-08 21:08:37.399,Compra Débito,-23.83,373,951.99
6762,866,866,7,42,8024,2021-12-19 19:14:29.433,Compra Débito,-76.18,866,309.54
6763,808,808,3,31,5433,2014-11-15 03:34:56.079,Compra Débito,-7.64,808,5942.22
6764,168,168,7,100,6871,2018-10-23 00:46:57.040,Compra Débito,-64.1,168,1688.88
6765,409,409,2,82,4412,2012-01-29 14:09:18.299,Compra Crédito,-17.11,409,112.47
6766,532,532,7,33,6807,2018-08-20 05:14:23.584,Compra Débito,-94.32,532,106.38
6767,841,841,5,63,6383,2017-06-22 21:13:06.748,Compra Crédito,-16.0,841,1.02
6768,181,181,2,85,4379,2011-12-27 22:06:16.265,Compra Crédito,-16.18,181,196.99
6769,545,545,7,7,7248,2019-11-04 11:58:47.074,Compra Débito,-20.0,545,32664.41
6770,331,331,7,71,7136,2019-07-15 19:12:38.403,Compra Débito,-52.42,331,32267.25
6771,285,285,2,82,6863,2018-10-15 06:47:10.195,Compra Crédito,-19.9,285,30.87
6772,60,60,7,33,6768,2018-07-12 19:49:17.730,Compra Crédito,-25.16,60,810.56
6773,988,988,6,28,8013,2021-12-08 20:27:07.799,Compra Débito,-10.4,988,155.68
6774,527,527,7,33,7033,2019-04-03 08:26:25.193,Compra Débito,-65.95,527,140.22
6775,578,578,7,7,8374,2022-12-04 23:17:46.773,Compra Débito,-41.1,578,815.65
6776,604,604,7,14,6615,2018-02-09 05:11:00.305,Compra Crédito,-21.76,604,5498.85
6777,219,219,7,14,7415,2020-04-19 13:52:33.871,Compra Crédito,-42.17,219,212159.56
6778,685,685,7,33,6201,2016-12-22 10:51:51.666,Compra Débito,-46.93,685,8.32
6779,938,938,6,88,6832,2018-09-14 18:44:14.965,Saque,-42.32,938,1588.2
6780,11,11,4,19,7961,2021-10-17 16:52:20.965,Compra Débito,-100.55,11,21.04
6781,103,103,7,42,6419,2017-07-28 06:33:14.944,Compra Débito,-21.51,103,1008.16
6782,140,140,6,22,8178,2022-05-22 16:08:24.390,Estorno de Debito,54.07,140,533.87
6783,639,639,7,71,8213,2022-06-26 21:28:59.500,Pix - Realizado,-58.1,639,1176.54
6784,997,997,2,85,8380,2022-12-10 08:31:35.706,Depósito em espécie,69.28,997,15973.33
6785,733,733,6,4,8074,2022-02-07 16:54:39.848,Pix - Recebido,3790.9,733,1849.3
6786,281,281,7,33,7468,2020-06-11 16:17:26.263,Saque,-157.46,281,77487.74
6787,524,524,7,33,6529,2017-11-15 22:18:47.865,Compra Crédito,-16.34,524,9.47
6788,41,41,1,32,7528,2020-08-10 06:14:16.468,Depósito em espécie,113.88,41,166.11
6789,404,404,4,19,7837,2021-06-15 02:24:28.273,Pix - Realizado,-415.9,404,161.87
6790,566,566,7,7,7919,2021-09-05 18:21:55.664,Compra Débito,-49.91,566,2055.49
6791,363,363,1,18,7965,2021-10-21 22:22:36.013,Pix - Realizado,-518.8,363,1334.98
6792,236,236,4,19,6119,2016-10-01 16:55:31.675,Compra Crédito,-35.42,236,20614.17
6793,59,59,3,98,7161,2019-08-09 08:21:26.964,Compra Crédito,-8.42,59,1.8
6794,407,407,7,42,8264,2022-08-16 14:57:21.804,Compra Crédito,-127.86,407,18.63
6795,936,936,7,33,8142,2022-04-16 21:26:29.985,Pix - Realizado,-559.6,936,458.65
6796,199,199,7,71,7468,2020-06-11 15:10:12.719,Compra Débito,-21.29,199,24.22
6797,310,310,7,42,7228,2019-10-15 22:10:51.774,Compra Crédito,-22.54,310,30.65
6798,166,166,7,14,7751,2021-03-21 13:00:33.411,Compra Crédito,-137.3,166,782.5
6799,438,438,8,5,7483,2020-06-26 23:08:03.840,Compra Débito,-394.47,438,1675.67
6800,691,691,7,7,8323,2022-10-14 16:05:21.582,Compra Crédito,-17.6,691,1154.22
6801,547,547,2,24,6487,2017-10-04 11:10:36.913,Compra Débito,-206.12,547,31426.79
6802,888,888,3,73,7799,2021-05-08 17:17:10.937,Pix - Realizado,-113.3,888,386.72
6803,860,860,5,55,5801,2015-11-18 22:38:13.717,Compra Crédito,-13.43,860,5.32
6804,133,133,9,93,7389,2020-03-24 14:14:09.114,Compra Crédito,-174.63,133,41.65
6805,949,949,7,42,5968,2016-05-03 09:23:25.652,Estorno de Debito,64.7,949,15912.64
6806,270,270,2,95,6352,2017-05-22 03:52:29.659,Compra Crédito,-20.44,270,10603.62
6807,621,621,7,42,7362,2020-02-26 05:37:07.785,Compra Crédito,-10.71,621,697.1
6808,363,363,1,18,7965,2021-10-21 22:31:29.693,Compra Débito,-26.29,363,1334.98
6809,639,639,7,71,8223,2022-07-06 15:38:35.112,Pix - Recebido,840.2,639,1176.54
6810,963,963,5,43,5898,2016-02-23 15:15:07.730,Compra Crédito,-16.55,963,26.19
6811,330,330,9,59,7620,2020-11-10 22:32:16.603,Compra Crédito,-64.03,330,93.01
6812,733,733,6,4,8074,2022-02-07 17:13:59.246,Compra Crédito,-78.14,733,1849.3
6813,798,798,3,13,7307,2020-01-02 13:58:49.098,Compra Crédito,-66.22,798,40174.06
6814,133,133,9,93,7390,2020-03-25 00:12:40.744,Compra Crédito,-54.03,133,41.65
6815,201,201,7,71,8317,2022-10-08 03:19:25.270,Pix - Realizado,-411.3,201,266.97
6816,169,169,3,91,7697,2021-01-26 06:57:15.045,Pix - Recebido,1732.5,169,1676.8
6817,618,618,7,100,8391,2022-12-21 16:27:00.754,Saque,-123.71,618,2659.18
6818,815,815,3,98,5044,2013-10-22 04:38:35.074,Compra Crédito,-12.37,815,510.28
6819,470,470,6,48,7763,2021-04-02 09:42:01.650,Pix - Realizado,-143.2,470,585.06
6820,385,385,4,19,7551,2020-09-02 23:02:01.016,Compra Débito,-11.96,385,13281.25
6821,187,187,7,7,6314,2017-04-14 09:30:38.072,Compra Crédito,-4.89,187,111.14
6822,227,227,3,16,6434,2017-08-12 16:41:56.878,Compra Débito,-7.28,227,15.83
6823,292,292,5,67,5936,2016-04-01 19:46:14.817,Compra Débito,-85.03,292,436.53
6824,750,750,4,19,5987,2016-05-22 03:48:46.849,Compra Débito,-124.03,750,1945.52
6825,930,930,5,2,8192,2022-06-05 18:19:28.664,Pix - Recebido,229.6,930,12.01
6826,415,415,4,1,5407,2014-10-20 07:15:59.558,Compra Crédito,-9.02,415,19485.86
6827,173,173,1,60,5331,2014-08-05 05:31:50.740,Compra Débito,-13.71,173,140.11
6828,910,910,4,1,6921,2018-12-12 21:35:12.806,Compra Débito,-28.03,910,79.63
6829,933,933,8,41,7759,2021-03-29 16:51:53.095,Pix - Realizado,-665.6,933,322.81
6830,116,116,4,45,5212,2014-04-08 23:03:43.717,Depósito em espécie,4.31,116,133.07
6831,294,294,2,95,5551,2015-03-13 20:52:29.968,Compra Débito,-36.63,294,14975.62
6832,817,817,7,100,6921,2018-12-12 09:35:19.793,TED - Recebido,18800.0,817,19329.08
6833,482,482,9,12,7979,2021-11-04 23:54:45.241,Pix - Realizado,-153.7,482,205.69
6834,545,545,7,7,7248,2019-11-04 16:05:19.769,Saque,-63.11,545,32664.41
6835,75,75,1,32,4578,2012-07-13 00:06:22.912,Compra Crédito,-11.15,75,7767.04
6836,734,734,1,75,5115,2014-01-01 10:05:09.126,DOC - Realizado,-17440.0,734,80591.82
6837,648,648,8,10,8292,2022-09-13 00:02:37.232,Pix - Realizado,-139.1,648,220.85
6838,341,341,1,80,7369,2020-03-04 05:37:20.028,Compra Débito,-4.32,341,5.66
6839,400,400,5,2,7961,2021-10-17 08:11:53.392,Pix - Recebido,321.8,400,234.12
6840,537,537,6,28,6319,2017-04-19 09:50:22.251,Compra Crédito,-41.29,537,71.43
6841,11,11,4,19,7961,2021-10-17 18:49:55.445,Depósito em espécie,103.05,11,21.04
6842,785,785,7,100,8293,2022-09-14 02:04:29.339,Compra Crédito,-40.27,785,3150.15
6843,788,788,1,80,4968,2013-08-07 22:21:02.033,Compra Crédito,-32.59,788,169.47
6844,634,634,4,57,5701,2015-08-10 11:58:06.713,Compra Crédito,-90.41,634,0.69
6845,583,583,7,33,7133,2019-07-12 01:36:17.749,Compra Débito,-22.49,583,12.56
6846,476,476,2,95,4946,2013-07-16 15:35:56.247,Compra Débito,-98.12,476,234.35
6847,434,434,7,7,7851,2021-06-29 00:35:21.019,Pix - Realizado,-359.0,434,2104.82
6848,62,62,2,82,6796,2018-08-09 07:16:05.232,Compra Crédito,-22.47,62,14.12
6849,532,532,7,33,6988,2019-02-17 09:43:54.858,Compra Débito,-21.46,532,106.38
6850,909,909,3,98,6494,2017-10-11 19:59:39.387,Estorno de Debito,29.98,909,10436.29
6851,670,670,3,73,6909,2018-11-30 15:58:21.231,Compra Débito,-44.48,670,1285.7
6852,281,281,7,33,7533,2020-08-15 23:33:03.439,Compra Crédito,-19.91,281,77487.74
6853,544,544,7,71,7335,2020-01-30 03:01:01.481,Compra Crédito,-7.32,544,14855.02
6854,578,578,7,7,8375,2022-12-05 04:31:04.730,Compra Crédito,-195.6,578,815.65
6855,422,422,7,42,6412,2017-07-21 00:23:25.187,Compra Débito,-30.97,422,23.08
6856,709,709,3,31,7215,2019-10-02 22:34:25.165,Compra Crédito,-92.48,709,5626.82
6857,768,768,7,42,8073,2022-02-06 22:18:07.156,Compra Débito,-13.64,768,222.38
6858,949,949,7,42,5968,2016-05-03 14:42:39.458,Saque,-178.44,949,15912.64
6859,112,112,4,19,8378,2022-12-08 10:41:41.596,Compra Crédito,-46.03,112,532.48
6860,237,237,2,95,7309,2020-01-04 21:14:47.842,Compra Crédito,-62.74,237,83.36
6861,118,118,1,32,6914,2018-12-05 12:10:50.693,Compra Crédito,-41.82,118,11.03
6862,840,840,7,100,8383,2022-12-13 01:54:56.199,Compra Crédito,-11.11,840,1092.15
6863,410,410,7,14,6803,2018-08-16 22:36:27.739,TED - Realizado,-32460.0,410,53033.04
6864,16,16,5,67,8082,2022-02-15 17:03:54.566,Pix - Realizado,-516.9,16,24376.1
6865,770,770,7,14,7795,2021-05-04 22:16:40.706,Pix - Realizado,-176.6,770,349.01
6866,609,609,7,14,7858,2021-07-06 21:34:31.377,Compra Crédito,-55.6,609,4968.54
6867,585,585,7,71,6533,2017-11-19 15:12:21.854,Compra Débito,-5.66,585,59.76
6868,279,279,3,91,8405,2023-01-04 01:41:16.555,Compra Débito,-28.11,279,40.41
6869,239,239,6,88,8241,2022-07-24 06:11:57.695,Pix - Realizado,-8223.5,239,13809.65
6870,452,452,5,49,8256,2022-08-08 19:30:36.274,Transferência entre CC - Crédito,278.4,452,340.61
6871,60,60,7,33,8089,2022-02-22 09:12:16.881,Pix - Recebido,1658.2,60,810.56
6872,192,192,7,14,6607,2018-02-01 15:27:47.238,Compra Crédito,-20.59,192,4.49
6873,28,28,2,76,6349,2017-05-19 09:28:46.125,Compra Crédito,-28.36,28,2982.91
6874,598,598,7,7,8307,2022-09-28 02:00:27.300,Pix - Recebido,849.9,598,442.26
6875,772,772,3,16,5147,2014-02-02 11:01:03.262,Compra Crédito,-25.62,772,816.66
6876,888,888,3,73,8075,2022-02-08 03:40:01.354,Compra Crédito,-36.94,888,386.72
6877,408,408,7,100,8340,2022-10-31 22:55:46.892,Compra Crédito,-13.71,408,209.1
6878,650,650,7,42,8017,2021-12-12 05:31:59.281,Compra Crédito,-109.16,650,61.92
6879,858,858,7,14,8396,2022-12-26 01:13:13.266,Pix - Recebido,306.5,858,8063.11
6880,784,784,3,91,7249,2019-11-05 09:27:48.499,Compra Débito,-82.97,784,276.1
6881,86,86,5,34,7906,2021-08-23 04:24:07.987,Pix - Recebido,126.4,86,7186.34
6882,761,761,3,91,4833,2013-03-25 05:05:33.315,Depósito em espécie,61.81,761,964.05
6883,833,833,7,14,8382,2022-12-12 12:03:54.438,TED - Recebido,6165.0,833,7112.52
6884,651,651,7,7,5896,2016-02-21 10:18:46.627,TED - Recebido,20730.0,651,21634.01
6885,644,644,8,38,7290,2019-12-16 16:45:39.183,Compra Débito,-47.24,644,254.94
6886,188,188,8,10,6737,2018-06-11 03:52:52.917,Compra Crédito,-14.59,188,84.9
6887,836,836,8,6,7657,2020-12-17 13:27:54.897,Compra Crédito,-9.02,836,240.05
6888,212,212,7,14,8309,2022-09-30 20:02:10.540,Pix - Realizado,-457.2,212,275.77
6889,279,279,3,91,8405,2023-01-04 01:41:16.744,Compra Crédito,-24.82,279,40.41
6890,494,494,7,14,8392,2022-12-22 16:19:18.053,Compra Crédito,-49.12,494,484.48
6891,939,939,2,70,8397,2022-12-27 22:23:41.196,Compra Crédito,-59.12,939,85135.76
6892,591,591,7,100,5915,2016-03-11 03:03:03.300,Compra Crédito,-23.74,591,46.46
6893,402,402,3,13,5147,2014-02-02 15:51:19.756,Depósito em espécie,30.14,402,132.71
6894,425,425,5,67,5429,2014-11-11 12:13:31.540,Transferência entre CC - Crédito,138.5,425,9.86
6895,404,404,4,19,7837,2021-06-15 15:09:06.174,Compra Débito,-47.97,404,161.87
6896,431,431,2,85,4504,2012-04-30 06:03:56.047,Compra Débito,-303.95,431,28.76
6897,451,451,1,61,5593,2015-04-24 19:40:36.792,Compra Crédito,-22.45,451,17.34
6898,167,167,7,7,6872,2018-10-24 23:40:27.756,Compra Débito,-18.95,167,7155.67
6899,230,230,7,7,7732,2021-03-02 12:07:51.026,Pix - Recebido,60.3,230,2378.15
6900,678,678,9,66,7286,2019-12-12 15:50:14.592,DOC - Recebido,54220.0,678,49659.67
6901,147,147,7,42,7060,2019-04-30 05:41:28.073,Estorno de Debito,17.41,147,11.06
6902,711,711,8,47,6793,2018-08-06 21:40:17.669,Compra Crédito,-14.78,711,14.31
6903,97,97,3,13,7990,2021-11-15 14:25:53.150,Pix - Realizado,-574.6,97,9589.16
6904,12,12,2,90,4880,2013-05-11 08:39:20.938,Compra Crédito,-59.06,12,386.99
6905,916,916,3,73,5277,2014-06-12 01:28:26.690,Compra Crédito,-81.47,916,76592.34
6906,414,414,1,39,4582,2012-07-17 07:45:12.553,Compra Crédito,-43.45,414,21.49
6907,391,391,8,38,7070,2019-05-10 14:23:32.816,Depósito em espécie,126.29,391,11983.94
6908,188,188,8,10,6737,2018-06-11 04:10:03.595,Compra Crédito,-5.07,188,84.9
6909,111,111,7,33,8307,2022-09-28 18:24:18.668,Compra Débito,-21.19,111,288.35
6910,846,846,8,23,8184,2022-05-28 05:54:40.551,Pix - Realizado,-273.8,846,2090.0
6911,412,412,7,42,6831,2018-09-13 13:55:31.955,Compra Débito,-63.7,412,31263.77
6912,441,441,4,35,7559,2020-09-10 16:31:37.810,Saque,-163.39,441,879.91
6913,551,551,1,32,6455,2017-09-02 02:56:34.733,Saque,-339.52,551,33084.37
6914,12,12,2,90,4880,2013-05-11 08:45:25.695,Depósito em espécie,124.94,12,386.99
6915,459,459,1,60,5513,2015-02-03 03:54:24.009,Compra Crédito,-49.28,459,19513.84
6916,91,91,7,14,7321,2020-01-16 16:21:31.187,Compra Crédito,-24.33,91,0.67
6917,819,819,10,53,8202,2022-06-15 12:27:10.272,Compra Crédito,-25.5,819,9921.46
6918,959,959,1,61,5346,2014-08-20 11:36:39.828,Compra Crédito,-13.4,959,96.49
6919,57,57,2,84,5389,2014-10-02 11:56:52.926,Compra Crédito,-33.76,57,46453.98
6920,971,971,1,61,5910,2016-03-06 14:15:12.191,Compra Crédito,-44.23,971,73.87
6921,864,864,7,14,6974,2019-02-03 17:08:07.725,Compra Crédito,-26.43,864,17812.14
6922,887,887,7,42,6606,2018-01-31 03:33:44.889,Estorno de Debito,141.47,887,68.2
6923,523,523,7,14,7031,2019-04-01 19:02:24.363,Compra Crédito,-39.99,523,5.67
6924,222,222,6,22,6390,2017-06-29 11:27:29.448,Compra Débito,-141.98,222,563.31
6925,750,750,4,19,5987,2016-05-22 04:30:46.442,Depósito em espécie,45.15,750,1945.52
6926,186,186,5,2,5502,2015-01-23 19:30:35.236,Depósito em espécie,37.62,186,2.1
6927,294,294,2,95,5555,2015-03-17 01:37:23.639,Compra Débito,-24.18,294,14975.62
6928,787,787,4,19,8400,2022-12-30 05:21:19.846,Pix - Realizado,-239.0,787,25561.95
6929,117,117,4,57,5412,2014-10-25 12:04:34.111,Compra Crédito,-11.05,117,97.21
6930,197,197,4,35,7425,2020-04-29 00:25:13.965,Compra Crédito,-32.09,197,6.74
6931,383,383,7,14,7147,2019-07-26 00:09:42.173,Compra Débito,-7.6,383,2380.07
6932,26,26,8,38,7891,2021-08-08 18:15:15.815,Pix - Realizado,-94.8,26,1736.37
6933,141,141,7,42,8137,2022-04-11 12:06:43.619,Depósito em espécie,17.28,141,270.68
6934,569,569,4,45,7846,2021-06-24 15:25:17.117,Pix - Realizado,-94.3,569,125.24
6935,581,581,5,63,7675,2021-01-04 00:08:10.276,Compra Crédito,-98.92,581,346.66
6936,712,712,7,42,8359,2022-11-19 20:50:03.316,Pix - Recebido,121.2,712,450.19
6937,358,358,3,51,6984,2019-02-13 16:21:11.792,Compra Débito,-29.39,358,143.47
6938,809,809,1,11,8117,2022-03-22 12:35:28.874,Pix - Realizado,-304.5,809,6205.66
6939,217,217,4,57,5104,2013-12-21 14:54:17.238,Compra Crédito,-21.88,217,3307.79
6940,297,297,1,32,7948,2021-10-04 18:02:09.715,Compra Débito,-23.33,297,55701.51
6941,706,706,7,14,6927,2018-12-18 17:54:41.491,Compra Crédito,-55.98,706,972.02
6942,545,545,7,7,7370,2020-03-05 22:57:34.036,Depósito em espécie,18.48,545,32664.41
6943,277,277,7,33,8387,2022-12-17 02:07:51.402,Compra Crédito,-33.91,277,841.7
6944,49,49,7,100,7810,2021-05-19 19:08:08.398,Pix - Recebido,418.5,49,1.99
6945,904,904,7,14,7876,2021-07-24 11:34:28.303,Pix - Realizado,-265.2,904,670.77
6946,692,692,3,31,7340,2020-02-04 08:37:46.355,Compra Crédito,-9.27,692,2.06
6947,534,534,7,42,7952,2021-10-08 00:59:21.847,Pix - Realizado,-478.3,534,31.94
6948,763,763,6,4,6970,2019-01-30 10:01:56.934,Compra Crédito,-9.41,763,3.04
6949,843,843,7,42,7054,2019-04-24 13:44:32.735,Compra Crédito,-17.48,843,13.37
6950,666,666,7,42,8224,2022-07-07 13:32:17.414,Pix - Recebido,1110.4,666,40437.53
6951,203,203,7,7,8198,2022-06-11 10:32:07.234,Compra Débito,-84.79,203,737.33
6952,40,40,7,7,7992,2021-11-17 20:42:24.680,Depósito em espécie,82.0,40,639.41
6953,835,835,7,71,8397,2022-12-27 22:00:31.287,Compra Crédito,-23.51,835,273.63
6954,514,514,9,65,7965,2021-10-21 02:50:30.110,Pix - Realizado,-359.6,514,29138.28
6955,863,863,7,42,8405,2023-01-04 11:20:24.028,Depósito em espécie,159.31,863,418.28
6956,325,325,1,92,4177,2011-06-08 05:19:31.391,Compra Crédito,-53.68,325,76.91
6957,445,445,1,92,3743,2010-03-31 01:47:01.465,Compra Crédito,-16.25,445,101.02
6958,716,716,1,36,8367,2022-11-27 07:45:33.671,Pix - Recebido,420.4,716,21.65
6959,510,510,1,80,5878,2016-02-03 23:55:01.067,Compra Crédito,-55.97,510,5629.63
6960,22,22,1,26,5441,2014-11-23 22:37:50.198,Compra Crédito,-25.83,22,2.67
6961,935,935,7,14,6964,2019-01-24 10:06:31.708,Compra Crédito,-29.26,935,7894.24
6962,792,792,7,42,6594,2018-01-19 20:36:27.974,Depósito em espécie,21.59,792,3.98
6963,163,163,2,84,8251,2022-08-03 22:23:37.571,Pix - Recebido,405.2,163,37.1
6964,40,40,7,7,8001,2021-11-26 13:42:21.296,Pix - Realizado,-725.7,40,639.41
6965,242,242,7,14,7239,2019-10-26 19:35:50.298,Compra Débito,-52.63,242,2838.61
6966,267,267,6,22,7472,2020-06-15 23:14:01.330,Compra Crédito,-17.06,267,288.77
6967,109,109,7,100,8078,2022-02-11 12:36:30.529,Pix - Recebido,476.8,109,53.14
6968,584,584,10,27,8235,2022-07-18 04:11:18.288,Compra Crédito,-56.47,584,806.13
6969,597,597,2,94,7494,2020-07-07 03:13:38.438,Compra Débito,-183.59,597,404.1
6970,698,698,7,42,6308,2017-04-08 18:37:51.901,Compra Débito,-62.21,698,944.35
6971,535,535,7,33,7004,2019-03-05 03:15:45.141,Compra Débito,-82.18,535,31.05
6972,84,84,7,42,7311,2020-01-06 17:42:24.763,Compra Débito,-168.05,84,629.81
6973,86,86,5,34,7906,2021-08-23 06:02:35.732,Compra Débito,-10.46,86,7186.34
6974,168,168,7,100,6872,2018-10-24 06:09:19.556,Compra Crédito,-197.82,168,1688.88
6975,537,537,6,28,6335,2017-05-05 06:31:55.789,Compra Crédito,-3.99,537,71.43
6976,498,498,4,45,8289,2022-09-10 11:04:53.401,Pix - Recebido,89.2,498,841.1
6977,971,971,1,61,5929,2016-03-25 21:04:22.190,Compra Débito,-12.98,971,73.87
6978,787,787,4,19,8400,2022-12-30 06:13:24.870,Pix - Recebido,521.8,787,25561.95
6979,905,905,1,80,4449,2012-03-06 09:09:58.819,Compra Crédito,-24.37,905,645.84
6980,242,242,7,14,7239,2019-10-26 21:25:04.129,Depósito em espécie,15.36,242,2838.61
6981,344,344,7,71,8123,2022-03-28 07:08:57.868,Compra Crédito,-14.27,344,27444.25
6982,40,40,7,7,8002,2021-11-27 09:44:02.847,Compra Crédito,-78.33,40,639.41
6983,1,1,5,15,5993,2016-05-28 04:11:34.645,Compra Débito,-22.6,1,4329.64
6984,118,118,1,32,7170,2019-08-18 22:30:06.781,Compra Débito,-13.89,118,11.03
6985,309,309,1,39,8312,2022-10-03 22:26:36.082,Pix - Realizado,-515.1,309,759.62
6986,371,371,7,100,6320,2017-04-20 15:08:22.578,Saque,-213.59,371,45.64
6987,515,515,5,58,6076,2016-08-19 15:59:31.503,Compra Débito,-116.63,515,5657.69
6988,26,26,8,38,7892,2021-08-09 00:00:34.238,Compra Crédito,-11.85,26,1736.37
6989,335,335,7,100,7667,2020-12-27 10:19:33.567,Compra Crédito,-44.02,335,36.23
6990,475,475,6,4,6525,2017-11-11 08:43:14.581,Depósito em espécie,63.61,475,53.46
6991,364,364,3,16,8041,2022-01-05 20:21:21.055,Depósito em espécie,8.16,364,1783.15
6992,694,694,1,75,7249,2019-11-05 10:28:00.555,Compra Débito,-15.09,694,102.68
6993,452,452,5,49,8260,2022-08-12 12:42:03.630,Compra Débito,-145.55,452,340.61
6994,191,191,2,9,7535,2020-08-17 10:36:15.233,Compra Crédito,-21.44,191,5.42
6995,403,403,1,72,4870,2013-05-01 09:40:27.558,Depósito em espécie,31.66,403,649.18
6996,452,452,5,49,8260,2022-08-12 15:53:45.459,Pix - Recebido,326.7,452,340.61
6997,704,704,4,57,6175,2016-11-26 22:35:10.142,Compra Débito,-20.89,704,25.39
6998,57,57,2,84,5393,2014-10-06 15:54:16.139,Pagamento de boleto,-160.2,57,46453.98
6999,13,13,8,38,7626,2020-11-16 13:58:37.124,Compra Crédito,-15.13,13,28351.16
7000,894,894,7,14,8188,2022-06-01 07:59:49.131,Pix - Recebido,206.0,894,184.42
7001,726,726,3,91,6900,2018-11-21 09:11:30.481,Transferência entre CC - Crédito,235.9,726,30.63
7002,734,734,1,75,5174,2014-03-01 15:30:50.284,Compra Crédito,-16.89,734,80591.82
7003,392,392,7,14,7063,2019-05-03 02:33:47.358,Compra Crédito,-63.06,392,111.31
7004,384,384,3,98,6782,2018-07-26 11:12:50.461,Compra Débito,-57.22,384,78.72
7005,904,904,7,14,7876,2021-07-24 14:54:01.358,Compra Crédito,-13.74,904,670.77
7006,281,281,7,33,7542,2020-08-24 05:27:46.921,Compra Crédito,-25.24,281,77487.74
7007,695,695,1,36,7767,2021-04-06 07:32:23.686,Pix - Realizado,-571.9,695,464.6
7008,910,910,4,1,7104,2019-06-13 14:23:09.033,Compra Crédito,-27.12,910,79.63
7009,678,678,9,66,8213,2022-06-26 09:06:54.602,Depósito em espécie,44.28,678,49659.67
7010,643,643,7,7,7280,2019-12-06 20:42:32.326,Saque,-138.43,643,2860.45
7011,969,969,2,76,7657,2020-12-17 17:37:21.221,Compra Débito,-7.89,969,924.98
7012,45,45,3,91,5853,2016-01-09 04:49:22.859,Compra Débito,-31.22,45,132.02
7013,200,200,2,82,7796,2021-05-05 23:21:01.822,Pix - Realizado,-379.0,200,32.5
7014,129,129,1,32,8240,2022-07-23 17:49:11.773,Pix - Realizado,-104.7,129,634.74
7015,349,349,7,14,7879,2021-07-27 07:26:59.542,Compra Débito,-23.44,349,810.24
7016,801,801,7,100,7518,2020-07-31 06:50:30.629,Compra Crédito,-60.3,801,37311.12
7017,131,131,1,60,3688,2010-02-04 14:40:55.449,Compra Crédito,-45.9,131,86.41
7018,693,693,7,33,6192,2016-12-13 17:45:27.972,Compra Crédito,-13.17,693,2.12
7019,933,933,8,41,7787,2021-04-26 12:19:00.906,Pix - Realizado,-154.3,933,322.81
7020,724,724,7,71,7446,2020-05-20 08:02:33.523,Compra Crédito,-28.95,724,998.2
7021,603,603,4,35,7991,2021-11-16 10:21:17.599,Compra Débito,-11.66,603,329.45
7022,391,391,8,38,7075,2019-05-15 04:45:58.168,Compra Crédito,-40.53,391,11983.94
7023,401,401,7,14,8096,2022-03-01 11:03:23.161,Compra Débito,-68.03,401,2.51
7024,996,996,2,24,8139,2022-04-13 14:55:16.272,Pix - Realizado,-279.6,996,30339.67
7025,296,296,2,76,4365,2011-12-13 10:02:09.596,DOC - Recebido,62825.0,296,67795.77
7026,932,932,2,81,5967,2016-05-02 18:00:06.139,Compra Crédito,-16.91,932,230.83
7027,327,327,3,98,6815,2018-08-28 03:59:07.367,Compra Crédito,-82.16,327,73.88
7028,397,397,7,100,7196,2019-09-13 23:20:18.241,Compra Débito,-29.07,397,1255.72
7029,385,385,4,19,7551,2020-09-02 23:12:48.458,Compra Débito,-16.23,385,13281.25
7030,655,655,7,42,7620,2020-11-10 02:29:49.607,Depósito em espécie,63.48,655,232.15
7031,394,394,3,51,4790,2013-02-10 10:19:30.034,TED - Recebido,15305.0,394,14982.14
7032,700,700,4,57,5412,2014-10-25 22:24:05.795,Compra Débito,-152.82,700,767.58
7033,773,773,2,82,4174,2011-06-05 19:50:51.200,Compra Débito,-73.09,773,23568.46
7034,85,85,7,14,8032,2021-12-27 15:20:48.145,Pix - Realizado,-211.9,85,669.94
7035,568,568,7,71,6809,2018-08-22 16:23:51.026,Compra Débito,-74.36,568,25.73
7036,636,636,1,39,4913,2013-06-13 11:26:59.980,Compra Débito,-18.63,636,34782.8
7037,70,70,6,88,6487,2017-10-04 16:08:26.379,Compra Crédito,-36.42,70,22097.13
7038,862,862,7,7,7711,2021-02-09 06:38:34.728,Compra Débito,-18.68,862,707.31
7039,577,577,1,61,7611,2020-11-01 02:47:44.421,TED - Recebido,10060.0,577,9772.11
7040,618,618,7,100,8391,2022-12-21 16:41:42.329,Pix - Realizado,-369.7,618,2659.18
7041,912,912,7,100,8363,2022-11-23 15:58:18.025,Depósito em espécie,8.73,912,23655.76
7042,352,352,7,33,7796,2021-05-05 05:17:11.735,Compra Débito,-16.77,352,317.86
7043,909,909,3,98,6496,2017-10-13 00:40:42.323,Compra Crédito,-29.56,909,10436.29
7044,297,297,1,32,7956,2021-10-12 23:35:43.673,Compra Débito,-19.49,297,55701.51
7045,94,94,9,87,7712,2021-02-10 00:48:33.882,Pix - Realizado,-670.1,94,556.12
7046,565,565,4,57,7197,2019-09-14 03:53:17.663,Compra Crédito,-49.84,565,1589.12
7047,481,481,7,42,8262,2022-08-14 12:12:17.816,Pix - Recebido,1731.6,481,107.1
7048,657,657,3,73,5412,2014-10-25 18:41:11.276,Compra Crédito,-20.84,657,15464.38
7049,630,630,8,89,8015,2021-12-10 03:13:41.885,Pix - Realizado,-136.6,630,758.44
7050,492,492,9,87,7472,2020-06-15 02:31:15.527,Compra Crédito,-26.89,492,5.99
7051,80,80,7,71,7580,2020-10-01 19:20:22.120,Compra Débito,-17.89,80,27.45
7052,576,576,7,14,6050,2016-07-24 07:11:16.185,Compra Crédito,-17.44,576,5024.21
7053,978,978,5,15,7706,2021-02-04 20:05:46.883,Pix - Recebido,831.9,978,40487.07
7054,637,637,9,68,8399,2022-12-29 04:01:15.931,Saque,-402.05,637,1130.11
7055,86,86,5,34,7907,2021-08-24 01:33:13.073,Compra Crédito,-16.41,86,7186.34
7056,864,864,7,14,6974,2019-02-03 17:48:28.711,Saque,-229.48,864,17812.14
7057,826,826,7,71,6473,2017-09-20 10:50:31.367,Compra Débito,-86.18,826,181.92
7058,566,566,7,7,7920,2021-09-06 02:37:01.705,Compra Crédito,-92.3,566,2055.49
7059,766,766,3,73,4921,2013-06-21 07:11:06.145,Compra Crédito,-47.95,766,26.09
7060,951,951,7,33,7119,2019-06-28 01:43:15.788,Compra Débito,-25.77,951,9861.48
7061,909,909,3,98,6499,2017-10-16 10:52:31.188,TED - Recebido,10245.0,909,10436.29
7062,941,941,7,7,6264,2017-02-23 12:18:34.642,Compra Débito,-7.63,941,35080.31
7063,226,226,4,35,8226,2022-07-09 04:24:37.347,Compra Crédito,-29.5,226,2367.0
7064,602,602,7,33,7673,2021-01-02 14:52:54.626,Compra Crédito,-16.6,602,756.44
7065,49,49,7,100,7867,2021-07-15 10:43:57.517,Pix - Realizado,-263.7,49,1.99
7066,785,785,7,100,8310,2022-10-01 19:48:19.270,Pix - Recebido,468.8,785,3150.15
7067,928,928,7,42,8143,2022-04-17 12:23:26.238,Compra Crédito,-6.66,928,358.6
7068,674,674,3,91,5698,2015-08-07 19:29:17.898,Transferência entre CC - Débito,-593.2,674,1902.33
7069,692,692,3,31,7344,2020-02-08 03:43:12.151,Depósito em espécie,51.87,692,2.06
7070,171,171,7,33,7451,2020-05-25 03:58:22.476,Depósito em espécie,180.06,171,548.91
7071,242,242,7,14,7240,2019-10-27 14:46:00.894,Compra Débito,-11.44,242,2838.61
7072,945,945,8,89,6890,2018-11-11 16:35:44.852,Compra Crédito,-28.18,945,21810.32
7073,335,335,7,100,7668,2020-12-28 03:21:35.858,Compra Crédito,-25.87,335,36.23
7074,568,568,7,71,6810,2018-08-23 10:34:17.219,Depósito em espécie,39.55,568,25.73
7075,78,78,7,42,8349,2022-11-09 05:49:31.108,Compra Débito,-34.28,78,1075.63
7076,232,232,5,15,8304,2022-09-25 23:43:52.774,Transferência entre CC - Crédito,1593.8,232,16812.45
7077,623,623,1,32,8398,2022-12-28 04:27:14.682,Compra Crédito,-11.0,623,317.47
7078,854,854,6,96,7783,2021-04-22 15:28:58.164,Pix - Realizado,-180.9,854,2489.45
7079,427,427,6,4,7467,2020-06-10 13:44:07.993,Compra Débito,-23.87,427,54.63
7080,309,309,1,39,8312,2022-10-03 23:01:45.657,Pix - Recebido,594.6,309,759.62
7081,288,288,7,33,6871,2018-10-23 23:59:16.598,Compra Crédito,-10.75,288,951.59
7082,632,632,7,71,7182,2019-08-30 11:49:14.683,Compra Crédito,-47.14,632,46.43
7083,508,508,4,1,6965,2019-01-25 18:37:34.926,Depósito em espécie,26.98,508,1454.88
7084,728,728,7,42,7927,2021-09-13 18:32:47.943,Depósito em espécie,32.23,728,640.32
7085,524,524,7,33,6534,2017-11-20 17:06:14.525,Compra Débito,-36.95,524,9.47
7086,709,709,3,31,7379,2020-03-14 15:39:01.937,Compra Crédito,-9.36,709,5626.82
7087,934,934,1,26,5826,2015-12-13 09:36:34.376,Compra Débito,-14.33,934,17360.35
7088,626,626,10,97,8276,2022-08-28 12:26:47.145,Compra Débito,-40.03,626,45.21
7089,910,910,4,1,7104,2019-06-13 19:28:02.482,Depósito em espécie,42.65,910,79.63
7090,115,115,2,84,7827,2021-06-05 03:26:58.915,Pix - Recebido,1192.5,115,2036.75
7091,709,709,3,31,7380,2020-03-15 05:37:50.251,Compra Crédito,-117.47,709,5626.82
7092,710,710,7,42,6213,2017-01-03 16:15:43.431,Compra Débito,-110.82,710,38354.24
7093,307,307,6,54,6966,2019-01-26 12:29:23.085,Compra Crédito,-121.69,307,250.85
7094,194,194,9,46,7427,2020-05-01 17:20:10.990,Compra Crédito,-38.75,194,90766.28
7095,681,681,7,42,7815,2021-05-24 15:22:30.102,Pix - Recebido,165.8,681,507.39
7096,1,1,5,15,5993,2016-05-28 10:44:41.065,Compra Crédito,-32.69,1,4329.64
7097,931,931,7,42,6684,2018-04-19 10:32:34.505,Compra Crédito,-12.58,931,79.3
7098,393,393,7,14,6930,2018-12-21 08:11:27.481,Depósito em espécie,16.93,393,36.51
7099,248,248,7,14,7414,2020-04-18 23:52:20.530,Compra Débito,-9.0,248,3.92
7100,931,931,7,42,6685,2018-04-20 11:01:12.905,Compra Crédito,-125.48,931,79.3
7101,9,9,4,45,7989,2021-11-14 00:28:05.927,Compra Débito,-25.18,9,332.15
7102,386,386,3,51,5046,2013-10-24 09:11:40.014,Compra Crédito,-67.55,386,1806.71
7103,947,947,4,57,7909,2021-08-26 12:48:08.413,Compra Débito,-28.67,947,176.91
7104,647,647,5,43,7954,2021-10-10 19:17:48.828,Compra Débito,-61.09,647,679.15
7105,638,638,3,73,7508,2020-07-21 19:07:51.357,Pagamento de boleto,-399.0,638,18243.26
7106,508,508,4,1,6966,2019-01-26 01:44:14.457,Compra Crédito,-23.49,508,1454.88
7107,200,200,2,82,7801,2021-05-10 01:26:25.777,Pix - Realizado,-67.3,200,32.5
7108,820,820,4,35,6358,2017-05-28 01:34:04.054,Compra Crédito,-13.61,820,50513.1
7109,371,371,7,100,6339,2017-05-09 11:03:33.232,Compra Débito,-135.12,371,45.64
7110,394,394,3,51,4790,2013-02-10 19:03:51.739,Depósito em espécie,7.2,394,14982.14
7111,198,198,1,61,6649,2018-03-15 20:05:08.142,Depósito em espécie,26.12,198,586.57
7112,296,296,2,76,4366,2011-12-14 05:14:46.709,Compra Crédito,-31.39,296,67795.77
7113,855,855,7,71,6100,2016-09-12 00:51:48.908,Compra Crédito,-12.14,855,242.54
7114,490,490,2,70,4489,2012-04-15 02:52:06.982,Compra Débito,-46.52,490,78.52
7115,967,967,7,100,7815,2021-05-24 07:23:03.038,Depósito em espécie,33.23,967,527.36
7116,90,90,1,11,5525,2015-02-15 00:09:48.353,TED - Recebido,24100.0,90,22210.21
7117,550,550,1,3,7541,2020-08-23 11:48:35.443,Depósito em espécie,26.43,550,140.29
7118,944,944,7,7,8018,2021-12-13 09:24:20.120,Compra Débito,-118.77,944,295.89
7119,891,891,7,33,6688,2018-04-23 19:40:05.695,Compra Crédito,-69.97,891,218.62
7120,978,978,5,15,7706,2021-02-04 20:38:15.017,Pix - Realizado,-195.7,978,40487.07
7121,110,110,3,31,5190,2014-03-17 19:20:42.777,Compra Crédito,-62.05,110,96140.95
7122,659,659,3,13,5611,2015-05-12 20:47:17.283,Compra Débito,-26.71,659,156.31
7123,577,577,1,61,7612,2020-11-02 14:04:04.035,Compra Crédito,-22.1,577,9772.11
7124,929,929,1,60,8279,2022-08-31 03:41:39.959,Compra Crédito,-13.02,929,115.72
7125,604,604,7,14,6615,2018-02-09 08:38:02.149,Compra Débito,-204.68,604,5498.85
7126,116,116,4,45,7728,2021-02-26 02:32:30.952,Compra Crédito,-4.52,116,133.07
7127,401,401,7,14,8205,2022-06-18 07:52:23.738,Compra Crédito,-211.07,401,2.51
7128,850,850,7,33,8314,2022-10-05 04:25:11.419,Compra Débito,-16.94,850,4.7
7129,461,461,6,28,6668,2018-04-03 22:23:37.632,Compra Crédito,-28.33,461,147.18
7130,655,655,7,42,7620,2020-11-10 06:34:04.855,Compra Crédito,-43.22,655,232.15
7131,20,20,3,91,7141,2019-07-20 11:10:42.361,Compra Débito,-37.27,20,27027.3
7132,64,64,7,100,8217,2022-06-30 08:29:50.909,Compra Crédito,-44.17,64,682.16
7133,828,828,2,24,4758,2013-01-09 21:09:55.677,Depósito em espécie,285.71,828,1.1
7134,187,187,7,7,6314,2017-04-14 09:33:24.560,Depósito em espécie,49.42,187,111.14
7135,654,654,7,33,6090,2016-09-02 15:08:27.501,Compra Débito,-32.23,654,27.85
7136,240,240,7,14,7708,2021-02-06 07:33:32.530,Pix - Realizado,-325.2,240,1014.33
7137,767,767,7,33,6220,2017-01-10 18:01:01.126,Compra Crédito,-24.68,767,6534.06
7138,740,740,4,19,7553,2020-09-04 00:15:56.432,TED - Recebido,30080.0,740,13398.08
7139,909,909,3,98,6499,2017-10-16 23:55:07.120,Compra Crédito,-116.06,909,10436.29
7140,222,222,6,22,6390,2017-06-29 13:28:37.100,Compra Débito,-45.78,222,563.31
7141,723,723,7,14,6298,2017-03-29 04:44:51.345,Compra Crédito,-16.97,723,1361.01
7142,832,832,7,33,6231,2017-01-21 11:46:54.861,Depósito em espécie,55.69,832,87.14
7143,926,926,7,71,5832,2015-12-19 00:43:16.522,Transferência entre CC - Crédito,237.6,926,4.32
7144,949,949,7,42,5983,2016-05-18 06:12:15.172,Compra Crédito,-31.31,949,15912.64
7145,569,569,4,45,7860,2021-07-08 13:23:05.617,Pix - Realizado,-338.8,569,125.24
7146,65,65,7,7,7858,2021-07-06 05:39:50.032,Pix - Recebido,331.2,65,575.37
7147,972,972,7,42,7985,2021-11-10 12:52:31.946,Pix - Realizado,-106.4,972,468.02
7148,281,281,7,33,7547,2020-08-29 05:01:24.220,Compra Crédito,-61.19,281,77487.74
7149,827,827,6,88,7796,2021-05-05 18:09:52.373,Saque,-123.11,827,113.21
7150,687,687,8,38,7182,2019-08-30 11:21:28.488,Compra Crédito,-46.64,687,999.34
7151,566,566,7,7,7921,2021-09-07 10:58:01.397,Pix - Realizado,-226.7,566,2055.49
7152,363,363,1,18,7968,2021-10-24 00:50:25.436,Pix - Recebido,427.9,363,1334.98
7153,363,363,1,18,7968,2021-10-24 01:22:32.441,Compra Crédito,-76.22,363,1334.98
7154,906,906,7,71,7828,2021-06-06 18:01:26.405,Compra Débito,-15.43,906,153.88
7155,40,40,7,7,8005,2021-11-30 11:19:31.388,Pix - Realizado,-260.8,40,639.41
7156,705,705,7,42,8393,2022-12-23 08:39:35.302,TED - Recebido,82975.0,705,89349.96
7157,58,58,1,80,5246,2014-05-12 02:35:10.138,Compra Crédito,-35.71,58,134.97
7158,929,929,1,60,8279,2022-08-31 04:40:46.302,Compra Crédito,-28.23,929,115.72
7159,247,247,7,42,5903,2016-02-28 17:17:45.685,Compra Crédito,-6.44,247,2451.09
7160,73,73,3,73,8260,2022-08-12 02:26:00.148,Depósito em espécie,20.13,73,212.31
7161,880,880,7,71,7532,2020-08-14 04:33:32.549,TED - Recebido,26795.0,880,28337.91
7162,713,713,1,39,5537,2015-02-27 12:36:36.193,Depósito em espécie,72.5,713,56.06
7163,838,838,7,100,6554,2017-12-10 09:00:39.601,Saque,-51.51,838,1128.51
7164,674,674,3,91,5699,2015-08-08 08:10:33.605,Compra Débito,-42.34,674,1902.33
7165,704,704,4,57,6176,2016-11-27 05:48:40.847,Compra Débito,-76.46,704,25.39
7166,29,29,3,98,7847,2021-06-25 01:33:45.455,Compra Débito,-44.66,29,424.41
7167,81,81,7,71,7565,2020-09-16 22:55:18.558,Compra Débito,-26.02,81,123.08
7168,197,197,4,35,7425,2020-04-29 08:54:28.032,Compra Débito,-10.39,197,6.74
7169,785,785,7,100,8312,2022-10-03 17:19:07.845,Compra Crédito,-53.82,785,3150.15
7170,997,997,2,85,8380,2022-12-10 11:15:34.651,Pix - Realizado,-355.6,997,15973.33
7171,71,71,8,5,8214,2022-06-27 21:22:39.434,Pix - Realizado,-238.2,71,24975.47
7172,535,535,7,33,7014,2019-03-15 16:09:21.811,Compra Crédito,-8.48,535,31.05
7173,999,999,7,42,7563,2020-09-14 03:04:15.092,Depósito em espécie,5.74,999,11.44
7174,219,219,7,14,7415,2020-04-19 13:56:57.691,Compra Débito,-108.44,219,212159.56
7175,442,442,7,71,8400,2022-12-30 19:59:51.525,Pix - Realizado,-286.7,442,304.61
7176,283,283,4,19,5640,2015-06-10 02:57:06.561,Compra Crédito,-19.11,283,3416.3
7177,733,733,6,4,8074,2022-02-07 21:41:07.100,Pix - Realizado,-644.5,733,1849.3
7178,664,664,5,55,6986,2019-02-15 17:04:54.844,Compra Débito,-56.34,664,6275.18
7179,102,102,7,7,7835,2021-06-13 12:54:51.711,Compra Débito,-75.43,102,13201.87
7180,299,299,6,96,7255,2019-11-11 09:42:24.240,Depósito em espécie,120.97,299,146.82
7181,114,114,7,33,7536,2020-08-18 17:29:06.244,Compra Débito,-66.77,114,7855.66
7182,827,827,6,88,8119,2022-03-24 05:42:42.146,Pix - Realizado,-127.5,827,113.21
7183,218,218,5,15,5725,2015-09-03 07:04:02.419,Compra Débito,-29.22,218,323.81
7184,171,171,7,33,7451,2020-05-25 04:00:16.999,Saque,-82.61,171,548.91
7185,862,862,7,7,7713,2021-02-11 05:14:48.665,Pix - Recebido,112.8,862,707.31
7186,523,523,7,14,7051,2019-04-21 16:18:03.931,Compra Crédito,-9.7,523,5.67
7187,950,950,3,31,6618,2018-02-12 23:01:46.413,Compra Crédito,-32.39,950,9658.42
7188,712,712,7,42,8360,2022-11-20 05:01:46.587,Compra Crédito,-21.48,712,450.19
7189,36,36,7,14,7397,2020-04-01 22:12:03.960,DOC - Recebido,41195.0,36,43990.93
7190,984,984,1,72,5131,2014-01-17 08:10:38.401,Compra Crédito,-23.27,984,16163.39
7191,977,977,7,14,7728,2021-02-26 05:10:24.712,Compra Crédito,-45.67,977,7788.41
7192,889,889,3,91,7048,2019-04-18 17:03:27.089,Compra Débito,-29.18,889,4872.02
7193,774,774,1,39,7185,2019-09-02 10:36:06.516,Compra Débito,-23.07,774,492.43
7194,919,919,7,14,6479,2017-09-26 00:03:58.213,Depósito em espécie,54.17,919,137.51
7195,343,343,3,98,7849,2021-06-27 18:45:54.446,Depósito em espécie,112.41,343,86.88
7196,813,813,2,81,5519,2015-02-09 13:58:28.403,Compra Crédito,-23.43,813,21054.94
7197,414,414,1,39,4582,2012-07-17 08:57:02.489,Compra Débito,-58.68,414,21.49
7198,545,545,7,7,7392,2020-03-27 00:38:43.380,Pagamento de boleto,-285.6,545,32664.41
7199,263,263,1,36,4863,2013-04-24 01:00:24.279,Compra Crédito,-153.07,263,3.2
7200,396,396,7,71,7856,2021-07-04 06:15:10.270,Depósito em espécie,30.72,396,765.0
7201,673,673,7,7,6574,2017-12-30 19:56:28.775,Compra Crédito,-29.17,673,60.25
7202,198,198,1,61,6711,2018-05-16 08:42:25.342,Compra Crédito,-109.13,198,586.57
7203,754,754,1,61,4329,2011-11-07 01:51:54.566,Depósito em espécie,68.72,754,21.71
7204,941,941,7,7,6278,2017-03-09 07:31:54.330,DOC - Recebido,35525.0,941,35080.31
7205,649,649,3,16,8406,2023-01-05 20:38:35.758,Depósito em espécie,13.06,649,3.6
7206,615,615,4,1,6948,2019-01-08 19:06:55.421,Compra Débito,-27.42,615,415.48
7207,466,466,2,95,6747,2018-06-21 11:37:40.234,Compra Débito,-34.27,466,61879.3
7208,161,161,6,44,8391,2022-12-21 17:59:17.440,Pix - Realizado,-108.9,161,14288.86
7209,879,879,3,31,4842,2013-04-03 05:18:49.166,Compra Débito,-20.08,879,4.04
7210,207,207,4,57,6570,2017-12-26 19:30:28.846,Compra Crédito,-10.34,207,200.61
7211,323,323,7,14,8340,2022-10-31 04:24:21.036,Saque,-573.46,323,5230.02
7212,690,690,1,36,5497,2015-01-18 22:40:15.723,Compra Crédito,-113.4,690,1028.57
7213,803,803,7,100,8301,2022-09-22 15:20:01.728,Pix - Realizado,-257.4,803,1778.51
7214,306,306,7,7,6510,2017-10-27 07:14:12.265,Compra Crédito,-23.01,306,86.7
7215,168,168,7,100,6927,2018-12-18 04:42:32.444,Compra Débito,-103.1,168,1688.88
7216,654,654,7,33,6097,2016-09-09 07:41:45.219,Compra Débito,-7.28,654,27.85
7217,843,843,7,42,7054,2019-04-24 13:48:02.719,Compra Crédito,-43.54,843,13.37
7218,827,827,6,88,8119,2022-03-24 05:42:57.648,Compra Crédito,-13.85,827,113.21
7219,834,834,6,44,6151,2016-11-02 08:55:30.149,Compra Crédito,-12.19,834,38.68
7220,706,706,7,14,6931,2018-12-22 10:33:52.014,Depósito em espécie,99.84,706,972.02
7221,701,701,2,85,7165,2019-08-13 09:12:49.238,Compra Crédito,-15.19,701,4.39
7222,189,189,7,7,7550,2020-09-01 19:16:37.536,Compra Crédito,-5.36,189,25382.15
7223,21,21,2,86,4626,2012-08-30 13:08:27.184,Compra Débito,-3.98,21,74.17
7224,218,218,5,15,5725,2015-09-03 07:20:47.016,Depósito em espécie,247.14,218,323.81
7225,51,51,3,13,4963,2013-08-02 01:23:25.262,Compra Débito,-18.03,51,8756.25
7226,820,820,4,35,6366,2017-06-05 04:15:36.611,Compra Crédito,-169.13,820,50513.1
7227,56,56,7,7,7599,2020-10-20 13:16:22.751,Depósito em espécie,5.06,56,55.1
7228,267,267,6,22,7474,2020-06-17 16:21:39.431,Depósito em espécie,31.91,267,288.77
7229,516,516,1,36,5524,2015-02-14 03:07:52.001,Compra Crédito,-20.37,516,9930.41
7230,779,779,9,83,7800,2021-05-09 02:26:52.120,Pix - Recebido,2690.3,779,2128.75
7231,27,27,7,42,7221,2019-10-08 13:34:23.256,Compra Débito,-72.03,27,44370.52
7232,627,627,7,33,6412,2017-07-21 09:30:39.141,Compra Crédito,-43.13,627,1.39
7233,739,739,7,100,7404,2020-04-08 03:07:24.302,Compra Débito,-44.76,739,14568.3
7234,315,315,7,100,6440,2017-08-18 18:25:40.479,Compra Débito,-40.96,315,131.09
7235,644,644,8,38,7740,2021-03-10 19:36:28.253,Pix - Recebido,321.6,644,254.94
7236,859,859,7,100,8393,2022-12-23 15:19:29.688,Pix - Realizado,-201.7,859,586.87
7237,345,345,5,43,7356,2020-02-20 04:08:58.059,Compra Débito,-29.86,345,7.54
7238,847,847,8,89,7716,2021-02-14 14:38:42.020,Pix - Realizado,-319.1,847,114.56
7239,666,666,7,42,8225,2022-07-08 05:47:40.966,Pix - Recebido,166.6,666,40437.53
7240,639,639,7,71,8225,2022-07-08 13:38:05.996,Compra Débito,-34.53,639,1176.54
7241,976,976,4,1,5679,2015-07-19 12:23:23.205,Compra Débito,-18.1,976,5.45
7242,706,706,7,14,6931,2018-12-22 15:56:31.231,Compra Débito,-33.12,706,972.02
7243,908,908,5,58,5686,2015-07-26 22:31:15.616,Compra Crédito,-25.2,908,1.83
7244,175,175,3,13,5106,2013-12-23 12:37:59.876,Compra Crédito,-40.66,175,79.74
7245,405,405,7,71,8417,2023-01-16 05:00:39.304,Pix - Realizado,-548.4,405,15321.24
7246,424,424,2,76,4448,2012-03-05 07:36:08.498,Compra Crédito,-14.07,424,46029.34
7247,626,626,10,97,8289,2022-09-10 02:55:58.466,Compra Crédito,-14.83,626,45.21
7248,333,333,3,13,6856,2018-10-08 22:23:15.635,Compra Débito,-254.65,333,65395.97
7249,423,423,8,47,8207,2022-06-20 22:56:31.706,Compra Débito,-47.61,423,501.5
7250,6,6,7,100,6536,2017-11-22 20:03:40.215,Compra Débito,-78.98,6,105.6
7251,127,127,5,34,5779,2015-10-27 08:51:25.433,Depósito em espécie,43.28,127,163.93
7252,163,163,2,84,8252,2022-08-04 09:37:43.230,Pix - Realizado,-189.0,163,37.1
7253,626,626,10,97,8289,2022-09-10 08:27:55.076,Pix - Recebido,126.0,626,45.21
7254,928,928,7,42,8224,2022-07-07 11:24:37.219,Compra Crédito,-17.2,928,358.6
7255,273,273,2,95,8300,2022-09-21 13:16:42.046,Compra Débito,-19.68,273,2610.71
7256,254,254,7,100,8400,2022-12-30 18:56:32.687,Compra Crédito,-88.22,254,980.6
7257,146,146,1,80,5457,2014-12-09 15:31:22.253,Compra Crédito,-75.04,146,708.81
7258,454,454,1,26,5141,2014-01-27 14:38:29.799,Compra Crédito,-114.86,454,21390.15
7259,134,134,5,43,7158,2019-08-06 03:08:00.822,Compra Crédito,-13.97,134,33031.09
7260,945,945,8,89,6929,2018-12-20 05:08:18.355,Depósito em espécie,36.71,945,21810.32
7261,632,632,7,71,7185,2019-09-02 07:23:24.663,Compra Crédito,-46.45,632,46.43
7262,107,107,7,14,8391,2022-12-21 23:01:03.550,Pix - Realizado,-334.3,107,27052.86
7263,35,35,7,100,6876,2018-10-28 05:57:36.523,Compra Crédito,-43.29,35,63.06
7264,167,167,7,7,6918,2018-12-09 03:20:33.654,Compra Crédito,-56.54,167,7155.67
7265,927,927,7,33,6678,2018-04-13 20:52:33.758,DOC - Recebido,12835.0,927,25.34
7266,406,406,6,22,8394,2022-12-24 15:05:23.344,Compra Crédito,-48.11,406,166.64
7267,615,615,4,1,6950,2019-01-10 15:27:18.675,Compra Crédito,-74.09,615,415.48
7268,656,656,2,81,6714,2018-05-19 14:31:54.014,Compra Débito,-132.46,656,72005.0
7269,424,424,2,76,4449,2012-03-06 05:17:30.046,Compra Crédito,-66.06,424,46029.34
7270,482,482,9,12,7985,2021-11-10 21:50:20.851,Pix - Realizado,-203.5,482,205.69
7271,959,959,1,61,5388,2014-10-01 07:25:00.899,Compra Débito,-50.89,959,96.49
7272,789,789,7,33,6367,2017-06-06 19:11:20.344,Compra Débito,-25.72,789,63.36
7273,865,865,4,1,7343,2020-02-07 22:38:12.048,Compra Crédito,-24.13,865,102.36
7274,641,641,7,100,7585,2020-10-06 18:25:09.872,Compra Débito,-29.58,641,5294.41
7275,424,424,2,76,4449,2012-03-06 15:25:41.128,Compra Crédito,-49.78,424,46029.34
7276,179,179,3,98,4685,2012-10-28 20:47:05.272,Depósito em espécie,53.14,179,57273.21
7277,705,705,7,42,8398,2022-12-28 20:42:32.412,Compra Crédito,-319.05,705,89349.96
7278,199,199,7,71,7469,2020-06-12 04:58:23.967,Compra Crédito,-38.99,199,24.22
7279,708,708,3,73,7022,2019-03-23 14:20:03.054,Saque,-128.33,708,81.79
7280,396,396,7,71,8052,2022-01-16 21:09:18.616,Compra Débito,-51.04,396,765.0
7281,491,491,7,100,6609,2018-02-03 03:02:45.227,Compra Crédito,-7.86,491,0.86
7282,812,812,4,35,8011,2021-12-06 17:32:32.298,Pix - Recebido,4022.8,812,2869.8
7283,957,957,3,73,5613,2015-05-14 08:30:52.714,Compra Débito,-16.67,957,15.95
7284,856,856,7,33,7959,2021-10-15 21:48:30.892,Compra Débito,-114.11,856,19.22
7285,332,332,1,60,6679,2018-04-14 14:47:05.769,Compra Crédito,-7.82,332,37.78
7286,912,912,7,100,8365,2022-11-25 22:10:39.260,DOC - Recebido,24185.0,912,23655.76
7287,701,701,2,85,7166,2019-08-14 06:13:26.961,Compra Débito,-4.69,701,4.39
7288,562,562,10,30,8032,2021-12-27 11:38:24.004,Compra Débito,-133.9,562,1204.78
7289,379,379,2,86,4439,2012-02-25 13:27:46.863,Compra Débito,-34.55,379,28219.68
7290,941,941,7,7,6278,2017-03-09 18:07:14.395,Compra Crédito,-25.24,941,35080.31
7291,726,726,3,91,6901,2018-11-22 17:44:26.803,Saque,-154.59,726,30.63
7292,769,769,7,71,7659,2020-12-19 15:17:21.975,Compra Crédito,-66.02,769,40499.55
7293,442,442,7,71,8400,2022-12-30 21:09:59.062,Pix - Recebido,379.6,442,304.61
7294,110,110,3,31,5191,2014-03-18 10:07:30.813,Compra Débito,-55.07,110,96140.95
7295,436,436,1,18,6391,2017-06-30 21:48:31.835,TED - Recebido,44740.0,436,43193.28
7296,954,954,7,33,6699,2018-05-04 19:39:29.676,Compra Crédito,-57.01,954,115.38
7297,65,65,7,7,7863,2021-07-11 21:54:28.426,Pix - Realizado,-385.2,65,575.37
7298,973,973,7,42,8007,2021-12-02 22:43:46.466,Saque,-98.5,973,873.74
7299,391,391,8,38,7076,2019-05-16 01:04:39.750,Compra Crédito,-19.1,391,11983.94
7300,982,982,7,14,6477,2017-09-24 02:07:09.189,Compra Crédito,-125.81,982,2804.79
7301,620,620,7,71,7224,2019-10-11 18:48:05.001,Compra Débito,-34.57,620,22052.71
7302,651,651,7,7,5986,2016-05-21 10:50:15.811,Depósito em espécie,29.19,651,21634.01
7303,454,454,1,26,5146,2014-02-01 00:33:44.388,Compra Débito,-63.31,454,21390.15
7304,523,523,7,14,7051,2019-04-21 17:25:57.825,Depósito em espécie,18.18,523,5.67
7305,152,152,7,42,8393,2022-12-23 22:14:06.187,Pix - Recebido,432.5,152,209.11
7306,29,29,3,98,8027,2021-12-22 05:48:30.850,Pix - Recebido,545.6,29,424.41
7307,463,463,7,100,8091,2022-02-24 18:27:59.782,Pix - Recebido,1290.7,463,848.28
7308,581,581,5,63,7676,2021-01-05 07:37:13.434,Pix - Realizado,-1051.8,581,346.66
7309,443,443,7,14,6358,2017-05-28 19:38:02.154,Compra Débito,-19.06,443,37.09
7310,316,316,7,33,8101,2022-03-06 17:09:54.597,Compra Débito,-77.5,316,5.29
7311,462,462,7,100,7604,2020-10-25 19:56:28.818,Depósito em espécie,21.09,462,18922.28
7312,601,601,7,7,5770,2015-10-18 16:55:46.283,Compra Crédito,-9.39,601,0.91
7313,9,9,4,45,7989,2021-11-14 23:03:29.596,Pix - Recebido,358.2,9,332.15
7314,671,671,3,91,5437,2014-11-19 15:54:00.502,Compra Crédito,-2.88,671,91.7
7315,305,305,7,71,8362,2022-11-22 22:34:43.797,Pix - Recebido,95.9,305,109.4
7316,304,304,7,42,7411,2020-04-15 03:07:39.440,DOC - Recebido,57955.0,304,60127.5
7317,163,163,2,84,8260,2022-08-12 01:53:09.937,Saque,-151.09,163,37.1
7318,394,394,3,51,4790,2013-02-10 19:08:34.476,Compra Débito,-116.73,394,14982.14
7319,61,61,1,11,4860,2013-04-21 11:32:55.382,Compra Crédito,-21.37,61,12882.9
7320,273,273,2,95,8308,2022-09-29 02:28:54.225,Compra Crédito,-106.1,273,2610.71
7321,627,627,7,33,6416,2017-07-25 09:17:41.559,Compra Crédito,-17.91,627,1.39
7322,713,713,1,39,5537,2015-02-27 16:03:39.922,Compra Crédito,-38.54,713,56.06
7323,735,735,7,7,7101,2019-06-10 14:48:55.091,DOC - Recebido,42205.0,735,43843.05
7324,720,720,1,80,5585,2015-04-16 13:08:55.247,Saque,-294.6,720,19081.01
7325,872,872,7,71,6868,2018-10-20 08:18:16.239,Compra Crédito,-51.68,872,4227.81
7326,711,711,8,47,6795,2018-08-08 12:53:37.853,Compra Débito,-26.57,711,14.31
7327,26,26,8,38,7966,2021-10-22 06:07:29.347,Pix - Recebido,1503.5,26,1736.37
7328,450,450,7,7,8148,2022-04-22 00:21:15.668,Compra Crédito,-30.12,450,888.57
7329,21,21,2,86,4626,2012-08-30 13:08:41.975,Estorno de Debito,56.88,21,74.17
7330,672,672,7,14,6881,2018-11-02 06:43:58.026,Compra Crédito,-49.06,672,581.81
7331,856,856,7,33,7986,2021-11-11 05:04:13.593,Compra Crédito,-65.3,856,19.22
7332,636,636,1,39,4915,2013-06-15 00:05:47.823,Depósito em espécie,59.3,636,34782.8
7333,929,929,1,60,8279,2022-08-31 17:29:42.711,Compra Débito,-8.01,929,115.72
7334,959,959,1,61,5414,2014-10-27 17:37:58.691,Compra Débito,-37.9,959,96.49
7335,544,544,7,71,7335,2020-01-30 03:42:27.074,DOC - Recebido,13910.0,544,14855.02
7336,882,882,7,100,7346,2020-02-10 06:16:00.708,Compra Débito,-85.74,882,13183.35
7337,524,524,7,33,6534,2017-11-20 20:16:32.064,Compra Débito,-10.69,524,9.47
7338,401,401,7,14,8205,2022-06-18 07:58:50.304,Compra Débito,-25.47,401,2.51
7339,676,676,1,26,4480,2012-04-06 20:46:49.139,Depósito em espécie,250.05,676,91.0
7340,390,390,7,14,8051,2022-01-15 08:33:30.402,Compra Débito,-182.81,390,30642.59
7341,388,388,3,98,5583,2015-04-14 06:11:25.157,Compra Débito,-21.14,388,5.66
7342,525,525,7,71,8245,2022-07-28 21:26:31.590,Pix - Recebido,497.4,525,24.17
7343,183,183,1,62,7152,2019-07-31 11:28:02.613,Compra Débito,-74.62,183,117.76
7344,398,398,5,67,7383,2020-03-18 09:27:22.467,Compra Crédito,-23.64,398,98018.34
7345,847,847,8,89,7719,2021-02-17 01:13:25.588,Pix - Realizado,-455.6,847,114.56
7346,255,255,7,100,7075,2019-05-15 14:36:41.706,Compra Débito,-26.26,255,163.21
7347,292,292,5,67,6015,2016-06-19 04:43:35.662,Compra Crédito,-10.27,292,436.53
7348,978,978,5,15,7707,2021-02-05 04:46:01.363,DOC - Recebido,37065.0,978,40487.07
7349,229,229,7,14,7587,2020-10-08 11:55:52.932,Depósito em espécie,14.28,229,110.29
7350,197,197,4,35,7425,2020-04-29 20:40:15.999,Depósito em espécie,27.97,197,6.74
7351,269,269,5,63,5609,2015-05-10 17:40:47.042,Compra Crédito,-39.56,269,37274.48
7352,417,417,7,14,6698,2018-05-03 23:44:18.203,Compra Crédito,-15.68,417,486.42
7353,945,945,8,89,6929,2018-12-20 05:17:06.566,Compra Crédito,-42.09,945,21810.32
7354,911,911,7,14,8173,2022-05-17 17:37:31.564,Pix - Realizado,-198.4,911,492.8
7355,183,183,1,62,7152,2019-07-31 15:32:36.295,Depósito em espécie,302.6,183,117.76
7356,131,131,1,60,3702,2010-02-18 07:47:05.579,Compra Débito,-27.88,131,86.41
7357,737,737,6,22,7689,2021-01-18 18:21:42.263,Compra Crédito,-60.99,737,145.26
7358,804,804,7,7,8384,2022-12-14 11:22:16.123,Compra Crédito,-7.83,804,2553.01
7359,770,770,7,14,7898,2021-08-15 16:07:17.075,Compra Crédito,-23.6,770,349.01
7360,159,159,7,7,7385,2020-03-20 05:32:35.894,TED - Recebido,48825.0,159,53761.86
7361,841,841,5,63,6402,2017-07-11 10:14:15.702,Estorno de Debito,33.64,841,1.02
7362,892,892,1,18,4260,2011-08-30 21:42:08.343,Compra Crédito,-26.49,892,6656.82
7363,729,729,7,14,8024,2021-12-19 08:08:43.858,Compra Débito,-30.46,729,59.88
7364,860,860,5,55,5810,2015-11-27 01:10:01.191,Compra Crédito,-76.1,860,5.32
7365,610,610,7,42,7756,2021-03-26 06:43:30.020,Compra Crédito,-52.26,610,378.18
7366,189,189,7,7,7550,2020-09-01 23:10:46.251,TED - Recebido,24235.0,189,25382.15
7367,238,238,6,48,8040,2022-01-04 19:41:06.482,Compra Débito,-119.94,238,2138.0
7368,502,502,2,90,4821,2013-03-13 09:17:01.119,Compra Débito,-81.69,502,179885.3
7369,535,535,7,33,7014,2019-03-15 16:10:07.147,Depósito em espécie,51.83,535,31.05
7370,65,65,7,7,7864,2021-07-12 10:17:11.495,Compra Crédito,-16.96,65,575.37
7371,787,787,4,19,8400,2022-12-30 08:13:02.369,TED - Recebido,23430.0,787,25561.95
7372,970,970,3,31,8318,2022-10-09 18:00:42.150,Pix - Realizado,-232.5,970,101.71
7373,883,883,7,42,8336,2022-10-27 21:45:12.495,Compra Crédito,-66.8,883,485.4
7374,746,746,7,100,8321,2022-10-12 19:21:02.981,Pix - Recebido,1065.3,746,2182.45
7375,516,516,1,36,5524,2015-02-14 21:29:32.880,Depósito em espécie,13.16,516,9930.41
7376,235,235,2,94,5322,2014-07-27 21:48:44.414,Compra Débito,-107.53,235,23770.63
7377,880,880,7,71,7532,2020-08-14 12:58:56.519,Compra Crédito,-9.68,880,28337.91
7378,170,170,7,100,8017,2021-12-12 15:01:15.789,Compra Crédito,-120.5,170,340.47
7379,237,237,2,95,7309,2020-01-04 21:32:46.464,Compra Crédito,-21.17,237,83.36
7380,277,277,7,33,8394,2022-12-24 09:40:35.746,Compra Débito,-22.75,277,841.7
7381,273,273,2,95,8308,2022-09-29 03:42:33.052,Pix - Realizado,-779.5,273,2610.71
7382,982,982,7,14,6477,2017-09-24 04:59:29.975,Compra Crédito,-17.37,982,2804.79
7383,494,494,7,14,8392,2022-12-22 16:29:19.184,Compra Crédito,-30.61,494,484.48
7384,712,712,7,42,8379,2022-12-09 08:06:33.102,Compra Crédito,-25.39,712,450.19
7385,120,120,2,82,7266,2019-11-22 21:57:59.569,Compra Débito,-73.25,120,7738.26
7386,675,675,7,100,7820,2021-05-29 15:45:31.953,Pix - Recebido,260.4,675,51.61
7387,431,431,2,85,4504,2012-04-30 13:20:27.405,Compra Débito,-123.43,431,28.76
7388,61,61,1,11,4861,2013-04-22 09:20:07.243,Transferência entre CC - Crédito,464.6,61,12882.9
7389,218,218,5,15,5727,2015-09-05 18:14:48.658,Depósito em espécie,53.25,218,323.81
7390,948,948,7,100,7693,2021-01-22 04:25:15.381,Pix - Recebido,251.3,948,201.98
7391,746,746,7,100,8321,2022-10-12 19:27:58.065,Pix - Realizado,-252.9,746,2182.45
7392,252,252,7,71,8400,2022-12-30 08:19:40.340,Compra Crédito,-34.77,252,474.02
7393,3,3,7,100,6481,2017-09-28 03:59:03.312,Compra Débito,-134.35,3,165.04
7394,271,271,4,57,8359,2022-11-19 02:26:36.294,Pix - Realizado,-556.3,271,7534.76
7395,571,571,8,5,8371,2022-12-01 06:21:13.305,Compra Crédito,-10.0,571,2475.58
7396,84,84,7,42,7315,2020-01-10 03:02:28.378,Compra Crédito,-89.03,84,629.81
7397,11,11,4,19,7961,2021-10-17 23:48:48.369,Compra Crédito,-9.33,11,21.04
7398,633,633,7,14,7213,2019-09-30 20:59:40.791,Compra Débito,-15.47,633,438.87
7399,55,55,8,47,8182,2022-05-26 16:21:14.569,TED - Recebido,15565.0,55,15624.79
7400,40,40,7,7,8123,2022-03-28 23:36:20.171,Compra Crédito,-13.71,40,639.41
7401,914,914,5,55,5567,2015-03-29 20:33:10.433,Compra Crédito,-30.05,914,7492.2
7402,633,633,7,14,7231,2019-10-18 00:53:50.486,Compra Débito,-13.32,633,438.87
7403,953,953,7,7,7776,2021-04-15 10:02:01.115,Compra Crédito,-48.39,953,102.72
7404,508,508,4,1,6966,2019-01-26 01:48:01.268,Transferência entre CC - Crédito,611.0,508,1454.88
7405,744,744,7,7,8380,2022-12-10 05:17:42.011,Pix - Recebido,1990.0,744,1041.45
7406,244,244,7,14,7360,2020-02-24 07:33:33.332,Compra Crédito,-25.87,244,2652.96
7407,45,45,3,91,5853,2016-01-09 19:21:34.103,Compra Débito,-48.36,45,132.02
7408,349,349,7,14,7879,2021-07-27 07:41:55.690,Pix - Recebido,834.2,349,810.24
7409,571,571,8,5,8372,2022-12-02 23:16:24.906,Depósito em espécie,136.25,571,2475.58
7410,743,743,2,81,5392,2014-10-05 03:00:10.897,Compra Crédito,-62.24,743,18.63
7411,155,155,3,16,7439,2020-05-13 10:14:18.082,Saque,-209.9,155,515.96
7412,4,4,7,42,7130,2019-07-09 02:03:53.173,Compra Crédito,-39.04,4,403.16
7413,479,479,7,42,7413,2020-04-17 05:19:47.715,Estorno de Debito,9.67,479,63.54
7414,145,145,3,31,8351,2022-11-11 14:49:49.374,Pix - Realizado,-112.2,145,321.91
7415,185,185,3,51,5586,2015-04-17 07:50:13.608,Compra Crédito,-8.29,185,17.06
7416,646,646,7,14,6098,2016-09-10 12:20:54.157,Saque,-276.29,646,1677.94
7417,691,691,7,7,8324,2022-10-15 01:08:08.326,Pix - Recebido,1714.4,691,1154.22
7418,461,461,6,28,6669,2018-04-04 02:01:38.587,Compra Débito,-92.82,461,147.18
7419,855,855,7,71,6100,2016-09-12 01:20:51.908,Compra Débito,-48.82,855,242.54
7420,170,170,7,100,8375,2022-12-05 22:52:44.165,Depósito em espécie,58.67,170,340.47
7421,249,249,2,24,6205,2016-12-26 14:52:15.921,Compra Débito,-44.34,249,45973.33
7422,986,986,3,98,7170,2019-08-18 07:35:48.933,Compra Crédito,-5.07,986,13317.02
7423,456,456,3,13,5225,2014-04-21 13:50:11.654,Compra Débito,-44.41,456,60535.86
7424,623,623,1,32,8399,2022-12-29 07:32:54.597,Pix - Recebido,355.0,623,317.47
7425,791,791,7,71,8266,2022-08-18 02:40:10.211,Compra Crédito,-10.41,791,83.77
7426,443,443,7,14,6358,2017-05-28 21:24:30.870,Compra Crédito,-52.89,443,37.09
7427,181,181,2,85,4379,2011-12-27 22:56:12.283,Depósito em espécie,37.76,181,196.99
7428,795,795,4,35,7313,2020-01-08 17:55:17.829,Compra Crédito,-21.17,795,163.77
7429,391,391,8,38,7078,2019-05-18 14:50:23.327,Compra Crédito,-48.9,391,11983.94
7430,881,881,7,42,6674,2018-04-09 12:58:10.904,Depósito em espécie,35.57,881,103.71
7431,757,757,1,60,3923,2010-09-27 13:35:10.671,TED - Recebido,25900.0,757,26295.87
7432,420,420,5,50,5746,2015-09-24 06:18:57.819,Compra Débito,-63.23,420,7641.25
7433,261,261,2,70,4765,2013-01-16 05:22:18.524,Compra Crédito,-56.04,261,12732.03
7434,364,364,3,16,8045,2022-01-09 09:00:56.376,Compra Crédito,-13.89,364,1783.15
7435,288,288,7,33,6872,2018-10-24 15:16:31.642,Compra Débito,-162.42,288,951.59
7436,488,488,7,14,7177,2019-08-25 08:26:02.378,Compra Débito,-76.04,488,1303.71
7437,216,216,1,26,4508,2012-05-04 14:53:50.557,Compra Crédito,-20.07,216,622.12
7438,572,572,2,86,6443,2017-08-21 20:29:38.014,Compra Crédito,-7.87,572,7982.21
7439,84,84,7,42,7315,2020-01-10 03:35:30.756,Compra Crédito,-12.98,84,629.81
7440,837,837,5,15,7530,2020-08-12 02:58:17.923,Compra Crédito,-59.27,837,1685.83
7441,507,507,7,42,6519,2017-11-05 14:23:03.234,Compra Crédito,-46.58,507,5.5
7442,871,871,3,13,5642,2015-06-12 21:51:20.157,Compra Crédito,-36.01,871,7034.08
7443,13,13,8,38,7626,2020-11-16 19:23:03.582,Compra Débito,-24.53,13,28351.16
7444,836,836,8,6,7657,2020-12-17 17:43:55.216,Pix - Recebido,182.7,836,240.05
7445,550,550,1,3,7541,2020-08-23 13:32:41.555,Compra Crédito,-32.02,550,140.29
7446,983,983,1,39,7994,2021-11-19 02:23:38.552,Compra Crédito,-14.97,983,28561.26
7447,618,618,7,100,8392,2022-12-22 19:55:26.792,Compra Débito,-131.94,618,2659.18
7448,384,384,3,98,6783,2018-07-27 05:32:38.962,Compra Crédito,-51.12,384,78.72
7449,980,980,7,7,7108,2019-06-17 23:21:46.331,Compra Crédito,-46.15,980,49.3
7450,333,333,3,13,6857,2018-10-09 00:11:48.678,Compra Crédito,-21.16,333,65395.97
7451,367,367,8,52,7004,2019-03-05 06:59:22.506,Depósito em espécie,38.29,367,44.42
7452,67,67,9,46,8397,2022-12-27 14:00:15.871,DOC - Realizado,-28060.0,67,33480.7
7453,851,851,7,7,7392,2020-03-27 18:47:38.879,Compra Débito,-11.99,851,4.05
7454,573,573,7,71,8319,2022-10-10 03:27:22.724,Compra Débito,-19.42,573,21.88
7455,746,746,7,100,8321,2022-10-12 19:28:12.936,Pix - Realizado,-535.3,746,2182.45
7456,136,136,6,44,8397,2022-12-27 15:01:47.525,Compra Débito,-46.46,136,582.21
7457,221,221,4,45,6783,2018-07-27 08:57:22.058,Compra Débito,-56.12,221,238.48
7458,483,483,7,7,8371,2022-12-01 11:38:15.689,Compra Crédito,-66.82,483,704.4
7459,552,552,4,1,8380,2022-12-10 06:44:26.703,Compra Crédito,-63.58,552,386.22
7460,274,274,4,19,5349,2014-08-23 12:04:15.955,Compra Crédito,-39.28,274,16293.85
7461,804,804,7,7,8391,2022-12-21 06:32:04.738,Compra Débito,-32.3,804,2553.01
7462,580,580,7,33,7618,2020-11-08 06:39:16.562,Compra Crédito,-6.79,580,10.58
7463,126,126,7,42,5830,2015-12-17 22:55:55.447,Compra Crédito,-10.82,126,74.12
7464,270,270,2,95,6486,2017-10-03 08:28:05.990,Compra Crédito,-9.99,270,10603.62
7465,935,935,7,14,6964,2019-01-24 12:45:08.294,Saque,-202.48,935,7894.24
7466,824,824,7,14,7341,2020-02-05 07:06:57.141,Compra Débito,-14.63,824,32360.92
7467,519,519,5,55,7031,2019-04-01 00:55:16.906,Compra Débito,-93.34,519,69.17
7468,368,368,7,71,7612,2020-11-02 07:51:46.841,Compra Crédito,-8.5,368,3208.56
7469,124,124,7,71,6376,2017-06-15 05:30:02.521,Compra Crédito,-6.63,124,71.68
7470,842,842,7,33,7146,2019-07-25 11:28:34.200,Compra Crédito,-42.19,842,1.24
7471,167,167,7,7,6918,2018-12-09 03:57:20.443,Compra Débito,-15.2,167,7155.67
7472,821,821,7,71,8362,2022-11-22 08:19:08.282,Compra Débito,-10.84,821,1325.06
7473,25,25,8,23,8284,2022-09-05 07:20:47.758,Pix - Realizado,-412.0,25,29.89
7474,782,782,6,88,5938,2016-04-03 21:05:53.200,Compra Crédito,-48.11,782,42.44
7475,643,643,7,7,7280,2019-12-06 22:22:54.136,Compra Débito,-17.03,643,2860.45
7476,975,975,1,32,5159,2014-02-14 16:55:53.024,Compra Crédito,-14.12,975,42.45
7477,519,519,5,55,7031,2019-04-01 03:19:43.392,Compra Crédito,-9.68,519,69.17
7478,271,271,4,57,8359,2022-11-19 23:05:52.591,Pix - Realizado,-639.5,271,7534.76
7479,158,158,5,67,8291,2022-09-12 23:46:38.153,Pagamento de boleto,-1034.2,158,10785.13
7480,800,800,1,92,8045,2022-01-09 16:11:36.772,Compra Crédito,-43.21,800,845.98
7481,210,210,3,91,5769,2015-10-17 00:28:38.761,Compra Débito,-22.82,210,24.59
7482,719,719,3,51,8062,2022-01-26 03:40:05.192,Pix - Recebido,713.0,719,392.74
7483,208,208,4,35,6910,2018-12-01 22:33:45.205,Compra Crédito,-22.37,208,77.03
7484,960,960,1,39,7067,2019-05-07 16:15:00.817,Compra Débito,-11.39,960,987.51
7485,201,201,7,71,8332,2022-10-23 15:03:20.673,Compra Crédito,-143.05,201,266.97
7486,134,134,5,43,7247,2019-11-03 14:13:19.781,Compra Débito,-50.24,134,33031.09
7487,933,933,8,41,7787,2021-04-26 15:14:43.617,Compra Débito,-214.31,933,322.81
7488,197,197,4,35,7426,2020-04-30 06:33:47.826,Transferência entre CC - Crédito,79.2,197,6.74
7489,567,567,8,89,7309,2020-01-04 23:51:19.454,Compra Débito,-6.01,567,31.07
7490,662,662,7,42,7600,2020-10-21 13:56:51.874,Compra Crédito,-82.27,662,21469.65
7491,959,959,1,61,5416,2014-10-29 23:03:59.940,Compra Crédito,-9.39,959,96.49
7492,611,611,6,48,8400,2022-12-30 14:02:28.572,Pix - Recebido,252.5,611,24506.47
7493,680,680,7,42,8143,2022-04-17 18:26:08.224,Depósito em espécie,111.02,680,80.25
7494,340,340,4,35,8016,2021-12-11 10:56:45.651,Pix - Recebido,224.7,340,393.03
7495,744,744,7,7,8388,2022-12-18 12:50:19.144,Pix - Recebido,62.3,744,1041.45
7496,421,421,7,14,7403,2020-04-07 16:51:41.278,Compra Crédito,-19.04,421,90.29
7497,318,318,3,91,7529,2020-08-11 03:19:44.837,Depósito em espécie,15.59,318,43585.91
7498,621,621,7,42,7363,2020-02-27 20:27:39.497,Depósito em espécie,692.62,621,697.1
7499,660,660,4,45,5493,2015-01-14 00:08:33.014,Compra Débito,-7.7,660,122736.82
7500,193,193,7,7,6316,2017-04-16 02:33:54.919,Compra Crédito,-36.14,193,38.58
7501,280,280,7,100,6165,2016-11-16 02:33:40.384,TED - Recebido,12515.0,280,3.04
7502,652,652,7,14,8120,2022-03-25 14:57:40.093,Pix - Realizado,-113.7,652,117.65
7503,88,88,7,71,6940,2018-12-31 00:19:07.588,Compra Crédito,-31.59,88,186.23
7504,342,342,7,33,5756,2015-10-04 20:07:51.605,Compra Crédito,-28.34,342,44.69
7505,407,407,7,42,8264,2022-08-16 14:57:28.308,Compra Crédito,-32.05,407,18.63
7506,772,772,3,16,5147,2014-02-02 11:02:36.571,Compra Crédito,-13.92,772,816.66
7507,704,704,4,57,6176,2016-11-27 14:56:46.311,Compra Crédito,-16.44,704,25.39
7508,278,278,4,57,5570,2015-04-01 13:00:48.246,Depósito em espécie,46.62,278,30.67
7509,547,547,2,24,6487,2017-10-04 13:46:27.193,Compra Crédito,-84.87,547,31426.79
7510,244,244,7,14,7360,2020-02-24 09:39:18.403,Compra Débito,-131.83,244,2652.96
7511,562,562,10,30,8215,2022-06-28 02:36:49.955,Compra Crédito,-145.29,562,1204.78
7512,593,593,7,7,5992,2016-05-27 12:16:43.406,Compra Crédito,-31.23,593,216.19
7513,975,975,1,32,5160,2014-02-15 03:33:38.483,Compra Crédito,-9.33,975,42.45
7514,175,175,3,13,5106,2013-12-23 15:46:20.482,Compra Crédito,-22.82,175,79.74
7515,900,900,1,60,8400,2022-12-30 12:37:50.765,Compra Débito,-29.27,900,7410.38
7516,678,678,9,66,8252,2022-08-04 08:57:13.244,Pix - Realizado,-253.4,678,49659.67
7517,147,147,7,42,7061,2019-05-01 05:04:08.765,Compra Crédito,-10.72,147,11.06
7518,986,986,3,98,7170,2019-08-18 07:44:47.509,TED - Recebido,13270.0,986,13317.02
7519,36,36,7,14,7449,2020-05-23 06:36:52.724,Compra Crédito,-104.73,36,43990.93
7520,48,48,7,100,8400,2022-12-30 23:42:38.993,Compra Crédito,-54.61,48,557.6
7521,575,575,5,58,7408,2020-04-12 10:04:15.605,Compra Crédito,-8.46,575,426.34
7522,842,842,7,33,7149,2019-07-28 16:10:46.570,Compra Crédito,-6.67,842,1.24
7523,175,175,3,13,5396,2014-10-09 07:31:56.399,Depósito em espécie,14.23,175,79.74
7524,346,346,1,26,8241,2022-07-24 10:32:30.068,Pix - Recebido,284.0,346,57814.67
7525,569,569,4,45,7861,2021-07-09 05:36:10.938,Pix - Realizado,-361.5,569,125.24
7526,916,916,3,73,5277,2014-06-12 04:51:01.013,Compra Débito,-11.81,916,76592.34
7527,249,249,2,24,6206,2016-12-27 22:36:26.577,Compra Crédito,-7.93,249,45973.33
7528,433,433,9,99,7903,2021-08-20 09:03:43.117,Compra Débito,-28.79,433,16.55
7529,185,185,3,51,5589,2015-04-20 03:09:20.090,Compra Crédito,-33.28,185,17.06
7530,573,573,7,71,8319,2022-10-10 08:21:57.877,Depósito em espécie,57.12,573,21.88
7531,196,196,3,91,7666,2020-12-26 19:54:06.415,Compra Débito,-38.45,196,52.64
7532,638,638,3,73,7508,2020-07-21 20:01:20.785,Compra Crédito,-5.78,638,18243.26
7533,98,98,2,78,6069,2016-08-12 08:17:15.482,Compra Crédito,-99.48,98,1330.67
7534,831,831,7,14,7706,2021-02-04 20:46:43.949,Pix - Realizado,-1087.4,831,866.91
7535,376,376,7,14,8350,2022-11-10 07:21:45.511,Pix - Recebido,360.1,376,53.04
7536,357,357,7,7,6986,2019-02-15 17:38:42.806,Estorno de Debito,7.36,357,20.01
7537,741,741,7,100,7527,2020-08-09 19:27:30.303,Compra Crédito,-78.15,741,691.71
7538,520,520,1,60,5685,2015-07-25 23:40:56.351,Compra Crédito,-84.16,520,9224.06
7539,243,243,5,49,7811,2021-05-20 02:57:02.092,Compra Débito,-238.97,243,1150.34
7540,156,156,2,9,4512,2012-05-08 03:12:09.844,Compra Débito,-55.04,156,498.76
7541,583,583,7,33,7133,2019-07-12 04:04:11.719,Compra Débito,-17.17,583,12.56
7542,568,568,7,71,6810,2018-08-23 13:55:19.288,Compra Débito,-13.4,568,25.73
7543,148,148,9,93,7332,2020-01-27 04:39:20.578,Compra Crédito,-26.59,148,41.59
7544,941,941,7,7,6279,2017-03-10 06:55:35.379,Compra Crédito,-26.02,941,35080.31
7545,71,71,8,5,8228,2022-07-11 02:55:38.749,Saque,-187.4,71,24975.47
7546,523,523,7,14,7051,2019-04-21 18:13:47.827,Compra Crédito,-5.21,523,5.67
7547,995,995,7,33,6719,2018-05-24 07:58:59.137,Compra Débito,-81.75,995,13383.67
7548,912,912,7,100,8366,2022-11-26 01:24:43.212,Compra Débito,-27.73,912,23655.76
7549,318,318,3,91,7533,2020-08-15 09:47:23.476,Compra Crédito,-20.78,318,43585.91
7550,604,604,7,14,6615,2018-02-09 21:44:19.653,Compra Débito,-219.49,604,5498.85
7551,718,718,4,45,5379,2014-09-22 09:04:27.880,Compra Débito,-38.71,718,445.88
7552,310,310,7,42,7229,2019-10-16 00:20:31.462,Compra Débito,-3.67,310,30.65
7553,219,219,7,14,7415,2020-04-19 21:52:56.342,Compra Débito,-121.06,219,212159.56
7554,899,899,1,92,7827,2021-06-05 09:39:37.310,Compra Crédito,-25.84,899,6.64
7555,783,783,7,14,6490,2017-10-07 06:24:36.387,Compra Crédito,-152.09,783,27460.42
7556,859,859,7,100,8400,2022-12-30 06:41:37.119,Pix - Realizado,-911.3,859,586.87
7557,878,878,6,40,7362,2020-02-26 22:51:15.100,Depósito em espécie,21.1,878,1.44
7558,601,601,7,7,6040,2016-07-14 21:06:05.146,Compra Crédito,-60.75,601,0.91
7559,217,217,4,57,5106,2013-12-23 00:13:19.776,Compra Crédito,-113.67,217,3307.79
7560,338,338,7,42,8150,2022-04-24 20:00:25.200,Compra Crédito,-24.93,338,1187.02
7561,90,90,1,11,5534,2015-02-24 05:19:53.805,Compra Crédito,-94.92,90,22210.21
7562,349,349,7,14,7880,2021-07-28 23:10:04.341,Compra Crédito,-11.73,349,810.24
7563,36,36,7,14,7449,2020-05-23 09:24:33.151,Compra Crédito,-31.52,36,43990.93
7564,435,435,9,21,8400,2022-12-30 15:30:55.634,Compra Débito,-46.61,435,1790.34
7565,31,31,6,40,6277,2017-03-08 22:17:12.139,Compra Débito,-23.56,31,271.65
7566,373,373,2,86,4410,2012-01-27 19:37:25.550,Compra Crédito,-30.02,373,951.99
7567,179,179,3,98,4685,2012-10-28 20:49:25.398,Compra Crédito,-10.99,179,57273.21
7568,235,235,2,94,5331,2014-08-05 19:15:21.211,Compra Crédito,-50.77,235,23770.63
7569,397,397,7,100,7211,2019-09-28 06:16:12.419,Compra Crédito,-16.91,397,1255.72
7570,229,229,7,14,7587,2020-10-08 14:02:21.853,Compra Crédito,-10.29,229,110.29
7571,600,600,4,45,5824,2015-12-11 12:48:55.348,Depósito em espécie,35.88,600,0.75
7572,583,583,7,33,7133,2019-07-12 06:46:07.901,Compra Débito,-18.0,583,12.56
7573,839,839,5,50,8304,2022-09-25 11:05:16.576,Pix - Recebido,223.9,839,308.53
7574,385,385,4,19,7577,2020-09-28 05:23:59.453,Compra Crédito,-21.83,385,13281.25
7575,921,921,5,34,6534,2017-11-20 02:45:41.545,Compra Débito,-179.65,921,3706.46
7576,655,655,7,42,7670,2020-12-30 04:00:12.306,Pix - Recebido,2368.2,655,232.15
7577,377,377,2,29,8230,2022-07-13 19:05:54.077,Compra Crédito,-22.44,377,7673.52
7578,571,571,8,5,8374,2022-12-04 16:10:32.549,Compra Crédito,-28.51,571,2475.58
7579,407,407,7,42,8266,2022-08-18 16:13:03.735,Pix - Recebido,293.7,407,18.63
7580,891,891,7,33,6689,2018-04-24 07:11:31.175,Compra Débito,-43.39,891,218.62
7581,11,11,4,19,7967,2021-10-23 16:16:01.485,Compra Débito,-108.32,11,21.04
7582,573,573,7,71,8373,2022-12-03 22:58:43.441,Compra Débito,-72.62,573,21.88
7583,744,744,7,7,8388,2022-12-18 15:33:49.188,Compra Crédito,-36.82,744,1041.45
7584,333,333,3,13,6863,2018-10-15 14:11:12.801,Compra Crédito,-10.91,333,65395.97
7585,929,929,1,60,8284,2022-09-05 18:47:39.606,Compra Débito,-61.46,929,115.72
7586,856,856,7,33,7987,2021-11-12 15:28:19.626,Compra Crédito,-5.09,856,19.22
7587,461,461,6,28,6674,2018-04-09 23:21:58.376,Compra Débito,-24.85,461,147.18
7588,675,675,7,100,7826,2021-06-04 04:07:24.415,Pix - Realizado,-169.8,675,51.61
7589,808,808,3,31,5443,2014-11-25 18:23:55.602,TED - Recebido,6000.0,808,5942.22
7590,488,488,7,14,7188,2019-09-05 22:44:31.480,Compra Crédito,-16.22,488,1303.71
7591,369,369,1,72,7966,2021-10-22 02:00:04.420,Pix - Recebido,788.4,369,1153.14
7592,497,497,2,81,4106,2011-03-29 22:48:28.956,Compra Débito,-3.42,497,137.81
7593,386,386,3,51,5046,2013-10-24 11:01:28.331,Compra Crédito,-135.46,386,1806.71
7594,639,639,7,71,8226,2022-07-09 04:33:51.798,Compra Crédito,-164.06,639,1176.54
7595,661,661,5,55,5803,2015-11-20 06:56:00.986,Compra Crédito,-67.94,661,6239.1
7596,726,726,3,91,6901,2018-11-22 17:54:12.946,Compra Crédito,-113.96,726,30.63
7597,197,197,4,35,7426,2020-04-30 09:40:21.724,Compra Débito,-44.2,197,6.74
7598,689,689,2,84,4946,2013-07-16 09:53:24.731,Compra Crédito,-24.57,689,27162.12
7599,826,826,7,71,6484,2017-10-01 12:53:56.603,Compra Crédito,-73.94,826,181.92
7600,553,553,5,43,8032,2021-12-27 02:46:00.371,Compra Débito,-36.26,553,317.19
7601,104,104,3,91,6965,2019-01-25 02:52:44.939,Compra Débito,-91.21,104,154.77
7602,371,371,7,100,6357,2017-05-27 14:28:15.215,Depósito em espécie,20.7,371,45.64
7603,187,187,7,7,6317,2017-04-17 11:39:58.322,Compra Débito,-16.61,187,111.14
7604,846,846,8,23,8184,2022-05-28 15:12:16.765,Pix - Realizado,-2309.1,846,2090.0
7605,969,969,2,76,7657,2020-12-17 22:17:18.052,Pix - Recebido,1267.6,969,924.98
7606,74,74,7,14,8024,2021-12-19 16:41:06.470,Depósito em espécie,147.36,74,47148.34
7607,465,465,3,98,6748,2018-06-22 16:50:52.633,Compra Crédito,-79.99,465,6182.65
7608,406,406,6,22,8398,2022-12-28 01:26:35.765,Pix - Recebido,198.6,406,166.64
7609,148,148,9,93,7332,2020-01-27 06:36:35.459,Compra Crédito,-6.28,148,41.59
7610,643,643,7,7,7396,2020-03-31 00:04:02.758,Compra Crédito,-58.55,643,2860.45
7611,753,753,7,33,7010,2019-03-11 00:46:32.656,Compra Crédito,-18.24,753,15.45
7612,543,543,8,10,7746,2021-03-16 17:38:24.018,Pix - Realizado,-416.5,543,566.44
7613,196,196,3,91,7672,2021-01-01 04:43:51.401,Compra Crédito,-10.8,196,52.64
7614,346,346,1,26,8241,2022-07-24 19:29:30.418,Estorno de Debito,47.08,346,57814.67
7615,749,749,5,50,5659,2015-06-29 03:27:25.056,Saque,-852.74,749,49928.0
7616,905,905,1,80,4525,2012-05-21 03:24:46.172,Compra Crédito,-23.35,905,645.84
7617,700,700,4,57,5412,2014-10-25 22:49:26.421,Compra Débito,-150.09,700,767.58
7618,53,53,5,63,8354,2022-11-14 15:17:07.472,Pix - Recebido,511.0,53,9931.98
7619,395,395,9,59,7996,2021-11-21 05:17:20.678,Saque,-404.88,395,791.86
7620,183,183,1,62,7152,2019-07-31 18:36:42.046,Compra Crédito,-50.46,183,117.76
7621,361,361,7,100,6121,2016-10-03 03:24:34.439,Compra Crédito,-12.54,361,43014.06
7622,348,348,7,100,7302,2019-12-28 09:04:08.570,Compra Crédito,-14.94,348,79.31
7623,320,320,4,19,5756,2015-10-04 10:03:18.119,Compra Crédito,-83.15,320,14108.84
7624,897,897,7,33,6524,2017-11-10 00:17:53.505,Depósito em espécie,57.66,897,84.61
7625,939,939,2,70,8398,2022-12-28 07:17:42.733,Compra Crédito,-38.34,939,85135.76
7626,596,596,7,100,6570,2017-12-26 10:53:50.126,Compra Débito,-7.96,596,147.68
7627,959,959,1,61,5673,2015-07-13 11:25:20.679,Compra Crédito,-28.24,959,96.49
7628,940,940,7,14,6334,2017-05-04 15:51:04.991,Depósito em espécie,48.64,940,9.19
7629,282,282,7,42,5940,2016-04-05 19:21:32.147,Compra Crédito,-43.81,282,12427.22
7630,661,661,5,55,5803,2015-11-20 14:25:32.939,Compra Débito,-3.97,661,6239.1
7631,925,925,9,74,7564,2020-09-15 16:18:53.383,Compra Crédito,-50.83,925,4860.91
7632,863,863,7,42,8405,2023-01-04 11:20:24.058,Pix - Recebido,490.7,863,418.28
7633,812,812,4,35,8011,2021-12-06 21:56:41.072,Compra Crédito,-15.01,812,2869.8
7634,31,31,6,40,6287,2017-03-18 12:21:41.452,Compra Débito,-41.05,31,271.65
7635,614,614,7,7,7873,2021-07-21 14:10:19.770,Compra Crédito,-35.73,614,919.54
7636,521,521,7,71,7257,2019-11-13 10:21:18.847,Compra Crédito,-62.72,521,92.87
7637,436,436,1,18,6538,2017-11-24 12:32:15.858,Compra Crédito,-44.91,436,43193.28
7638,772,772,3,16,5163,2014-02-18 17:12:25.207,Compra Crédito,-20.72,772,816.66
7639,266,266,7,100,6774,2018-07-18 04:07:25.446,Compra Crédito,-32.21,266,8.44
7640,736,736,3,98,6158,2016-11-09 10:30:23.590,Compra Crédito,-235.15,736,87.06
7641,213,213,7,100,7465,2020-06-08 14:21:44.819,Compra Débito,-35.63,213,741.68
7642,21,21,2,86,4630,2012-09-03 22:30:30.738,Depósito em espécie,179.67,21,74.17
7643,431,431,2,85,4504,2012-04-30 15:30:56.652,Compra Débito,-25.17,431,28.76
7644,978,978,5,15,7712,2021-02-10 02:11:06.768,Pix - Realizado,-272.9,978,40487.07
7645,15,15,7,33,7259,2019-11-15 02:14:31.096,Transferência entre CC - Crédito,1114.7,15,689.76
7646,733,733,6,4,8075,2022-02-08 19:54:22.999,Pix - Realizado,-476.9,733,1849.3
7647,853,853,2,86,5828,2015-12-15 10:51:11.866,TED - Recebido,6905.0,853,6738.14
7648,523,523,7,14,7075,2019-05-15 06:43:24.104,Compra Crédito,-8.82,523,5.67
7649,294,294,2,95,5555,2015-03-17 04:02:56.992,Saque,-141.59,294,14975.62
7650,98,98,2,78,6069,2016-08-12 20:27:46.465,Compra Débito,-5.81,98,1330.67
7651,794,794,7,33,6902,2018-11-23 19:54:14.687,Compra Débito,-24.63,794,454.95
7652,558,558,6,44,7200,2019-09-17 12:17:18.375,Compra Crédito,-24.82,558,1.67
7653,610,610,7,42,7761,2021-03-31 23:18:24.134,Pix - Realizado,-31.7,610,378.18
7654,866,866,7,42,8025,2021-12-20 00:49:59.582,Compra Débito,-17.22,866,309.54
7655,960,960,1,39,7067,2019-05-07 21:40:57.551,Compra Crédito,-13.78,960,987.51
7656,251,251,5,63,6704,2018-05-09 17:56:07.107,Compra Crédito,-6.75,251,19.73
7657,221,221,4,45,6783,2018-07-27 09:02:59.058,Depósito em espécie,64.7,221,238.48
7658,746,746,7,100,8321,2022-10-12 21:28:22.629,Compra Crédito,-7.8,746,2182.45
7659,708,708,3,73,7024,2019-03-25 20:27:27.468,Compra Crédito,-64.83,708,81.79
7660,454,454,1,26,5146,2014-02-01 07:39:36.584,Compra Crédito,-27.8,454,21390.15
7661,871,871,3,13,5678,2015-07-18 19:57:31.001,Compra Débito,-107.57,871,7034.08
7662,682,682,2,86,5879,2016-02-04 10:37:13.266,Compra Crédito,-6.52,682,22.02
7663,399,399,7,33,7788,2021-04-27 23:37:28.770,Pix - Realizado,-352.5,399,2064.69
7664,409,409,2,82,4412,2012-01-29 14:51:27.281,Depósito em espécie,29.81,409,112.47
7665,379,379,2,86,4439,2012-02-25 14:58:56.517,Compra Crédito,-34.72,379,28219.68
7666,694,694,1,75,7250,2019-11-06 12:56:49.950,Compra Crédito,-6.15,694,102.68
7667,793,793,7,71,8400,2022-12-30 23:53:08.264,Compra Débito,-74.84,793,136.29
7668,563,563,1,62,7721,2021-02-19 03:48:53.012,Compra Débito,-48.34,563,413.35
7669,690,690,1,36,6045,2016-07-19 21:26:32.278,Compra Crédito,-44.08,690,1028.57
7670,272,272,2,24,5431,2014-11-13 18:48:47.438,Compra Crédito,-25.6,272,56695.45
7671,147,147,7,42,7062,2019-05-02 04:06:51.664,Depósito em espécie,85.39,147,11.06
7672,530,530,1,80,5586,2015-04-17 14:25:01.766,Compra Crédito,-210.69,530,181.44
7673,371,371,7,100,6380,2017-06-19 04:39:32.954,Compra Crédito,-18.55,371,45.64
7674,295,295,6,44,6413,2017-07-22 21:57:20.379,Compra Débito,-68.76,295,405.1
7675,386,386,3,51,5048,2013-10-26 06:21:17.050,Compra Crédito,-63.15,386,1806.71
7676,349,349,7,14,7881,2021-07-29 00:26:57.114,Pix - Realizado,-153.0,349,810.24
7677,575,575,5,58,7408,2020-04-12 10:27:38.656,Compra Crédito,-26.16,575,426.34
7678,737,737,6,22,7689,2021-01-18 19:02:31.215,Compra Débito,-8.88,737,145.26
7679,799,799,2,85,4780,2013-01-31 19:17:50.577,Compra Crédito,-270.46,799,3574.21
7680,619,619,7,71,8170,2022-05-14 16:25:44.300,Pix - Realizado,-46.3,619,511.6
7681,234,234,5,49,7484,2020-06-27 03:21:07.573,Compra Crédito,-16.07,234,1129.01
7682,702,702,7,42,8122,2022-03-27 20:59:44.828,Pix - Recebido,2126.5,702,2887.37
7683,919,919,7,14,8271,2022-08-23 15:30:57.381,Depósito em espécie,87.03,919,137.51
7684,408,408,7,100,8347,2022-11-07 06:49:30.729,Compra Crédito,-34.75,408,209.1
7685,935,935,7,14,6972,2019-02-01 05:58:46.580,Compra Crédito,-162.35,935,7894.24
7686,340,340,4,35,8016,2021-12-11 12:27:30.273,Pix - Realizado,-186.2,340,393.03
7687,603,603,4,35,7993,2021-11-18 11:33:43.134,Pix - Realizado,-576.0,603,329.45
7688,491,491,7,100,6609,2018-02-03 03:04:39.034,Compra Débito,-9.22,491,0.86
7689,917,917,1,36,7658,2020-12-18 11:39:51.375,Pix - Recebido,287.8,917,245.39
7690,462,462,7,100,7604,2020-10-25 22:15:33.950,Compra Crédito,-12.03,462,18922.28
7691,962,962,7,14,6937,2018-12-28 00:59:30.674,Compra Débito,-23.84,962,946.66
7692,218,218,5,15,5751,2015-09-29 02:12:19.420,Compra Débito,-82.61,218,323.81
7693,430,430,3,73,4916,2013-06-16 06:42:35.662,Compra Crédito,-25.31,430,27934.18
7694,149,149,7,33,8133,2022-04-07 02:08:20.407,Transferência entre CC - Crédito,105.5,149,1259.47
7695,239,239,6,88,8258,2022-08-10 22:43:31.434,Pix - Realizado,-179.2,239,13809.65
7696,871,871,3,13,5679,2015-07-19 15:46:18.754,Compra Débito,-84.41,871,7034.08
7697,797,797,3,13,6419,2017-07-28 03:58:43.955,Compra Crédito,-82.97,797,1456.93
7698,587,587,7,33,7475,2020-06-18 18:57:46.814,Compra Crédito,-9.18,587,9385.97
7699,100,100,7,100,7545,2020-08-27 11:55:39.275,Compra Crédito,-76.11,100,763.24
7700,172,172,7,42,6282,2017-03-13 17:03:55.654,Compra Débito,-12.93,172,187.41
7701,447,447,3,16,7597,2020-10-18 16:43:16.488,Compra Crédito,-19.64,447,1560.83
7702,659,659,3,13,5612,2015-05-13 11:44:45.198,Depósito em espécie,154.07,659,156.31
7703,951,951,7,33,7128,2019-07-07 04:32:47.928,Compra Débito,-20.98,951,9861.48
7704,859,859,7,100,8400,2022-12-30 09:30:02.195,Compra Crédito,-26.54,859,586.87
7705,660,660,4,45,5493,2015-01-14 00:11:14.242,Transferência entre CC - Crédito,96.1,660,122736.82
7706,736,736,3,98,6160,2016-11-11 13:30:02.409,Compra Crédito,-44.93,736,87.06
7707,34,34,2,78,5456,2014-12-08 16:10:17.649,Compra Débito,-19.28,34,26823.17
7708,602,602,7,33,7684,2021-01-13 06:01:44.225,Compra Débito,-41.96,602,756.44
7709,992,992,2,82,5305,2014-07-10 11:38:54.118,Saque,-301.14,992,32689.53
7710,943,943,7,14,6296,2017-03-27 04:25:34.199,Compra Crédito,-19.72,943,124.1
7711,932,932,2,81,5968,2016-05-03 15:18:42.947,Estorno de Debito,43.62,932,230.83
7712,70,70,6,88,6492,2017-10-09 11:48:04.455,Compra Crédito,-43.36,70,22097.13
7713,399,399,7,33,7788,2021-04-27 23:57:13.235,Compra Crédito,-22.03,399,2064.69
7714,577,577,1,61,7646,2020-12-06 18:34:19.847,Compra Débito,-27.75,577,9772.11
7715,968,968,5,55,5370,2014-09-13 00:32:13.846,Compra Crédito,-31.84,968,7480.46
7716,355,355,7,71,8381,2022-12-11 21:14:24.167,Compra Débito,-44.99,355,1998.43
7717,214,214,3,98,5083,2013-11-30 02:18:02.062,Compra Débito,-62.51,214,117.71
7718,529,529,6,48,6644,2018-03-10 00:29:22.077,DOC - Recebido,22335.0,529,10159.31
7719,277,277,7,33,8399,2022-12-29 17:02:49.414,Compra Crédito,-54.47,277,841.7
7720,990,990,5,55,5490,2015-01-11 02:59:20.555,Compra Débito,-5.58,990,145.52
7721,507,507,7,42,6522,2017-11-08 02:14:10.837,Compra Débito,-11.75,507,5.5
7722,835,835,7,71,8398,2022-12-28 16:56:02.691,Pix - Realizado,-406.2,835,273.63
7723,975,975,1,32,5160,2014-02-15 11:00:42.333,Compra Débito,-78.68,975,42.45
7724,1,1,5,15,5993,2016-05-28 11:31:47.433,Compra Crédito,-18.83,1,4329.64
7725,519,519,5,55,8267,2022-08-19 17:33:03.200,Compra Crédito,-32.45,519,69.17
7726,469,469,7,33,6838,2018-09-20 22:36:17.948,Compra Crédito,-54.35,469,72521.79
7727,189,189,7,7,7637,2020-11-27 01:21:02.265,Pix - Realizado,-1172.3,189,25382.15
7728,86,86,5,34,7910,2021-08-27 13:13:11.136,Saque,-36.55,86,7186.34
7729,682,682,2,86,5881,2016-02-06 18:57:09.751,Compra Débito,-6.22,682,22.02
7730,316,316,7,33,8101,2022-03-06 18:11:46.843,Compra Crédito,-19.04,316,5.29
7731,179,179,3,98,4686,2012-10-29 08:38:30.860,TED - Recebido,57230.0,179,57273.21
7732,507,507,7,42,6529,2017-11-15 15:00:18.931,Compra Crédito,-4.6,507,5.5
7733,285,285,2,82,6863,2018-10-15 07:05:17.911,Depósito em espécie,26.84,285,30.87
7734,934,934,1,26,5826,2015-12-13 16:55:10.821,Compra Crédito,-13.78,934,17360.35
7735,721,721,7,33,8045,2022-01-09 08:31:04.103,Compra Crédito,-49.38,721,179.84
7736,162,162,7,42,8389,2022-12-19 18:06:22.458,Transferência entre CC - Débito,-108.4,162,57.87
7737,933,933,8,41,7798,2021-05-07 11:09:47.294,Compra Débito,-70.77,933,322.81
7738,969,969,2,76,7663,2020-12-23 15:25:54.594,Compra Débito,-66.37,969,924.98
7739,171,171,7,33,7451,2020-05-25 18:46:34.750,Depósito em espécie,97.3,171,548.91
7740,73,73,3,73,8260,2022-08-12 15:18:34.408,Compra Crédito,-31.23,73,212.31
7741,188,188,8,10,6738,2018-06-12 01:30:46.154,Depósito em espécie,78.12,188,84.9
7742,983,983,1,39,8116,2022-03-21 06:15:29.154,Compra Débito,-101.53,983,28561.26
7743,446,446,7,33,7143,2019-07-22 15:23:43.923,Compra Crédito,-14.93,446,204.27
7744,172,172,7,42,6282,2017-03-13 17:05:27.748,Depósito em espécie,267.83,172,187.41
7745,804,804,7,7,8392,2022-12-22 08:11:29.696,Pix - Recebido,1088.5,804,2553.01
7746,697,697,2,84,4794,2013-02-14 11:35:25.553,Compra Débito,-242.96,697,976.46
7747,379,379,2,86,4478,2012-04-04 17:23:36.530,Compra Crédito,-12.15,379,28219.68
7748,99,99,7,7,7878,2021-07-26 17:55:04.290,TED - Recebido,5740.0,99,6159.31
7749,449,449,7,14,8045,2022-01-09 18:20:48.419,Pix - Recebido,411.5,449,378.55
7750,537,537,6,28,6336,2017-05-06 01:43:03.355,Depósito em espécie,71.11,537,71.43
7751,827,827,6,88,8122,2022-03-27 01:26:07.835,Pix - Recebido,129.9,827,113.21
7752,960,960,1,39,7067,2019-05-07 22:00:18.666,Depósito em espécie,31.67,960,987.51
7753,624,624,7,100,6575,2017-12-31 02:13:38.395,Compra Crédito,-97.66,624,169.09
7754,826,826,7,71,6514,2017-10-31 16:05:33.989,Compra Crédito,-16.61,826,181.92
7755,843,843,7,42,7055,2019-04-25 18:48:25.874,Compra Crédito,-94.6,843,13.37
7756,536,536,4,45,6576,2018-01-01 03:04:14.035,Compra Débito,-13.35,536,14.4
7757,159,159,7,7,7455,2020-05-29 01:35:06.768,Compra Crédito,-11.69,159,53761.86
7758,769,769,7,71,7701,2021-01-30 01:40:47.125,Pix - Realizado,-308.0,769,40499.55
7759,954,954,7,33,6699,2018-05-04 22:52:13.890,Compra Crédito,-14.05,954,115.38
7760,994,994,7,7,6490,2017-10-07 19:55:39.513,Compra Crédito,-51.64,994,576.6
7761,800,800,1,92,8240,2022-07-23 01:40:55.474,Pix - Recebido,170.2,800,845.98
7762,128,128,8,6,7025,2019-03-26 07:53:29.656,DOC - Recebido,6760.0,128,44201.24
7763,481,481,7,42,8262,2022-08-14 19:00:47.449,Pix - Realizado,-1567.2,481,107.1
7764,86,86,5,34,7910,2021-08-27 23:32:33.078,Compra Débito,-14.77,86,7186.34
7765,505,505,7,33,8012,2021-12-07 10:53:44.082,Compra Crédito,-23.87,505,47.19
7766,554,554,1,75,6592,2018-01-17 18:04:29.717,Compra Crédito,-37.11,554,25.68
7767,767,767,7,33,6220,2017-01-10 22:27:44.740,Compra Crédito,-44.07,767,6534.06
7768,341,341,1,80,7370,2020-03-05 20:48:16.409,Compra Débito,-56.84,341,5.66
7769,166,166,7,14,7752,2021-03-22 15:13:02.555,Compra Débito,-17.41,166,782.5
7770,987,987,7,33,6726,2018-05-31 12:24:53.743,Depósito em espécie,21.83,987,32.6
7771,755,755,7,42,6825,2018-09-07 09:58:52.743,Depósito em espécie,6.59,755,25.99
7772,670,670,3,73,6913,2018-12-04 23:43:39.986,Pagamento de boleto,-191.8,670,1285.7
7773,241,241,5,15,7612,2020-11-02 14:35:18.837,Compra Débito,-71.34,241,536.84
7774,508,508,4,1,6966,2019-01-26 02:08:01.991,Compra Crédito,-13.87,508,1454.88
7775,347,347,7,100,7628,2020-11-18 01:43:52.108,Pix - Realizado,-281.9,347,1104.9
7776,718,718,4,45,5391,2014-10-04 00:40:59.032,Saque,-12.56,718,445.88
7777,337,337,7,100,6822,2018-09-04 12:06:20.530,Compra Débito,-68.92,337,14854.02
7778,348,348,7,100,7302,2019-12-28 09:49:51.283,Depósito em espécie,113.29,348,79.31
7779,850,850,7,33,8366,2022-11-26 23:28:45.007,Compra Crédito,-23.6,850,4.7
7780,371,371,7,100,6380,2017-06-19 04:41:45.848,Transferência entre CC - Crédito,173.7,371,45.64
7781,687,687,8,38,7182,2019-08-30 19:09:33.821,Compra Crédito,-39.91,687,999.34
7782,849,849,7,7,7484,2020-06-27 10:58:34.692,Compra Crédito,-7.23,849,48289.13
7783,81,81,7,71,7566,2020-09-17 11:16:56.958,Compra Crédito,-6.0,81,123.08
7784,915,915,7,14,5876,2016-02-01 05:21:15.843,Compra Crédito,-16.33,915,134.73
7785,950,950,3,31,6620,2018-02-14 11:17:04.917,Compra Crédito,-9.99,950,9658.42
7786,333,333,3,13,6863,2018-10-15 14:33:14.715,Transferência entre CC - Débito,-2489.1,333,65395.97
7787,124,124,7,71,6377,2017-06-16 20:44:49.427,Depósito em espécie,43.85,124,71.68
7788,573,573,7,71,8374,2022-12-04 11:23:27.538,Compra Débito,-20.54,573,21.88
7789,44,44,9,59,7614,2020-11-04 03:56:58.448,DOC - Recebido,13045.0,44,25295.97
7790,949,949,7,42,6052,2016-07-26 00:35:22.397,Compra Crédito,-171.65,949,15912.64
7791,812,812,4,35,8074,2022-02-07 00:30:29.383,Pix - Realizado,-29.4,812,2869.8
7792,433,433,9,99,7905,2021-08-22 14:06:38.332,Depósito em espécie,23.54,433,16.55
7793,987,987,7,33,6765,2018-07-09 08:01:55.102,Depósito em espécie,13.18,987,32.6
7794,321,321,7,7,6914,2018-12-05 20:18:52.309,Compra Débito,-8.21,321,128.46
7795,97,97,3,13,7990,2021-11-15 15:55:47.058,Pix - Recebido,328.4,97,9589.16
7796,515,515,5,58,6095,2016-09-07 18:07:18.485,Compra Crédito,-95.29,515,5657.69
7797,147,147,7,42,7062,2019-05-02 10:22:47.360,Compra Crédito,-7.3,147,11.06
7798,580,580,7,33,7976,2021-11-01 09:47:11.656,Pix - Recebido,90.6,580,10.58
7799,770,770,7,14,7898,2021-08-15 17:03:54.055,Compra Débito,-87.54,770,349.01
7800,677,677,7,33,7038,2019-04-08 09:38:26.364,TED - Recebido,11200.0,677,11911.95
7801,74,74,7,14,8026,2021-12-21 06:19:36.193,DOC - Recebido,44435.0,74,47148.34
7802,119,119,6,88,6037,2016-07-11 04:48:47.030,Compra Crédito,-34.4,119,5.21
7803,552,552,4,1,8380,2022-12-10 07:20:54.081,Pix - Recebido,474.4,552,386.22
7804,436,436,1,18,6538,2017-11-24 14:42:33.833,Depósito em espécie,29.54,436,43193.28
7805,924,924,3,91,6531,2017-11-17 05:30:01.400,Compra Débito,-30.05,924,306.5
7806,85,85,7,14,8041,2022-01-05 07:48:36.929,Pix - Realizado,-291.4,85,669.94
7807,286,286,7,71,8216,2022-06-29 07:34:41.868,Depósito em espécie,26.07,286,1724.25
7808,441,441,4,35,7574,2020-09-25 22:07:09.316,Compra Débito,-39.2,441,879.91
7809,357,357,7,7,6987,2019-02-16 04:46:12.653,Compra Débito,-8.41,357,20.01
7810,465,465,3,98,6748,2018-06-22 17:50:23.164,Compra Crédito,-51.94,465,6182.65
7811,250,250,5,55,6343,2017-05-13 21:16:05.251,Compra Crédito,-27.39,250,12.9
7812,338,338,7,42,8151,2022-04-25 18:55:04.080,Pix - Recebido,1201.5,338,1187.02
7813,890,890,2,85,8066,2022-01-30 19:05:13.865,Depósito em espécie,34.75,890,296.04
7814,116,116,4,45,7729,2021-02-27 03:26:13.464,Depósito em espécie,33.93,116,133.07
7815,932,932,2,81,5972,2016-05-07 10:17:43.238,Depósito em espécie,147.38,932,230.83
7816,241,241,5,15,7612,2020-11-02 15:13:50.547,Compra Crédito,-15.16,241,536.84
7817,368,368,7,71,7612,2020-11-02 18:00:18.779,Compra Crédito,-16.89,368,3208.56
7818,114,114,7,33,7538,2020-08-20 23:24:11.713,Compra Crédito,-53.05,114,7855.66
7819,82,82,10,25,8114,2022-03-19 17:03:07.391,Compra Débito,-55.28,82,124.63
7820,789,789,7,33,6393,2017-07-02 21:07:56.185,Depósito em espécie,103.56,789,63.36
7821,961,961,6,28,6853,2018-10-05 05:33:26.479,TED - Recebido,8140.0,961,7834.99
7822,42,42,7,14,8037,2022-01-01 09:19:13.873,Pix - Recebido,503.6,42,95.06
7823,203,203,7,7,8198,2022-06-11 11:18:53.021,Pix - Realizado,-81.4,203,737.33
7824,414,414,1,39,4588,2012-07-23 02:21:49.311,Compra Crédito,-16.79,414,21.49
7825,308,308,7,7,6754,2018-06-28 23:41:52.884,Compra Débito,-16.54,308,23.21
7826,58,58,1,80,5250,2014-05-16 16:09:02.047,Compra Crédito,-67.83,58,134.97
7827,107,107,7,14,8400,2022-12-30 20:03:44.030,Pix - Realizado,-394.4,107,27052.86
7828,421,421,7,14,7410,2020-04-14 00:56:10.869,Compra Débito,-8.71,421,90.29
7829,200,200,2,82,7801,2021-05-10 01:35:58.215,Compra Crédito,-38.02,200,32.5
7830,602,602,7,33,7684,2021-01-13 07:31:26.358,Pix - Recebido,499.5,602,756.44
7831,984,984,1,72,5131,2014-01-17 17:58:30.598,Compra Crédito,-28.06,984,16163.39
7832,40,40,7,7,8124,2022-03-29 00:06:37.745,Compra Crédito,-13.76,40,639.41
7833,826,826,7,71,6703,2018-05-08 22:29:39.067,Compra Débito,-14.53,826,181.92
7834,775,775,4,57,7215,2019-10-02 17:09:43.183,Compra Crédito,-50.01,775,260.06
7835,162,162,7,42,8389,2022-12-19 18:26:03.404,Pix - Realizado,-101.6,162,57.87
7836,966,966,7,14,7913,2021-08-30 22:03:26.505,Compra Débito,-41.13,966,1425.28
7837,5,5,6,48,5750,2015-09-28 18:52:48.676,Saque,-257.11,5,58.36
7838,580,580,7,33,7996,2021-11-21 04:28:57.169,Compra Crédito,-19.79,580,10.58
7839,374,374,7,71,6866,2018-10-18 02:51:26.409,Compra Crédito,-98.34,374,54.87
7840,442,442,7,71,8400,2022-12-30 21:57:14.842,Pix - Realizado,-368.9,442,304.61
7841,644,644,8,38,7741,2021-03-11 18:14:58.837,Compra Débito,-37.44,644,254.94
7842,70,70,6,88,6573,2017-12-29 13:50:02.634,Compra Crédito,-39.99,70,22097.13
7843,333,333,3,13,6864,2018-10-16 10:06:19.703,Compra Débito,-52.61,333,65395.97
7844,975,975,1,32,5435,2014-11-17 19:37:39.708,Compra Débito,-11.56,975,42.45
7845,739,739,7,100,7414,2020-04-18 01:07:18.199,Compra Crédito,-26.36,739,14568.3
7846,40,40,7,7,8135,2022-04-09 21:37:35.852,Pix - Recebido,680.9,40,639.41
7847,46,46,7,33,7070,2019-05-10 19:01:49.576,Compra Crédito,-23.56,46,51.14
7848,359,359,1,80,5189,2014-03-16 20:57:38.998,Depósito em espécie,43.27,359,24410.06
7849,3,3,7,100,6481,2017-09-28 14:03:29.128,Compra Débito,-110.72,3,165.04
7850,206,206,7,33,8245,2022-07-28 03:06:37.640,Pix - Recebido,124.3,206,24.58
7851,876,876,7,7,7905,2021-08-22 08:18:32.540,Compra Crédito,-13.79,876,4540.25
7852,692,692,3,31,7344,2020-02-08 07:25:02.972,Compra Débito,-16.12,692,2.06
7853,113,113,7,100,8116,2022-03-21 03:41:39.137,Compra Débito,-31.66,113,1153.95
7854,527,527,7,33,7098,2019-06-07 09:09:54.656,Compra Crédito,-50.29,527,140.22
7855,913,913,7,33,7079,2019-05-19 00:30:54.551,Compra Crédito,-52.04,913,575.77
7856,199,199,7,71,7469,2020-06-12 05:00:05.294,Compra Débito,-18.16,199,24.22
7857,138,138,2,84,5348,2014-08-22 15:11:02.184,Compra Crédito,-20.26,138,19.91
7858,574,574,6,28,6157,2016-11-08 08:04:26.729,Compra Débito,-23.19,574,1.9
7859,720,720,1,80,5585,2015-04-16 13:47:53.385,Compra Crédito,-29.85,720,19081.01
7860,829,829,7,100,8105,2022-03-10 03:58:12.735,Pix - Realizado,-357.4,829,398.52
7861,376,376,7,14,8350,2022-11-10 10:19:00.739,Compra Crédito,-103.13,376,53.04
7862,665,665,1,3,8135,2022-04-09 08:12:51.596,Pix - Realizado,-602.2,665,7841.46
7863,222,222,6,22,6391,2017-06-30 06:55:15.131,Compra Débito,-17.33,222,563.31
7864,855,855,7,71,6103,2016-09-15 09:27:22.712,Compra Crédito,-38.43,855,242.54
7865,312,312,7,71,8310,2022-10-01 02:47:10.585,Pix - Realizado,-531.6,312,2354.15
7866,844,844,7,7,6541,2017-11-27 01:18:39.866,Compra Crédito,-18.85,844,2.69
7867,278,278,4,57,5570,2015-04-01 13:27:42.353,Compra Débito,-16.01,278,30.67
7868,548,548,7,33,8281,2022-09-02 00:18:40.874,DOC - Realizado,-5690.0,548,3522.41
7869,679,679,1,18,5841,2015-12-28 23:50:10.233,Compra Débito,-24.76,679,17741.97
7870,147,147,7,42,7062,2019-05-02 11:35:15.688,Compra Crédito,-75.36,147,11.06
7871,217,217,4,57,5106,2013-12-23 01:41:02.764,Compra Crédito,-10.46,217,3307.79
7872,539,539,1,32,5672,2015-07-12 08:37:34.920,Compra Crédito,-17.31,539,100962.93
7873,843,843,7,42,7087,2019-05-27 23:15:05.425,Depósito em espécie,38.3,843,13.37
7874,63,63,1,26,5717,2015-08-26 08:32:23.332,Compra Débito,-14.3,63,2273.2
7875,87,87,7,100,8141,2022-04-15 06:10:46.536,Pix - Realizado,-226.3,87,1554.82
7876,768,768,7,42,8076,2022-02-09 05:15:03.891,Compra Débito,-24.78,768,222.38
7877,408,408,7,100,8348,2022-11-08 02:54:52.583,Depósito em espécie,67.41,408,209.1
7878,746,746,7,100,8322,2022-10-13 12:41:27.631,Compra Débito,-33.32,746,2182.45
7879,457,457,7,7,7468,2020-06-11 12:03:06.111,Depósito em espécie,26.35,457,1.81
7880,271,271,4,57,8387,2022-12-17 01:12:31.607,Pix - Recebido,334.3,271,7534.76
7881,350,350,7,7,6357,2017-05-27 21:45:36.029,Compra Crédito,-10.78,350,91.18
7882,802,802,3,13,8371,2022-12-01 04:28:03.567,Compra Crédito,-11.42,802,981.85
7883,590,590,7,71,8029,2021-12-24 05:18:15.442,Compra Crédito,-32.19,590,375.29
7884,291,291,3,98,8068,2022-02-01 18:42:41.007,Pix - Recebido,364.9,291,376.66
7885,997,997,2,85,8380,2022-12-10 12:10:30.017,Compra Crédito,-191.34,997,15973.33
7886,165,165,7,42,8322,2022-10-13 03:58:34.578,Compra Débito,-17.67,165,537.34
7887,384,384,3,98,6783,2018-07-27 13:58:30.032,Compra Crédito,-58.05,384,78.72
7888,643,643,7,7,7398,2020-04-02 14:22:42.756,Compra Crédito,-25.06,643,2860.45
7889,665,665,1,3,8135,2022-04-09 18:27:14.668,Pix - Recebido,680.7,665,7841.46
7890,309,309,1,39,8313,2022-10-04 00:48:58.360,Compra Débito,-76.96,309,759.62
7891,282,282,7,42,5940,2016-04-05 20:35:57.511,Compra Crédito,-37.75,282,12427.22
7892,569,569,4,45,7863,2021-07-11 22:08:32.052,Saque,-48.08,569,125.24
7893,978,978,5,15,7712,2021-02-10 03:33:43.135,Compra Crédito,-64.16,978,40487.07
7894,113,113,7,100,8118,2022-03-23 02:14:15.272,Pix - Realizado,-114.5,113,1153.95
7895,242,242,7,14,7241,2019-10-28 11:01:27.473,DOC - Recebido,2815.0,242,2838.61
7896,822,822,5,34,8283,2022-09-04 13:52:40.676,Depósito em espécie,12.23,822,230.97
7897,249,249,2,24,6206,2016-12-27 22:40:56.526,Compra Crédito,-107.81,249,45973.33
7898,64,64,7,100,8217,2022-06-30 08:38:52.887,Compra Débito,-144.09,64,682.16
7899,558,558,6,44,7201,2019-09-18 07:19:10.838,Compra Débito,-24.42,558,1.67
7900,849,849,7,7,7496,2020-07-09 05:37:05.153,Compra Débito,-16.41,849,48289.13
7901,208,208,4,35,6910,2018-12-01 23:07:07.401,Compra Crédito,-19.77,208,77.03
7902,649,649,3,16,8406,2023-01-05 20:38:35.307,Compra Crédito,-5.38,649,3.6
7903,222,222,6,22,6393,2017-07-02 03:45:45.406,Depósito em espécie,44.11,222,563.31
7904,212,212,7,14,8309,2022-09-30 20:09:42.076,Compra Crédito,-16.78,212,275.77
7905,325,325,1,92,4177,2011-06-08 06:25:01.282,Depósito em espécie,7.01,325,76.91
7906,436,436,1,18,6538,2017-11-24 14:55:45.727,Compra Crédito,-40.33,436,43193.28
7907,573,573,7,71,8386,2022-12-16 03:55:15.405,Compra Débito,-19.58,573,21.88
7908,381,381,4,57,8399,2022-12-29 21:34:22.187,Pix - Recebido,1379.4,381,1432.54
7909,681,681,7,42,7819,2021-05-28 10:20:50.943,Compra Débito,-56.47,681,507.39
7910,726,726,3,91,6902,2018-11-23 02:47:23.405,Compra Crédito,-41.89,726,30.63
7911,496,496,7,100,8394,2022-12-24 19:50:26.683,Pix - Recebido,268.4,496,430.68
7912,535,535,7,33,7014,2019-03-15 19:13:18.226,Compra Débito,-21.67,535,31.05
7913,685,685,7,33,6201,2016-12-22 14:42:01.807,Compra Crédito,-23.29,685,8.32
7914,495,495,7,33,8274,2022-08-26 22:41:04.318,Compra Débito,-116.93,495,134.75
7915,824,824,7,14,7341,2020-02-05 07:18:22.845,Compra Débito,-41.18,824,32360.92
7916,406,406,6,22,8399,2022-12-29 21:01:47.739,Compra Crédito,-23.98,406,166.64
7917,620,620,7,71,7254,2019-11-10 20:41:02.543,Compra Débito,-23.22,620,22052.71
7918,544,544,7,71,7335,2020-01-30 04:32:18.368,Compra Débito,-18.31,544,14855.02
7919,848,848,6,88,7335,2020-01-30 04:25:13.731,Compra Crédito,-25.77,848,300.03
7920,342,342,7,33,5757,2015-10-05 18:20:16.549,Depósito em espécie,58.94,342,44.69
7921,446,446,7,33,7143,2019-07-22 18:17:27.363,Compra Débito,-15.54,446,204.27
7922,564,564,1,80,7387,2020-03-22 10:13:05.580,Depósito em espécie,20.72,564,9153.86
7923,553,553,5,43,8218,2022-07-01 08:38:32.903,Pix - Recebido,351.2,553,317.19
7924,84,84,7,42,7334,2020-01-29 08:46:18.670,Compra Débito,-21.89,84,629.81
7925,712,712,7,42,8380,2022-12-10 00:55:35.744,Pix - Recebido,617.3,712,450.19
7926,897,897,7,33,7993,2021-11-18 13:45:00.075,Compra Crédito,-37.92,897,84.61
7927,926,926,7,71,5832,2015-12-19 01:04:47.931,Compra Débito,-105.45,926,4.32
7928,903,903,7,71,6838,2018-09-20 17:23:35.189,Compra Débito,-19.86,903,69.48
7929,111,111,7,33,8397,2022-12-27 08:32:58.084,Pix - Recebido,557.5,111,288.35
7930,185,185,3,51,5629,2015-05-30 02:58:20.463,Compra Débito,-16.77,185,17.06
7931,4,4,7,42,7132,2019-07-11 00:45:59.775,Compra Débito,-36.22,4,403.16
7932,600,600,4,45,5825,2015-12-12 13:07:33.397,Compra Crédito,-14.09,600,0.75
7933,635,635,1,3,6294,2017-03-25 12:54:02.484,Saque,-94.4,635,5673.71
7934,98,98,2,78,6071,2016-08-14 07:52:30.708,Compra Crédito,-4.35,98,1330.67
7935,755,755,7,42,6825,2018-09-07 10:01:27.724,Compra Crédito,-27.5,755,25.99
7936,226,226,4,35,8228,2022-07-11 09:45:55.362,Compra Crédito,-32.37,226,2367.0
7937,376,376,7,14,8350,2022-11-10 14:03:46.138,Compra Débito,-44.42,376,53.04
7938,415,415,4,1,5407,2014-10-20 07:42:34.555,TED - Recebido,18950.0,415,19485.86
7939,935,935,7,14,6973,2019-02-02 17:15:40.112,Compra Crédito,-213.38,935,7894.24
7940,98,98,2,78,6080,2016-08-23 03:31:12.200,Compra Débito,-84.2,98,1330.67
7941,362,362,2,85,6647,2018-03-13 00:20:56.213,Compra Crédito,-10.08,362,24.48
7942,642,642,7,100,7311,2020-01-06 16:37:21.946,Compra Crédito,-17.69,642,5.39
7943,92,92,7,7,8127,2022-04-01 04:30:07.924,Pix - Realizado,-214.6,92,7380.5
7944,689,689,2,84,5266,2014-06-01 06:58:49.349,TED - Recebido,23550.0,689,27162.12
7945,302,302,7,71,7709,2021-02-07 19:13:35.039,Compra Débito,-38.3,302,1444.94
7946,953,953,7,7,7778,2021-04-17 05:15:38.035,Pix - Recebido,290.8,953,102.72
7947,949,949,7,42,6055,2016-07-29 06:36:19.074,Compra Crédito,-97.31,949,15912.64
7948,170,170,7,100,8398,2022-12-28 16:32:10.382,Pix - Realizado,-635.6,170,340.47
7949,442,442,7,71,8400,2022-12-30 23:57:15.237,Pix - Realizado,-641.0,442,304.61
7950,589,589,8,69,7380,2020-03-15 09:15:58.152,Compra Crédito,-2.79,589,28519.79
7951,215,215,9,12,7867,2021-07-15 21:44:36.864,Compra Débito,-93.31,215,35.15
7952,249,249,2,24,6208,2016-12-29 05:58:47.912,Compra Débito,-58.47,249,45973.33
7953,929,929,1,60,8285,2022-09-06 12:54:57.284,Pix - Realizado,-149.7,929,115.72
7954,907,907,7,100,6077,2016-08-20 15:32:04.269,Compra Crédito,-43.74,907,76.9
7955,926,926,7,71,5832,2015-12-19 01:55:03.651,Compra Crédito,-42.73,926,4.32
7956,804,804,7,7,8396,2022-12-26 12:48:55.813,Pix - Realizado,-465.8,804,2553.01
7957,210,210,3,91,5769,2015-10-17 19:19:52.086,Compra Crédito,-18.73,210,24.59
7958,883,883,7,42,8340,2022-10-31 05:35:12.284,Pix - Realizado,-717.0,883,485.4
7959,318,318,3,91,7534,2020-08-16 23:37:55.311,Depósito em espécie,44.97,318,43585.91
7960,600,600,4,45,5832,2015-12-19 22:01:08.353,Compra Crédito,-28.41,600,0.75
7961,960,960,1,39,7071,2019-05-11 21:24:44.020,Compra Crédito,-34.51,960,987.51
7962,42,42,7,14,8042,2022-01-06 10:35:11.370,Compra Crédito,-40.93,42,95.06
7963,678,678,9,66,8269,2022-08-21 00:45:59.030,Compra Crédito,-54.09,678,49659.67
7964,9,9,4,45,7989,2021-11-14 23:04:03.957,Compra Crédito,-9.78,9,332.15
7965,775,775,4,57,7216,2019-10-03 03:33:06.283,Depósito em espécie,78.03,775,260.06
7966,896,896,6,88,6845,2018-09-27 16:50:47.387,Estorno de Debito,13.26,896,24.5
7967,222,222,6,22,6980,2019-02-09 11:37:27.063,Pagamento de boleto,-180.2,222,563.31
7968,203,203,7,7,8198,2022-06-11 13:40:58.353,TED - Recebido,49135.0,203,737.33
7969,383,383,7,14,7160,2019-08-08 06:36:49.023,Compra Débito,-68.89,383,2380.07
7970,529,529,6,48,6645,2018-03-11 23:09:38.201,Compra Débito,-24.3,529,10159.31
7971,107,107,7,14,8400,2022-12-30 21:20:21.090,Compra Crédito,-13.71,107,27052.86
7972,879,879,3,31,4842,2013-04-03 16:43:29.918,Depósito em espécie,27.62,879,4.04
7973,578,578,7,7,8376,2022-12-06 00:06:20.332,Compra Débito,-42.49,578,815.65
7974,343,343,3,98,7850,2021-06-28 01:11:15.880,Compra Crédito,-31.77,343,86.88
7975,397,397,7,100,7211,2019-09-28 15:44:07.820,Saque,-159.26,397,1255.72
7976,977,977,7,14,7728,2021-02-26 07:42:54.475,Compra Crédito,-56.88,977,7788.41
7977,631,631,6,88,6013,2016-06-17 20:35:28.134,Compra Débito,-30.04,631,7311.87
7978,890,890,2,85,8068,2022-02-01 07:12:30.670,Depósito em espécie,25.82,890,296.04
7979,837,837,5,15,7532,2020-08-14 13:18:08.475,Compra Crédito,-11.61,837,1685.83
7980,540,540,5,2,7742,2021-03-12 15:05:56.500,Compra Crédito,-14.52,540,441.01
7981,632,632,7,71,7185,2019-09-02 19:59:12.595,Compra Débito,-31.74,632,46.43
7982,163,163,2,84,8260,2022-08-12 02:29:52.064,Compra Débito,-21.25,163,37.1
7983,571,571,8,5,8374,2022-12-04 16:13:47.863,Compra Crédito,-56.98,571,2475.58
7984,317,317,2,95,4164,2011-05-26 16:23:05.684,Compra Crédito,-17.31,317,51156.1
7985,578,578,7,7,8385,2022-12-15 20:30:49.954,Compra Crédito,-15.65,578,815.65
7986,666,666,7,42,8230,2022-07-13 15:39:07.074,DOC - Recebido,27145.0,666,40437.53
7987,683,683,3,13,8394,2022-12-24 07:38:04.021,Pix - Realizado,-129.7,683,308.98
7988,648,648,8,10,8292,2022-09-13 00:04:07.446,Compra Crédito,-43.59,648,220.85
7989,427,427,6,4,7495,2020-07-08 04:34:25.522,Compra Crédito,-13.76,427,54.63
7990,295,295,6,44,6414,2017-07-23 11:09:21.979,Compra Crédito,-102.92,295,405.1
7991,312,312,7,71,8310,2022-10-01 06:49:37.847,Pix - Recebido,890.3,312,2354.15
7992,251,251,5,63,6707,2018-05-12 00:55:58.625,Depósito em espécie,45.49,251,19.73
7993,669,669,5,58,5781,2015-10-29 02:54:31.305,Compra Crédito,-18.24,669,118.91
7994,419,419,6,4,7499,2020-07-12 05:16:46.561,Compra Débito,-16.86,419,96414.93
7995,646,646,7,14,6098,2016-09-10 13:34:50.852,Compra Crédito,-14.21,646,1677.94
7996,281,281,7,33,7550,2020-09-01 10:20:25.112,Compra Crédito,-33.17,281,77487.74
7997,911,911,7,14,8185,2022-05-29 00:43:03.851,Pix - Realizado,-265.2,911,492.8
7998,151,151,7,100,6212,2017-01-02 22:14:50.106,Compra Crédito,-10.53,151,6.63
7999,606,606,7,14,6469,2017-09-16 21:58:46.638,Compra Crédito,-5.92,606,408.77
8000,417,417,7,14,6699,2018-05-04 18:52:54.969,Compra Crédito,-17.86,417,486.42
8001,849,849,7,7,7496,2020-07-09 17:04:02.333,Transferência entre CC - Crédito,163.3,849,48289.13
8002,599,599,7,33,8421,2023-01-20 20:27:24.663,Compra Crédito,-148.6,599,1553.6
8003,371,371,7,100,6387,2017-06-26 20:50:05.037,Compra Crédito,-22.13,371,45.64
8004,696,696,7,100,6548,2017-12-04 18:51:18.406,Compra Crédito,-15.64,696,3036.27
8005,57,57,2,84,5394,2014-10-07 11:10:49.064,Compra Crédito,-87.35,57,46453.98
8006,783,783,7,14,6500,2017-10-17 08:50:48.206,Saque,-123.23,783,27460.42
8007,488,488,7,14,7188,2019-09-05 22:48:05.060,Compra Crédito,-39.27,488,1303.71
8008,764,764,7,42,6514,2017-10-31 05:24:54.743,Compra Crédito,-23.25,764,1599.11
8009,870,870,7,42,8071,2022-02-04 08:58:16.059,Compra Crédito,-43.58,870,252.45
8010,916,916,3,73,5277,2014-06-12 12:02:10.807,Depósito em espécie,113.98,916,76592.34
8011,85,85,7,14,8042,2022-01-06 02:11:16.633,Compra Crédito,-14.88,85,669.94
8012,948,948,7,100,7694,2021-01-23 17:27:56.689,Pix - Realizado,-592.2,948,201.98
8013,529,529,6,48,6647,2018-03-13 05:06:53.576,Compra Débito,-22.85,529,10159.31
8014,383,383,7,14,7218,2019-10-05 05:12:46.604,Compra Crédito,-12.86,383,2380.07
8015,110,110,3,31,5192,2014-03-19 03:29:38.281,Compra Crédito,-49.52,110,96140.95
8016,934,934,1,26,5827,2015-12-14 14:27:07.987,Saque,-96.22,934,17360.35
8017,232,232,5,15,8313,2022-10-04 06:37:04.881,Compra Crédito,-21.69,232,16812.45
8018,395,395,9,59,7997,2021-11-22 06:22:38.369,Pix - Recebido,182.8,395,791.86
8019,903,903,7,71,6839,2018-09-21 14:01:33.638,Estorno de Debito,80.63,903,69.48
8020,76,76,1,60,5335,2014-08-09 12:51:12.761,Compra Débito,-25.67,76,35.47
8021,503,503,7,14,8400,2022-12-30 01:45:03.009,Compra Crédito,-15.47,503,245.49
8022,437,437,7,42,8367,2022-11-27 17:15:08.215,Compra Crédito,-7.25,437,67.32
8023,975,975,1,32,5438,2014-11-20 08:31:27.677,Compra Crédito,-34.19,975,42.45
8024,187,187,7,7,6318,2017-04-18 07:58:03.759,Compra Crédito,-49.86,187,111.14
8025,482,482,9,12,8006,2021-12-01 01:59:09.086,Compra Crédito,-57.5,482,205.69
8026,916,916,3,73,5300,2014-07-05 09:10:13.205,Compra Crédito,-96.48,916,76592.34
8027,178,178,9,20,8148,2022-04-22 08:52:10.169,Compra Crédito,-21.88,178,1437.96
8028,788,788,1,80,4968,2013-08-07 23:32:53.551,Compra Débito,-102.27,788,169.47
8029,555,555,5,49,7687,2021-01-16 08:10:28.634,Compra Crédito,-8.97,555,1819.41
8030,323,323,7,14,8340,2022-10-31 12:12:31.484,Pix - Realizado,-301.0,323,5230.02
8031,785,785,7,100,8313,2022-10-04 14:17:04.473,Pix - Realizado,-402.8,785,3150.15
8032,810,810,2,9,5559,2015-03-21 04:41:58.414,Compra Débito,-138.53,810,125.43
8033,18,18,2,85,4807,2013-02-27 20:49:33.085,Compra Crédito,-53.77,18,32.99
8034,836,836,8,6,7668,2020-12-28 02:46:38.836,Compra Crédito,-69.17,836,240.05
8035,926,926,7,71,6351,2017-05-21 06:29:30.186,Compra Crédito,-19.09,926,4.32
8036,377,377,2,29,8304,2022-09-25 14:43:14.795,Pix - Realizado,-91.2,377,7673.52
8037,840,840,7,100,8383,2022-12-13 02:29:21.206,Pix - Recebido,1272.7,840,1092.15
8038,718,718,4,45,5392,2014-10-05 08:55:10.363,Compra Débito,-65.56,718,445.88
8039,237,237,2,95,7310,2020-01-05 02:17:42.485,Compra Crédito,-49.59,237,83.36
8040,819,819,10,53,8202,2022-06-15 12:28:27.872,TED - Recebido,10290.0,819,9921.46
8041,38,38,3,13,7876,2021-07-24 11:00:03.745,Compra Débito,-114.52,38,105.86
8042,753,753,7,33,7010,2019-03-11 03:30:09.882,Depósito em espécie,13.62,753,15.45
8043,820,820,4,35,6366,2017-06-05 23:15:18.781,Depósito em espécie,43.45,820,50513.1
8044,786,786,7,14,6549,2017-12-05 11:47:56.307,Depósito em espécie,6.93,786,16.42
8045,948,948,7,100,7696,2021-01-25 10:55:11.786,Compra Crédito,-16.2,948,201.98
8046,301,301,7,71,7815,2021-05-24 01:45:48.105,Compra Crédito,-126.19,301,471.75
8047,604,604,7,14,6616,2018-02-10 01:27:51.187,Compra Crédito,-13.94,604,5498.85
8048,202,202,7,100,6214,2017-01-04 10:09:27.397,Compra Crédito,-10.27,202,49.02
8049,118,118,1,32,7175,2019-08-23 22:46:50.858,Compra Crédito,-23.71,118,11.03
8050,189,189,7,7,7637,2020-11-27 12:37:01.773,Compra Débito,-18.33,189,25382.15
8051,702,702,7,42,8216,2022-06-29 11:39:15.520,Compra Crédito,-19.23,702,2887.37
8052,536,536,4,45,6576,2018-01-01 06:14:38.029,Estorno de Debito,39.18,536,14.4
8053,936,936,7,33,8145,2022-04-19 18:59:27.571,Saque,-583.25,936,458.65
8054,265,265,7,42,6205,2016-12-26 18:35:08.022,Compra Crédito,-165.5,265,836.77
8055,538,538,7,33,7703,2021-02-01 06:46:26.121,Compra Crédito,-59.58,538,435.36
8056,176,176,4,35,6762,2018-07-06 22:45:39.005,Depósito em espécie,84.4,176,43.45
8057,368,368,7,71,7612,2020-11-02 18:04:37.452,Compra Crédito,-20.04,368,3208.56
8058,753,753,7,33,7010,2019-03-11 16:55:41.594,Compra Débito,-13.5,753,15.45
8059,719,719,3,51,8063,2022-01-27 05:21:26.633,Pix - Realizado,-412.0,719,392.74
8060,185,185,3,51,5629,2015-05-30 03:04:49.171,Compra Crédito,-165.73,185,17.06
8061,664,664,5,55,6988,2019-02-17 03:27:39.431,Compra Débito,-31.01,664,6275.18
8062,847,847,8,89,7719,2021-02-17 13:11:54.173,Compra Débito,-77.96,847,114.56
8063,448,448,8,10,7705,2021-02-03 11:39:37.818,Pix - Realizado,-1212.3,448,23366.23
8064,549,549,8,38,7308,2020-01-03 16:41:17.818,Compra Crédito,-20.07,549,325.26
8065,16,16,5,67,8083,2022-02-16 05:05:03.469,Compra Crédito,-136.63,16,24376.1
8066,881,881,7,42,6674,2018-04-09 18:34:34.689,Depósito em espécie,66.52,881,103.71
8067,716,716,1,36,8376,2022-12-06 14:53:31.779,Pix - Realizado,-239.4,716,21.65
8068,728,728,7,42,7927,2021-09-13 18:51:13.404,Compra Crédito,-56.75,728,640.32
8069,706,706,7,14,6931,2018-12-22 18:06:13.380,Compra Crédito,-16.46,706,972.02
8070,88,88,7,71,6951,2019-01-11 00:31:21.985,Compra Débito,-41.27,88,186.23
8071,841,841,5,63,6415,2017-07-24 07:20:51.007,Compra Débito,-16.31,841,1.02
8072,639,639,7,71,8226,2022-07-09 04:50:01.220,Pix - Realizado,-182.4,639,1176.54
8073,767,767,7,33,6251,2017-02-10 06:40:50.210,Compra Débito,-23.62,767,6534.06
8074,825,825,5,34,5120,2014-01-06 18:44:11.395,Depósito em espécie,8.86,825,814.07
8075,635,635,1,3,6294,2017-03-25 15:07:59.800,TED - Recebido,5880.0,635,5673.71
8076,540,540,5,2,7743,2021-03-13 10:15:04.689,Compra Débito,-156.99,540,441.01
8077,702,702,7,42,8217,2022-06-30 01:54:16.858,Compra Crédito,-115.17,702,2887.37
8078,908,908,5,58,5687,2015-07-27 04:20:59.346,Compra Crédito,-110.69,908,1.83
8079,269,269,5,63,5612,2015-05-13 03:55:11.722,Compra Crédito,-15.22,269,37274.48
8080,309,309,1,39,8325,2022-10-16 05:40:37.280,Compra Crédito,-35.31,309,759.62
8081,512,512,5,55,6454,2017-09-01 02:25:39.319,Estorno de Debito,48.74,512,10.77
8082,998,998,2,84,4954,2013-07-24 15:45:45.939,Compra Crédito,-39.66,998,36.07
8083,571,571,8,5,8374,2022-12-04 16:25:12.844,Compra Crédito,-42.29,571,2475.58
8084,980,980,7,7,7150,2019-07-29 15:35:56.963,Compra Débito,-48.84,980,49.3
8085,862,862,7,7,7723,2021-02-21 08:54:57.250,Pix - Recebido,781.6,862,707.31
8086,510,510,1,80,5879,2016-02-04 08:26:43.437,Compra Crédito,-11.5,510,5629.63
8087,453,453,4,1,5540,2015-03-02 07:49:40.266,Compra Crédito,-29.35,453,17142.15
8088,892,892,1,18,4305,2011-10-14 13:53:53.790,Depósito em espécie,24.1,892,6656.82
8089,994,994,7,7,6490,2017-10-07 22:22:50.982,Compra Débito,-24.54,994,576.6
8090,565,565,4,57,7201,2019-09-18 13:02:15.900,Compra Débito,-45.0,565,1589.12
8091,412,412,7,42,6992,2019-02-21 01:38:35.164,Saque,-93.83,412,31263.77
8092,267,267,6,22,7476,2020-06-19 02:21:06.454,Compra Débito,-39.96,267,288.77
8093,64,64,7,100,8217,2022-06-30 12:33:02.174,Pix - Realizado,-456.2,64,682.16
8094,648,648,8,10,8292,2022-09-13 06:41:27.632,Compra Crédito,-85.36,648,220.85
8095,180,180,7,71,6217,2017-01-07 11:43:50.393,Compra Débito,-6.3,180,12252.59
8096,475,475,6,4,7417,2020-04-21 14:42:26.549,Compra Crédito,-13.83,475,53.46
8097,796,796,7,71,8326,2022-10-17 08:26:03.848,Compra Débito,-68.97,796,375.12
8098,760,760,1,75,4055,2011-02-06 20:44:33.366,Depósito em espécie,29.56,760,15864.55
8099,285,285,2,82,6865,2018-10-17 21:03:52.071,Compra Crédito,-29.99,285,30.87
8100,258,258,8,41,7604,2020-10-25 08:32:55.092,Compra Crédito,-13.1,258,16.18
8101,348,348,7,100,7302,2019-12-28 10:42:13.923,Compra Débito,-37.12,348,79.31
8102,690,690,1,36,6061,2016-08-04 20:30:54.716,Saque,-131.73,690,1028.57
8103,127,127,5,34,5999,2016-06-03 03:24:23.527,Depósito em espécie,148.07,127,163.93
8104,626,626,10,97,8289,2022-09-10 17:55:19.636,Compra Crédito,-9.78,626,45.21
8105,349,349,7,14,7927,2021-09-13 08:37:52.051,Pix - Recebido,1467.2,349,810.24
8106,894,894,7,14,8210,2022-06-23 09:46:32.662,Pix - Recebido,165.2,894,184.42
8107,442,442,7,71,8400,2022-12-30 23:59:12.907,Compra Crédito,-112.35,442,304.61
8108,625,625,3,51,6143,2016-10-25 18:22:08.867,Compra Crédito,-26.21,625,1736.31
8109,211,211,9,59,8400,2022-12-30 23:19:33.703,Compra Débito,-144.43,211,0.59
8110,82,82,10,25,8117,2022-03-22 15:13:21.498,Compra Débito,-50.64,82,124.63
8111,823,823,2,70,7704,2021-02-02 17:10:28.779,Pix - Realizado,-268.2,823,557.38
8112,953,953,7,7,7782,2021-04-21 22:51:14.481,Compra Crédito,-28.49,953,102.72
8113,30,30,9,77,8019,2021-12-14 13:06:55.181,Pix - Realizado,-731.9,30,8.42
8114,733,733,6,4,8076,2022-02-09 11:46:50.971,Compra Débito,-22.36,733,1849.3
8115,940,940,7,14,6334,2017-05-04 21:37:47.435,Compra Débito,-7.28,940,9.19
8116,424,424,2,76,4463,2012-03-20 20:47:49.435,Compra Crédito,-8.96,424,46029.34
8117,365,365,1,75,6469,2017-09-16 23:16:04.286,Saque,-39.39,365,5.78
8118,477,477,7,71,5921,2016-03-17 21:23:39.409,Compra Crédito,-27.01,477,36068.85
8119,277,277,7,33,8399,2022-12-29 17:29:07.016,Pix - Recebido,151.1,277,841.7
8120,669,669,5,58,5781,2015-10-29 19:56:42.709,Compra Crédito,-40.05,669,118.91
8121,257,257,1,60,4068,2011-02-19 19:53:30.274,Compra Crédito,-6.96,257,38.78
8122,482,482,9,12,8011,2021-12-06 12:23:44.656,Pix - Recebido,223.1,482,205.69
8123,493,493,7,42,7618,2020-11-08 13:30:25.418,Compra Débito,-69.97,493,532.93
8124,627,627,7,33,6421,2017-07-30 00:04:17.733,Compra Crédito,-54.18,627,1.39
8125,811,811,9,65,7528,2020-08-10 13:20:37.588,Compra Débito,-9.34,811,22.61
8126,933,933,8,41,7800,2021-05-09 01:00:59.777,Compra Débito,-48.14,933,322.81
8127,98,98,2,78,6080,2016-08-23 03:40:26.806,Compra Crédito,-85.6,98,1330.67
8128,638,638,3,73,7594,2020-10-15 09:46:11.591,Compra Débito,-21.57,638,18243.26
8129,968,968,5,55,5371,2014-09-14 04:27:24.697,Compra Débito,-48.69,968,7480.46
8130,954,954,7,33,6705,2018-05-10 18:05:25.771,Compra Débito,-50.65,954,115.38
8131,655,655,7,42,7681,2021-01-10 18:38:50.421,Pagamento de boleto,-1153.0,655,232.15
8132,216,216,1,26,4508,2012-05-04 19:31:50.120,Compra Crédito,-67.8,216,622.12
8133,838,838,7,100,6557,2017-12-13 21:06:22.001,Compra Crédito,-12.01,838,1128.51
8134,126,126,7,42,5830,2015-12-17 23:50:13.319,Compra Débito,-43.91,126,74.12
8135,866,866,7,42,8030,2021-12-25 01:54:31.887,Compra Crédito,-8.47,866,309.54
8136,561,561,7,7,6983,2019-02-12 01:36:59.903,Compra Débito,-8.35,561,86.17
8137,987,987,7,33,6765,2018-07-09 08:02:56.718,Compra Crédito,-10.59,987,32.6
8138,776,776,4,1,6687,2018-04-22 23:27:25.514,Compra Crédito,-41.62,776,164.21
8139,333,333,3,13,6864,2018-10-16 11:00:39.487,Compra Crédito,-78.96,333,65395.97
8140,299,299,6,96,7256,2019-11-12 23:58:03.295,Compra Débito,-46.33,299,146.82
8141,862,862,7,7,7723,2021-02-21 09:04:37.988,Pix - Realizado,-201.6,862,707.31
8142,396,396,7,71,8052,2022-01-16 21:20:24.413,Compra Crédito,-30.61,396,765.0
8143,517,517,4,35,8213,2022-06-26 13:51:13.936,Depósito em espécie,103.92,517,102.72
8144,485,485,3,13,4938,2013-07-08 03:41:25.555,Compra Crédito,-64.93,485,272.31
8145,943,943,7,14,6296,2017-03-27 05:33:15.849,Depósito em espécie,270.88,943,124.1
8146,746,746,7,100,8322,2022-10-13 16:58:08.374,Compra Crédito,-141.93,746,2182.45
8147,620,620,7,71,7254,2019-11-10 20:52:00.877,Saque,-234.27,620,22052.71
8148,475,475,6,4,7454,2020-05-28 14:59:58.512,Compra Crédito,-28.88,475,53.46
8149,495,495,7,33,8274,2022-08-26 22:43:24.915,Pix - Realizado,-123.4,495,134.75
8150,233,233,4,57,6100,2016-09-12 00:02:32.562,Compra Débito,-48.66,233,349.69
8151,882,882,7,100,7346,2020-02-10 08:34:38.937,Compra Débito,-50.25,882,13183.35
8152,567,567,8,89,7372,2020-03-07 04:14:08.065,Compra Crédito,-19.95,567,31.07
8153,235,235,2,94,5331,2014-08-05 22:02:17.335,Compra Débito,-15.82,235,23770.63
8154,613,613,1,26,3690,2010-02-06 10:53:11.588,Compra Débito,-57.56,613,5863.47
8155,95,95,7,14,8392,2022-12-22 16:34:04.796,Depósito em espécie,30.3,95,42.88
8156,143,143,7,7,7809,2021-05-18 18:37:12.527,Compra Crédito,-19.74,143,309.11
8157,91,91,7,14,7336,2020-01-31 00:41:38.904,Depósito em espécie,32.12,91,0.67
8158,671,671,3,91,5437,2014-11-19 16:12:27.071,Depósito em espécie,30.19,671,91.7
8159,722,722,7,7,7008,2019-03-09 07:53:13.266,Compra Débito,-64.88,722,6971.66
8160,701,701,2,85,7702,2021-01-31 16:59:03.065,Pix - Recebido,114.7,701,4.39
8161,516,516,1,36,5524,2015-02-14 22:20:25.433,TED - Recebido,10020.0,516,9930.41
8162,160,160,3,98,4856,2013-04-17 19:17:37.110,Depósito em espécie,46.35,160,20533.29
8163,133,133,9,93,7403,2020-04-07 19:30:35.532,Compra Crédito,-11.1,133,41.65
8164,20,20,3,91,7141,2019-07-20 11:11:34.548,Compra Débito,-14.87,20,27027.3
8165,911,911,7,14,8188,2022-06-01 17:46:37.233,Pix - Realizado,-141.5,911,492.8
8166,876,876,7,7,7905,2021-08-22 15:42:00.996,Pix - Realizado,-166.3,876,4540.25
8167,998,998,2,84,4954,2013-07-24 16:56:39.958,Compra Crédito,-9.01,998,36.07
8168,419,419,6,4,7505,2020-07-18 08:45:09.875,Pagamento de boleto,-3133.6,419,96414.93
8169,100,100,7,100,7605,2020-10-26 06:51:17.908,Compra Débito,-4.51,100,763.24
8170,860,860,5,55,5810,2015-11-27 08:31:13.566,Compra Débito,-63.93,860,5.32
8171,521,521,7,71,7259,2019-11-15 13:12:31.528,Compra Débito,-24.87,521,92.87
8172,126,126,7,42,5832,2015-12-19 05:38:39.331,Compra Crédito,-50.23,126,74.12
8173,526,526,3,51,7972,2021-10-28 02:25:07.891,Pix - Realizado,-322.7,526,2246.83
8174,262,262,7,7,8395,2022-12-25 10:02:44.773,Pix - Recebido,260.4,262,312.07
8175,910,910,4,1,7107,2019-06-16 19:04:58.451,Depósito em espécie,22.53,910,79.63
8176,959,959,1,61,5683,2015-07-23 19:49:39.367,Compra Crédito,-91.29,959,96.49
8177,879,879,3,31,4854,2013-04-15 00:45:19.472,Depósito em espécie,28.56,879,4.04
8178,252,252,7,71,8400,2022-12-30 22:21:30.316,Compra Crédito,-30.34,252,474.02
8179,521,521,7,71,7304,2019-12-30 03:06:49.432,Compra Crédito,-9.14,521,92.87
8180,484,484,1,75,5350,2014-08-24 07:10:33.298,Estorno de Debito,89.09,484,103.52
8181,214,214,3,98,5085,2013-12-02 08:57:06.118,Compra Crédito,-53.16,214,117.71
8182,713,713,1,39,5546,2015-03-08 00:45:16.079,Compra Débito,-21.68,713,56.06
8183,976,976,4,1,6027,2016-07-01 02:24:45.984,Depósito em espécie,118.07,976,5.45
8184,538,538,7,33,7763,2021-04-02 00:36:32.036,Pix - Recebido,268.2,538,435.36
8185,51,51,3,13,4963,2013-08-02 03:50:31.239,Compra Débito,-31.23,51,8756.25
8186,7,7,6,48,8288,2022-09-09 22:01:39.358,Pix - Realizado,-85.6,7,114.48
8187,696,696,7,100,6548,2017-12-04 20:25:37.801,Compra Débito,-63.49,696,3036.27
8188,759,759,1,80,8351,2022-11-11 10:58:56.214,Pix - Recebido,313.3,759,339.17
8189,748,748,2,82,6955,2019-01-15 15:10:53.273,Compra Crédito,-105.19,748,1854.33
8190,887,887,7,42,6606,2018-01-31 03:42:19.510,Compra Crédito,-23.03,887,68.2
8191,168,168,7,100,6927,2018-12-18 09:10:18.607,Compra Crédito,-24.28,168,1688.88
8192,123,123,4,57,5345,2014-08-19 21:43:16.552,Compra Crédito,-55.81,123,14286.71
8193,430,430,3,73,4921,2013-06-21 19:23:06.483,Compra Crédito,-112.25,430,27934.18
8194,906,906,7,71,7828,2021-06-06 18:28:44.904,Compra Débito,-56.92,906,153.88
8195,568,568,7,71,6851,2018-10-03 19:35:37.926,Compra Crédito,-3.17,568,25.73
8196,777,777,8,23,6888,2018-11-09 15:51:34.940,Compra Débito,-7.36,777,5.03
8197,269,269,5,63,5613,2015-05-14 10:41:16.589,Compra Crédito,-19.43,269,37274.48
8198,323,323,7,14,8341,2022-11-01 02:07:05.618,Compra Crédito,-32.65,323,5230.02
8199,846,846,8,23,8262,2022-08-14 14:04:47.490,Pix - Realizado,-1342.6,846,2090.0
8200,965,965,2,9,7314,2020-01-09 11:20:40.162,Compra Crédito,-23.41,965,5877.77
8201,356,356,7,42,7403,2020-04-07 12:21:47.455,Compra Crédito,-15.33,356,68663.09
8202,722,722,7,7,7163,2019-08-11 06:36:12.106,Compra Débito,-86.24,722,6971.66
8203,86,86,5,34,7911,2021-08-28 00:40:54.454,Pix - Recebido,5097.9,86,7186.34
8204,48,48,7,100,8400,2022-12-30 23:44:03.995,Compra Crédito,-53.41,48,557.6
8205,338,338,7,42,8152,2022-04-26 11:40:53.839,Compra Débito,-51.54,338,1187.02
8206,749,749,5,50,5660,2015-06-30 19:26:45.499,Compra Débito,-24.09,749,49928.0
8207,410,410,7,14,6804,2018-08-17 01:46:04.534,Compra Crédito,-101.47,410,53033.04
8208,929,929,1,60,8363,2022-11-23 21:38:33.780,Depósito em espécie,18.43,929,115.72
8209,872,872,7,71,6868,2018-10-20 12:50:12.299,Compra Crédito,-106.62,872,4227.81
8210,806,806,5,55,5505,2015-01-26 21:29:04.931,Depósito em espécie,77.6,806,70.88
8211,655,655,7,42,7688,2021-01-17 01:04:13.884,Pix - Realizado,-372.7,655,232.15
8212,845,845,3,13,4935,2013-07-05 04:41:36.236,Compra Crédito,-376.5,845,14733.18
8213,412,412,7,42,6992,2019-02-21 03:17:35.431,Compra Crédito,-54.55,412,31263.77
8214,29,29,3,98,8050,2022-01-14 09:41:19.609,Compra Débito,-164.89,29,424.41
8215,892,892,1,18,4306,2011-10-15 03:47:59.875,Compra Crédito,-153.84,892,6656.82
8216,449,449,7,14,8052,2022-01-16 00:14:08.759,Saque,-56.62,449,378.55
8217,22,22,1,26,5442,2014-11-24 04:24:08.179,Depósito em espécie,30.52,22,2.67
8218,202,202,7,100,6214,2017-01-04 10:47:13.964,Estorno de Debito,6.65,202,49.02
8219,585,585,7,71,6533,2017-11-19 16:18:06.786,Compra Crédito,-114.24,585,59.76
8220,118,118,1,32,7177,2019-08-25 13:55:18.370,Depósito em espécie,53.32,118,11.03
8221,660,660,4,45,5493,2015-01-14 05:07:29.029,Saque,-94.51,660,122736.82
8222,247,247,7,42,5905,2016-03-01 01:55:06.062,Compra Débito,-50.59,247,2451.09
8223,745,745,3,51,7027,2019-03-28 04:53:42.362,Compra Crédito,-3.9,745,28080.44
8224,627,627,7,33,6421,2017-07-30 00:06:02.746,Compra Crédito,-9.39,627,1.39
8225,611,611,6,48,8400,2022-12-30 19:47:15.488,Pix - Recebido,433.4,611,24506.47
8226,307,307,6,54,6967,2019-01-27 06:20:14.589,Compra Crédito,-56.79,307,250.85
8227,161,161,6,44,8391,2022-12-21 18:40:28.744,Pix - Realizado,-1689.2,161,14288.86
8228,463,463,7,100,8092,2022-02-25 19:59:38.042,Compra Crédito,-50.79,463,848.28
8229,502,502,2,90,4824,2013-03-16 03:00:15.643,Compra Débito,-47.27,502,179885.3
8230,743,743,2,81,5392,2014-10-05 03:36:28.077,Compra Crédito,-3.63,743,18.63
8231,891,891,7,33,6689,2018-04-24 23:22:46.633,Saque,-292.59,891,218.62
8232,943,943,7,14,6296,2017-03-27 06:14:49.329,Compra Crédito,-4.73,943,124.1
8233,246,246,2,86,6299,2017-03-30 15:00:05.749,Compra Crédito,-223.72,246,53774.09
8234,700,700,4,57,5418,2014-10-31 08:59:31.720,DOC - Recebido,16575.0,700,767.58
8235,738,738,7,14,7985,2021-11-10 16:27:43.863,Compra Crédito,-31.41,738,641.13
8236,317,317,2,95,4170,2011-06-01 05:55:17.316,Compra Débito,-34.57,317,51156.1
8237,72,72,7,100,8347,2022-11-07 06:02:23.071,Pix - Realizado,-324.6,72,183.32
8238,772,772,3,16,5164,2014-02-19 19:35:25.040,Compra Débito,-22.08,772,816.66
8239,679,679,1,18,5842,2015-12-29 10:00:01.667,Compra Crédito,-23.96,679,17741.97
8240,421,421,7,14,7410,2020-04-14 08:26:07.574,Depósito em espécie,44.86,421,90.29
8241,359,359,1,80,5190,2014-03-17 00:56:57.076,Compra Crédito,-34.42,359,24410.06
8242,99,99,7,7,8356,2022-11-16 04:43:52.913,Pix - Realizado,-359.8,99,6159.31
8243,700,700,4,57,5418,2014-10-31 13:10:13.506,TED - Realizado,-15500.0,700,767.58
8244,145,145,3,31,8351,2022-11-11 15:04:47.205,Compra Crédito,-14.07,145,321.91
8245,215,215,9,12,7870,2021-07-18 01:28:55.559,Compra Crédito,-32.93,215,35.15
8246,855,855,7,71,6103,2016-09-15 10:17:29.172,Compra Crédito,-13.4,855,242.54
8247,858,858,7,14,8396,2022-12-26 01:22:53.628,Compra Crédito,-74.18,858,8063.11
8248,454,454,1,26,5146,2014-02-01 23:02:27.319,DOC - Recebido,20300.0,454,21390.15
8249,751,751,9,46,7934,2021-09-20 17:47:04.367,Compra Crédito,-81.86,751,11045.48
8250,798,798,3,13,7327,2020-01-22 10:17:53.440,Compra Crédito,-46.64,798,40174.06
8251,247,247,7,42,5905,2016-03-01 03:39:05.881,Compra Crédito,-48.52,247,2451.09
8252,650,650,7,42,8025,2021-12-20 11:33:00.647,Compra Crédito,-43.23,650,61.92
8253,180,180,7,71,6225,2017-01-15 03:08:18.890,Compra Crédito,-176.95,180,12252.59
8254,152,152,7,42,8395,2022-12-25 02:04:06.409,Compra Crédito,-113.8,152,209.11
8255,496,496,7,100,8396,2022-12-26 10:36:16.030,Compra Crédito,-20.59,496,430.68
8256,813,813,2,81,5519,2015-02-09 18:56:18.692,Compra Débito,-2.83,813,21054.94
8257,359,359,1,80,5190,2014-03-17 19:09:28.866,Compra Débito,-17.3,359,24410.06
8258,993,993,7,14,7217,2019-10-04 06:39:59.686,Depósito em espécie,42.38,993,33.5
8259,537,537,6,28,6377,2017-06-16 20:33:53.856,Compra Crédito,-17.79,537,71.43
8260,773,773,2,82,4187,2011-06-18 22:57:49.692,Depósito em espécie,95.35,773,23568.46
8261,359,359,1,80,5190,2014-03-17 21:38:10.033,Estorno de Debito,13.8,359,24410.06
8262,44,44,9,59,7616,2020-11-06 19:26:08.330,Estorno de Debito,23.01,44,25295.97
8263,856,856,7,33,7989,2021-11-14 21:56:11.355,Compra Crédito,-47.55,856,19.22
8264,272,272,2,24,5432,2014-11-14 01:21:30.028,Compra Débito,-119.78,272,56695.45
8265,928,928,7,42,8237,2022-07-20 10:20:05.971,Pix - Recebido,328.0,928,358.6
8266,556,556,7,100,6843,2018-09-25 09:47:06.376,Depósito em espécie,95.49,556,15.61
8267,435,435,9,21,8400,2022-12-30 15:31:35.255,Compra Débito,-60.53,435,1790.34
8268,666,666,7,42,8249,2022-08-01 06:56:18.726,Compra Débito,-27.73,666,40437.53
8269,363,363,1,18,7968,2021-10-24 18:09:22.461,Pix - Recebido,1071.1,363,1334.98
8270,302,302,7,71,7709,2021-02-07 20:11:25.599,Pix - Realizado,-823.4,302,1444.94
8271,320,320,4,19,5756,2015-10-04 17:39:27.805,Depósito em espécie,89.29,320,14108.84
8272,20,20,3,91,7141,2019-07-20 16:47:20.735,Compra Crédito,-58.19,20,27027.3
8273,745,745,3,51,7027,2019-03-28 15:20:55.308,TED - Recebido,27840.0,745,28080.44
8274,499,499,7,7,6793,2018-08-06 21:40:14.298,Compra Crédito,-6.18,499,22.94
8275,186,186,5,2,5512,2015-02-02 22:03:19.267,Compra Débito,-46.79,186,2.1
8276,499,499,7,7,6793,2018-08-06 21:54:52.469,Compra Crédito,-52.3,499,22.94
8277,505,505,7,33,8120,2022-03-25 14:50:49.777,Pix - Realizado,-74.4,505,47.19
8278,231,231,7,14,6436,2017-08-14 04:08:37.340,Compra Débito,-218.67,231,2564.84
8279,763,763,6,4,6970,2019-01-30 13:54:30.446,Compra Crédito,-19.81,763,3.04
8280,750,750,4,19,5998,2016-06-02 09:54:47.248,Compra Crédito,-13.91,750,1945.52
8281,902,902,7,71,7032,2019-04-02 22:28:39.253,Compra Débito,-15.88,902,13771.38
8282,655,655,7,42,7788,2021-04-27 09:14:44.770,Compra Débito,-18.56,655,232.15
8283,800,800,1,92,8240,2022-07-23 05:46:53.074,Compra Crédito,-79.31,800,845.98
8284,889,889,3,91,7050,2019-04-20 21:26:31.103,Compra Crédito,-13.24,889,4872.02
8285,672,672,7,14,6917,2018-12-08 06:17:08.367,Saque,-313.06,672,581.81
8286,37,37,3,98,4578,2012-07-13 09:57:14.814,Compra Crédito,-65.27,37,65.02
8287,195,195,4,45,5663,2015-07-03 11:11:58.594,Compra Crédito,-29.25,195,48.9
8288,774,774,1,39,7188,2019-09-05 07:09:02.075,Compra Crédito,-67.5,774,492.43
8289,194,194,9,46,7533,2020-08-15 14:00:00.754,Compra Crédito,-15.17,194,90766.28
8290,626,626,10,97,8312,2022-10-03 23:31:31.568,Compra Crédito,-50.47,626,45.21
8291,954,954,7,33,6718,2018-05-23 18:15:23.903,Compra Crédito,-18.24,954,115.38
8292,606,606,7,14,6470,2017-09-17 01:05:14.262,Compra Débito,-99.51,606,408.77
8293,616,616,7,100,6682,2018-04-17 04:55:40.821,Compra Crédito,-31.54,616,12525.04
8294,215,215,9,12,7956,2021-10-12 01:52:09.941,Saque,-87.56,215,35.15
8295,773,773,2,82,4190,2011-06-21 20:43:45.822,Compra Crédito,-28.77,773,23568.46
8296,485,485,3,13,4940,2013-07-10 01:05:56.049,Compra Crédito,-39.66,485,272.31
8297,625,625,3,51,6143,2016-10-25 19:53:05.078,Compra Débito,-81.61,625,1736.31
8298,789,789,7,33,6394,2017-07-03 01:02:11.097,Compra Débito,-75.36,789,63.36
8299,828,828,2,24,4776,2013-01-27 10:28:05.558,Saque,-271.02,828,1.1
8300,171,171,7,33,7452,2020-05-26 00:43:04.021,Compra Crédito,-55.67,171,548.91
8301,626,626,10,97,8312,2022-10-03 23:45:53.223,Compra Débito,-66.88,626,45.21
8302,173,173,1,60,5339,2014-08-13 05:13:19.754,Compra Débito,-34.52,173,140.11
8303,618,618,7,100,8393,2022-12-23 13:37:14.284,Pix - Realizado,-291.5,618,2659.18
8304,422,422,7,42,6416,2017-07-25 17:57:18.378,Compra Crédito,-7.12,422,23.08
8305,650,650,7,42,8025,2021-12-20 11:47:33.438,Compra Débito,-11.97,650,61.92
8306,383,383,7,14,7218,2019-10-05 05:46:58.774,Compra Débito,-9.39,383,2380.07
8307,813,813,2,81,5607,2015-05-08 10:54:02.082,TED - Recebido,19845.0,813,21054.94
8308,69,69,2,90,7308,2020-01-03 19:43:51.467,Compra Débito,-28.36,69,20300.68
8309,442,442,7,71,8400,2022-12-30 23:59:16.473,Compra Crédito,-15.83,442,304.61
8310,148,148,9,93,7355,2020-02-19 04:28:18.553,Compra Crédito,-7.99,148,41.59
8311,794,794,7,33,6905,2018-11-26 17:02:24.699,Compra Débito,-15.18,794,454.95
8312,343,343,3,98,7850,2021-06-28 01:12:07.465,Saque,-78.23,343,86.88
8313,618,618,7,100,8399,2022-12-29 05:32:55.814,Pix - Recebido,250.2,618,2659.18
8314,609,609,7,14,7950,2021-10-06 14:37:45.033,Pix - Realizado,-267.0,609,4968.54
8315,530,530,1,80,5594,2015-04-25 17:21:27.529,Saque,-222.51,530,181.44
8316,562,562,10,30,8223,2022-07-06 21:16:34.754,Pix - Recebido,503.7,562,1204.78
8317,591,591,7,100,5936,2016-04-01 22:35:58.789,Depósito em espécie,19.99,591,46.46
8318,115,115,2,84,7828,2021-06-06 04:41:27.013,Compra Débito,-107.32,115,2036.75
8319,48,48,7,100,8400,2022-12-30 23:44:09.997,Compra Crédito,-62.92,48,557.6
8320,38,38,3,13,7876,2021-07-24 11:36:41.719,Pix - Recebido,248.1,38,105.86
8321,657,657,3,73,5432,2014-11-14 13:35:55.160,Compra Débito,-51.2,657,15464.38
8322,51,51,3,13,4963,2013-08-02 21:01:57.460,Depósito em espécie,17.93,51,8756.25
8323,97,97,3,13,7990,2021-11-15 16:14:07.008,Compra Débito,-153.89,97,9589.16
8324,597,597,2,94,7494,2020-07-07 10:25:33.367,Compra Crédito,-128.26,597,404.1
8325,356,356,7,42,7403,2020-04-07 13:45:35.754,Compra Débito,-6.23,356,68663.09
8326,53,53,5,63,8354,2022-11-14 19:01:09.868,Compra Débito,-88.48,53,9931.98
8327,460,460,7,71,6684,2018-04-19 08:25:55.240,Compra Débito,-9.22,460,7316.98
8328,546,546,1,61,7686,2021-01-15 21:59:18.706,Compra Crédito,-78.37,546,803.81
8329,868,868,9,87,7822,2021-05-31 10:53:29.714,Compra Crédito,-10.47,868,193.38
8330,695,695,1,36,7767,2021-04-06 07:56:37.807,Pix - Realizado,-372.3,695,464.6
8331,136,136,6,44,8399,2022-12-29 08:42:28.813,Pix - Recebido,430.9,136,582.21
8332,320,320,4,19,5763,2015-10-11 09:34:58.007,Compra Crédito,-77.6,320,14108.84
8333,873,873,6,44,7680,2021-01-09 17:19:28.006,Pix - Realizado,-69.4,873,6549.26
8334,911,911,7,14,8188,2022-06-01 18:59:32.056,Compra Débito,-87.68,911,492.8
8335,554,554,1,75,6603,2018-01-28 15:36:40.515,Depósito em espécie,70.57,554,25.68
8336,354,354,7,100,5879,2016-02-04 19:00:13.243,Compra Débito,-18.63,354,76726.35
8337,420,420,5,50,5962,2016-04-27 10:24:03.446,Compra Crédito,-12.79,420,7641.25
8338,561,561,7,7,6997,2019-02-26 16:10:33.731,Depósito em espécie,86.71,561,86.17
8339,512,512,5,55,6456,2017-09-03 11:47:01.634,Compra Crédito,-11.93,512,10.77
8340,942,942,4,19,5220,2014-04-16 14:16:56.447,Estorno de Debito,131.34,942,204.69
8341,574,574,6,28,6163,2016-11-14 06:22:26.998,Compra Crédito,-6.43,574,1.9
8342,804,804,7,7,8400,2022-12-30 10:43:39.594,Compra Crédito,-48.43,804,2553.01
8343,99,99,7,7,8371,2022-12-01 19:03:23.671,Compra Crédito,-45.93,99,6159.31
8344,315,315,7,100,6443,2017-08-21 15:58:48.908,Compra Débito,-116.46,315,131.09
8345,978,978,5,15,7712,2021-02-10 03:40:47.042,Compra Crédito,-33.98,978,40487.07
8346,178,178,9,20,8159,2022-05-03 05:30:34.241,Compra Débito,-7.33,178,1437.96
8347,177,177,3,16,4527,2012-05-23 01:15:32.047,Compra Crédito,-38.23,177,43.44
8348,496,496,7,100,8400,2022-12-30 22:53:04.025,Pix - Realizado,-61.8,496,430.68
8349,331,331,7,71,7137,2019-07-16 03:24:21.236,Compra Crédito,-94.21,331,32267.25
8350,966,966,7,14,7913,2021-08-30 22:43:42.764,Pix - Realizado,-683.3,966,1425.28
8351,296,296,2,76,4366,2011-12-14 19:55:05.978,Compra Crédito,-8.91,296,67795.77
8352,23,23,7,33,5769,2015-10-17 14:23:49.260,Compra Crédito,-17.88,23,7554.2
8353,209,209,7,14,6195,2016-12-16 16:28:40.192,Compra Débito,-51.76,209,5.22
8354,415,415,4,1,5407,2014-10-20 11:27:12.697,Compra Débito,-27.52,415,19485.86
8355,441,441,4,35,7663,2020-12-23 08:08:02.412,Compra Crédito,-21.24,441,879.91
8356,758,758,5,50,6005,2016-06-09 09:25:58.377,Compra Crédito,-6.7,758,92.52
8357,325,325,1,92,4199,2011-06-30 14:19:11.812,Depósito em espécie,68.83,325,76.91
8358,442,442,7,71,8400,2022-12-30 23:59:37.483,Compra Débito,-16.88,442,304.61
8359,368,368,7,71,7637,2020-11-27 22:54:10.500,Pix - Recebido,1723.0,368,3208.56
8360,780,780,8,6,6651,2018-03-17 19:28:39.492,Saque,-39.96,780,15.8
8361,682,682,2,86,5882,2016-02-07 21:14:29.758,Depósito em espécie,70.71,682,22.02
8362,862,862,7,7,7723,2021-02-21 18:16:05.614,Compra Crédito,-35.56,862,707.31
8363,954,954,7,33,6719,2018-05-24 01:27:14.693,Compra Crédito,-36.35,954,115.38
8364,38,38,3,13,7879,2021-07-27 00:04:57.755,Compra Débito,-134.08,38,105.86
8365,240,240,7,14,7710,2021-02-08 20:54:09.678,Compra Débito,-16.98,240,1014.33
8366,690,690,1,36,6062,2016-08-05 03:00:08.317,Compra Débito,-22.86,690,1028.57
8367,843,843,7,42,7324,2020-01-19 14:55:22.944,Compra Crédito,-25.6,843,13.37
8368,470,470,6,48,7764,2021-04-03 15:38:15.538,Pix - Recebido,572.4,470,585.06
8369,136,136,6,44,8400,2022-12-30 22:35:48.162,Compra Crédito,-67.52,136,582.21
8370,672,672,7,14,6941,2019-01-01 01:47:08.169,Transferência entre CC - Crédito,442.0,672,581.81
8371,722,722,7,7,7163,2019-08-11 07:56:50.621,Pagamento de boleto,-3437.0,722,6971.66
8372,163,163,2,84,8265,2022-08-17 00:13:55.500,Compra Crédito,-24.27,163,37.1
8373,349,349,7,14,7959,2021-10-15 10:00:01.605,Compra Débito,-64.66,349,810.24
8374,140,140,6,22,8178,2022-05-22 16:51:48.575,Compra Débito,-52.7,140,533.87
8375,981,981,10,17,8317,2022-10-08 02:57:49.292,Depósito em espécie,65.5,981,505.84
8376,644,644,8,38,7810,2021-05-19 01:16:23.405,Compra Débito,-42.87,644,254.94
8377,111,111,7,33,8400,2022-12-30 04:31:23.460,Pix - Realizado,-199.2,111,288.35
8378,247,247,7,42,5906,2016-03-02 13:07:56.876,Compra Crédito,-28.28,247,2451.09
8379,536,536,4,45,6576,2018-01-01 10:27:05.954,Compra Crédito,-14.1,536,14.4
8380,799,799,2,85,4786,2013-02-06 12:03:13.102,Compra Crédito,-7.22,799,3574.21
8381,636,636,1,39,4915,2013-06-15 07:15:40.950,Compra Débito,-32.03,636,34782.8
8382,289,289,1,26,6582,2018-01-07 04:19:32.615,Depósito em espécie,13.98,289,2.62
8383,694,694,1,75,7250,2019-11-06 12:56:50.158,Compra Crédito,-39.47,694,102.68
8384,235,235,2,94,5332,2014-08-06 07:30:44.153,Compra Crédito,-55.36,235,23770.63
8385,542,542,7,71,5967,2016-05-02 00:39:57.275,Compra Débito,-12.45,542,23.69
8386,32,32,8,69,6993,2019-02-22 01:33:39.101,Saque,-94.13,32,53414.48
8387,270,270,2,95,6576,2018-01-01 16:41:30.532,Depósito em espécie,7.17,270,10603.62
8388,69,69,2,90,7308,2020-01-03 21:43:57.688,Compra Crédito,-21.71,69,20300.68
8389,54,54,1,26,7622,2020-11-12 12:26:19.728,Compra Crédito,-25.93,54,9.45
8390,64,64,7,100,8219,2022-07-02 12:28:39.102,Pix - Recebido,655.5,64,682.16
8391,206,206,7,33,8374,2022-12-04 04:38:56.590,Pix - Realizado,-105.0,206,24.58
8392,6,6,7,100,6537,2017-11-23 09:23:41.614,Compra Crédito,-10.87,6,105.6
8393,61,61,1,11,4922,2013-06-22 18:22:54.807,Compra Débito,-9.62,61,12882.9
8394,38,38,3,13,7884,2021-08-01 20:06:36.381,Pix - Realizado,-189.7,38,105.86
8395,241,241,5,15,7612,2020-11-02 18:00:39.204,Compra Crédito,-33.8,241,536.84
8396,449,449,7,14,8053,2022-01-17 00:56:09.526,Compra Débito,-18.8,449,378.55
8397,166,166,7,14,7752,2021-03-22 16:31:44.764,Pix - Recebido,656.4,166,782.5
8398,693,693,7,33,6193,2016-12-14 21:59:12.553,Depósito em espécie,70.66,693,2.12
8399,621,621,7,42,7367,2020-03-02 03:19:02.975,Compra Crédito,-57.69,621,697.1
8400,85,85,7,14,8042,2022-01-06 02:46:00.955,Pix - Recebido,569.3,85,669.94
8401,49,49,7,100,7867,2021-07-15 11:17:07.869,Compra Débito,-88.53,49,1.99
8402,897,897,7,33,7993,2021-11-18 13:48:12.874,Compra Crédito,-26.83,897,84.61
8403,15,15,7,33,7259,2019-11-15 07:53:25.367,Compra Débito,-38.93,15,689.76
8404,195,195,4,45,5670,2015-07-10 01:37:42.138,Pagamento de boleto,-2409.0,195,48.9
8405,410,410,7,14,6899,2018-11-20 12:53:11.269,Compra Crédito,-120.3,410,53033.04
8406,854,854,6,96,7800,2021-05-09 17:53:06.456,Compra Débito,-29.32,854,2489.45
8407,950,950,3,31,6630,2018-02-24 21:37:39.222,DOC - Recebido,9635.0,950,9658.42
8408,609,609,7,14,7952,2021-10-08 05:06:01.404,Pix - Realizado,-299.8,609,4968.54
8409,645,645,7,71,8400,2022-12-30 07:03:34.518,Pix - Realizado,-692.4,645,41775.87
8410,150,150,3,31,7351,2020-02-15 17:52:21.969,Compra Crédito,-38.35,150,7121.49
8411,494,494,7,14,8400,2022-12-30 14:29:38.441,Compra Crédito,-128.47,494,484.48
8412,496,496,7,100,8400,2022-12-30 23:02:08.098,Pix - Recebido,690.3,496,430.68
8413,554,554,1,75,6603,2018-01-28 16:51:12.653,Compra Crédito,-64.5,554,25.68
8414,217,217,4,57,5106,2013-12-23 02:11:20.652,Compra Crédito,-61.65,217,3307.79
8415,364,364,3,16,8132,2022-04-06 06:05:23.289,Pix - Recebido,837.6,364,1783.15
8416,907,907,7,100,6276,2017-03-07 11:50:54.334,Depósito em espécie,56.44,907,76.9
8417,677,677,7,33,7039,2019-04-09 03:42:59.947,Compra Crédito,-17.08,677,11911.95
8418,975,975,1,32,5439,2014-11-21 05:53:42.187,Compra Débito,-44.68,975,42.45
8419,529,529,6,48,6944,2019-01-04 19:28:07.791,Compra Crédito,-82.33,529,10159.31
8420,822,822,5,34,8327,2022-10-18 04:46:27.109,Compra Débito,-5.61,822,230.97
8421,284,284,2,70,4162,2011-05-24 19:27:05.198,Depósito em espécie,83.05,284,222.27
8422,476,476,2,95,4958,2013-07-28 06:03:05.048,Transferência entre CC - Crédito,926.0,476,234.35
8423,653,653,7,71,7308,2020-01-03 19:22:32.300,Compra Crédito,-24.06,653,24.9
8424,880,880,7,71,7537,2020-08-19 23:08:01.728,Compra Crédito,-38.06,880,28337.91
8425,781,781,1,36,7994,2021-11-19 01:38:10.401,Compra Débito,-58.37,781,19.25
8426,28,28,2,76,6357,2017-05-27 03:53:05.367,Compra Débito,-115.41,28,2982.91
8427,638,638,3,73,7596,2020-10-17 09:53:29.155,Compra Débito,-29.15,638,18243.26
8428,63,63,1,26,5717,2015-08-26 09:15:37.694,Compra Débito,-11.27,63,2273.2
8429,140,140,6,22,8217,2022-06-30 04:32:19.781,Compra Débito,-20.97,140,533.87
8430,162,162,7,42,8396,2022-12-26 22:54:05.986,Compra Crédito,-41.62,162,57.87
8431,96,96,7,71,8016,2021-12-11 02:22:09.709,Pix - Realizado,-379.6,96,1337.15
8432,894,894,7,14,8210,2022-06-23 12:49:27.024,Pix - Realizado,-159.4,894,184.42
8433,636,636,1,39,4915,2013-06-15 07:23:40.125,TED - Recebido,34290.0,636,34782.8
8434,922,922,7,100,6659,2018-03-25 21:23:00.546,Saque,-52.83,922,39.71
8435,513,513,7,33,6463,2017-09-10 11:21:21.859,Compra Débito,-35.15,513,176.7
8436,572,572,2,86,6445,2017-08-23 03:05:30.632,Compra Débito,-99.29,572,7982.21
8437,50,50,1,18,7421,2020-04-25 20:11:28.576,Compra Crédito,-49.14,50,806.55
8438,690,690,1,36,6065,2016-08-08 04:13:48.839,Transferência entre CC - Crédito,424.2,690,1028.57
8439,907,907,7,100,6285,2017-03-16 10:00:23.519,Compra Crédito,-20.52,907,76.9
8440,9,9,4,45,8311,2022-10-02 15:22:41.845,Compra Débito,-55.55,9,332.15
8441,222,222,6,22,6980,2019-02-09 17:05:23.100,Compra Crédito,-30.1,222,563.31
8442,958,958,6,40,5644,2015-06-14 01:22:14.420,Compra Débito,-41.48,958,72.3
8443,181,181,2,85,4380,2011-12-28 01:21:24.982,Compra Débito,-30.35,181,196.99
8444,177,177,3,16,4528,2012-05-24 04:43:15.028,Compra Débito,-32.91,177,43.44
8445,925,925,9,74,7568,2020-09-19 23:36:49.974,Compra Crédito,-102.2,925,4860.91
8446,378,378,9,83,8400,2022-12-30 21:50:15.549,Pix - Realizado,-376.0,378,777.25
8447,773,773,2,82,4191,2011-06-22 13:21:05.896,TED - Recebido,21390.0,773,23568.46
8448,706,706,7,14,6934,2018-12-25 07:36:26.005,Depósito em espécie,82.19,706,972.02
8449,112,112,4,19,8378,2022-12-08 11:13:54.653,Pix - Recebido,266.7,112,532.48
8450,346,346,1,26,8241,2022-07-24 21:00:37.261,Compra Débito,-16.32,346,57814.67
8451,6,6,7,100,6537,2017-11-23 10:29:22.471,Compra Crédito,-39.74,6,105.6
8452,86,86,5,34,7911,2021-08-28 00:45:13.369,Pix - Recebido,1828.8,86,7186.34
8453,170,170,7,100,8398,2022-12-28 17:38:52.192,Compra Crédito,-41.61,170,340.47
8454,264,264,7,71,8400,2022-12-30 23:59:45.591,Compra Crédito,-16.24,264,217.51
8455,247,247,7,42,5906,2016-03-02 15:05:19.080,Compra Débito,-16.26,247,2451.09
8456,890,890,2,85,8068,2022-02-01 14:23:25.810,Compra Crédito,-149.35,890,296.04
8457,190,190,7,14,8332,2022-10-23 18:15:31.153,Compra Crédito,-46.29,190,97.54
8458,232,232,5,15,8314,2022-10-05 07:59:44.061,Pix - Realizado,-6276.8,232,16812.45
8459,411,411,1,75,4752,2013-01-03 06:14:47.219,Compra Crédito,-17.53,411,53894.21
8460,87,87,7,100,8163,2022-05-07 11:19:33.696,Compra Crédito,-107.28,87,1554.82
8461,658,658,3,16,6273,2017-03-04 19:09:07.009,Compra Débito,-42.89,658,7.08
8462,236,236,4,19,6120,2016-10-02 01:12:29.594,Pagamento de boleto,-1240.2,236,20614.17
8463,540,540,5,2,7743,2021-03-13 16:43:49.803,Pix - Realizado,-119.7,540,441.01
8464,262,262,7,7,8395,2022-12-25 13:54:55.153,Depósito em espécie,11.59,262,312.07
8465,476,476,2,95,4958,2013-07-28 06:33:20.434,Pagamento de boleto,-635.6,476,234.35
8466,354,354,7,100,5887,2016-02-12 03:52:00.644,Depósito em espécie,14.0,354,76726.35
8467,26,26,8,38,7966,2021-10-22 06:44:29.983,Pix - Realizado,-222.8,26,1736.37
8468,134,134,5,43,7253,2019-11-09 02:27:05.827,Transferência entre CC - Crédito,1122.4,134,33031.09
8469,279,279,3,91,8405,2023-01-04 01:41:16.554,Compra Crédito,-30.3,279,40.41
8470,372,372,7,100,7248,2019-11-04 10:45:07.536,Compra Crédito,-20.58,372,104852.88
8471,444,444,7,14,6182,2016-12-03 04:28:30.359,Compra Crédito,-86.25,444,10255.04
8472,903,903,7,71,6855,2018-10-07 05:03:22.422,Compra Crédito,-68.85,903,69.48
8473,217,217,4,57,5140,2014-01-26 07:12:59.724,Compra Crédito,-126.71,217,3307.79
8474,687,687,8,38,7227,2019-10-14 07:49:34.452,Compra Débito,-73.69,687,999.34
8475,276,276,5,15,6267,2017-02-26 18:32:18.867,Compra Crédito,-22.43,276,40158.27
8476,256,256,7,42,8079,2022-02-12 10:52:12.748,Compra Crédito,-8.58,256,648.1
8477,848,848,6,88,7433,2020-05-07 23:04:33.919,Depósito em espécie,147.82,848,300.03
8478,142,142,2,81,6926,2018-12-17 05:57:06.051,Depósito em espécie,102.78,142,23.92
8479,765,765,2,82,6445,2017-08-23 12:55:00.681,Depósito em espécie,16.04,765,483.83
8480,155,155,3,16,7439,2020-05-13 12:06:09.945,Compra Crédito,-13.48,155,515.96
8481,293,293,6,44,5922,2016-03-18 18:06:09.255,Compra Débito,-13.07,293,226.71
8482,287,287,7,42,6954,2019-01-14 16:00:01.180,Compra Crédito,-45.72,287,41684.43
8483,853,853,2,86,5828,2015-12-15 11:06:04.618,Saque,-171.24,853,6738.14
8484,245,245,6,54,7152,2019-07-31 05:19:12.207,Compra Crédito,-44.55,245,8218.31
8485,839,839,5,50,8370,2022-11-30 12:31:39.081,Compra Crédito,-113.13,839,308.53
8486,796,796,7,71,8326,2022-10-17 13:20:44.264,Compra Débito,-27.26,796,375.12
8487,172,172,7,42,6283,2017-03-14 02:09:24.938,Compra Débito,-26.97,172,187.41
8488,292,292,5,67,6123,2016-10-05 14:12:33.628,Pagamento de boleto,-461.8,292,436.53
8489,371,371,7,100,6397,2017-07-06 01:50:02.794,Compra Crédito,-107.31,371,45.64
8490,653,653,7,71,7327,2020-01-22 03:33:14.211,Compra Débito,-16.46,653,24.9
8491,703,703,7,71,8044,2022-01-08 02:40:42.821,Pix - Realizado,-91.5,703,1455.48
8492,474,474,7,71,7279,2019-12-05 19:16:48.431,Compra Crédito,-19.51,474,414.48
8493,727,727,3,91,8248,2022-07-31 16:29:42.190,Pix - Recebido,162.9,727,147.47
8494,238,238,6,48,8054,2022-01-18 23:17:50.832,Compra Crédito,-72.68,238,2138.0
8495,228,228,1,80,5674,2015-07-14 09:24:05.983,Compra Débito,-32.27,228,11.6
8496,780,780,8,6,6655,2018-03-21 13:05:10.439,Compra Débito,-39.2,780,15.8
8497,516,516,1,36,5525,2015-02-15 10:23:50.218,Compra Crédito,-92.38,516,9930.41
8498,772,772,3,16,5263,2014-05-29 08:56:52.795,Depósito em espécie,11.76,772,816.66
8499,230,230,7,7,7800,2021-05-09 19:24:15.260,Pagamento de boleto,-321.0,230,2378.15
8500,382,382,7,7,7454,2020-05-28 18:44:02.335,Compra Débito,-6.0,382,1.46
8501,588,588,7,7,6539,2017-11-25 05:41:23.081,Depósito em espécie,101.78,588,8.41
8502,681,681,7,42,7820,2021-05-29 01:49:24.064,Pix - Realizado,-98.3,681,507.39
8503,379,379,2,86,4478,2012-04-04 22:13:33.217,Compra Débito,-7.47,379,28219.68
8504,436,436,1,18,6538,2017-11-24 14:58:58.386,Compra Débito,-156.98,436,43193.28
8505,625,625,3,51,6164,2016-11-15 00:02:09.643,Saque,-149.46,625,1736.31
8506,320,320,4,19,5763,2015-10-11 10:09:17.988,Pagamento de boleto,-133.6,320,14108.84
8507,571,571,8,5,8374,2022-12-04 18:43:28.134,Pix - Recebido,1882.6,571,2475.58
8508,898,898,4,45,6621,2018-02-15 15:52:02.801,Compra Crédito,-43.29,898,32.21
8509,213,213,7,100,7471,2020-06-14 08:59:09.218,Compra Crédito,-45.85,213,741.68
8510,675,675,7,100,7826,2021-06-04 04:11:26.797,Compra Débito,-17.91,675,51.61
8511,578,578,7,7,8386,2022-12-16 01:01:23.005,Compra Crédito,-35.35,578,815.65
8512,487,487,7,100,6543,2017-11-29 21:38:39.809,Compra Crédito,-20.47,487,40.33
8513,962,962,7,14,6939,2018-12-30 15:42:54.494,Depósito em espécie,150.94,962,946.66
8514,217,217,4,57,5152,2014-02-07 01:51:57.930,Compra Débito,-25.47,217,3307.79
8515,658,658,3,16,6273,2017-03-04 20:03:11.563,Compra Crédito,-33.2,658,7.08
8516,152,152,7,42,8396,2022-12-26 06:42:22.681,Compra Débito,-37.24,152,209.11
8517,793,793,7,71,8400,2022-12-30 23:59:50.737,Pix - Realizado,-25.6,793,136.29
8518,33,33,9,93,7381,2020-03-16 21:58:07.944,Transferência entre CC - Débito,-232.1,33,57.66
8519,289,289,1,26,6583,2018-01-08 19:45:54.452,Compra Crédito,-13.37,289,2.62
8520,163,163,2,84,8265,2022-08-17 01:07:36.180,Compra Crédito,-20.96,163,37.1
8521,831,831,7,14,7903,2021-08-20 07:19:57.635,Saque,-68.15,831,866.91
8522,167,167,7,7,6918,2018-12-09 04:56:32.680,Compra Crédito,-30.15,167,7155.67
8523,625,625,3,51,6164,2016-11-15 00:05:42.086,Compra Crédito,-34.98,625,1736.31
8524,964,964,7,7,7944,2021-09-30 17:26:08.681,Saque,-131.21,964,1104.14
8525,723,723,7,14,6300,2017-03-31 08:22:57.567,Compra Débito,-31.37,723,1361.01
8526,648,648,8,10,8388,2022-12-18 23:52:34.808,Compra Crédito,-14.12,648,220.85
8527,711,711,8,47,8366,2022-11-26 07:28:22.456,Compra Débito,-51.05,711,14.31
8528,238,238,6,48,8055,2022-01-19 04:58:01.778,Compra Crédito,-91.86,238,2138.0
8529,175,175,3,13,5633,2015-06-03 07:48:07.251,Compra Débito,-12.38,175,79.74
8530,356,356,7,42,7403,2020-04-07 13:57:43.718,DOC - Recebido,63020.0,356,68663.09
8531,311,311,7,100,8000,2021-11-25 09:01:39.889,Compra Débito,-260.55,311,189.43
8532,695,695,1,36,7811,2021-05-20 02:29:05.193,Pix - Recebido,417.2,695,464.6
8533,78,78,7,42,8349,2022-11-09 15:45:47.763,Compra Crédito,-13.55,78,1075.63
8534,259,259,3,51,8232,2022-07-15 03:34:17.411,Compra Débito,-27.95,259,7590.37
8535,698,698,7,42,6308,2017-04-08 19:14:50.924,Compra Crédito,-46.67,698,944.35
8536,936,936,7,33,8145,2022-04-19 19:02:13.535,Saque,-260.54,936,458.65
8537,829,829,7,100,8105,2022-03-10 04:11:41.867,Compra Débito,-23.84,829,398.52
8538,991,991,4,57,6450,2017-08-28 13:46:17.289,Compra Crédito,-22.62,991,430.16
8539,647,647,5,43,7954,2021-10-10 20:37:04.759,Compra Débito,-27.95,647,679.15
8540,725,725,7,71,7093,2019-06-02 13:22:44.459,Compra Débito,-62.7,725,557.09
8541,584,584,10,27,8235,2022-07-18 12:16:54.381,Depósito em espécie,11.04,584,806.13
8542,564,564,1,80,7396,2020-03-31 01:43:27.308,Compra Crédito,-14.71,564,9153.86
8543,937,937,7,71,8302,2022-09-23 11:44:25.468,Compra Crédito,-15.01,937,22.3
8544,977,977,7,14,7729,2021-02-27 19:32:44.688,Pix - Realizado,-362.5,977,7788.41
8545,769,769,7,71,7701,2021-01-30 02:15:58.297,Pix - Realizado,-112.1,769,40499.55
8546,635,635,1,3,6294,2017-03-25 15:55:26.035,Compra Crédito,-44.48,635,5673.71
8547,163,163,2,84,8265,2022-08-17 01:18:40.461,Compra Crédito,-5.65,163,37.1
8548,501,501,4,35,5327,2014-08-01 06:20:57.855,Compra Crédito,-28.79,501,44.82
8549,669,669,5,58,5782,2015-10-30 05:07:01.772,Compra Débito,-16.92,669,118.91
8550,268,268,4,19,6670,2018-04-05 16:35:36.271,Compra Débito,-6.96,268,25.63
8551,634,634,4,57,5701,2015-08-10 19:14:45.675,Compra Débito,-10.63,634,0.69
8552,958,958,6,40,5671,2015-07-11 22:52:50.767,Depósito em espécie,82.53,958,72.3
8553,374,374,7,71,6878,2018-10-30 22:42:21.159,Compra Débito,-42.73,374,54.87
8554,525,525,7,71,8245,2022-07-28 22:37:21.387,Compra Débito,-16.36,525,24.17
8555,310,310,7,42,7252,2019-11-08 06:48:03.700,Depósito em espécie,21.79,310,30.65
8556,148,148,9,93,7355,2020-02-19 16:08:19.140,Compra Crédito,-4.14,148,41.59
8557,744,744,7,7,8391,2022-12-21 11:30:59.415,Compra Crédito,-16.8,744,1041.45
8558,945,945,8,89,6929,2018-12-20 20:39:26.664,Compra Débito,-33.33,945,21810.32
8559,297,297,1,32,7964,2021-10-20 06:08:16.504,TED - Recebido,56030.0,297,55701.51
8560,83,83,7,14,8251,2022-08-03 22:19:19.451,Pix - Recebido,86.5,83,1420.31
8561,63,63,1,26,5717,2015-08-26 10:34:41.172,Depósito em espécie,69.99,63,2273.2
8562,415,415,4,1,5408,2014-10-21 19:41:22.026,Compra Débito,-13.38,415,19485.86
8563,486,486,7,33,8027,2021-12-22 00:41:13.314,Compra Crédito,-35.23,486,648.28
8564,764,764,7,42,6515,2017-11-01 16:08:27.114,Compra Crédito,-27.88,764,1599.11
8565,882,882,7,100,7352,2020-02-16 17:48:59.509,Compra Crédito,-118.6,882,13183.35
8566,889,889,3,91,7069,2019-05-09 14:21:10.537,Compra Crédito,-75.71,889,4872.02
8567,285,285,2,82,6865,2018-10-17 22:50:52.660,Depósito em espécie,10.8,285,30.87
8568,238,238,6,48,8055,2022-01-19 07:33:43.216,Pix - Realizado,-412.8,238,2138.0
8569,624,624,7,100,6575,2017-12-31 02:14:44.080,Transferência entre CC - Débito,-331.8,624,169.09
8570,623,623,1,32,8399,2022-12-29 14:06:47.948,Compra Débito,-55.6,623,317.47
8571,344,344,7,71,8123,2022-03-28 07:18:17.135,Depósito em espécie,66.9,344,27444.25
8572,820,820,4,35,6367,2017-06-06 05:23:16.645,Compra Crédito,-10.76,820,50513.1
8573,817,817,7,100,6925,2018-12-16 03:39:05.192,Compra Crédito,-39.27,817,19329.08
8574,998,998,2,84,4955,2013-07-25 11:09:31.246,Depósito em espécie,20.05,998,36.07
8575,225,225,4,57,6520,2017-11-06 17:22:17.555,Compra Débito,-17.24,225,36.51
8576,489,489,7,100,7446,2020-05-20 13:21:23.120,Depósito em espécie,78.25,489,2.95
8577,68,68,8,5,8161,2022-05-05 00:51:21.783,Compra Débito,-26.47,68,192.9
8578,783,783,7,14,6501,2017-10-18 23:46:19.495,Saque,-258.61,783,27460.42
8579,240,240,7,14,7712,2021-02-10 02:05:39.125,Compra Débito,-38.89,240,1014.33
8580,562,562,10,30,8224,2022-07-07 06:19:12.431,Saque,-586.5,562,1204.78
8581,211,211,9,59,8400,2022-12-30 23:52:58.744,Pix - Realizado,-194.1,211,0.59
8582,114,114,7,33,7559,2020-09-10 04:43:11.893,TED - Recebido,7950.0,114,7855.66
8583,543,543,8,10,7793,2021-05-02 22:59:26.353,Compra Crédito,-66.27,543,566.44
8584,912,912,7,100,8396,2022-12-26 07:17:55.661,Compra Crédito,-34.68,912,23655.76
8585,460,460,7,71,6684,2018-04-19 12:38:43.130,Compra Débito,-30.83,460,7316.98
8586,954,954,7,33,6720,2018-05-25 01:46:31.824,Compra Crédito,-4.5,954,115.38
8587,33,33,9,93,7382,2020-03-17 01:32:27.107,Compra Crédito,-56.53,33,57.66
8588,350,350,7,7,6373,2017-06-12 05:38:08.449,Saque,-63.94,350,91.18
8589,297,297,1,32,7964,2021-10-20 12:43:08.950,Pix - Recebido,387.7,297,55701.51
8590,744,744,7,7,8391,2022-12-21 13:59:46.953,Compra Crédito,-21.65,744,1041.45
8591,895,895,7,14,5897,2016-02-22 02:49:02.205,Compra Crédito,-37.27,895,386.08
8592,75,75,1,32,4578,2012-07-13 07:43:34.865,Transferência entre CC - Crédito,302.4,75,7767.04
8593,620,620,7,71,7463,2020-06-06 23:04:02.699,Compra Débito,-9.33,620,22052.71
8594,114,114,7,33,7579,2020-09-30 09:50:46.886,Compra Débito,-57.96,114,7855.66
8595,81,81,7,71,7566,2020-09-17 15:07:37.161,Depósito em espécie,159.94,81,123.08
8596,219,219,7,14,7416,2020-04-20 07:31:21.679,Compra Débito,-54.77,219,212159.56
8597,220,220,4,19,5666,2015-07-06 10:37:07.346,Compra Débito,-31.39,220,2.35
8598,97,97,3,13,7992,2021-11-17 16:28:19.010,Pix - Realizado,-201.2,97,9589.16
8599,711,711,8,47,8367,2022-11-27 04:49:46.543,Compra Débito,-9.01,711,14.31
8600,132,132,7,14,7998,2021-11-23 20:19:51.676,Pix - Realizado,-147.9,132,2593.5
8601,34,34,2,78,5475,2014-12-27 12:20:49.465,Compra Crédito,-33.04,34,26823.17
8602,161,161,6,44,8395,2022-12-25 04:39:05.964,Compra Débito,-101.22,161,14288.86
8603,401,401,7,14,8379,2022-12-09 19:10:25.357,Pix - Realizado,-256.3,401,2.51
8604,878,878,6,40,7455,2020-05-29 05:54:40.025,Compra Crédito,-21.79,878,1.44
8605,604,604,7,14,6622,2018-02-16 18:04:27.196,Compra Crédito,-195.09,604,5498.85
8606,880,880,7,71,7608,2020-10-29 00:19:51.901,Compra Crédito,-80.86,880,28337.91
8607,546,546,1,61,7686,2021-01-15 22:34:34.941,Compra Débito,-44.37,546,803.81
8608,150,150,3,31,7351,2020-02-15 18:14:41.241,Compra Crédito,-97.8,150,7121.49
8609,76,76,1,60,5335,2014-08-09 14:04:42.438,Compra Crédito,-15.26,76,35.47
8610,645,645,7,71,8400,2022-12-30 16:53:36.242,Saque,-216.87,645,41775.87
8611,447,447,3,16,7673,2021-01-02 20:45:17.666,Compra Crédito,-6.01,447,1560.83
8612,990,990,5,55,5491,2015-01-12 16:23:56.137,Compra Débito,-16.39,990,145.52
8613,261,261,2,70,4765,2013-01-16 18:16:25.109,Compra Débito,-26.38,261,12732.03
8614,858,858,7,14,8399,2022-12-29 21:08:18.113,TED - Recebido,7955.0,858,8063.11
8615,191,191,2,9,7536,2020-08-18 03:46:50.951,Depósito em espécie,12.37,191,5.42
8616,554,554,1,75,6603,2018-01-28 17:10:22.839,Compra Débito,-21.42,554,25.68
8617,517,517,4,35,8225,2022-07-08 04:08:58.454,Compra Débito,-4.64,517,102.72
8618,346,346,1,26,8257,2022-08-09 20:58:02.954,Compra Crédito,-26.33,346,57814.67
8619,634,634,4,57,5701,2015-08-10 19:24:05.525,DOC - Recebido,88920.0,634,0.69
8620,806,806,5,55,5505,2015-01-26 21:46:15.486,Compra Crédito,-9.74,806,70.88
8621,331,331,7,71,8260,2022-08-12 18:03:25.342,Pix - Recebido,908.7,331,32267.25
8622,464,464,3,13,5439,2014-11-21 12:05:20.271,Depósito em espécie,42.07,464,16.34
8623,324,324,5,43,6250,2017-02-09 20:53:44.616,Depósito em espécie,38.38,324,34.13
8624,609,609,7,14,7952,2021-10-08 21:30:22.422,Compra Débito,-68.25,609,4968.54
8625,274,274,4,19,5349,2014-08-23 19:49:52.368,Compra Crédito,-27.87,274,16293.85
8626,860,860,5,55,5913,2016-03-09 19:02:42.947,Compra Débito,-31.5,860,5.32
8627,220,220,4,19,5669,2015-07-09 07:09:54.448,Compra Débito,-24.81,220,2.35
8628,737,737,6,22,7717,2021-02-15 04:12:22.461,Pix - Recebido,305.3,737,145.26
8629,398,398,5,67,7391,2020-03-26 20:37:55.499,Compra Crédito,-39.33,398,98018.34
8630,682,682,2,86,6021,2016-06-25 14:03:18.102,Compra Crédito,-55.64,682,22.02
8631,852,852,7,33,7136,2019-07-15 20:57:09.097,Compra Crédito,-110.44,852,27073.51
8632,444,444,7,14,6182,2016-12-03 09:38:53.129,Compra Débito,-180.47,444,10255.04
8633,922,922,7,100,6668,2018-04-03 15:52:49.347,Compra Crédito,-21.0,922,39.71
8634,487,487,7,100,6543,2017-11-29 22:44:54.444,Depósito em espécie,58.91,487,40.33
8635,585,585,7,71,6533,2017-11-19 18:53:44.003,Depósito em espécie,10.75,585,59.76
8636,314,314,7,100,7606,2020-10-27 00:00:37.010,Compra Débito,-32.68,314,14314.99
8637,160,160,3,98,4857,2013-04-18 11:26:22.838,Compra Débito,-12.19,160,20533.29
8638,192,192,7,14,6608,2018-02-02 03:16:07.495,Estorno de Debito,24.0,192,4.49
8639,983,983,1,39,8118,2022-03-23 08:07:08.347,Compra Débito,-3.39,983,28561.26
8640,311,311,7,100,8001,2021-11-26 04:17:01.803,Compra Crédito,-58.34,311,189.43
8641,920,920,2,86,8392,2022-12-22 05:04:23.903,Pix - Realizado,-360.9,920,199.44
8642,777,777,8,23,6888,2018-11-09 20:22:30.880,Compra Crédito,-14.51,777,5.03
8643,363,363,1,18,8218,2022-07-01 17:38:59.246,Compra Crédito,-244.77,363,1334.98
8644,680,680,7,42,8151,2022-04-25 02:10:57.538,Compra Crédito,-33.84,680,80.25
8645,135,135,1,75,7770,2021-04-09 00:08:58.368,Compra Crédito,-10.17,135,408.51
8646,770,770,7,14,7904,2021-08-21 04:12:21.879,Compra Débito,-44.27,770,349.01
8647,222,222,6,22,6981,2019-02-10 14:22:22.870,Compra Débito,-30.27,222,563.31
8648,364,364,3,16,8147,2022-04-21 16:38:43.720,Pix - Realizado,-182.5,364,1783.15
8649,307,307,6,54,6969,2019-01-29 09:40:43.966,Compra Débito,-8.67,307,250.85
8650,21,21,2,86,4631,2012-09-04 06:38:04.750,Depósito em espécie,31.68,21,74.17
8651,970,970,3,31,8334,2022-10-25 14:05:52.858,Compra Débito,-42.88,970,101.71
8652,502,502,2,90,4827,2013-03-19 22:46:22.771,Compra Crédito,-60.53,502,179885.3
8653,849,849,7,7,7517,2020-07-30 03:45:22.049,Pagamento de boleto,-134.4,849,48289.13
8654,366,366,1,80,5704,2015-08-13 09:32:33.096,Compra Débito,-66.59,366,12287.89
8655,695,695,1,36,7811,2021-05-20 18:40:19.118,Compra Crédito,-124.38,695,464.6
8656,373,373,2,86,4412,2012-01-29 01:19:11.010,Compra Crédito,-30.2,373,951.99
8657,547,547,2,24,6490,2017-10-07 10:18:45.184,TED - Recebido,31290.0,547,31426.79
8658,366,366,1,80,5724,2015-09-02 11:55:42.803,Compra Débito,-7.27,366,12287.89
8659,10,10,3,98,5897,2016-02-22 09:54:15.314,Compra Crédito,-20.91,10,8835.58
8660,294,294,2,95,5555,2015-03-17 04:23:30.791,Compra Crédito,-60.65,294,14975.62
8661,693,693,7,33,6219,2017-01-09 07:28:19.542,Compra Débito,-73.43,693,2.12
8662,871,871,3,13,5680,2015-07-20 02:39:30.485,Compra Débito,-8.83,871,7034.08
8663,247,247,7,42,5907,2016-03-03 06:40:58.533,Compra Crédito,-180.99,247,2451.09
8664,77,77,7,100,6649,2018-03-15 03:21:32.367,Compra Débito,-72.11,77,30672.17
8665,163,163,2,84,8360,2022-11-20 20:17:27.543,Depósito em espécie,58.99,163,37.1
8666,538,538,7,33,7778,2021-04-17 16:51:24.602,Pix - Realizado,-206.3,538,435.36
8667,812,812,4,35,8089,2022-02-22 22:39:28.352,Pix - Realizado,-1304.0,812,2869.8
8668,46,46,7,33,7169,2019-08-17 07:37:53.599,Compra Crédito,-5.26,46,51.14
8669,37,37,3,98,4580,2012-07-15 03:12:12.508,Compra Crédito,-9.71,37,65.02
8670,170,170,7,100,8398,2022-12-28 17:59:02.749,Compra Crédito,-133.47,170,340.47
8671,201,201,7,71,8348,2022-11-08 17:33:26.909,Pix - Realizado,-501.8,201,266.97
8672,12,12,2,90,4880,2013-05-11 23:01:21.959,Compra Débito,-103.82,12,386.99
8673,397,397,7,100,7242,2019-10-29 14:56:18.066,Compra Débito,-81.91,397,1255.72
8674,470,470,6,48,7764,2021-04-03 15:38:43.648,Compra Crédito,-40.57,470,585.06
8675,524,524,7,33,6535,2017-11-21 15:06:27.378,Depósito em espécie,26.23,524,9.47
8676,328,328,8,6,8400,2022-12-30 12:55:56.753,Depósito em espécie,28.37,328,89.76
8677,574,574,6,28,6163,2016-11-14 07:52:06.705,Depósito em espécie,17.81,574,1.9
8678,338,338,7,42,8152,2022-04-26 11:49:47.744,Pix - Realizado,-139.8,338,1187.02
8679,525,525,7,71,8246,2022-07-29 01:53:10.345,Compra Débito,-42.45,525,24.17
8680,505,505,7,33,8120,2022-03-25 14:55:35.908,Compra Débito,-8.6,505,47.19
8681,415,415,4,1,5474,2014-12-26 16:04:15.077,TED - Recebido,6480.0,415,19485.86
8682,890,890,2,85,8078,2022-02-11 20:57:34.453,Compra Débito,-93.74,890,296.04
8683,598,598,7,7,8307,2022-09-28 05:28:13.826,Pix - Realizado,-443.5,598,442.26
8684,886,886,7,33,7262,2019-11-18 21:02:01.563,Compra Débito,-13.23,886,54.27
8685,92,92,7,7,8127,2022-04-01 05:46:06.246,Pix - Realizado,-118.9,92,7380.5
8686,81,81,7,71,7587,2020-10-08 17:44:36.421,Compra Crédito,-51.34,81,123.08
8687,697,697,2,84,4794,2013-02-14 12:19:55.591,Compra Crédito,-16.78,697,976.46
8688,223,223,7,14,7505,2020-07-18 16:57:44.545,Compra Crédito,-27.07,223,13.51
8689,496,496,7,100,8400,2022-12-30 23:41:37.016,Compra Débito,-42.51,496,430.68
8690,342,342,7,33,5986,2016-05-21 14:57:38.324,Compra Crédito,-15.19,342,44.69
8691,547,547,2,24,6512,2017-10-29 03:31:13.729,Compra Crédito,-38.22,547,31426.79
8692,252,252,7,71,8400,2022-12-30 23:31:14.241,Compra Débito,-58.07,252,474.02
8693,86,86,5,34,7913,2021-08-30 02:25:54.231,Pix - Recebido,178.1,86,7186.34
8694,374,374,7,71,6912,2018-12-03 21:54:20.873,Compra Crédito,-11.05,374,54.87
8695,451,451,1,61,5594,2015-04-25 04:47:56.867,Compra Crédito,-3.97,451,17.34
8696,205,205,5,55,7149,2019-07-28 21:10:39.434,Depósito em espécie,19.72,205,547.56
8697,180,180,7,71,6225,2017-01-15 09:40:46.624,Compra Crédito,-22.77,180,12252.59
8698,608,608,2,82,4081,2011-03-04 06:54:53.997,Compra Débito,-12.05,608,8.94
8699,33,33,9,93,7382,2020-03-17 02:24:04.607,Compra Crédito,-32.44,33,57.66
8700,510,510,1,80,5893,2016-02-18 04:44:53.468,Compra Crédito,-24.2,510,5629.63
8701,852,852,7,33,7138,2019-07-17 07:05:10.009,Compra Crédito,-45.07,852,27073.51
8702,581,581,5,63,7676,2021-01-05 13:47:38.288,Compra Crédito,-12.46,581,346.66
8703,225,225,4,57,7111,2019-06-20 11:00:22.808,Compra Crédito,-20.77,225,36.51
8704,379,379,2,86,4479,2012-04-05 10:30:54.028,TED - Recebido,26680.0,379,28219.68
8705,509,509,4,35,8013,2021-12-08 21:07:17.719,Compra Crédito,-99.35,509,783.41
8706,981,981,10,17,8318,2022-10-09 17:47:12.562,Compra Crédito,-33.17,981,505.84
8707,21,21,2,86,4675,2012-10-18 03:04:02.732,Compra Crédito,-121.22,21,74.17
8708,417,417,7,14,6728,2018-06-02 22:00:13.375,Compra Crédito,-29.96,417,486.42
8709,714,714,7,7,5753,2015-10-01 01:58:00.811,Compra Crédito,-18.88,714,49.87
8710,968,968,5,55,5390,2014-10-03 11:59:55.937,Compra Crédito,-106.16,968,7480.46
8711,728,728,7,42,7928,2021-09-14 03:55:47.446,Compra Crédito,-23.3,728,640.32
8712,974,974,7,7,7685,2021-01-14 23:56:49.152,Pix - Realizado,-253.3,974,372.33
8713,572,572,2,86,6445,2017-08-23 03:21:17.406,Compra Crédito,-63.61,572,7982.21
8714,41,41,1,32,7528,2020-08-10 08:05:46.169,Saque,-42.52,41,166.11
8715,189,189,7,7,7637,2020-11-27 17:47:08.045,Pix - Realizado,-601.9,189,25382.15
8716,902,902,7,71,7034,2019-04-04 15:46:56.557,Compra Crédito,-47.51,902,13771.38
8717,78,78,7,42,8350,2022-11-10 04:05:34.740,Pix - Recebido,771.7,78,1075.63
8718,98,98,2,78,6082,2016-08-25 19:17:43.021,Compra Crédito,-32.72,98,1330.67
8719,338,338,7,42,8157,2022-05-01 05:56:33.692,Pix - Recebido,593.7,338,1187.02
8720,777,777,8,23,6890,2018-11-11 18:09:19.723,Depósito em espécie,24.79,777,5.03
8721,13,13,8,38,7686,2021-01-15 22:47:29.443,Compra Crédito,-28.53,13,28351.16
8722,935,935,7,14,6975,2019-02-04 21:48:41.928,Compra Crédito,-49.98,935,7894.24
8723,238,238,6,48,8115,2022-03-20 20:14:31.710,Pix - Recebido,616.5,238,2138.0
8724,285,285,2,82,7061,2019-05-01 13:34:20.422,Compra Crédito,-10.47,285,30.87
8725,669,669,5,58,5782,2015-10-30 14:26:14.281,Depósito em espécie,103.99,669,118.91
8726,402,402,3,13,5173,2014-02-28 22:55:49.489,Compra Crédito,-32.0,402,132.71
8727,163,163,2,84,8360,2022-11-20 20:25:04.641,Compra Crédito,-44.24,163,37.1
8728,762,762,7,42,8218,2022-07-01 08:32:18.224,Compra Crédito,-24.55,762,723.01
8729,292,292,5,67,6123,2016-10-05 15:56:37.612,Compra Crédito,-12.88,292,436.53
8730,948,948,7,100,7697,2021-01-26 06:48:58.740,Compra Crédito,-39.66,948,201.98
8731,414,414,1,39,5061,2013-11-08 09:57:59.737,Compra Crédito,-17.85,414,21.49
8732,239,239,6,88,8259,2022-08-11 01:00:47.689,Saque,-201.43,239,13809.65
8733,555,555,5,49,7688,2021-01-17 03:53:44.702,Pix - Realizado,-155.2,555,1819.41
8734,877,877,7,7,7027,2019-03-28 02:59:33.461,Compra Crédito,-57.77,877,30.7
8735,370,370,7,42,6851,2018-10-03 20:34:28.967,Compra Crédito,-149.34,370,1415.06
8736,330,330,9,59,7621,2020-11-11 22:35:59.605,Compra Débito,-59.64,330,93.01
8737,757,757,1,60,3935,2010-10-09 16:17:51.281,Compra Débito,-67.64,757,26295.87
8738,174,174,8,52,7932,2021-09-18 17:01:44.350,Compra Crédito,-20.67,174,29.3
8739,91,91,7,14,7337,2020-02-01 09:25:44.206,Compra Débito,-22.05,91,0.67
8740,563,563,1,62,7721,2021-02-19 17:42:01.544,Pix - Recebido,898.0,563,413.35
8741,180,180,7,71,6225,2017-01-15 11:24:04.006,Compra Crédito,-25.25,180,12252.59
8742,617,617,7,33,8157,2022-05-01 07:17:14.891,Compra Débito,-30.17,617,189.04
8743,476,476,2,95,4977,2013-08-16 14:35:33.941,Compra Débito,-32.54,476,234.35
8744,780,780,8,6,6655,2018-03-21 13:34:08.330,Compra Crédito,-34.95,780,15.8
8745,884,884,7,71,6959,2019-01-19 06:35:00.645,Estorno de Debito,69.52,884,58.98
8746,260,260,7,7,7785,2021-04-24 06:36:53.320,Compra Crédito,-29.78,260,1864.93
8747,685,685,7,33,6203,2016-12-24 19:28:11.513,Compra Débito,-55.09,685,8.32
8748,908,908,5,58,5688,2015-07-28 18:25:13.891,Compra Débito,-8.77,908,1.83
8749,655,655,7,42,7788,2021-04-27 11:40:54.442,Pix - Realizado,-401.3,655,232.15
8750,631,631,6,88,6014,2016-06-18 01:09:30.057,Depósito em espécie,56.13,631,7311.87
8751,367,367,8,52,7004,2019-03-05 07:55:58.560,Compra Débito,-33.39,367,44.42
8752,248,248,7,14,7415,2020-04-19 00:03:49.036,Depósito em espécie,38.91,248,3.92
8753,399,399,7,33,7817,2021-05-26 19:48:54.172,Compra Crédito,-62.63,399,2064.69
8754,699,699,3,13,8193,2022-06-06 14:13:05.358,Pix - Realizado,-224.1,699,93865.96
8755,886,886,7,33,7264,2019-11-20 00:19:57.266,Compra Débito,-11.47,886,54.27
8756,857,857,2,70,6344,2017-05-14 01:06:26.387,Saque,-132.16,857,11040.58
8757,247,247,7,42,6161,2016-11-12 00:30:36.340,Compra Débito,-39.49,247,2451.09
8758,361,361,7,100,6122,2016-10-04 03:31:29.517,TED - Recebido,40965.0,361,43014.06
8759,635,635,1,3,6408,2017-07-17 01:09:11.775,Compra Crédito,-140.91,635,5673.71
8760,92,92,7,7,8127,2022-04-01 19:39:50.726,Compra Crédito,-12.63,92,7380.5
8761,462,462,7,100,7605,2020-10-26 18:09:15.532,TED - Recebido,20420.0,462,18922.28
8762,60,60,7,33,8091,2022-02-24 13:24:37.243,Pix - Realizado,-814.9,60,810.56
8763,720,720,1,80,5587,2015-04-18 19:00:46.237,Compra Crédito,-153.02,720,19081.01
8764,194,194,9,46,7586,2020-10-07 04:27:49.833,Saque,-573.5,194,90766.28
8765,269,269,5,63,5614,2015-05-15 13:44:46.618,Compra Débito,-102.96,269,37274.48
8766,471,471,7,14,8058,2022-01-22 04:54:08.160,Pix - Realizado,-445.4,471,9465.57
8767,966,966,7,14,7914,2021-08-31 17:18:52.172,Compra Débito,-21.36,966,1425.28
8768,559,559,2,86,5008,2013-09-16 15:39:58.856,Depósito em espécie,131.1,559,287.05
8769,680,680,7,42,8151,2022-04-25 04:55:33.704,Compra Débito,-20.84,680,80.25
8770,887,887,7,42,6640,2018-03-06 17:17:16.563,Compra Débito,-58.35,887,68.2
8771,531,531,2,85,4080,2011-03-03 00:00:48.771,Compra Crédito,-98.34,531,65.86
8772,974,974,7,7,7687,2021-01-16 17:03:35.302,Pix - Recebido,376.0,974,372.33
8773,960,960,1,39,7073,2019-05-13 15:30:04.365,Compra Crédito,-111.19,960,987.51
8774,538,538,7,33,8031,2021-12-26 12:42:34.806,Compra Débito,-15.77,538,435.36
8775,971,971,1,61,5930,2016-03-26 00:03:46.547,Compra Débito,-28.01,971,73.87
8776,472,472,7,7,7758,2021-03-28 11:25:41.054,Estorno de Debito,27.85,472,206.59
8777,810,810,2,9,5560,2015-03-22 00:34:08.011,Compra Crédito,-36.34,810,125.43
8778,549,549,8,38,7308,2020-01-03 17:53:07.973,Compra Crédito,-17.06,549,325.26
8779,391,391,8,38,7080,2019-05-20 10:22:47.846,Compra Crédito,-54.91,391,11983.94
8780,763,763,6,4,6981,2019-02-10 23:48:17.354,Depósito em espécie,25.77,763,3.04
8781,481,481,7,42,8262,2022-08-14 22:04:39.913,Pix - Realizado,-279.7,481,107.1
8782,739,739,7,100,7414,2020-04-18 07:10:46.322,Depósito em espécie,32.65,739,14568.3
8783,56,56,7,7,7599,2020-10-20 14:15:35.893,Compra Crédito,-5.98,56,55.1
8784,675,675,7,100,7855,2021-07-03 03:38:20.187,Compra Débito,-9.0,675,51.61
8785,638,638,3,73,7596,2020-10-17 10:13:00.279,Pagamento de boleto,-782.2,638,18243.26
8786,408,408,7,100,8350,2022-11-10 16:52:04.461,Pix - Realizado,-239.3,408,209.1
8787,621,621,7,42,7368,2020-03-03 21:29:25.939,Depósito em espécie,88.77,621,697.1
8788,755,755,7,42,6825,2018-09-07 10:16:20.970,Depósito em espécie,10.56,755,25.99
8789,552,552,4,1,8380,2022-12-10 09:20:43.800,Compra Crédito,-17.5,552,386.22
8790,251,251,5,63,6707,2018-05-12 01:28:19.181,Compra Crédito,-32.31,251,19.73
8791,461,461,6,28,6674,2018-04-09 23:30:26.161,Compra Débito,-20.41,461,147.18
8792,880,880,7,71,7609,2020-10-30 09:44:19.800,Compra Crédito,-26.99,880,28337.91
8793,638,638,3,73,7596,2020-10-17 10:18:37.676,Compra Débito,-53.47,638,18243.26
8794,106,106,6,44,7465,2020-06-08 19:22:36.079,Compra Débito,-64.69,106,1060.32
8795,842,842,7,33,7151,2019-07-30 13:18:52.780,Compra Débito,-17.32,842,1.24
8796,630,630,8,89,8103,2022-03-08 11:17:50.919,Compra Crédito,-3.58,630,758.44
8797,770,770,7,14,7904,2021-08-21 04:15:50.379,Compra Crédito,-50.39,770,349.01
8798,261,261,2,70,5917,2016-03-13 12:39:25.706,Compra Crédito,-67.61,261,12732.03
8799,808,808,3,31,5444,2014-11-26 01:59:36.971,Compra Crédito,-12.03,808,5942.22
8800,230,230,7,7,7889,2021-08-06 13:28:21.089,Compra Crédito,-37.14,230,2378.15
8801,144,144,7,14,6938,2018-12-29 11:08:04.668,Compra Crédito,-30.91,144,11.39
8802,805,805,7,14,7248,2019-11-04 15:50:37.168,Depósito em espécie,99.45,805,10.77
8803,816,816,3,51,4939,2013-07-09 16:03:25.476,Saque,-196.36,816,347.91
8804,573,573,7,71,8386,2022-12-16 07:00:28.111,Depósito em espécie,16.7,573,21.88
8805,276,276,5,15,6267,2017-02-26 18:58:37.368,Depósito em espécie,9.68,276,40158.27
8806,760,760,1,75,4055,2011-02-06 20:54:56.090,Transferência entre CC - Débito,-2580.5,760,15864.55
8807,520,520,1,60,5686,2015-07-26 01:19:48.582,Compra Crédito,-117.96,520,9224.06
8808,400,400,5,2,7961,2021-10-17 08:20:51.110,Compra Débito,-97.24,400,234.12
8809,539,539,1,32,5676,2015-07-16 06:50:58.525,Compra Crédito,-12.44,539,100962.93
8810,403,403,1,72,4870,2013-05-01 09:47:30.158,Compra Crédito,-14.51,403,649.18
8811,882,882,7,100,7363,2020-02-27 10:32:37.484,Compra Crédito,-13.55,882,13183.35
8812,357,357,7,7,7116,2019-06-25 23:50:14.146,Compra Crédito,-20.9,357,20.01
8813,359,359,1,80,5246,2014-05-12 11:25:51.054,Compra Débito,-5.47,359,24410.06
8814,234,234,5,49,7484,2020-06-27 04:26:05.588,Compra Crédito,-18.85,234,1129.01
8815,116,116,4,45,7874,2021-07-22 04:21:34.277,Compra Crédito,-92.23,116,133.07
8816,531,531,2,85,4080,2011-03-03 15:18:47.487,Compra Crédito,-5.43,531,65.86
8817,344,344,7,71,8123,2022-03-28 08:33:54.082,Compra Crédito,-31.1,344,27444.25
8818,233,233,4,57,6100,2016-09-12 22:38:27.949,Compra Crédito,-16.26,233,349.69
8819,848,848,6,88,7434,2020-05-08 06:22:31.028,Compra Crédito,-45.53,848,300.03
8820,765,765,2,82,7892,2021-08-09 09:42:21.335,Compra Crédito,-55.21,765,483.83
8821,384,384,3,98,6784,2018-07-28 12:54:01.380,Compra Crédito,-16.98,384,78.72
8822,429,429,5,43,7441,2020-05-15 16:08:08.421,Compra Débito,-8.36,429,52.35
8823,724,724,7,71,7446,2020-05-20 08:29:46.466,Saque,-85.36,724,998.2
8824,260,260,7,7,7788,2021-04-27 16:20:11.251,Depósito em espécie,56.08,260,1864.93
8825,296,296,2,76,5178,2014-03-05 14:56:48.297,Compra Crédito,-18.53,296,67795.77
8826,608,608,2,82,4085,2011-03-08 14:25:21.134,Compra Débito,-9.75,608,8.94
8827,224,224,7,7,8066,2022-01-30 13:37:49.846,Pix - Realizado,-511.4,224,297.78
8828,500,500,1,3,7293,2019-12-19 18:20:47.280,Compra Crédito,-60.02,500,107875.13
8829,396,396,7,71,8053,2022-01-17 06:45:43.267,Pix - Recebido,59.9,396,765.0
8830,882,882,7,100,8374,2022-12-04 23:03:02.557,Pix - Realizado,-308.8,882,13183.35
8831,452,452,5,49,8261,2022-08-13 00:21:09.994,Compra Crédito,-34.28,452,340.61
8832,633,633,7,14,7231,2019-10-18 02:03:26.671,Compra Crédito,-34.03,633,438.87
8833,462,462,7,100,7631,2020-11-21 01:47:06.607,Compra Crédito,-74.17,462,18922.28
8834,223,223,7,14,7506,2020-07-19 03:00:21.713,Compra Crédito,-25.6,223,13.51
8835,570,570,4,1,7032,2019-04-02 03:33:05.291,Compra Débito,-8.86,570,17.65
8836,154,154,7,33,6796,2018-08-09 10:07:33.929,Compra Débito,-148.3,154,339.43
8837,90,90,1,11,5537,2015-02-27 07:49:15.417,Compra Crédito,-26.59,90,22210.21
8838,660,660,4,45,5493,2015-01-14 06:08:19.952,TED - Recebido,127945.0,660,122736.82
8839,508,508,4,1,7130,2019-07-09 05:47:23.940,Compra Crédito,-80.66,508,1454.88
8840,517,517,4,35,8231,2022-07-14 03:51:22.546,Compra Débito,-56.29,517,102.72
8841,883,883,7,42,8386,2022-12-16 22:09:36.172,Compra Débito,-37.04,883,485.4
8842,939,939,2,70,8399,2022-12-29 05:51:32.688,Pix - Recebido,411.5,939,85135.76
8843,938,938,6,88,6832,2018-09-14 21:06:10.211,Compra Crédito,-32.99,938,1588.2
8844,587,587,7,33,7475,2020-06-18 22:45:38.225,TED - Recebido,9810.0,587,9385.97
8845,891,891,7,33,6704,2018-05-09 10:21:23.567,Compra Crédito,-135.43,891,218.62
8846,995,995,7,33,6720,2018-05-25 19:55:26.012,Compra Crédito,-104.87,995,13383.67
8847,349,349,7,14,7960,2021-10-16 15:21:45.132,Pix - Realizado,-191.3,349,810.24
8848,918,918,1,75,5419,2014-11-01 06:19:59.948,Compra Débito,-8.09,918,1.77
8849,392,392,7,14,7064,2019-05-04 16:56:03.361,Compra Crédito,-56.03,392,111.31
8850,562,562,10,30,8224,2022-07-07 13:47:27.567,Compra Débito,-46.77,562,1204.78
8851,533,533,7,14,7221,2019-10-08 01:09:10.826,Compra Crédito,-150.03,533,219.27
8852,700,700,4,57,5442,2014-11-24 05:02:07.616,Compra Débito,-342.4,700,767.58
8853,89,89,4,57,8400,2022-12-30 14:16:06.106,Compra Débito,-19.04,89,24693.88
8854,837,837,5,15,7545,2020-08-27 14:43:52.546,Compra Débito,-72.98,837,1685.83
8855,270,270,2,95,6581,2018-01-06 09:58:31.754,Compra Crédito,-11.75,270,10603.62
8856,353,353,7,71,8338,2022-10-29 07:26:07.968,Compra Crédito,-38.43,353,29.98
8857,791,791,7,71,8266,2022-08-18 02:42:16.798,Depósito em espécie,24.04,791,83.77
8858,425,425,5,67,5435,2014-11-17 01:55:50.759,Compra Crédito,-59.33,425,9.86
8859,863,863,7,42,8405,2023-01-04 11:20:24.575,Pix - Realizado,-223.1,863,418.28
8860,387,387,7,14,7414,2020-04-18 22:17:53.143,Compra Débito,-15.72,387,25.59
8861,148,148,9,93,7355,2020-02-19 16:51:27.217,Depósito em espécie,33.32,148,41.59
8862,743,743,2,81,5400,2014-10-13 03:40:10.560,Compra Crédito,-14.92,743,18.63
8863,893,893,3,16,4660,2012-10-03 19:23:09.334,Compra Crédito,-99.76,893,1938.72
8864,780,780,8,6,6656,2018-03-22 23:00:26.574,Compra Crédito,-14.54,780,15.8
8865,959,959,1,61,5771,2015-10-19 21:11:00.932,Compra Crédito,-49.62,959,96.49
8866,557,557,2,29,6862,2018-10-14 21:55:08.854,Saque,-671.87,557,41512.44
8867,641,641,7,100,7601,2020-10-22 02:05:36.503,Compra Débito,-17.82,641,5294.41
8868,761,761,3,91,4867,2013-04-28 20:55:15.955,Compra Crédito,-77.41,761,964.05
8869,419,419,6,4,7511,2020-07-24 13:38:48.541,Compra Crédito,-36.29,419,96414.93
8870,7,7,6,48,8288,2022-09-09 22:27:49.652,Compra Crédito,-5.55,7,114.48
8871,985,985,7,33,7875,2021-07-23 17:07:01.264,Pix - Realizado,-87.8,985,86.56
8872,531,531,2,85,4091,2011-03-14 21:35:48.322,Compra Débito,-48.24,531,65.86
8873,172,172,7,42,6304,2017-04-04 07:32:27.351,Compra Crédito,-35.84,172,187.41
8874,267,267,6,22,7476,2020-06-19 07:23:51.850,Compra Crédito,-36.74,267,288.77
8875,245,245,6,54,7152,2019-07-31 07:39:47.602,Depósito em espécie,30.57,245,8218.31
8876,772,772,3,16,5265,2014-05-31 15:49:16.805,Compra Débito,-14.03,772,816.66
8877,401,401,7,14,8381,2022-12-11 09:45:11.945,Compra Débito,-47.85,401,2.51
8878,998,998,2,84,4955,2013-07-25 11:16:55.251,Depósito em espécie,43.36,998,36.07
8879,142,142,2,81,7126,2019-07-05 16:24:10.099,Compra Crédito,-32.04,142,23.92
8880,808,808,3,31,5444,2014-11-26 02:04:21.841,Saque,-409.05,808,5942.22
8881,492,492,9,87,7473,2020-06-16 01:22:25.009,Compra Crédito,-14.45,492,5.99
8882,921,921,5,34,6538,2017-11-24 12:50:04.248,Compra Crédito,-34.95,921,3706.46
8883,931,931,7,42,6686,2018-04-21 14:35:54.245,Compra Crédito,-106.2,931,79.3
8884,410,410,7,14,6930,2018-12-21 13:51:09.313,Compra Crédito,-12.22,410,53033.04
8885,3,3,7,100,6481,2017-09-28 14:27:07.723,Compra Crédito,-122.75,3,165.04
8886,720,720,1,80,5587,2015-04-18 19:24:24.648,Compra Crédito,-118.63,720,19081.01
8887,830,830,1,18,5563,2015-03-25 09:04:26.328,Compra Débito,-20.07,830,16.28
8888,522,522,7,42,8399,2022-12-29 18:29:38.003,Depósito em espécie,37.22,522,144.23
8889,872,872,7,71,6868,2018-10-20 13:40:52.678,Compra Crédito,-22.47,872,4227.81
8890,89,89,4,57,8400,2022-12-30 18:09:43.578,TED - Recebido,24630.0,89,24693.88
8891,996,996,2,24,8139,2022-04-13 15:06:54.922,Compra Crédito,-6.17,996,30339.67
8892,106,106,6,44,7647,2020-12-07 14:25:58.931,Pix - Realizado,-440.7,106,1060.32
8893,492,492,9,87,7480,2020-06-23 19:43:19.253,Compra Débito,-9.92,492,5.99
8894,995,995,7,33,8363,2022-11-23 20:39:45.115,Compra Crédito,-13.51,995,13383.67
8895,152,152,7,42,8399,2022-12-29 17:45:51.574,Compra Débito,-27.47,152,209.11
8896,710,710,7,42,6214,2017-01-04 17:17:21.962,Compra Crédito,-37.5,710,38354.24
8897,110,110,3,31,5194,2014-03-21 03:15:47.461,Compra Crédito,-43.66,110,96140.95
8898,974,974,7,7,7687,2021-01-16 18:41:14.781,Compra Débito,-43.72,974,372.33
8899,277,277,7,33,8400,2022-12-30 18:37:56.526,Compra Crédito,-8.44,277,841.7
8900,223,223,7,14,7507,2020-07-20 19:53:31.761,Compra Crédito,-55.16,223,13.51
8901,197,197,4,35,7428,2020-05-02 04:47:00.962,Saque,-58.56,197,6.74
8902,782,782,6,88,5975,2016-05-10 01:14:56.723,Compra Débito,-19.99,782,42.44
8903,40,40,7,7,8135,2022-04-09 21:57:12.274,Compra Débito,-98.26,40,639.41
8904,22,22,1,26,5443,2014-11-25 14:36:22.797,Depósito em espécie,12.24,22,2.67
8905,664,664,5,55,7002,2019-03-03 16:45:36.789,Compra Crédito,-56.22,664,6275.18
8906,821,821,7,71,8362,2022-11-22 15:47:38.127,Pix - Realizado,-202.0,821,1325.06
8907,102,102,7,7,7838,2021-06-16 07:23:05.787,Pix - Realizado,-58.6,102,13201.87
8908,180,180,7,71,6277,2017-03-08 05:01:47.315,Saque,-139.19,180,12252.59
8909,617,617,7,33,8157,2022-05-01 10:40:20.109,Compra Débito,-54.86,617,189.04
8910,754,754,1,61,4339,2011-11-17 17:43:23.995,Compra Débito,-15.15,754,21.71
8911,76,76,1,60,5372,2014-09-15 04:12:21.721,Compra Débito,-22.05,76,35.47
8912,73,73,3,73,8261,2022-08-13 05:22:02.919,Pix - Realizado,-172.4,73,212.31
8913,520,520,1,60,5687,2015-07-27 03:16:39.508,Compra Crédito,-68.62,520,9224.06
8914,940,940,7,14,6335,2017-05-05 05:59:29.759,Compra Crédito,-25.75,940,9.19
8915,399,399,7,33,7823,2021-06-01 15:04:14.171,Compra Débito,-44.39,399,2064.69
8916,912,912,7,100,8396,2022-12-26 07:34:14.791,Compra Crédito,-19.25,912,23655.76
8917,275,275,3,13,5904,2016-02-29 09:30:13.882,Compra Crédito,-48.19,275,134056.74
8918,549,549,8,38,7308,2020-01-03 23:30:47.621,Compra Crédito,-32.66,549,325.26
8919,171,171,7,33,7452,2020-05-26 01:04:32.318,Saque,-95.96,171,548.91
8920,335,335,7,100,7669,2020-12-29 08:30:08.577,Compra Crédito,-31.56,335,36.23
8921,216,216,1,26,4528,2012-05-24 18:13:41.725,Compra Crédito,-19.5,216,622.12
8922,558,558,6,44,7201,2019-09-18 10:40:30.847,Compra Crédito,-38.09,558,1.67
8923,806,806,5,55,5506,2015-01-27 01:20:29.547,Compra Crédito,-65.68,806,70.88
8924,685,685,7,33,6213,2017-01-03 11:16:14.584,Compra Crédito,-10.03,685,8.32
8925,399,399,7,33,7949,2021-10-05 06:35:53.212,Compra Débito,-150.58,399,2064.69
8926,466,466,2,95,6747,2018-06-21 16:30:16.695,Compra Crédito,-34.29,466,61879.3
8927,678,678,9,66,8269,2022-08-21 16:22:43.801,Compra Débito,-20.79,678,49659.67
8928,365,365,1,75,6470,2017-09-17 00:45:26.051,Depósito em espécie,26.13,365,5.78
8929,18,18,2,85,4827,2013-03-19 09:02:39.489,Compra Débito,-67.02,18,32.99
8930,529,529,6,48,6946,2019-01-06 11:21:58.222,TED - Realizado,-12340.0,529,10159.31
8931,108,108,3,31,7402,2020-04-06 05:19:35.009,Estorno de Debito,54.46,108,60.92
8932,457,457,7,7,7552,2020-09-03 15:42:37.770,Compra Débito,-21.25,457,1.81
8933,603,603,4,35,7997,2021-11-22 22:39:35.768,Pix - Realizado,-787.9,603,329.45
8934,437,437,7,42,8371,2022-12-01 17:18:46.515,Compra Crédito,-19.56,437,67.32
8935,831,831,7,14,7903,2021-08-20 07:21:26.962,Compra Crédito,-63.31,831,866.91
8936,78,78,7,42,8374,2022-12-04 02:51:02.697,Pix - Realizado,-133.8,78,1075.63
8937,737,737,6,22,7717,2021-02-15 04:32:51.427,Compra Crédito,-52.41,737,145.26
8938,350,350,7,7,6373,2017-06-12 06:12:23.390,Depósito em espécie,88.57,350,91.18
8939,345,345,5,43,7356,2020-02-20 04:52:47.205,Compra Crédito,-52.82,345,7.54
8940,963,963,5,43,5901,2016-02-26 14:14:33.807,Transferência entre CC - Crédito,378.9,963,26.19
8941,481,481,7,42,8267,2022-08-19 02:57:42.602,Compra Débito,-38.49,481,107.1
8942,672,672,7,14,6943,2019-01-03 08:50:06.682,Compra Débito,-58.99,672,581.81
8943,56,56,7,7,7601,2020-10-22 08:37:41.830,Depósito em espécie,45.56,56,55.1
8944,622,622,7,100,8134,2022-04-08 07:58:22.968,Pix - Realizado,-716.3,622,1131.09
8945,396,396,7,71,8053,2022-01-17 07:52:00.695,Pix - Realizado,-153.4,396,765.0
8946,330,330,9,59,7623,2020-11-13 20:14:26.148,Compra Débito,-50.9,330,93.01
8947,186,186,5,2,5529,2015-02-19 17:31:05.315,Depósito em espécie,143.98,186,2.1
8948,860,860,5,55,6085,2016-08-28 16:24:04.434,Compra Crédito,-4.35,860,5.32
8949,29,29,3,98,8050,2022-01-14 17:42:52.502,Compra Crédito,-34.82,29,424.41
8950,709,709,3,31,7395,2020-03-30 03:07:56.048,TED - Recebido,5200.0,709,5626.82
8951,380,380,7,42,8038,2022-01-02 02:23:09.431,Compra Crédito,-115.51,380,4916.56
8952,356,356,7,42,7403,2020-04-07 14:00:36.429,Compra Débito,-10.45,356,68663.09
8953,526,526,3,51,7972,2021-10-28 02:38:06.775,Pix - Realizado,-312.3,526,2246.83
8954,178,178,9,20,8160,2022-05-04 14:38:00.858,Compra Débito,-40.0,178,1437.96
8955,447,447,3,16,7674,2021-01-03 15:14:19.438,Pix - Recebido,1420.0,447,1560.83
8956,740,740,4,19,7553,2020-09-04 03:54:25.018,DOC - Realizado,-16690.0,740,13398.08
8957,364,364,3,16,8148,2022-04-22 20:39:19.854,Pix - Realizado,-668.7,364,1783.15
8958,421,421,7,14,7411,2020-04-15 02:37:03.333,Compra Crédito,-13.83,421,90.29
8959,580,580,7,33,8029,2021-12-24 14:39:39.552,Compra Débito,-31.89,580,10.58
8960,20,20,3,91,7141,2019-07-20 20:25:54.493,Compra Crédito,-21.32,20,27027.3
8961,247,247,7,42,6162,2016-11-13 03:53:36.683,Depósito em espécie,82.63,247,2451.09
8962,15,15,7,33,7268,2019-11-24 10:17:06.159,Compra Crédito,-61.67,15,689.76
8963,462,462,7,100,7631,2020-11-21 01:48:59.258,Pix - Realizado,-611.7,462,18922.28
8964,572,572,2,86,6452,2017-08-30 01:41:04.207,Transferência entre CC - Débito,-458.6,572,7982.21
8965,563,563,1,62,7721,2021-02-19 17:44:59.918,Pix - Realizado,-372.4,563,413.35
8966,96,96,7,71,8016,2021-12-11 06:30:54.090,Pix - Recebido,509.8,96,1337.15
8967,304,304,7,42,7413,2020-04-17 09:49:05.438,Compra Débito,-77.37,304,60127.5
8968,165,165,7,42,8322,2022-10-13 10:06:01.139,Compra Débito,-8.2,165,537.34
8969,827,827,6,88,8175,2022-05-19 14:37:28.938,Compra Débito,-44.22,827,113.21
8970,321,321,7,7,6920,2018-12-11 08:21:01.894,Depósito em espécie,113.11,321,128.46
8971,668,668,6,40,7549,2020-08-31 16:40:58.571,Compra Crédito,-85.25,668,2919.67
8972,950,950,3,31,6631,2018-02-25 17:57:06.936,Compra Crédito,-90.49,950,9658.42
8973,111,111,7,33,8400,2022-12-30 09:28:31.008,Compra Crédito,-24.48,111,288.35
8974,334,334,7,14,8295,2022-09-16 18:52:24.715,Compra Débito,-7.92,334,1195.42
8975,151,151,7,100,6217,2017-01-07 18:03:07.201,TED - Recebido,26905.0,151,6.63
8976,236,236,4,19,6121,2016-10-03 04:04:44.339,Compra Crédito,-69.79,236,20614.17
8977,747,747,1,61,7318,2020-01-13 10:49:26.552,Saque,-62.36,747,3.0
8978,857,857,2,70,6347,2017-05-17 21:02:40.148,Compra Débito,-22.74,857,11040.58
8979,901,901,2,9,4225,2011-07-26 13:20:07.072,Compra Débito,-54.54,901,23788.28
8980,933,933,8,41,7802,2021-05-11 06:22:04.873,Pix - Recebido,179.4,933,322.81
8981,387,387,7,14,7415,2020-04-19 00:04:54.190,Compra Débito,-7.09,387,25.59
8982,314,314,7,100,7609,2020-10-30 11:32:17.438,Compra Crédito,-31.32,314,14314.99
8983,975,975,1,32,5444,2014-11-26 19:58:57.334,Depósito em espécie,15.34,975,42.45
8984,113,113,7,100,8120,2022-03-25 04:00:40.950,Pix - Recebido,489.7,113,1153.95
8985,431,431,2,85,4577,2012-07-12 15:15:30.287,Compra Débito,-11.59,431,28.76
8986,276,276,5,15,6268,2017-02-27 08:39:15.243,Compra Débito,-3.76,276,40158.27
8987,144,144,7,14,6939,2018-12-30 10:01:02.282,Compra Débito,-9.32,144,11.39
8988,936,936,7,33,8157,2022-05-01 17:16:40.458,Pix - Realizado,-544.8,936,458.65
8989,456,456,3,13,5227,2014-04-23 12:58:24.167,Compra Crédito,-66.05,456,60535.86
8990,385,385,4,19,7577,2020-09-28 05:28:27.856,Compra Crédito,-32.7,385,13281.25
8991,933,933,8,41,7802,2021-05-11 07:10:51.770,Compra Débito,-145.99,933,322.81
8992,731,731,7,7,8389,2022-12-19 13:02:07.094,Depósito em espécie,33.21,731,524.28
8993,417,417,7,14,8071,2022-02-04 04:45:30.741,Pix - Recebido,754.8,417,486.42
8994,477,477,7,71,5941,2016-04-06 06:23:50.287,Compra Crédito,-27.1,477,36068.85
8995,903,903,7,71,6855,2018-10-07 05:20:52.787,Depósito em espécie,54.34,903,69.48
8996,580,580,7,33,8067,2022-01-31 02:03:18.707,Compra Débito,-31.96,580,10.58
8997,911,911,7,14,8196,2022-06-09 20:46:21.934,Compra Crédito,-19.2,911,492.8
8998,154,154,7,33,6802,2018-08-15 17:01:22.139,Compra Crédito,-57.23,154,339.43
8999,941,941,7,7,6279,2017-03-10 08:06:33.747,Compra Crédito,-11.74,941,35080.31
9000,459,459,1,60,5513,2015-02-03 05:38:40.113,Compra Crédito,-10.67,459,19513.84
9001,421,421,7,14,7411,2020-04-15 04:23:28.691,Compra Crédito,-46.62,421,90.29
9002,872,872,7,71,6871,2018-10-23 07:54:40.142,Compra Crédito,-8.49,872,4227.81
9003,571,571,8,5,8375,2022-12-05 00:48:16.560,Compra Crédito,-54.01,571,2475.58
9004,852,852,7,33,7141,2019-07-20 05:01:40.327,Compra Débito,-50.99,852,27073.51
9005,681,681,7,42,7822,2021-05-31 00:34:11.356,Compra Crédito,-11.65,681,507.39
9006,655,655,7,42,7789,2021-04-28 01:07:00.652,Compra Crédito,-62.9,655,232.15
9007,514,514,9,65,7965,2021-10-21 20:34:14.434,Pix - Recebido,352.2,514,29138.28
9008,759,759,1,80,8351,2022-11-11 19:57:03.948,Pix - Realizado,-346.3,759,339.17
9009,229,229,7,14,7589,2020-10-10 21:34:33.615,Depósito em espécie,14.45,229,110.29
9010,426,426,7,100,8105,2022-03-10 23:39:17.939,Pix - Realizado,-119.3,426,999.75
9011,527,527,7,33,7098,2019-06-07 09:10:19.714,Compra Crédito,-13.89,527,140.22
9012,611,611,6,48,8400,2022-12-30 20:26:43.131,Pix - Realizado,-1558.7,611,24506.47
9013,718,718,4,45,5393,2014-10-06 22:18:46.447,Compra Crédito,-99.89,718,445.88
9014,44,44,9,59,7616,2020-11-06 21:36:55.439,Compra Débito,-71.85,44,25295.97
9015,39,39,2,84,5884,2016-02-09 08:06:22.297,Compra Crédito,-43.66,39,41879.26
9016,474,474,7,71,7279,2019-12-05 19:18:58.895,Compra Débito,-15.5,474,414.48
9017,254,254,7,100,8400,2022-12-30 18:57:09.457,Compra Débito,-23.52,254,980.6
9018,409,409,2,82,4416,2012-02-02 06:24:57.440,Depósito em espécie,48.94,409,112.47
9019,364,364,3,16,8148,2022-04-22 21:14:15.008,Pix - Realizado,-212.0,364,1783.15
9020,675,675,7,100,7855,2021-07-03 03:45:26.304,Compra Débito,-23.37,675,51.61
9021,766,766,3,73,4935,2013-07-05 23:06:30.722,Compra Débito,-63.51,766,26.09
9022,845,845,3,13,4936,2013-07-06 12:26:15.625,Compra Crédito,-20.43,845,14733.18
9023,331,331,7,71,8329,2022-10-20 04:45:21.888,Pix - Realizado,-760.6,331,32267.25
9024,253,253,7,14,6606,2018-01-31 09:35:10.140,Compra Crédito,-19.11,253,4.95
9025,15,15,7,33,7268,2019-11-24 10:34:20.550,Compra Crédito,-351.48,15,689.76
9026,471,471,7,14,8058,2022-01-22 10:48:56.993,Pix - Realizado,-691.9,471,9465.57
9027,535,535,7,33,7015,2019-03-16 12:40:02.712,Compra Crédito,-6.32,535,31.05
9028,894,894,7,14,8309,2022-09-30 07:25:25.689,Compra Crédito,-32.41,894,184.42
9029,962,962,7,14,6941,2019-01-01 06:18:53.198,Compra Crédito,-18.48,962,946.66
9030,23,23,7,33,5773,2015-10-21 23:21:36.174,Compra Crédito,-62.97,23,7554.2
9031,246,246,2,86,6306,2017-04-06 14:35:43.631,Compra Débito,-262.2,246,53774.09
9032,333,333,3,13,6893,2018-11-14 16:51:20.505,Estorno de Debito,64.28,333,65395.97
9033,737,737,6,22,7717,2021-02-15 12:52:31.433,Compra Crédito,-70.6,737,145.26
9034,723,723,7,14,6301,2017-04-01 20:20:31.028,Compra Crédito,-54.38,723,1361.01
9035,835,835,7,71,8398,2022-12-28 22:42:11.777,Pix - Recebido,714.8,835,273.63
9036,626,626,10,97,8312,2022-10-03 23:46:38.793,Compra Débito,-25.27,626,45.21
9037,49,49,7,100,7872,2021-07-20 15:38:37.866,Depósito em espécie,5.91,49,1.99
9038,770,770,7,14,7905,2021-08-22 00:06:20.078,Transferência entre CC - Débito,-171.0,770,349.01
9039,774,774,1,39,7208,2019-09-25 23:49:52.290,Depósito em espécie,36.68,774,492.43
9040,842,842,7,33,7152,2019-07-31 14:05:39.616,Compra Crédito,-18.83,842,1.24
9041,49,49,7,100,7872,2021-07-20 15:57:24.715,Compra Débito,-44.23,49,1.99
9042,174,174,8,52,7937,2021-09-23 00:28:20.601,Compra Débito,-43.37,174,29.3
9043,64,64,7,100,8219,2022-07-02 17:10:48.376,Compra Débito,-14.59,64,682.16
9044,182,182,4,45,7196,2019-09-13 00:35:00.019,Compra Crédito,-27.27,182,13622.15
9045,172,172,7,42,6304,2017-04-04 09:41:13.384,Compra Crédito,-20.2,172,187.41
9046,221,221,4,45,6869,2018-10-21 07:22:09.132,Compra Débito,-18.36,221,238.48
9047,829,829,7,100,8106,2022-03-11 02:26:38.310,Compra Crédito,-22.59,829,398.52
9048,644,644,8,38,7810,2021-05-19 11:55:16.134,Saque,-150.07,644,254.94
9049,713,713,1,39,5547,2015-03-09 09:12:53.628,Compra Crédito,-101.43,713,56.06
9050,452,452,5,49,8303,2022-09-24 16:38:50.055,Compra Crédito,-77.85,452,340.61
9051,71,71,8,5,8228,2022-07-11 03:42:20.688,Pix - Realizado,-271.8,71,24975.47
9052,377,377,2,29,8304,2022-09-25 15:27:09.979,Pix - Realizado,-204.9,377,7673.52
9053,676,676,1,26,4543,2012-06-08 16:02:38.120,Compra Crédito,-21.74,676,91.0
9054,495,495,7,33,8314,2022-10-05 03:47:52.791,Compra Débito,-82.03,495,134.75
9055,891,891,7,33,6704,2018-05-09 15:38:14.431,Compra Crédito,-259.1,891,218.62
9056,570,570,4,1,7034,2019-04-04 09:47:45.596,Depósito em espécie,19.22,570,17.65
9057,371,371,7,100,6411,2017-07-20 13:25:18.011,Compra Débito,-16.92,371,45.64
9058,345,345,5,43,7376,2020-03-11 05:20:43.923,Depósito em espécie,19.05,345,7.54
9059,156,156,2,9,4512,2012-05-08 03:52:26.288,Compra Crédito,-4.5,156,498.76
9060,283,283,4,19,5640,2015-06-10 08:37:43.377,Compra Débito,-156.11,283,3416.3
9061,402,402,3,13,5173,2014-02-28 23:03:05.429,Compra Débito,-10.4,402,132.71
9062,955,955,5,34,8321,2022-10-12 18:00:54.108,Pix - Recebido,100.6,955,25.34
9063,442,442,7,71,8400,2022-12-30 23:59:51.751,Compra Crédito,-73.37,442,304.61
9064,846,846,8,23,8263,2022-08-15 05:05:34.595,Pix - Recebido,598.7,846,2090.0
9065,102,102,7,7,8038,2022-01-02 22:32:46.050,Pix - Realizado,-420.8,102,13201.87
9066,644,644,8,38,7810,2021-05-19 15:19:03.192,Pix - Recebido,147.9,644,254.94
9067,254,254,7,100,8400,2022-12-30 23:34:36.359,Pix - Recebido,1057.2,254,980.6
9068,271,271,4,57,8391,2022-12-21 21:37:18.629,Compra Crédito,-152.06,271,7534.76
9069,147,147,7,42,7062,2019-05-02 11:58:11.013,Estorno de Debito,145.67,147,11.06
9070,43,43,6,28,5975,2016-05-10 15:15:45.256,Compra Crédito,-13.29,43,368.78
9071,342,342,7,33,5987,2016-05-22 12:11:22.469,Compra Crédito,-7.51,342,44.69
9072,861,861,4,57,6273,2017-03-04 21:11:45.558,Compra Débito,-7.75,861,35.17
9073,513,513,7,33,6463,2017-09-10 13:30:10.098,Compra Crédito,-68.68,513,176.7
9074,5,5,6,48,5756,2015-10-04 18:15:43.703,Compra Débito,-83.43,5,58.36
9075,267,267,6,22,7476,2020-06-19 10:35:56.537,Compra Crédito,-9.13,267,288.77
9076,335,335,7,100,7676,2021-01-05 10:39:23.012,Pix - Recebido,150.2,335,36.23
9077,52,52,7,7,7189,2019-09-06 11:40:54.943,Compra Crédito,-29.2,52,33.85
9078,534,534,7,42,7962,2021-10-18 20:57:12.627,Compra Débito,-18.53,534,31.94
9079,180,180,7,71,6282,2017-03-13 17:57:25.201,Compra Crédito,-24.2,180,12252.59
9080,349,349,7,14,8334,2022-10-25 13:39:10.888,Pix - Realizado,-507.1,349,810.24
9081,833,833,7,14,8391,2022-12-21 02:04:39.745,Compra Crédito,-37.16,833,7112.52
9082,152,152,7,42,8400,2022-12-30 18:33:25.738,Compra Débito,-63.26,152,209.11
9083,996,996,2,24,8166,2022-05-10 18:47:08.301,TED - Recebido,29160.0,996,30339.67
9084,253,253,7,14,6606,2018-01-31 11:14:20.509,Depósito em espécie,30.17,253,4.95
9085,119,119,6,88,6037,2016-07-11 04:52:17.371,Compra Débito,-12.5,119,5.21
9086,175,175,3,13,5634,2015-06-04 17:19:58.935,Compra Débito,-23.09,175,79.74
9087,199,199,7,71,7469,2020-06-12 05:19:16.513,DOC - Recebido,19045.0,199,24.22
9088,230,230,7,7,7890,2021-08-07 20:38:10.739,Pix - Recebido,275.0,230,2378.15
9089,513,513,7,33,6463,2017-09-10 18:40:06.510,Compra Débito,-67.88,513,176.7
9090,921,921,5,34,6625,2018-02-19 04:25:47.583,Compra Crédito,-72.93,921,3706.46
9091,779,779,9,83,7800,2021-05-09 02:30:02.585,Compra Débito,-33.48,779,2128.75
9092,305,305,7,71,8363,2022-11-23 17:58:53.991,Compra Crédito,-15.43,305,109.4
9093,722,722,7,7,7167,2019-08-15 10:57:27.045,Compra Crédito,-62.23,722,6971.66
9094,230,230,7,7,7890,2021-08-07 20:46:23.811,Pix - Recebido,988.6,230,2378.15
9095,937,937,7,71,8302,2022-09-23 13:59:48.269,Depósito em espécie,26.02,937,22.3
9096,830,830,1,18,5583,2015-04-14 22:45:14.255,Compra Débito,-15.54,830,16.28
9097,33,33,9,93,7411,2020-04-15 08:40:44.800,Compra Débito,-38.72,33,57.66
9098,845,845,3,13,4936,2013-07-06 19:27:57.850,TED - Recebido,14725.0,845,14733.18
9099,901,901,2,9,4225,2011-07-26 13:44:39.165,Compra Débito,-54.3,901,23788.28
9100,467,467,10,27,8373,2022-12-03 02:56:31.783,Pix - Recebido,1118.2,467,403.93
9101,88,88,7,71,7010,2019-03-11 11:45:02.105,Compra Débito,-110.37,88,186.23
9102,286,286,7,71,8229,2022-07-12 17:17:47.991,Pix - Realizado,-281.1,286,1724.25
9103,107,107,7,14,8400,2022-12-30 22:10:11.983,Pagamento de boleto,-319.6,107,27052.86
9104,84,84,7,42,7340,2020-02-04 18:20:53.141,Compra Crédito,-21.54,84,629.81
9105,776,776,4,1,6706,2018-05-11 23:41:25.261,Compra Crédito,-7.24,776,164.21
9106,962,962,7,14,7050,2019-04-20 17:47:41.940,Compra Crédito,-63.42,962,946.66
9107,30,30,9,77,8019,2021-12-14 17:47:29.027,Pix - Recebido,327.1,30,8.42
9108,861,861,4,57,6323,2017-04-23 12:14:48.202,Compra Crédito,-12.31,861,35.17
9109,907,907,7,100,6533,2017-11-19 03:34:45.599,Depósito em espécie,49.95,907,76.9
9110,841,841,5,63,6418,2017-07-27 13:50:40.153,Compra Crédito,-7.21,841,1.02
9111,229,229,7,14,7594,2020-10-15 16:46:59.208,Compra Crédito,-13.61,229,110.29
9112,390,390,7,14,8051,2022-01-15 09:04:30.053,Compra Crédito,-441.22,390,30642.59
9113,994,994,7,7,6490,2017-10-07 22:57:36.068,Compra Crédito,-24.16,994,576.6
9114,399,399,7,33,7950,2021-10-06 06:48:21.984,Pix - Recebido,453.8,399,2064.69
9115,498,498,4,45,8289,2022-09-10 20:40:04.251,Pix - Recebido,355.3,498,841.1
9116,430,430,3,73,4922,2013-06-22 22:29:46.401,Compra Crédito,-56.82,430,27934.18
9117,433,433,9,99,7998,2021-11-23 09:26:48.714,Compra Crédito,-13.95,433,16.55
9118,426,426,7,100,8106,2022-03-11 10:06:23.153,Pix - Recebido,693.1,426,999.75
9119,587,587,7,33,7477,2020-06-20 11:18:27.156,Compra Débito,-41.23,587,9385.97
9120,979,979,7,71,8400,2022-12-30 23:00:47.245,Pix - Realizado,-138.5,979,1006.13
9121,878,878,6,40,7462,2020-06-05 01:06:04.026,Depósito em espécie,292.24,878,1.44
9122,540,540,5,2,7753,2021-03-23 16:14:52.019,Pix - Recebido,369.6,540,441.01
9123,496,496,7,100,8400,2022-12-30 23:50:03.096,Pix - Realizado,-211.8,496,430.68
9124,813,813,2,81,5622,2015-05-23 21:20:45.020,Compra Crédito,-13.83,813,21054.94
9125,7,7,6,48,8290,2022-09-11 04:58:49.337,Pix - Realizado,-359.1,7,114.48
9126,874,874,7,14,6753,2018-06-27 21:57:54.878,Depósito em espécie,17.12,874,41.36
9127,640,640,7,71,7644,2020-12-04 11:54:58.748,Saque,-97.58,640,418.19
9128,83,83,7,14,8265,2022-08-17 20:13:08.185,Pix - Realizado,-228.0,83,1420.31
9129,349,349,7,14,8334,2022-10-25 16:52:55.878,Compra Débito,-28.29,349,810.24
9130,705,705,7,42,8399,2022-12-29 01:38:26.196,Pix - Realizado,-385.7,705,89349.96
9131,21,21,2,86,4675,2012-10-18 03:46:15.474,Compra Crédito,-52.3,21,74.17
9132,735,735,7,7,7102,2019-06-11 03:20:30.140,Compra Débito,-55.94,735,43843.05
9133,601,601,7,7,6075,2016-08-18 02:08:04.036,Compra Crédito,-6.09,601,0.91
9134,405,405,7,71,8417,2023-01-16 05:00:39.010,Pix - Realizado,-71.6,405,15321.24
9135,322,322,6,88,7716,2021-02-14 14:55:27.198,Compra Crédito,-20.68,322,1350.65
9136,566,566,7,7,7923,2021-09-09 22:00:48.532,Compra Crédito,-18.27,566,2055.49
9137,152,152,7,42,8400,2022-12-30 18:53:39.708,Compra Débito,-14.96,152,209.11
9138,909,909,3,98,6500,2017-10-17 00:20:27.662,Compra Crédito,-10.47,909,10436.29
9139,201,201,7,71,8349,2022-11-09 02:42:00.401,Saque,-38.55,201,266.97
9140,368,368,7,71,7638,2020-11-28 01:55:10.602,Pix - Realizado,-478.8,368,3208.56
9141,565,565,4,57,7208,2019-09-25 14:11:54.923,Compra Crédito,-15.61,565,1589.12
9142,358,358,3,51,6985,2019-02-14 00:20:05.904,Depósito em espécie,142.03,358,143.47
9143,761,761,3,91,4870,2013-05-01 12:12:42.748,Compra Crédito,-19.64,761,964.05
9144,142,142,2,81,7131,2019-07-10 13:53:14.752,Compra Débito,-51.04,142,23.92
9145,386,386,3,51,5049,2013-10-27 15:04:34.868,Compra Débito,-35.75,386,1806.71
9146,635,635,1,3,6409,2017-07-18 10:17:29.293,Compra Débito,-2.92,635,5673.71
9147,850,850,7,33,8367,2022-11-27 07:27:19.585,Pix - Recebido,1065.9,850,4.7
9148,42,42,7,14,8062,2022-01-26 04:59:19.763,Compra Crédito,-37.79,42,95.06
9149,748,748,2,82,6957,2019-01-17 04:28:24.766,Depósito em espécie,45.4,748,1854.33
9150,782,782,6,88,5978,2016-05-13 18:42:04.770,Compra Crédito,-74.89,782,42.44
9151,660,660,4,45,5493,2015-01-14 06:27:39.688,Compra Crédito,-97.78,660,122736.82
9152,187,187,7,7,6322,2017-04-22 18:15:48.416,Depósito em espécie,24.79,187,111.14
9153,606,606,7,14,6473,2017-09-20 05:03:02.648,Compra Crédito,-13.87,606,408.77
9154,797,797,3,13,6419,2017-07-28 04:05:41.586,Compra Débito,-161.52,797,1456.93
9155,78,78,7,42,8377,2022-12-07 16:33:21.957,Pix - Realizado,-406.2,78,1075.63
9156,392,392,7,14,7085,2019-05-25 11:19:24.167,Compra Crédito,-94.54,392,111.31
9157,991,991,4,57,6454,2017-09-01 15:57:20.071,Depósito em espécie,63.77,991,430.16
9158,795,795,4,35,7313,2020-01-08 19:59:52.384,Compra Crédito,-37.42,795,163.77
9159,890,890,2,85,8080,2022-02-13 21:01:50.146,Compra Crédito,-22.63,890,296.04
9160,416,416,7,7,8175,2022-05-19 07:08:20.702,Pix - Recebido,246.6,416,241.6
9161,322,322,6,88,7740,2021-03-10 04:17:12.251,Pix - Realizado,-253.4,322,1350.65
9162,998,998,2,84,4957,2013-07-27 02:52:09.219,Compra Débito,-28.53,998,36.07
9163,327,327,3,98,6817,2018-08-30 11:07:56.659,Compra Crédito,-10.71,327,73.88
9164,239,239,6,88,8259,2022-08-11 02:17:09.819,Compra Crédito,-7.24,239,13809.65
9165,139,139,6,22,5995,2016-05-30 07:16:44.938,Compra Crédito,-24.41,139,82508.39
9166,252,252,7,71,8400,2022-12-30 23:57:11.648,Compra Crédito,-182.31,252,474.02
9167,737,737,6,22,7717,2021-02-15 22:11:53.931,Compra Débito,-43.34,737,145.26
9168,425,425,5,67,5435,2014-11-17 01:59:35.828,Compra Crédito,-55.77,425,9.86
9169,16,16,5,67,8083,2022-02-16 07:24:18.849,Compra Débito,-43.27,16,24376.1
9170,636,636,1,39,4959,2013-07-29 22:44:09.125,Compra Crédito,-220.19,636,34782.8
9171,466,466,2,95,6748,2018-06-22 19:59:14.274,Compra Débito,-139.66,466,61879.3
9172,680,680,7,42,8273,2022-08-25 06:53:28.087,Compra Débito,-42.52,680,80.25
9173,967,967,7,100,7830,2021-06-08 07:54:07.006,Pix - Recebido,440.8,967,527.36
9174,803,803,7,100,8301,2022-09-22 21:19:24.930,Pix - Recebido,140.8,803,1778.51
9175,499,499,7,7,6794,2018-08-07 03:12:20.082,Depósito em espécie,78.96,499,22.94
9176,146,146,1,80,5457,2014-12-09 16:06:07.401,Compra Crédito,-17.02,146,708.81
9177,266,266,7,100,6775,2018-07-19 16:02:53.653,Compra Crédito,-23.81,266,8.44
9178,809,809,1,11,8117,2022-03-22 16:50:48.698,Pix - Realizado,-763.3,809,6205.66
9179,469,469,7,33,6840,2018-09-22 13:28:10.171,TED - Recebido,71090.0,469,72521.79
9180,224,224,7,7,8066,2022-01-30 15:11:12.563,Compra Débito,-27.9,224,297.78
9181,496,496,7,100,8400,2022-12-30 23:58:58.877,Pix - Realizado,-809.8,496,430.68
9182,323,323,7,14,8376,2022-12-06 03:33:35.522,Pix - Realizado,-987.1,323,5230.02
9183,243,243,5,49,7811,2021-05-20 10:49:42.645,Compra Crédito,-17.59,243,1150.34
9184,602,602,7,33,7687,2021-01-16 01:52:09.317,Compra Débito,-18.95,602,756.44
9185,68,68,8,5,8161,2022-05-05 09:59:43.780,Compra Crédito,-94.28,68,192.9
9186,154,154,7,33,6820,2018-09-02 14:23:07.504,Saque,-52.68,154,339.43
9187,911,911,7,14,8196,2022-06-09 20:54:51.073,Depósito em espécie,132.0,911,492.8
9188,819,819,10,53,8202,2022-06-15 15:08:00.257,Pix - Realizado,-175.6,819,9921.46
9189,458,458,7,14,6477,2017-09-24 10:59:00.642,Compra Crédito,-7.11,458,24.67
9190,154,154,7,33,6820,2018-09-02 20:27:35.360,Compra Crédito,-122.81,154,339.43
9191,157,157,1,80,4678,2012-10-21 20:17:58.079,Depósito em espécie,17.49,157,0.61
9192,150,150,3,31,7354,2020-02-18 01:46:09.693,Compra Crédito,-310.02,150,7121.49
9193,979,979,7,71,8400,2022-12-30 23:48:54.393,Pix - Recebido,740.7,979,1006.13
9194,865,865,4,1,7343,2020-02-07 23:19:10.257,Compra Crédito,-8.65,865,102.36
9195,255,255,7,100,7079,2019-05-19 03:46:11.871,Compra Crédito,-14.8,255,163.21
9196,58,58,1,80,5704,2015-08-13 11:14:41.626,Compra Crédito,-30.06,58,134.97
9197,327,327,3,98,6817,2018-08-30 13:00:30.652,Compra Crédito,-27.35,327,73.88
9198,145,145,3,31,8382,2022-12-12 01:28:54.480,Compra Débito,-14.36,145,321.91
9199,798,798,3,13,7327,2020-01-22 13:23:39.804,Compra Crédito,-142.53,798,40174.06
9200,81,81,7,71,7587,2020-10-08 19:28:33.487,Compra Crédito,-24.45,81,123.08
9201,650,650,7,42,8029,2021-12-24 13:29:55.077,Compra Crédito,-30.48,650,61.92
9202,485,485,3,13,4946,2013-07-16 23:26:36.330,Compra Crédito,-14.07,485,272.31
9203,519,519,5,55,8272,2022-08-24 09:31:57.404,Compra Crédito,-24.14,519,69.17
9204,42,42,7,14,8063,2022-01-27 10:51:11.388,Compra Débito,-159.09,42,95.06
9205,788,788,1,80,4968,2013-08-07 23:54:58.175,Compra Crédito,-176.94,788,169.47
9206,716,716,1,36,8376,2022-12-06 15:31:39.972,Compra Débito,-137.34,716,21.65
9207,782,782,6,88,6108,2016-09-20 21:01:16.847,Compra Débito,-4.45,782,42.44
9208,41,41,1,32,7529,2020-08-11 00:39:29.411,Compra Crédito,-19.12,41,166.11
9209,10,10,3,98,5897,2016-02-22 13:08:37.836,Compra Crédito,-27.18,10,8835.58
9210,324,324,5,43,6261,2017-02-20 04:22:06.714,Compra Débito,-26.31,324,34.13
9211,557,557,2,29,6886,2018-11-07 18:39:33.777,Transferência entre CC - Débito,-255.2,557,41512.44
9212,317,317,2,95,4170,2011-06-01 10:53:03.178,Compra Débito,-71.77,317,51156.1
9213,656,656,2,81,6717,2018-05-22 14:01:54.181,DOC - Recebido,67465.0,656,72005.0
9214,349,349,7,14,8356,2022-11-16 16:45:47.765,Pix - Realizado,-311.3,349,810.24
9215,757,757,1,60,3938,2010-10-12 04:02:24.296,Compra Débito,-44.02,757,26295.87
9216,324,324,5,43,6263,2017-02-22 19:48:05.414,Compra Crédito,-18.49,324,34.13
9217,744,744,7,7,8392,2022-12-22 03:05:20.541,Pix - Realizado,-1028.4,744,1041.45
9218,695,695,1,36,7811,2021-05-20 19:23:16.106,Saque,-161.22,695,464.6
9219,884,884,7,71,6959,2019-01-19 07:41:44.501,Compra Crédito,-12.45,884,58.98
9220,899,899,1,92,7827,2021-06-05 22:31:08.840,Compra Débito,-58.75,899,6.64
9221,652,652,7,14,8198,2022-06-11 13:50:53.497,Compra Crédito,-81.16,652,117.65
9222,743,743,2,81,5400,2014-10-13 05:43:59.541,Compra Crédito,-22.28,743,18.63
9223,103,103,7,42,6422,2017-07-31 21:03:59.836,Compra Débito,-122.9,103,1008.16
9224,885,885,7,14,6631,2018-02-25 01:46:03.857,TED - Realizado,-21220.0,885,29102.28
9225,402,402,3,13,5400,2014-10-13 23:04:51.304,Compra Crédito,-9.95,402,132.71
9226,450,450,7,7,8148,2022-04-22 02:18:55.416,Pix - Recebido,670.2,450,888.57
9227,316,316,7,33,8171,2022-05-15 22:11:05.420,Compra Crédito,-49.5,316,5.29
9228,646,646,7,14,6105,2016-09-17 19:30:28.764,Compra Crédito,-62.89,646,1677.94
9229,267,267,6,22,7476,2020-06-19 12:30:31.938,Compra Débito,-29.28,267,288.77
9230,571,571,8,5,8375,2022-12-05 01:32:43.961,Compra Débito,-182.47,571,2475.58
9231,635,635,1,3,6409,2017-07-18 14:50:44.874,Compra Débito,-9.55,635,5673.71
9232,614,614,7,7,7912,2021-08-29 18:01:38.581,Pix - Recebido,881.1,614,919.54
9233,915,915,7,14,5876,2016-02-01 10:12:49.621,Compra Crédito,-82.95,915,134.73
9234,21,21,2,86,4677,2012-10-20 11:14:27.826,Compra Crédito,-25.03,21,74.17
9235,361,361,7,100,6122,2016-10-04 09:41:56.764,Compra Débito,-30.39,361,43014.06
9236,48,48,7,100,8400,2022-12-30 23:44:31.195,Pix - Recebido,505.3,48,557.6
9237,2,2,7,100,7713,2021-02-11 12:00:40.289,Compra Crédito,-15.12,2,43.3
9238,76,76,1,60,5372,2014-09-15 19:22:03.740,Compra Crédito,-52.91,76,35.47
9239,514,514,9,65,7965,2021-10-21 23:16:59.200,Pix - Realizado,-105.8,514,29138.28
9240,240,240,7,14,7713,2021-02-11 07:26:49.321,Pix - Recebido,919.4,240,1014.33
9241,512,512,5,55,6518,2017-11-04 06:09:43.355,Compra Crédito,-14.9,512,10.77
9242,546,546,1,61,7704,2021-02-02 02:10:47.704,Pix - Recebido,341.2,546,803.81
9243,828,828,2,24,4809,2013-03-01 20:40:56.267,Compra Débito,-18.58,828,1.1
9244,117,117,4,57,5412,2014-10-25 12:06:34.254,Saque,-31.56,117,97.21
9245,557,557,2,29,6887,2018-11-08 09:26:21.658,TED - Recebido,39140.0,557,41512.44
9246,282,282,7,42,5945,2016-04-10 14:48:09.363,Compra Crédito,-40.44,282,12427.22
9247,346,346,1,26,8257,2022-08-09 21:41:16.880,Compra Crédito,-42.75,346,57814.67
9248,91,91,7,14,7337,2020-02-01 10:39:13.739,Compra Crédito,-12.14,91,0.67
9249,977,977,7,14,7729,2021-02-27 19:38:25.846,Pix - Realizado,-1115.3,977,7788.41
9250,6,6,7,100,6537,2017-11-23 15:20:02.325,Compra Débito,-6.82,6,105.6
9251,333,333,3,13,6893,2018-11-14 20:12:31.030,Compra Débito,-45.25,333,65395.97
9252,950,950,3,31,6645,2018-03-11 16:39:21.242,Compra Crédito,-14.69,950,9658.42
9253,274,274,4,19,5351,2014-08-25 05:15:06.728,Compra Crédito,-67.92,274,16293.85
9254,577,577,1,61,7702,2021-01-31 01:34:02.554,Compra Débito,-88.42,577,9772.11
9255,913,913,7,33,7081,2019-05-21 08:51:55.025,Compra Crédito,-52.69,913,575.77
9256,794,794,7,33,6908,2018-11-29 01:11:56.255,Compra Crédito,-23.19,794,454.95
9257,895,895,7,14,5936,2016-04-01 11:04:35.899,Compra Crédito,-17.36,895,386.08
9258,714,714,7,7,5908,2016-03-04 21:00:05.428,Depósito em espécie,29.53,714,49.87
9259,709,709,3,31,7403,2020-04-07 19:24:32.878,Compra Crédito,-35.22,709,5626.82
9260,830,830,1,18,5606,2015-05-07 10:35:21.715,Compra Crédito,-69.28,830,16.28
9261,527,527,7,33,7126,2019-07-05 19:05:09.443,Compra Crédito,-35.0,527,140.22
9262,221,221,4,45,6869,2018-10-21 16:18:23.232,Compra Crédito,-35.37,221,238.48
9263,383,383,7,14,7830,2021-06-08 14:09:44.884,Compra Débito,-80.57,383,2380.07
9264,467,467,10,27,8381,2022-12-11 17:11:46.063,Compra Débito,-13.79,467,403.93
9265,629,629,3,98,6385,2017-06-24 04:02:40.744,Compra Crédito,-9.63,629,8813.34
9266,780,780,8,6,6657,2018-03-23 01:27:01.884,Depósito em espécie,27.94,780,15.8
9267,156,156,2,9,4512,2012-05-08 06:33:46.122,Compra Débito,-37.75,156,498.76
9268,552,552,4,1,8396,2022-12-26 19:41:16.332,Compra Crédito,-53.58,552,386.22
9269,102,102,7,7,8038,2022-01-02 23:47:58.417,Compra Débito,-61.51,102,13201.87
9270,168,168,7,100,6930,2018-12-21 09:24:42.130,Transferência entre CC - Crédito,1746.1,168,1688.88
9271,400,400,5,2,7961,2021-10-17 15:46:08.089,Compra Crédito,-40.15,400,234.12
9272,733,733,6,4,8076,2022-02-09 15:50:43.360,Compra Débito,-46.23,733,1849.3
9273,4,4,7,42,7228,2019-10-15 00:17:34.267,Compra Débito,-34.12,4,403.16
9274,826,826,7,71,6704,2018-05-09 20:20:40.118,Saque,-334.41,826,181.92
9275,155,155,3,16,7441,2020-05-15 10:16:35.906,Compra Débito,-38.72,155,515.96
9276,774,774,1,39,7277,2019-12-03 15:10:00.462,Compra Crédito,-9.2,774,492.43
9277,111,111,7,33,8400,2022-12-30 20:23:15.508,Compra Débito,-78.05,111,288.35
9278,369,369,1,72,7966,2021-10-22 02:39:34.222,Pix - Realizado,-499.4,369,1153.14
9279,108,108,3,31,7404,2020-04-08 15:31:44.969,Depósito em espécie,60.0,108,60.92
9280,802,802,3,13,8371,2022-12-01 06:38:08.618,Pix - Realizado,-249.4,802,981.85
9281,941,941,7,7,6306,2017-04-06 04:13:39.644,Compra Débito,-40.59,941,35080.31
9282,691,691,7,7,8324,2022-10-15 01:18:51.479,Saque,-623.52,691,1154.22
9283,35,35,7,100,6876,2018-10-28 06:01:02.390,Compra Débito,-18.18,35,63.06
9284,445,445,1,92,3743,2010-03-31 20:40:47.991,Depósito em espécie,82.55,445,101.02
9285,508,508,4,1,7136,2019-07-15 16:04:42.979,Compra Crédito,-324.6,508,1454.88
9286,780,780,8,6,6657,2018-03-23 05:34:38.770,Compra Crédito,-24.23,780,15.8
9287,884,884,7,71,7014,2019-03-15 22:33:50.642,Compra Crédito,-13.22,884,58.98
9288,800,800,1,92,8240,2022-07-23 05:53:49.087,Compra Débito,-86.02,800,845.98
9289,556,556,7,100,6843,2018-09-25 19:51:32.305,Compra Débito,-48.66,556,15.61
9290,676,676,1,26,8124,2022-03-29 08:28:32.211,Compra Crédito,-127.5,676,91.0
9291,883,883,7,42,8387,2022-12-17 06:22:33.109,Compra Débito,-9.53,883,485.4
9292,190,190,7,14,8333,2022-10-24 01:21:48.604,Depósito em espécie,47.21,190,97.54
9293,480,480,7,7,5988,2016-05-23 21:06:43.079,Compra Crédito,-267.92,480,16640.89
9294,812,812,4,35,8091,2022-02-24 08:43:36.018,Compra Crédito,-26.39,812,2869.8
9295,416,416,7,7,8175,2022-05-19 09:16:11.350,Compra Débito,-23.54,416,241.6
9296,993,993,7,14,7217,2019-10-04 06:41:09.809,Compra Crédito,-41.56,993,33.5
9297,551,551,1,32,6455,2017-09-02 05:55:58.765,Compra Crédito,-142.5,551,33084.37
9298,831,831,7,14,7903,2021-08-20 09:10:38.567,Compra Débito,-7.38,831,866.91
9299,928,928,7,42,8238,2022-07-21 10:47:47.385,Compra Crédito,-7.53,928,358.6
9300,776,776,4,1,6707,2018-05-12 21:22:28.127,Compra Crédito,-15.41,776,164.21
9301,975,975,1,32,5444,2014-11-26 21:13:15.894,Compra Crédito,-33.51,975,42.45
9302,2,2,7,100,7733,2021-03-03 22:10:13.537,TED - Recebido,21430.0,2,43.3
9303,135,135,1,75,7770,2021-04-09 05:54:01.828,Pix - Recebido,627.7,135,408.51
9304,921,921,5,34,6626,2018-02-20 20:03:11.161,Compra Débito,-43.21,921,3706.46
9305,379,379,2,86,4492,2012-04-18 18:04:15.132,Compra Crédito,-38.78,379,28219.68
9306,503,503,7,14,8400,2022-12-30 23:09:10.955,Depósito em espécie,246.35,503,245.49
9307,923,923,7,71,7724,2021-02-22 01:56:22.562,Compra Crédito,-36.71,923,621.23
9308,312,312,7,71,8325,2022-10-16 11:25:38.470,Compra Débito,-65.19,312,2354.15
9309,582,582,7,42,7842,2021-06-20 21:03:23.436,Pix - Realizado,-361.0,582,41301.32
9310,10,10,3,98,5897,2016-02-22 14:29:18.682,Compra Crédito,-308.62,10,8835.58
9311,741,741,7,100,7527,2020-08-09 21:14:31.062,Compra Débito,-119.73,741,691.71
9312,386,386,3,51,5049,2013-10-27 15:05:57.660,Compra Crédito,-47.77,386,1806.71
9313,904,904,7,14,7884,2021-08-01 23:24:31.572,Pix - Realizado,-87.4,904,670.77
9314,110,110,3,31,5194,2014-03-21 06:06:53.473,Compra Crédito,-17.42,110,96140.95
9315,66,66,7,33,7182,2019-08-30 10:40:07.606,TED - Recebido,27750.0,66,50577.51
9316,512,512,5,55,6518,2017-11-04 12:55:08.988,Compra Débito,-12.56,512,10.77
9317,135,135,1,75,7770,2021-04-09 06:15:52.422,Pix - Realizado,-128.8,135,408.51
9318,496,496,7,100,8400,2022-12-30 23:59:53.827,Pix - Realizado,-331.5,496,430.68
9319,375,375,2,70,7346,2020-02-10 05:06:50.926,Compra Débito,-23.46,375,110.31
9320,824,824,7,14,7394,2020-03-29 11:17:28.552,Compra Crédito,-61.03,824,32360.92
9321,943,943,7,14,6296,2017-03-27 07:14:13.706,Compra Débito,-21.62,943,124.1
9322,853,853,2,86,5830,2015-12-17 16:57:51.647,Saque,-669.34,853,6738.14
9323,39,39,2,84,5884,2016-02-09 08:19:58.813,Compra Débito,-13.02,39,41879.26
9324,101,101,7,71,7100,2019-06-09 04:56:08.902,Compra Débito,-81.77,101,7497.62
9325,781,781,1,36,8001,2021-11-26 17:25:42.531,Compra Crédito,-22.95,781,19.25
9326,946,946,7,42,8103,2022-03-08 18:19:15.149,Compra Crédito,-10.45,946,4.27
9327,866,866,7,42,8030,2021-12-25 02:32:51.240,Pix - Realizado,-147.9,866,309.54
9328,575,575,5,58,7414,2020-04-18 14:57:14.886,Compra Crédito,-36.69,575,426.34
9329,879,879,3,31,4854,2013-04-15 10:23:15.404,Compra Débito,-42.29,879,4.04
9330,163,163,2,84,8398,2022-12-28 13:53:39.560,Compra Crédito,-8.81,163,37.1
9331,863,863,7,42,8405,2023-01-04 11:20:24.095,Compra Débito,-87.61,863,418.28
9332,993,993,7,14,7223,2019-10-10 03:25:46.792,Depósito em espécie,29.17,993,33.5
9333,737,737,6,22,7717,2021-02-15 22:29:08.854,Compra Débito,-80.5,737,145.26
9334,967,967,7,100,7835,2021-06-13 01:24:14.363,Pix - Realizado,-273.3,967,527.36
9335,423,423,8,47,8220,2022-07-03 11:26:44.589,Pix - Realizado,-84.2,423,501.5
9336,255,255,7,100,7094,2019-06-03 22:29:06.595,Compra Débito,-38.84,255,163.21
9337,992,992,2,82,5305,2014-07-10 11:45:22.791,Compra Crédito,-85.75,992,32689.53
9338,675,675,7,100,7861,2021-07-09 19:53:16.875,Compra Crédito,-19.0,675,51.61
9339,4,4,7,42,7228,2019-10-15 00:27:57.371,Compra Crédito,-10.02,4,403.16
9340,693,693,7,33,6235,2017-01-25 05:18:23.601,Estorno de Debito,26.66,693,2.12
9341,56,56,7,7,7602,2020-10-23 12:31:50.235,Compra Crédito,-20.65,56,55.1
9342,98,98,2,78,6087,2016-08-30 15:40:25.338,Compra Crédito,-30.51,98,1330.67
9343,138,138,2,84,5348,2014-08-22 20:54:57.267,Depósito em espécie,8.58,138,19.91
9344,294,294,2,95,5556,2015-03-18 03:09:02.019,Compra Crédito,-112.86,294,14975.62
9345,390,390,7,14,8051,2022-01-15 09:22:43.756,Compra Débito,-43.44,390,30642.59
9346,774,774,1,39,7278,2019-12-04 11:02:35.604,Compra Crédito,-29.85,774,492.43
9347,845,845,3,13,4936,2013-07-06 19:29:01.832,Depósito em espécie,23.03,845,14733.18
9348,638,638,3,73,7596,2020-10-17 14:45:39.248,Compra Débito,-14.92,638,18243.26
9349,242,242,7,14,7241,2019-10-28 19:03:33.336,Compra Débito,-57.21,242,2838.61
9350,385,385,4,19,7577,2020-09-28 05:40:40.531,Compra Crédito,-51.82,385,13281.25
9351,808,808,3,31,5444,2014-11-26 17:52:16.947,Compra Crédito,-91.57,808,5942.22
9352,78,78,7,42,8380,2022-12-10 04:04:26.379,Compra Débito,-45.19,78,1075.63
9353,358,358,3,51,7037,2019-04-07 12:08:54.764,Compra Crédito,-28.99,358,143.47
9354,289,289,1,26,6586,2018-01-11 01:17:00.889,TED - Recebido,17805.0,289,2.62
9355,358,358,3,51,7038,2019-04-08 09:41:02.224,Compra Débito,-69.77,358,143.47
9356,675,675,7,100,7864,2021-07-12 01:36:20.765,Compra Débito,-15.27,675,51.61
9357,122,122,7,100,6855,2018-10-07 15:10:05.675,Compra Crédito,-30.14,122,437.76
9358,746,746,7,100,8347,2022-11-07 13:24:51.845,Compra Débito,-39.68,746,2182.45
9359,60,60,7,33,8104,2022-03-09 22:42:05.723,Pix - Realizado,-273.4,60,810.56
9360,652,652,7,14,8199,2022-06-12 01:34:53.799,Compra Crédito,-33.44,652,117.65
9361,482,482,9,12,8012,2021-12-07 06:29:41.370,Pix - Realizado,-149.4,482,205.69
9362,743,743,2,81,5403,2014-10-16 04:22:25.261,Compra Crédito,-23.73,743,18.63
9363,752,752,7,42,7933,2021-09-19 06:36:52.102,Pix - Recebido,328.2,752,3163.64
9364,456,456,3,13,5227,2014-04-23 20:29:49.995,Compra Crédito,-21.39,456,60535.86
9365,421,421,7,14,7577,2020-09-28 01:43:00.203,Depósito em espécie,83.67,421,90.29
9366,362,362,2,85,6647,2018-03-13 10:19:20.474,Compra Débito,-18.36,362,24.48
9367,321,321,7,7,6920,2018-12-11 08:29:05.313,Compra Crédito,-35.55,321,128.46
9368,342,342,7,33,5988,2016-05-23 03:43:24.060,Compra Débito,-9.7,342,44.69
9369,846,846,8,23,8269,2022-08-21 09:45:53.725,Compra Crédito,-40.28,846,2090.0
9370,785,785,7,100,8313,2022-10-04 14:22:29.863,Pix - Realizado,-318.2,785,3150.15
9371,341,341,1,80,7581,2020-10-02 00:02:43.716,Depósito em espécie,28.86,341,5.66
9372,328,328,8,6,8400,2022-12-30 13:23:17.939,Compra Crédito,-29.51,328,89.76
9373,612,612,6,54,6183,2016-12-04 15:22:21.347,TED - Recebido,17605.0,612,18531.99
9374,786,786,7,14,6559,2017-12-15 22:43:59.582,Compra Crédito,-8.33,786,16.42
9375,722,722,7,7,7167,2019-08-15 16:52:19.478,Compra Crédito,-58.15,722,6971.66
9376,254,254,7,100,8400,2022-12-30 23:45:03.079,Compra Crédito,-24.68,254,980.6
9377,798,798,3,13,7330,2020-01-25 18:26:58.434,Compra Débito,-30.46,798,40174.06
9378,994,994,7,7,6491,2017-10-08 03:46:32.160,Compra Débito,-93.47,994,576.6
9379,302,302,7,71,8282,2022-09-03 21:58:46.914,Pix - Realizado,-636.4,302,1444.94
9380,803,803,7,100,8301,2022-09-22 21:31:52.756,Compra Débito,-14.77,803,1778.51
9381,740,740,4,19,7553,2020-09-04 03:55:00.552,Saque,-325.45,740,13398.08
9382,733,733,6,4,8078,2022-02-11 18:33:02.636,Pix - Realizado,-456.3,733,1849.3
9383,181,181,2,85,4382,2011-12-30 00:07:04.316,Compra Crédito,-1.04,181,196.99
9384,301,301,7,71,7945,2021-10-01 14:09:43.868,Compra Crédito,-15.12,301,471.75
9385,351,351,2,94,8111,2022-03-16 05:56:39.459,Pix - Recebido,167.4,351,632.44
9386,685,685,7,33,6214,2017-01-04 12:44:18.751,Depósito em espécie,20.02,685,8.32
9387,82,82,10,25,8155,2022-04-29 01:32:56.503,Compra Débito,-30.25,82,124.63
9388,896,896,6,88,6853,2018-10-05 12:55:44.736,Compra Débito,-11.77,896,24.5
9389,865,865,4,1,7347,2020-02-11 21:32:14.828,Compra Débito,-14.05,865,102.36
9390,232,232,5,15,8318,2022-10-09 15:24:01.248,Compra Débito,-77.0,232,16812.45
9391,89,89,4,57,8400,2022-12-30 19:05:03.793,Transferência entre CC - Crédito,186.3,89,24693.88
9392,685,685,7,33,6215,2017-01-05 08:48:49.647,Compra Crédito,-27.69,685,8.32
9393,849,849,7,7,7591,2020-10-12 04:22:37.034,Compra Crédito,-22.67,849,48289.13
9394,880,880,7,71,7611,2020-11-01 10:02:22.157,Compra Crédito,-69.33,880,28337.91
9395,821,821,7,71,8366,2022-11-26 03:16:41.760,Compra Crédito,-8.11,821,1325.06
9396,91,91,7,14,7337,2020-02-01 12:16:30.840,DOC - Recebido,160560.0,91,0.67
9397,383,383,7,14,7859,2021-07-07 09:53:53.650,Compra Débito,-77.43,383,2380.07
9398,638,638,3,73,7596,2020-10-17 19:43:43.508,Compra Crédito,-64.44,638,18243.26
9399,176,176,4,35,6763,2018-07-07 00:00:40.567,Compra Crédito,-26.08,176,43.45
9400,893,893,3,16,4663,2012-10-06 08:54:23.456,Compra Crédito,-231.12,893,1938.72
9401,953,953,7,7,7783,2021-04-22 03:23:20.136,Pix - Realizado,-209.6,953,102.72
9402,377,377,2,29,8304,2022-09-25 15:31:11.897,Pix - Recebido,1415.3,377,7673.52
9403,861,861,4,57,6324,2017-04-24 03:09:51.190,Estorno de Debito,28.87,861,35.17
9404,524,524,7,33,6537,2017-11-23 00:16:10.843,Compra Crédito,-17.55,524,9.47
9405,758,758,5,50,6005,2016-06-09 21:39:56.429,Compra Débito,-41.4,758,92.52
9406,792,792,7,42,6594,2018-01-19 21:20:14.149,Compra Crédito,-18.35,792,3.98
9407,443,443,7,14,6359,2017-05-29 21:25:53.077,Compra Débito,-35.3,443,37.09
9408,802,802,3,13,8371,2022-12-01 06:41:52.337,Pix - Recebido,482.0,802,981.85
9409,459,459,1,60,5515,2015-02-05 02:20:28.117,Compra Débito,-20.63,459,19513.84
9410,541,541,1,62,6276,2017-03-07 18:21:27.899,Compra Crédito,-57.32,541,115.7
9411,664,664,5,55,7002,2019-03-03 18:07:12.125,Compra Débito,-22.22,664,6275.18
9412,559,559,2,86,5927,2016-03-23 00:29:02.334,Compra Crédito,-14.41,559,287.05
9413,106,106,6,44,7648,2020-12-08 01:30:08.930,Compra Crédito,-32.95,106,1060.32
9414,339,339,5,2,7760,2021-03-30 20:36:31.681,Pix - Realizado,-271.9,339,663.32
9415,935,935,7,14,6976,2019-02-05 00:28:28.879,Compra Crédito,-16.73,935,7894.24
9416,276,276,5,15,6850,2018-10-02 03:20:04.802,TED - Recebido,37875.0,276,40158.27
9417,826,826,7,71,6704,2018-05-09 20:36:47.209,Compra Débito,-31.19,826,181.92
9418,977,977,7,14,7729,2021-02-27 22:35:53.942,Saque,-138.09,977,7788.41
9419,67,67,9,46,8399,2022-12-29 11:04:17.993,Pix - Realizado,-319.6,67,33480.7
9420,143,143,7,7,7810,2021-05-19 02:33:23.324,Compra Crédito,-29.2,143,309.11
9421,285,285,2,82,7080,2019-05-20 03:50:18.672,Compra Débito,-4.46,285,30.87
9422,794,794,7,33,6908,2018-11-29 01:41:53.582,Compra Crédito,-43.83,794,454.95
9423,681,681,7,42,7928,2021-09-14 15:18:06.460,Pix - Recebido,505.4,681,507.39
9424,24,24,6,54,5790,2015-11-07 21:01:21.440,Compra Débito,-47.1,24,129.36
9425,843,843,7,42,7324,2020-01-19 16:31:05.729,Depósito em espécie,26.21,843,13.37
9426,945,945,8,89,6929,2018-12-20 22:10:55.959,Pagamento de boleto,-2578.0,945,21810.32
9427,67,67,9,46,8399,2022-12-29 17:11:49.202,Compra Crédito,-30.01,67,33480.7
9428,128,128,8,6,7131,2019-07-10 01:04:46.160,Compra Crédito,-18.43,128,44201.24
9429,821,821,7,71,8366,2022-11-26 04:05:51.470,Depósito em espécie,27.12,821,1325.06
9430,639,639,7,71,8226,2022-07-09 12:25:27.732,Pix - Realizado,-127.5,639,1176.54
9431,41,41,1,32,7531,2020-08-13 10:14:23.545,Depósito em espécie,106.28,41,166.11
9432,432,432,7,100,6956,2019-01-16 08:50:18.990,Compra Crédito,-14.62,432,15.63
9433,864,864,7,14,6976,2019-02-05 06:41:28.371,Compra Débito,-32.72,864,17812.14
9434,767,767,7,33,6252,2017-02-11 11:05:31.527,Compra Débito,-85.1,767,6534.06
9435,547,547,2,24,6512,2017-10-29 06:36:51.506,Compra Crédito,-48.99,547,31426.79
9436,514,514,9,65,7966,2021-10-22 01:02:21.064,Compra Débito,-43.72,514,29138.28
9437,698,698,7,42,6308,2017-04-08 20:49:47.997,Depósito em espécie,159.14,698,944.35
9438,359,359,1,80,5246,2014-05-12 21:54:00.053,Compra Crédito,-4.48,359,24410.06
9439,6,6,7,100,6539,2017-11-25 04:20:53.283,Compra Débito,-35.0,6,105.6
9440,566,566,7,7,7924,2021-09-10 00:52:37.981,Pix - Realizado,-1093.3,566,2055.49
9441,707,707,7,33,6247,2017-02-06 07:38:19.687,Compra Débito,-14.03,707,258.79
9442,744,744,7,7,8394,2022-12-24 20:03:46.646,Pix - Recebido,111.3,744,1041.45
9443,709,709,3,31,7403,2020-04-07 20:38:23.419,Compra Débito,-28.83,709,5626.82
9444,739,739,7,100,7417,2020-04-21 01:06:40.997,Compra Crédito,-20.23,739,14568.3
9445,177,177,3,16,4528,2012-05-24 04:44:28.404,Depósito em espécie,54.81,177,43.44
9446,940,940,7,14,6335,2017-05-05 17:07:09.160,Compra Crédito,-15.47,940,9.19
9447,748,748,2,82,6957,2019-01-17 18:22:34.750,Compra Crédito,-28.97,748,1854.33
9448,167,167,7,7,6920,2018-12-11 03:30:54.018,Compra Crédito,-38.74,167,7155.67
9449,353,353,7,71,8338,2022-10-29 10:51:54.632,Compra Crédito,-10.5,353,29.98
9450,201,201,7,71,8393,2022-12-23 09:33:28.269,Compra Crédito,-30.93,201,266.97
9451,57,57,2,84,5395,2014-10-08 22:57:57.314,Compra Crédito,-119.2,57,46453.98
9452,722,722,7,7,7169,2019-08-17 12:37:23.475,Saque,-285.63,722,6971.66
9453,372,372,7,100,7249,2019-11-05 04:12:56.262,Compra Crédito,-28.64,372,104852.88
9454,453,453,4,1,5545,2015-03-07 10:40:31.358,TED - Recebido,15855.0,453,17142.15
9455,410,410,7,14,6935,2018-12-26 19:46:48.553,Compra Crédito,-92.52,410,53033.04
9456,959,959,1,61,6346,2017-05-16 02:28:34.657,Compra Débito,-20.66,959,96.49
9457,811,811,9,65,7535,2020-08-17 06:23:23.309,Compra Crédito,-13.36,811,22.61
9458,265,265,7,42,6207,2016-12-28 10:51:36.626,Compra Crédito,-75.98,265,836.77
9459,161,161,6,44,8395,2022-12-25 05:09:03.122,Compra Crédito,-432.37,161,14288.86
9460,7,7,6,48,8320,2022-10-11 23:39:39.185,Compra Crédito,-106.13,7,114.48
9461,615,615,4,1,6951,2019-01-11 19:43:07.730,Compra Débito,-24.26,615,415.48
9462,488,488,7,14,7196,2019-09-13 16:26:32.855,Compra Crédito,-58.6,488,1303.71
9463,876,876,7,7,7905,2021-08-22 16:13:31.081,Pix - Realizado,-363.7,876,4540.25
9464,268,268,4,19,6670,2018-04-05 16:46:16.854,Compra Crédito,-42.42,268,25.63
9465,781,781,1,36,8092,2022-02-25 18:10:22.450,Compra Crédito,-18.46,781,19.25
9466,329,329,3,98,5817,2015-12-04 13:25:21.327,Compra Crédito,-9.22,329,3352.64
9467,83,83,7,14,8278,2022-08-30 00:46:42.621,Depósito em espécie,35.83,83,1420.31
9468,897,897,7,33,7994,2021-11-19 06:04:04.846,Transferência entre CC - Crédito,291.9,897,84.61
9469,450,450,7,7,8148,2022-04-22 02:25:11.364,Compra Crédito,-25.94,450,888.57
9470,938,938,6,88,6832,2018-09-14 21:24:25.689,Compra Débito,-26.17,938,1588.2
9471,907,907,7,100,6533,2017-11-19 06:29:12.541,Compra Débito,-18.03,907,76.9
9472,855,855,7,71,6108,2016-09-20 22:22:55.500,Saque,-127.89,855,242.54
9473,576,576,7,14,6074,2016-08-17 09:35:29.814,Saque,-112.63,576,5024.21
9474,754,754,1,61,4341,2011-11-19 23:37:57.136,Compra Crédito,-54.75,754,21.71
9475,739,739,7,100,7417,2020-04-21 19:30:56.070,Compra Crédito,-87.29,739,14568.3
9476,364,364,3,16,8253,2022-08-05 06:14:19.795,Pix - Realizado,-360.3,364,1783.15
9477,337,337,7,100,6822,2018-09-04 13:41:40.535,Compra Débito,-49.39,337,14854.02
9478,53,53,5,63,8389,2022-12-19 06:31:11.241,Compra Crédito,-27.35,53,9931.98
9479,406,406,6,22,8400,2022-12-30 09:10:18.773,Compra Crédito,-23.25,406,166.64
9480,721,721,7,33,8045,2022-01-09 09:42:43.856,Compra Débito,-27.94,721,179.84
9481,459,459,1,60,5515,2015-02-05 06:08:02.182,Compra Débito,-38.95,459,19513.84
9482,693,693,7,33,6235,2017-01-25 07:53:53.581,Compra Crédito,-25.81,693,2.12
9483,268,268,4,19,6672,2018-04-07 11:37:42.284,Compra Crédito,-14.1,268,25.63
9484,197,197,4,35,7428,2020-05-02 05:17:28.370,Compra Débito,-5.73,197,6.74
9485,884,884,7,71,7015,2019-03-16 11:55:03.820,Compra Crédito,-23.51,884,58.98
9486,420,420,5,50,5963,2016-04-28 07:49:52.568,Compra Débito,-10.52,420,7641.25
9487,127,127,5,34,5999,2016-06-03 03:31:52.584,Compra Crédito,-32.57,127,163.93
9488,814,814,2,9,8400,2022-12-30 22:47:30.233,Pix - Recebido,81.7,814,133.48
9489,550,550,1,3,7546,2020-08-28 11:20:13.541,Depósito em espécie,128.19,550,140.29
9490,156,156,2,9,4512,2012-05-08 07:40:50.467,Compra Crédito,-79.26,156,498.76
9491,443,443,7,14,6505,2017-10-22 16:50:16.894,Compra Crédito,-16.12,443,37.09
9492,936,936,7,33,8310,2022-10-01 09:20:56.797,Pix - Realizado,-69.2,936,458.65
9493,270,270,2,95,6581,2018-01-06 18:59:09.234,TED - Recebido,9815.0,270,10603.62
9494,670,670,3,73,6919,2018-12-10 06:49:35.887,Compra Débito,-17.52,670,1285.7
9495,77,77,7,100,6652,2018-03-18 22:14:00.073,Compra Crédito,-25.03,77,30672.17
9496,572,572,2,86,6452,2017-08-30 16:48:49.510,Compra Crédito,-67.57,572,7982.21
9497,857,857,2,70,6531,2017-11-17 11:41:59.762,Compra Débito,-36.15,857,11040.58
9498,894,894,7,14,8310,2022-10-01 14:29:51.154,Compra Débito,-71.09,894,184.42
9499,641,641,7,100,7610,2020-10-31 11:21:52.976,Compra Débito,-44.11,641,5294.41
9500,846,846,8,23,8315,2022-10-06 08:20:33.897,Pix - Realizado,-998.7,846,2090.0
9501,743,743,2,81,5403,2014-10-16 04:59:07.800,Compra Débito,-139.4,743,18.63
9502,260,260,7,7,7792,2021-05-01 00:13:45.226,Pix - Recebido,1126.9,260,1864.93
9503,656,656,2,81,6938,2018-12-29 02:09:39.007,Compra Crédito,-162.78,656,72005.0
9504,360,360,2,82,4555,2012-06-20 01:47:36.549,Compra Crédito,-5.64,360,1965.16
9505,895,895,7,14,5962,2016-04-27 07:33:02.370,Compra Débito,-57.34,895,386.08
9506,942,942,4,19,5224,2014-04-20 21:02:50.764,Compra Débito,-34.96,942,204.69
9507,411,411,1,75,4811,2013-03-03 08:40:44.554,Compra Débito,-24.14,411,53894.21
9508,292,292,5,67,6124,2016-10-06 03:49:39.614,Saque,-366.69,292,436.53
9509,946,946,7,42,8171,2022-05-15 04:10:41.729,Pix - Recebido,191.3,946,4.27
9510,875,875,7,71,8400,2022-12-30 10:52:26.183,Compra Crédito,-36.72,875,130.76
9511,481,481,7,42,8267,2022-08-19 08:22:01.732,Depósito em espécie,21.38,481,107.1
9512,780,780,8,6,6658,2018-03-24 22:34:41.456,Depósito em espécie,15.04,780,15.8
9513,430,430,3,73,4925,2013-06-25 09:24:29.861,Compra Crédito,-103.89,430,27934.18
9514,46,46,7,33,7169,2019-08-17 09:40:00.304,Compra Débito,-14.48,46,51.14
9515,375,375,2,70,7377,2020-03-12 15:33:46.924,Estorno de Debito,114.31,375,110.31
9516,934,934,1,26,5838,2015-12-25 01:55:11.010,Depósito em espécie,101.94,934,17360.35
9517,84,84,7,42,7358,2020-02-22 19:02:26.824,Saque,-33.42,84,629.81
9518,680,680,7,42,8287,2022-09-08 05:28:15.626,Compra Crédito,-51.27,680,80.25
9519,742,742,1,75,5265,2014-05-31 09:09:55.207,Depósito em espécie,31.2,742,29.02
9520,245,245,6,54,7494,2020-07-07 21:48:04.546,Compra Crédito,-6.95,245,8218.31
9521,388,388,3,98,5586,2015-04-17 03:10:21.398,Compra Débito,-170.06,388,5.66
9522,827,827,6,88,8175,2022-05-19 18:44:49.437,Compra Crédito,-96.37,827,113.21
9523,726,726,3,91,6908,2018-11-29 13:39:38.529,Compra Débito,-166.53,726,30.63
9524,130,130,3,16,5297,2014-07-02 00:38:15.308,Saque,-150.78,130,5172.38
9525,232,232,5,15,8333,2022-10-24 11:56:27.237,Compra Débito,-37.08,232,16812.45
9526,266,266,7,100,6858,2018-10-10 22:28:21.527,Depósito em espécie,35.99,266,8.44
9527,676,676,1,26,8124,2022-03-29 20:40:28.455,Compra Crédito,-45.09,676,91.0
9528,557,557,2,29,6887,2018-11-08 09:26:26.758,Compra Crédito,-12.99,557,41512.44
9529,462,462,7,100,7640,2020-11-30 04:24:49.690,Pix - Realizado,-243.6,462,18922.28
9530,271,271,4,57,8395,2022-12-25 02:29:10.973,Pix - Recebido,173.6,271,7534.76
9531,856,856,7,33,8006,2021-12-01 13:52:26.472,Compra Débito,-2.7,856,19.22
9532,639,639,7,71,8226,2022-07-09 12:48:52.089,Compra Débito,-8.64,639,1176.54
9533,200,200,2,82,7814,2021-05-23 09:55:10.710,Compra Crédito,-228.1,200,32.5
9534,467,467,10,27,8382,2022-12-12 12:12:18.169,Pix - Realizado,-744.4,467,403.93
9535,84,84,7,42,7361,2020-02-25 14:12:50.054,Compra Crédito,-84.26,84,629.81
9536,429,429,5,43,7443,2020-05-17 08:50:49.966,Compra Débito,-73.31,429,52.35
9537,644,644,8,38,7813,2021-05-22 09:25:36.369,Compra Débito,-16.32,644,254.94
9538,445,445,1,92,3743,2010-03-31 20:40:47.073,Compra Débito,-27.73,445,101.02
9539,931,931,7,42,6686,2018-04-21 17:44:00.551,Compra Crédito,-80.71,931,79.3
9540,586,586,7,33,5958,2016-04-23 05:04:03.180,Compra Crédito,-48.43,586,44099.92
9541,51,51,3,13,4970,2013-08-09 21:24:49.393,Compra Crédito,-16.78,51,8756.25
9542,569,569,4,45,7864,2021-07-12 02:15:11.895,Transferência entre CC - Débito,-281.8,569,125.24
9543,327,327,3,98,6817,2018-08-30 13:53:47.613,Compra Crédito,-18.23,327,73.88
9544,563,563,1,62,7838,2021-06-16 14:00:20.539,Compra Crédito,-13.33,563,413.35
9545,611,611,6,48,8400,2022-12-30 22:02:27.894,Compra Crédito,-65.57,611,24506.47
9546,905,905,1,80,4525,2012-05-21 08:53:54.582,Compra Crédito,-25.57,905,645.84
9547,849,849,7,7,7591,2020-10-12 09:33:13.372,Compra Débito,-8.13,849,48289.13
9548,84,84,7,42,7361,2020-02-25 14:22:19.972,Compra Débito,-21.26,84,629.81
9549,503,503,7,14,8400,2022-12-30 23:36:55.909,Compra Crédito,-19.97,503,245.49
9550,36,36,7,14,7449,2020-05-23 14:39:11.798,Transferência entre CC - Débito,-841.6,36,43990.93
9551,701,701,2,85,7704,2021-02-02 22:43:10.377,Compra Crédito,-110.84,701,4.39
9552,870,870,7,42,8072,2022-02-05 01:46:49.996,Pix - Recebido,678.5,870,252.45
9553,105,105,7,7,6009,2016-06-13 11:55:54.275,Compra Crédito,-39.76,105,132.78
9554,961,961,6,28,6853,2018-10-05 05:42:38.751,Compra Crédito,-63.63,961,7834.99
9555,901,901,2,9,4225,2011-07-26 13:46:19.132,Compra Débito,-40.75,901,23788.28
9556,881,881,7,42,6689,2018-04-24 03:25:13.297,Compra Crédito,-30.12,881,103.71
9557,612,612,6,54,6183,2016-12-04 15:22:22.968,Compra Débito,-92.06,612,18531.99
9558,900,900,1,60,8400,2022-12-30 12:43:28.063,Pix - Realizado,-138.4,900,7410.38
9559,846,846,8,23,8331,2022-10-22 02:03:59.897,Estorno de Debito,65.63,846,2090.0
9560,744,744,7,7,8398,2022-12-28 11:53:27.423,Compra Crédito,-51.78,744,1041.45
9561,480,480,7,7,5990,2016-05-25 02:24:11.889,Compra Débito,-638.78,480,16640.89
9562,63,63,1,26,8023,2021-12-18 03:42:14.984,Compra Débito,-21.9,63,2273.2
9563,741,741,7,100,7527,2020-08-09 22:50:26.790,Compra Débito,-122.79,741,691.71
9564,336,336,7,100,6482,2017-09-29 13:35:32.164,Compra Débito,-7.48,336,9163.5
9565,375,375,2,70,7377,2020-03-12 18:51:17.296,Compra Crédito,-31.72,375,110.31
9566,787,787,4,19,8400,2022-12-30 18:16:32.408,Estorno de Debito,46.73,787,25561.95
9567,528,528,3,51,5150,2014-02-05 06:29:20.282,Compra Débito,-12.4,528,73.95
9568,85,85,7,14,8042,2022-01-06 05:39:01.864,Compra Crédito,-83.34,85,669.94
9569,84,84,7,42,7365,2020-02-29 17:05:30.000,Compra Crédito,-42.65,84,629.81
9570,230,230,7,7,7892,2021-08-09 19:11:43.797,TED - Recebido,60920.0,230,2378.15
9571,456,456,3,13,5228,2014-04-24 23:58:59.076,Compra Crédito,-28.87,456,60535.86
9572,479,479,7,42,7415,2020-04-19 01:59:22.846,Compra Crédito,-24.71,479,63.54
9573,347,347,7,100,7628,2020-11-18 02:23:31.705,Pix - Realizado,-211.9,347,1104.9
9574,274,274,4,19,5782,2015-10-30 15:11:04.544,DOC - Recebido,15140.0,274,16293.85
9575,788,788,1,80,4969,2013-08-08 11:36:32.875,Compra Crédito,-31.97,788,169.47
9576,643,643,7,7,7398,2020-04-02 15:27:27.587,Compra Crédito,-61.98,643,2860.45
9577,22,22,1,26,5443,2014-11-25 15:09:28.585,Compra Crédito,-40.05,22,2.67
9578,125,125,1,61,7137,2019-07-16 20:31:36.312,Depósito em espécie,16.71,125,22.05
9579,688,688,7,42,6873,2018-10-25 17:40:54.733,Depósito em espécie,86.98,688,228.81
9580,286,286,7,71,8381,2022-12-11 00:19:16.897,Compra Crédito,-100.25,286,1724.25
9581,390,390,7,14,8051,2022-01-15 12:17:39.693,Pix - Realizado,-353.8,390,30642.59
9582,865,865,4,1,7351,2020-02-15 19:10:22.442,Depósito em espécie,99.23,865,102.36
9583,493,493,7,42,7736,2021-03-06 22:53:20.844,Depósito em espécie,14.14,493,532.93
9584,131,131,1,60,3703,2010-02-19 16:02:32.518,Estorno de Debito,75.05,131,86.41
9585,409,409,2,82,4431,2012-02-17 11:23:01.054,Compra Débito,-11.17,409,112.47
9586,183,183,1,62,7152,2019-07-31 20:55:51.429,Compra Débito,-24.8,183,117.76
9587,562,562,10,30,8224,2022-07-07 19:55:00.349,Pix - Realizado,-381.6,562,1204.78
9588,892,892,1,18,4306,2011-10-15 21:31:42.478,Compra Débito,-138.89,892,6656.82
9589,516,516,1,36,5542,2015-03-04 13:42:02.162,Compra Débito,-27.36,516,9930.41
9590,630,630,8,89,8103,2022-03-08 13:23:15.735,Compra Débito,-5.01,630,758.44
9591,681,681,7,42,7930,2021-09-16 04:00:04.907,Compra Débito,-216.78,681,507.39
9592,620,620,7,71,7472,2020-06-15 01:04:06.573,Compra Débito,-114.53,620,22052.71
9593,981,981,10,17,8318,2022-10-09 23:00:47.288,Pix - Recebido,196.2,981,505.84
9594,82,82,10,25,8181,2022-05-25 06:20:09.641,Compra Débito,-40.21,82,124.63
9595,956,956,8,10,7604,2020-10-25 00:36:09.401,Depósito em espécie,9.92,956,95.15
9596,130,130,3,16,5297,2014-07-02 06:42:15.949,Compra Crédito,-57.26,130,5172.38
9597,366,366,1,80,5729,2015-09-07 16:34:29.055,Compra Crédito,-26.52,366,12287.89
9598,901,901,2,9,4225,2011-07-26 16:51:00.687,Compra Crédito,-253.43,901,23788.28
9599,234,234,5,49,7484,2020-06-27 12:00:17.392,Compra Crédito,-66.84,234,1129.01
9600,895,895,7,14,5962,2016-04-27 12:58:50.894,Compra Débito,-29.32,895,386.08
9601,987,987,7,33,6766,2018-07-10 05:06:21.694,Compra Crédito,-29.32,987,32.6
9602,891,891,7,33,6704,2018-05-09 19:53:20.786,Compra Crédito,-21.79,891,218.62
9603,696,696,7,100,6650,2018-03-16 22:04:03.992,Pagamento de boleto,-581.2,696,3036.27
9604,458,458,7,14,6513,2017-10-30 11:17:33.586,Depósito em espécie,22.16,458,24.67
9605,593,593,7,7,7719,2021-02-17 22:54:54.394,Compra Débito,-52.85,593,216.19
9606,612,612,6,54,6183,2016-12-04 15:50:21.110,Compra Débito,-30.43,612,18531.99
9607,701,701,2,85,7705,2021-02-03 03:53:57.494,Transferência entre CC - Crédito,601.4,701,4.39
9608,146,146,1,80,5458,2014-12-10 16:43:06.307,Compra Débito,-16.41,146,708.81
9609,433,433,9,99,8004,2021-11-29 10:41:00.332,Depósito em espécie,88.93,433,16.55
9610,709,709,3,31,7404,2020-04-08 05:41:55.180,Compra Débito,-18.78,709,5626.82
9611,182,182,4,45,7196,2019-09-13 01:15:55.517,Depósito em espécie,29.7,182,13622.15
9612,141,141,7,42,8139,2022-04-13 13:04:13.645,Compra Débito,-115.66,141,270.68
9613,90,90,1,11,5537,2015-02-27 10:14:42.399,Saque,-1792.53,90,22210.21
9614,1,1,5,15,5994,2016-05-29 07:28:01.325,Saque,-279.15,1,4329.64
9615,678,678,9,66,8270,2022-08-22 07:44:01.639,Compra Crédito,-14.01,678,49659.67
9616,316,316,7,33,8325,2022-10-16 22:27:27.784,Depósito em espécie,69.59,316,5.29
9617,202,202,7,100,6222,2017-01-12 03:48:46.642,Compra Débito,-14.9,202,49.02
9618,798,798,3,13,7473,2020-06-16 08:56:43.539,TED - Recebido,6355.0,798,40174.06
9619,417,417,7,14,8074,2022-02-07 03:12:47.900,Saque,-153.0,417,486.42
9620,354,354,7,100,5888,2016-02-13 05:47:27.672,Compra Crédito,-39.06,354,76726.35
9621,384,384,3,98,6785,2018-07-29 16:07:49.486,Compra Crédito,-3.99,384,78.72
9622,779,779,9,83,7800,2021-05-09 04:25:24.799,Saque,-510.34,779,2128.75
9623,274,274,4,19,6461,2017-09-08 08:12:36.190,Compra Crédito,-117.12,274,16293.85
9624,243,243,5,49,7813,2021-05-22 07:48:49.526,Compra Débito,-27.96,243,1150.34
9625,414,414,1,39,5061,2013-11-08 15:17:01.914,Compra Débito,-10.7,414,21.49
9626,297,297,1,32,7978,2021-11-03 15:06:11.789,Pix - Recebido,1601.7,297,55701.51
9627,205,205,5,55,7149,2019-07-28 22:03:47.466,Compra Débito,-102.83,205,547.56
9628,132,132,7,14,8007,2021-12-02 11:01:12.491,Compra Crédito,-67.91,132,2593.5
9629,610,610,7,42,7762,2021-04-01 02:43:17.578,Pix - Recebido,275.9,610,378.18
9630,822,822,5,34,8327,2022-10-18 07:16:56.239,Compra Crédito,-13.1,822,230.97
9631,419,419,6,4,7544,2020-08-26 17:36:42.532,Compra Crédito,-11.81,419,96414.93
9632,793,793,7,71,8400,2022-12-30 23:59:59.540,Saque,-11.28,793,136.29
9633,337,337,7,100,6822,2018-09-04 14:13:27.551,Compra Crédito,-39.17,337,14854.02
9634,144,144,7,14,6939,2018-12-30 14:53:56.599,Compra Débito,-7.5,144,11.39
9635,793,793,7,71,8400,2022-12-30 23:59:59.566,Compra Crédito,-47.08,793,136.29
9636,959,959,1,61,6398,2017-07-07 19:41:55.153,Compra Crédito,-12.48,959,96.49
9637,528,528,3,51,5150,2014-02-05 09:52:39.511,Compra Crédito,-28.71,528,73.95
9638,291,291,3,98,8070,2022-02-03 06:28:04.905,Pix - Recebido,218.2,291,376.66
9639,964,964,7,7,7945,2021-10-01 05:05:46.622,Compra Débito,-14.2,964,1104.14
9640,708,708,3,73,7024,2019-03-25 23:31:39.509,Compra Débito,-11.67,708,81.79
9641,920,920,2,86,8399,2022-12-29 22:44:25.293,Pix - Realizado,-188.5,920,199.44
9642,746,746,7,100,8347,2022-11-07 14:22:04.595,Pix - Recebido,1963.5,746,2182.45
9643,895,895,7,14,5963,2016-04-28 17:20:05.059,Transferência entre CC - Débito,-933.9,895,386.08
9644,958,958,6,40,5672,2015-07-12 11:14:05.962,Compra Crédito,-12.03,958,72.3
9645,448,448,8,10,7705,2021-02-03 12:26:35.411,Pix - Realizado,-133.9,448,23366.23
9646,388,388,3,98,5586,2015-04-17 03:10:54.600,Compra Débito,-15.49,388,5.66
9647,55,55,8,47,8183,2022-05-27 21:17:56.503,Pix - Realizado,-1308.2,55,15624.79
9648,129,129,1,32,8253,2022-08-05 22:13:36.997,Compra Débito,-14.55,129,634.74
9649,706,706,7,14,6934,2018-12-25 12:50:49.958,Compra Crédito,-63.89,706,972.02
9650,757,757,1,60,3939,2010-10-13 11:50:38.057,Compra Débito,-158.52,757,26295.87
9651,608,608,2,82,4085,2011-03-08 17:35:25.715,Depósito em espécie,25.37,608,8.94
9652,32,32,8,69,6995,2019-02-24 23:18:01.918,Compra Débito,-30.7,32,53414.48
9653,384,384,3,98,6785,2018-07-29 16:40:23.232,Compra Débito,-53.5,384,78.72
9654,922,922,7,100,6688,2018-04-23 11:00:53.182,Saque,-49.67,922,39.71
9655,783,783,7,14,6502,2017-10-19 10:17:55.610,Compra Débito,-32.72,783,27460.42
9656,899,899,1,92,7828,2021-06-06 23:44:01.757,Compra Débito,-19.0,899,6.64
9657,453,453,4,1,5546,2015-03-08 10:56:32.071,Compra Crédito,-15.29,453,17142.15
9658,185,185,3,51,5673,2015-07-13 16:56:32.763,Compra Crédito,-5.92,185,17.06
9659,165,165,7,42,8323,2022-10-14 05:26:10.830,Compra Débito,-4.8,165,537.34
9660,903,903,7,71,6855,2018-10-07 05:56:27.329,Compra Débito,-3.82,903,69.48
9661,457,457,7,7,7554,2020-09-05 08:19:19.172,Compra Débito,-6.31,457,1.81
9662,702,702,7,42,8217,2022-06-30 02:08:38.796,Depósito em espécie,45.77,702,2887.37
9663,410,410,7,14,7347,2020-02-11 17:32:34.708,Saque,-543.12,410,53033.04
9664,937,937,7,71,8305,2022-09-26 00:46:57.026,Compra Crédito,-7.2,937,22.3
9665,304,304,7,42,7417,2020-04-21 19:30:19.349,Compra Crédito,-55.86,304,60127.5
9666,20,20,3,91,7142,2019-07-21 09:09:20.883,Compra Débito,-28.67,20,27027.3
9667,469,469,7,33,6840,2018-09-22 15:17:23.822,Compra Crédito,-2.51,469,72521.79
9668,208,208,4,35,7091,2019-05-31 20:11:08.292,Compra Débito,-13.08,208,77.03
9669,988,988,6,28,8014,2021-12-09 01:07:36.207,Pix - Realizado,-65.7,988,155.68
9670,546,546,1,61,7987,2021-11-12 04:52:59.813,Saque,-128.9,546,803.81
9671,877,877,7,7,7028,2019-03-29 02:14:48.235,Compra Crédito,-18.64,877,30.7
9672,983,983,1,39,8121,2022-03-26 23:49:51.445,Pix - Recebido,221.7,983,28561.26
9673,678,678,9,66,8282,2022-09-03 17:10:17.161,Pix - Realizado,-353.0,678,49659.67
9674,30,30,9,77,8019,2021-12-14 18:09:10.237,Pix - Realizado,-1608.5,30,8.42
9675,23,23,7,33,6043,2016-07-17 02:07:12.448,Compra Crédito,-19.88,23,7554.2
9676,844,844,7,7,6580,2018-01-05 21:01:59.169,Compra Crédito,-32.56,844,2.69
9677,776,776,4,1,6718,2018-05-23 05:15:28.470,Transferência entre CC - Crédito,182.9,776,164.21
9678,63,63,1,26,8023,2021-12-18 08:30:49.602,Pix - Recebido,2286.2,63,2273.2
9679,495,495,7,33,8314,2022-10-05 12:31:54.795,Compra Débito,-72.63,495,134.75
9680,607,607,7,42,7998,2021-11-23 04:13:34.239,Compra Crédito,-41.56,607,72146.24
9681,771,771,1,80,7118,2019-06-27 03:13:51.555,Compra Débito,-10.0,771,23150.03
9682,338,338,7,42,8175,2022-05-19 10:56:14.857,Pix - Realizado,-464.2,338,1187.02
9683,564,564,1,80,7408,2020-04-12 03:15:39.096,TED - Recebido,9430.0,564,9153.86
9684,668,668,6,40,7551,2020-09-02 20:57:22.169,Compra Débito,-124.26,668,2919.67
9685,899,899,1,92,7829,2021-06-07 02:34:43.474,Compra Débito,-8.78,899,6.64
9686,516,516,1,36,6252,2017-02-11 18:37:57.055,Compra Crédito,-45.41,516,9930.41
9687,105,105,7,7,6015,2016-06-19 14:56:48.312,Depósito em espécie,120.92,105,132.78
9688,916,916,3,73,5544,2015-03-06 09:11:00.022,Compra Débito,-7.45,916,76592.34
9689,137,137,1,36,7041,2019-04-11 23:46:01.170,Compra Débito,-85.95,137,338.5
9690,611,611,6,48,8400,2022-12-30 22:02:45.003,Compra Débito,-82.82,611,24506.47
9691,464,464,3,13,5439,2014-11-21 13:08:14.002,Compra Crédito,-15.36,464,16.34
9692,651,651,7,7,6011,2016-06-15 16:17:00.340,Compra Débito,-155.7,651,21634.01
9693,250,250,5,55,6344,2017-05-14 11:43:31.453,Compra Crédito,-62.5,250,12.9
9694,242,242,7,14,7243,2019-10-30 13:23:37.571,Compra Débito,-87.29,242,2838.61
9695,46,46,7,33,7175,2019-08-23 02:57:29.468,Depósito em espécie,119.35,46,51.14
9696,53,53,5,63,8391,2022-12-21 18:18:57.939,Pix - Realizado,-461.3,53,9931.98
9697,271,271,4,57,8399,2022-12-29 07:46:36.978,Pix - Realizado,-864.0,271,7534.76
9698,886,886,7,33,8379,2022-12-09 23:50:05.860,Compra Crédito,-72.79,886,54.27
9699,148,148,9,93,7355,2020-02-19 21:22:22.772,Compra Débito,-10.01,148,41.59
9700,47,47,1,11,4998,2013-09-06 22:56:18.576,Compra Crédito,-74.84,47,218.62
9701,181,181,2,85,4451,2012-03-08 11:10:11.887,Depósito em espécie,166.83,181,196.99
9702,396,396,7,71,8056,2022-01-20 11:25:20.314,Compra Débito,-127.71,396,765.0
9703,559,559,2,86,5927,2016-03-23 05:18:11.123,Depósito em espécie,26.4,559,287.05
9704,579,579,7,33,7134,2019-07-13 18:08:25.240,Compra Débito,-101.19,579,399.38
9705,605,605,3,16,5679,2015-07-19 14:06:33.275,Compra Débito,-10.96,605,48.1
9706,85,85,7,14,8047,2022-01-11 20:41:41.325,Compra Débito,-58.53,85,669.94
9707,961,961,6,28,6853,2018-10-05 06:26:14.066,Compra Crédito,-22.88,961,7834.99
9708,322,322,6,88,7740,2021-03-10 04:17:41.257,Pix - Realizado,-259.9,322,1350.65
9709,845,845,3,13,4938,2013-07-08 01:23:52.521,Compra Crédito,-33.09,845,14733.18
9710,932,932,2,81,5972,2016-05-07 10:31:05.842,Depósito em espécie,69.14,932,230.83
9711,512,512,5,55,6522,2017-11-08 01:47:20.864,Compra Débito,-7.38,512,10.77
9712,808,808,3,31,5444,2014-11-26 19:44:29.189,Compra Débito,-53.56,808,5942.22
9713,227,227,3,16,6440,2017-08-18 14:49:35.948,Compra Débito,-14.7,227,15.83
9714,226,226,4,35,8259,2022-08-11 20:33:35.168,Transferência entre CC - Crédito,2247.7,226,2367.0
9715,775,775,4,57,7250,2019-11-06 07:46:22.944,Compra Débito,-208.81,775,260.06
9716,631,631,6,88,6018,2016-06-22 02:33:54.734,Compra Débito,-32.99,631,7311.87
9717,898,898,4,45,6621,2018-02-15 16:23:06.701,Compra Débito,-24.77,898,32.21
9718,518,518,3,31,5429,2014-11-11 14:12:49.348,Compra Crédito,-42.08,518,20526.06
9719,981,981,10,17,8322,2022-10-13 13:54:13.912,Compra Crédito,-24.64,981,505.84
9720,855,855,7,71,6111,2016-09-23 05:30:36.393,Depósito em espécie,67.22,855,242.54
9721,730,730,8,69,7461,2020-06-04 23:57:12.717,Estorno de Debito,72.35,730,133.46
9722,641,641,7,100,7610,2020-10-31 15:17:40.494,Compra Crédito,-145.88,641,5294.41
9723,999,999,7,42,7563,2020-09-14 03:48:26.681,Depósito em espécie,42.02,999,11.44
9724,327,327,3,98,6818,2018-08-31 02:23:07.637,Depósito em espécie,87.36,327,73.88
9725,344,344,7,71,8127,2022-04-01 04:28:19.552,Compra Débito,-15.03,344,27444.25
9726,84,84,7,42,7366,2020-03-01 06:11:40.243,Compra Débito,-45.6,84,629.81
9727,602,602,7,33,7699,2021-01-28 15:56:32.174,Depósito em espécie,182.34,602,756.44
9728,449,449,7,14,8120,2022-03-25 00:09:28.649,Pix - Realizado,-236.1,449,378.55
9729,103,103,7,42,6423,2017-08-01 00:50:14.741,Compra Crédito,-4.44,103,1008.16
9730,652,652,7,14,8199,2022-06-12 02:12:29.375,Compra Crédito,-38.98,652,117.65
9731,809,809,1,11,8150,2022-04-24 08:30:17.321,Compra Débito,-30.35,809,6205.66
9732,12,12,2,90,4889,2013-05-20 11:32:41.798,Compra Débito,-73.47,12,386.99
9733,440,440,4,57,6852,2018-10-04 04:53:22.225,Compra Crédito,-63.92,440,29.05
9734,917,917,1,36,7681,2021-01-10 22:22:08.893,Saque,-62.85,917,245.39
9735,803,803,7,100,8303,2022-09-24 18:23:47.979,Compra Crédito,-15.96,803,1778.51
9736,49,49,7,100,7872,2021-07-20 17:31:08.483,Compra Crédito,-29.31,49,1.99
9737,639,639,7,71,8241,2022-07-24 20:08:37.855,Compra Débito,-47.28,639,1176.54
9738,432,432,7,100,6957,2019-01-17 10:57:23.050,Compra Débito,-38.2,432,15.63
9739,154,154,7,33,6882,2018-11-03 20:06:43.067,Compra Crédito,-215.22,154,339.43
9740,778,778,5,55,6333,2017-05-03 15:12:23.820,Compra Débito,-7.88,778,86.63
9741,103,103,7,42,6434,2017-08-12 20:09:57.054,Compra Débito,-86.93,103,1008.16
9742,61,61,1,11,4922,2013-06-22 19:54:22.676,Compra Débito,-107.13,61,12882.9
9743,756,756,7,100,7474,2020-06-17 02:42:59.460,Compra Crédito,-76.89,756,79.57
9744,229,229,7,14,7648,2020-12-08 14:05:11.396,Pix - Recebido,137.5,229,110.29
9745,162,162,7,42,8397,2022-12-27 05:14:59.787,Compra Débito,-24.58,162,57.87
9746,688,688,7,42,6875,2018-10-27 05:24:01.617,Compra Débito,-15.03,688,228.81
9747,764,764,7,42,6537,2017-11-23 14:09:17.368,Compra Crédito,-42.94,764,1599.11
9748,491,491,7,100,6610,2018-02-04 06:20:11.240,Compra Crédito,-11.68,491,0.86
9749,353,353,7,71,8339,2022-10-30 10:18:11.963,Compra Crédito,-26.05,353,29.98
9750,730,730,8,69,7468,2020-06-11 16:06:43.824,Compra Débito,-10.59,730,133.46
9751,195,195,4,45,5705,2015-08-14 21:08:42.829,Compra Débito,-96.2,195,48.9
9752,25,25,8,23,8288,2022-09-09 19:05:55.441,Compra Débito,-7.09,25,29.89
9753,597,597,2,94,7502,2020-07-15 20:16:12.844,Compra Crédito,-38.38,597,404.1
9754,780,780,8,6,6659,2018-03-25 00:43:45.093,Compra Débito,-8.83,780,15.8
9755,340,340,4,35,8016,2021-12-11 14:53:43.399,Pix - Recebido,351.2,340,393.03
9756,924,924,3,91,6531,2017-11-17 13:33:07.927,Saque,-129.01,924,306.5
9757,165,165,7,42,8375,2022-12-05 03:18:41.297,Pix - Recebido,317.3,165,537.34
9758,429,429,5,43,7443,2020-05-17 11:34:22.686,Compra Crédito,-24.42,429,52.35
9759,77,77,7,100,6653,2018-03-19 17:59:34.389,Compra Crédito,-24.71,77,30672.17
9760,845,845,3,13,4938,2013-07-08 07:15:18.912,Compra Crédito,-87.18,845,14733.18
9761,828,828,2,24,4817,2013-03-09 07:34:39.166,Compra Crédito,-15.25,828,1.1
9762,566,566,7,7,7924,2021-09-10 02:15:24.493,Pix - Realizado,-540.3,566,2055.49
9763,146,146,1,80,5458,2014-12-10 16:44:11.502,Compra Débito,-20.27,146,708.81
9764,240,240,7,14,8212,2022-06-25 22:15:49.610,Depósito em espécie,89.31,240,1014.33
9765,953,953,7,7,7921,2021-09-07 05:28:40.290,Compra Débito,-20.74,953,102.72
9766,577,577,1,61,7705,2021-02-03 10:51:24.737,Compra Crédito,-61.15,577,9772.11
9767,409,409,2,82,4431,2012-02-17 11:41:19.896,Compra Débito,-61.76,409,112.47
9768,830,830,1,18,5606,2015-05-07 18:04:15.303,Compra Débito,-30.87,830,16.28
9769,209,209,7,14,6198,2016-12-19 12:54:59.325,Saque,-481.69,209,5.22
9770,873,873,6,44,7681,2021-01-10 18:51:28.243,Depósito em espécie,53.19,873,6549.26
9771,944,944,7,7,8021,2021-12-16 06:49:58.319,Compra Débito,-48.63,944,295.89
9772,41,41,1,32,7531,2020-08-13 10:41:59.149,Compra Crédito,-28.89,41,166.11
9773,586,586,7,33,5958,2016-04-23 05:25:44.847,Compra Crédito,-19.18,586,44099.92
9774,746,746,7,100,8347,2022-11-07 15:47:49.829,Compra Crédito,-16.38,746,2182.45
9775,96,96,7,71,8016,2021-12-11 20:51:47.091,Compra Débito,-32.63,96,1337.15
9776,608,608,2,82,4085,2011-03-08 17:56:20.579,Compra Crédito,-18.35,608,8.94
9777,457,457,7,7,7590,2020-10-11 00:37:50.011,DOC - Recebido,21165.0,457,1.81
9778,359,359,1,80,5247,2014-05-13 01:56:52.878,TED - Recebido,22390.0,359,24410.06
9779,350,350,7,7,6374,2017-06-13 12:30:26.429,Compra Crédito,-28.26,350,91.18
9780,897,897,7,33,7994,2021-11-19 21:00:45.139,Pix - Realizado,-214.2,897,84.61
9781,925,925,9,74,7593,2020-10-14 22:46:53.975,Compra Crédito,-92.12,925,4860.91
9782,222,222,6,22,6981,2019-02-10 14:29:45.853,Compra Débito,-9.61,222,563.31
9783,113,113,7,100,8120,2022-03-25 04:19:44.104,Pix - Recebido,704.5,113,1153.95
9784,608,608,2,82,4088,2011-03-11 22:26:31.854,Depósito em espécie,71.76,608,8.94
9785,224,224,7,7,8091,2022-02-24 15:10:04.265,Compra Crédito,-52.63,224,297.78
9786,712,712,7,42,8397,2022-12-27 05:30:45.014,Pix - Realizado,-252.2,712,450.19
9787,503,503,7,14,8400,2022-12-30 23:58:46.382,Compra Débito,-38.55,503,245.49
9788,661,661,5,55,5809,2015-11-26 00:49:04.697,DOC - Recebido,5960.0,661,6239.1
9789,30,30,9,77,8019,2021-12-14 19:17:03.018,Pix - Realizado,-163.6,30,8.42
9790,440,440,4,57,6860,2018-10-12 23:46:09.361,Compra Crédito,-25.15,440,29.05
9791,710,710,7,42,6368,2017-06-07 09:31:28.344,Compra Crédito,-80.53,710,38354.24
9792,992,992,2,82,5305,2014-07-10 13:54:24.612,Compra Débito,-110.0,992,32689.53
9793,956,956,8,10,7608,2020-10-29 19:24:12.082,Compra Crédito,-7.42,956,95.15
9794,260,260,7,7,7792,2021-05-01 01:54:31.008,Compra Débito,-6.76,260,1864.93
9795,918,918,1,75,5421,2014-11-03 23:20:09.740,Transferência entre CC - Crédito,705.7,918,1.77
9796,832,832,7,33,6232,2017-01-22 20:14:29.135,Compra Crédito,-50.34,832,87.14
9797,504,504,7,42,7044,2019-04-14 20:48:17.994,Compra Débito,-129.68,504,941.58
9798,666,666,7,42,8249,2022-08-01 10:24:41.531,Pix - Recebido,325.4,666,40437.53
9799,986,986,3,98,7170,2019-08-18 10:51:23.827,Saque,-191.24,986,13317.02
9800,221,221,4,45,6896,2018-11-17 13:01:47.327,Compra Crédito,-137.7,221,238.48
9801,448,448,8,10,7705,2021-02-03 14:16:22.953,Pagamento de boleto,-360.8,448,23366.23
9802,646,646,7,14,6106,2016-09-18 06:08:24.536,Compra Crédito,-106.08,646,1677.94
9803,642,642,7,100,7311,2020-01-06 16:45:06.976,Depósito em espécie,28.67,642,5.39
9804,358,358,3,51,7038,2019-04-08 09:49:41.669,Depósito em espécie,9.94,358,143.47
9805,659,659,3,13,5686,2015-07-26 14:00:16.697,Compra Débito,-98.83,659,156.31
9806,160,160,3,98,4858,2013-04-19 06:59:20.530,Compra Crédito,-31.05,160,20533.29
9807,925,925,9,74,7595,2020-10-16 23:21:48.085,Compra Crédito,-38.82,925,4860.91
9808,165,165,7,42,8375,2022-12-05 22:53:32.296,Pix - Recebido,163.6,165,537.34
9809,428,428,5,55,7273,2019-11-29 10:51:55.759,Compra Crédito,-45.28,428,51.82
9810,982,982,7,14,6478,2017-09-25 00:06:41.323,Depósito em espécie,17.66,982,2804.79
9811,94,94,9,87,7725,2021-02-23 02:52:02.664,Compra Crédito,-138.55,94,556.12
9812,916,916,3,73,5544,2015-03-06 12:12:29.419,DOC - Recebido,78135.0,916,76592.34
9813,992,992,2,82,5310,2014-07-15 08:18:23.966,Compra Crédito,-64.85,992,32689.53
9814,926,926,7,71,6368,2017-06-07 15:42:19.216,Compra Débito,-67.18,926,4.32
9815,880,880,7,71,7647,2020-12-07 04:00:28.520,Compra Crédito,-21.63,880,28337.91
9816,362,362,2,85,6648,2018-03-14 22:39:46.264,Compra Débito,-2.57,362,24.48
9817,564,564,1,80,7428,2020-05-02 05:14:40.412,TED - Recebido,17110.0,564,9153.86
9818,583,583,7,33,7133,2019-07-12 07:12:06.668,Depósito em espécie,34.71,583,12.56
9819,818,818,7,33,5998,2016-06-02 12:44:58.602,Depósito em espécie,24.13,818,11.77
9820,945,945,8,89,6929,2018-12-20 22:24:40.660,Compra Débito,-37.42,945,21810.32
9821,270,270,2,95,6582,2018-01-07 03:33:14.027,Compra Débito,-10.01,270,10603.62
9822,977,977,7,14,7729,2021-02-27 23:03:29.757,Pix - Realizado,-610.2,977,7788.41
9823,485,485,3,13,4947,2013-07-17 06:52:37.066,Depósito em espécie,176.2,485,272.31
9824,973,973,7,42,8019,2021-12-14 09:50:51.286,Transferência entre CC - Crédito,393.7,973,873.74
9825,824,824,7,14,7395,2020-03-30 06:52:35.956,Compra Crédito,-45.11,824,32360.92
9826,229,229,7,14,7650,2020-12-10 16:32:00.929,Compra Crédito,-60.35,229,110.29
9827,378,378,9,83,8400,2022-12-30 22:21:22.113,Saque,-613.7,378,777.25
9828,295,295,6,44,6414,2017-07-23 12:41:27.545,Compra Crédito,-44.44,295,405.1
9829,937,937,7,71,8329,2022-10-20 00:46:20.699,Pix - Recebido,576.1,937,22.3
9830,25,25,8,23,8288,2022-09-09 19:37:07.957,Compra Débito,-7.34,25,29.89
9831,559,559,2,86,5944,2016-04-09 02:00:29.404,Compra Crédito,-134.67,559,287.05
9832,543,543,8,10,7794,2021-05-03 00:25:52.215,Pix - Recebido,562.8,543,566.44
9833,347,347,7,100,7630,2020-11-20 05:14:19.963,Pix - Recebido,461.3,347,1104.9
9834,725,725,7,71,7096,2019-06-05 12:06:25.364,Saque,-137.27,725,557.09
9835,883,883,7,42,8389,2022-12-19 11:31:09.400,Pix - Realizado,-322.5,883,485.4
9836,747,747,1,61,7337,2020-02-01 22:33:02.502,Depósito em espécie,28.26,747,3.0
9837,410,410,7,14,7347,2020-02-11 17:39:43.840,Compra Débito,-9.67,410,53033.04
9838,195,195,4,45,5706,2015-08-15 07:36:02.348,Compra Crédito,-9.22,195,48.9
9839,18,18,2,85,4827,2013-03-19 09:13:30.925,Compra Crédito,-31.78,18,32.99
9840,261,261,2,70,6193,2016-12-14 05:49:09.769,Compra Crédito,-318.17,261,12732.03
9841,187,187,7,7,6327,2017-04-27 21:34:55.888,Compra Crédito,-26.4,187,111.14
9842,301,301,7,71,7945,2021-10-01 17:02:24.605,Compra Crédito,-90.08,301,471.75
9843,285,285,2,82,7083,2019-05-23 18:22:04.191,Depósito em espécie,41.99,285,30.87
9844,845,845,3,13,4938,2013-07-08 07:15:23.587,Compra Crédito,-46.28,845,14733.18
9845,231,231,7,14,6437,2017-08-15 09:50:00.542,Compra Crédito,-51.0,231,2564.84
9846,33,33,9,93,7544,2020-08-26 23:38:43.246,Saque,-392.8,33,57.66
9847,28,28,2,76,6358,2017-05-28 22:12:18.057,Transferência entre CC - Crédito,2341.5,28,2982.91
9848,372,372,7,100,7249,2019-11-05 04:18:15.365,Compra Crédito,-9.75,372,104852.88
9849,526,526,3,51,8002,2021-11-27 10:27:50.199,Pix - Recebido,485.2,526,2246.83
9850,299,299,6,96,7257,2019-11-13 04:36:13.300,Depósito em espécie,73.55,299,146.82
9851,543,543,8,10,7795,2021-05-04 10:47:20.021,Compra Crédito,-19.31,543,566.44
9852,630,630,8,89,8103,2022-03-08 13:47:36.238,Depósito em espécie,288.54,630,758.44
9853,196,196,3,91,7672,2021-01-01 08:54:41.648,Compra Débito,-31.97,196,52.64
9854,374,374,7,71,6912,2018-12-03 22:19:01.930,Compra Crédito,-6.56,374,54.87
9855,603,603,4,35,8018,2021-12-13 18:01:17.338,Compra Crédito,-60.0,603,329.45
9856,833,833,7,14,8391,2022-12-21 03:49:17.645,Compra Crédito,-56.45,833,7112.52
9857,594,594,7,71,6605,2018-01-30 21:25:26.277,Compra Crédito,-73.24,594,12528.72
9858,955,955,5,34,8355,2022-11-15 07:48:41.080,Pix - Realizado,-907.5,955,25.34
9859,74,74,7,14,8237,2022-07-20 12:41:20.241,Compra Crédito,-10.68,74,47148.34
9860,220,220,4,19,5669,2015-07-09 11:33:28.661,TED - Recebido,34575.0,220,2.35
9861,334,334,7,14,8301,2022-09-22 04:26:53.752,Pix - Realizado,-473.0,334,1195.42
9862,755,755,7,42,6852,2018-10-04 14:46:38.403,Compra Débito,-18.73,755,25.99
9863,446,446,7,33,7143,2019-07-22 19:14:28.459,Compra Débito,-24.62,446,204.27
9864,719,719,3,51,8063,2022-01-27 16:29:13.154,Compra Crédito,-11.31,719,392.74
9865,274,274,4,19,6575,2017-12-31 01:45:10.074,Compra Débito,-43.07,274,16293.85
9866,506,506,8,38,8157,2022-05-01 00:37:42.910,Compra Crédito,-9.91,506,268.56
9867,750,750,4,19,5998,2016-06-02 15:03:00.400,Compra Crédito,-64.49,750,1945.52
9868,635,635,1,3,6428,2017-08-06 10:07:57.334,Compra Débito,-24.8,635,5673.71
9869,717,717,7,42,7489,2020-07-02 14:02:25.250,Compra Débito,-102.32,717,86.27
9870,493,493,7,42,7739,2021-03-09 01:22:42.679,Pix - Recebido,496.7,493,532.93
9871,822,822,5,34,8327,2022-10-18 07:17:45.366,Pix - Recebido,209.6,822,230.97
9872,714,714,7,7,5917,2016-03-13 09:50:32.881,Depósito em espécie,32.73,714,49.87
9873,536,536,4,45,6577,2018-01-02 16:00:23.494,Compra Débito,-10.86,536,14.4
9874,992,992,2,82,5363,2014-09-06 09:22:28.325,Compra Crédito,-709.58,992,32689.53
9875,640,640,7,71,7649,2020-12-09 23:16:24.963,Pix - Realizado,-118.2,640,418.19
9876,956,956,8,10,7608,2020-10-29 20:17:32.838,Depósito em espécie,85.86,956,95.15
9877,756,756,7,100,7477,2020-06-20 15:46:09.938,Compra Crédito,-17.15,756,79.57
9878,58,58,1,80,5704,2015-08-13 11:50:24.256,Compra Débito,-89.63,58,134.97
9879,318,318,3,91,7535,2020-08-17 00:48:38.676,Compra Crédito,-28.01,318,43585.91
9880,66,66,7,33,7184,2019-09-01 03:28:46.815,Transferência entre CC - Crédito,421.4,66,50577.51
9881,419,419,6,4,7544,2020-08-26 18:39:23.519,Compra Crédito,-9.0,419,96414.93
9882,590,590,7,71,8031,2021-12-26 11:44:46.809,Compra Crédito,-14.58,590,375.29
9883,9,9,4,45,8312,2022-10-03 00:13:44.998,Compra Débito,-52.11,9,332.15
9884,715,715,8,23,8278,2022-08-30 19:25:33.787,Pix - Realizado,-179.9,715,1222.03
9885,145,145,3,31,8396,2022-12-26 09:11:06.021,Compra Crédito,-10.56,145,321.91
9886,892,892,1,18,4307,2011-10-16 18:04:47.373,Compra Crédito,-18.2,892,6656.82
9887,153,153,4,1,7737,2021-03-07 16:36:27.812,Compra Crédito,-24.14,153,268.85
9888,482,482,9,12,8014,2021-12-09 18:17:50.406,Compra Débito,-4.82,482,205.69
9889,548,548,7,33,8281,2022-09-02 02:00:50.528,Compra Crédito,-26.09,548,3522.41
9890,330,330,9,59,7624,2020-11-14 15:35:10.909,Saque,-223.38,330,93.01
9891,604,604,7,14,6622,2018-02-16 19:56:38.356,Compra Crédito,-25.63,604,5498.85
9892,655,655,7,42,7789,2021-04-28 16:14:45.107,Saque,-150.97,655,232.15
9893,820,820,4,35,6371,2017-06-10 00:47:47.191,Compra Crédito,-99.53,820,50513.1
9894,62,62,2,82,6796,2018-08-09 15:44:56.870,Depósito em espécie,14.05,62,14.12
9895,971,971,1,61,5930,2016-03-26 04:17:51.379,Depósito em espécie,59.25,971,73.87
9896,552,552,4,1,8397,2022-12-27 08:42:02.838,Compra Débito,-23.65,552,386.22
9897,167,167,7,7,6920,2018-12-11 03:35:55.632,Compra Crédito,-66.9,167,7155.67
9898,854,854,6,96,7805,2021-05-14 14:26:15.940,Saque,-79.05,854,2489.45
9899,31,31,6,40,6305,2017-04-05 19:20:42.369,Compra Crédito,-47.57,31,271.65
9900,428,428,5,55,7280,2019-12-06 01:07:39.782,Depósito em espécie,47.65,428,51.82
9901,195,195,4,45,5727,2015-09-05 03:11:36.424,Compra Débito,-20.25,195,48.9
9902,140,140,6,22,8218,2022-07-01 10:03:53.008,Transferência entre CC - Crédito,499.7,140,533.87
9903,764,764,7,42,6537,2017-11-23 14:28:37.930,Compra Crédito,-27.55,764,1599.11
9904,455,455,7,7,7361,2020-02-25 20:26:27.005,Compra Débito,-10.8,455,37.34
9905,700,700,4,57,5443,2014-11-25 00:06:56.595,Compra Débito,-132.97,700,767.58
9906,814,814,2,9,8400,2022-12-30 23:33:36.611,Compra Crédito,-70.36,814,133.48
9907,485,485,3,13,4947,2013-07-17 07:23:01.430,Compra Débito,-105.79,485,272.31
9908,431,431,2,85,4818,2013-03-10 16:36:59.493,Compra Crédito,-8.58,431,28.76
9909,23,23,7,33,6045,2016-07-19 13:33:55.600,Compra Débito,-56.83,23,7554.2
9910,78,78,7,42,8386,2022-12-16 16:12:23.348,Compra Débito,-18.59,78,1075.63
9911,581,581,5,63,7714,2021-02-12 19:52:14.777,Compra Crédito,-31.62,581,346.66
9912,14,14,1,11,8009,2021-12-04 15:56:50.243,Pix - Realizado,-69.8,14,104.39
9913,132,132,7,14,8008,2021-12-03 03:00:19.912,Pix - Recebido,503.4,132,2593.5
9914,661,661,5,55,5809,2015-11-26 14:56:04.597,Compra Crédito,-26.8,661,6239.1
9915,30,30,9,77,8020,2021-12-15 01:19:28.733,Compra Débito,-22.95,30,8.42
9916,666,666,7,42,8252,2022-08-04 15:39:29.959,Pix - Realizado,-409.9,666,40437.53
9917,991,991,4,57,6454,2017-09-01 19:30:55.893,Depósito em espécie,38.09,991,430.16
9918,422,422,7,42,6417,2017-07-26 00:53:17.663,Compra Débito,-74.57,422,23.08
9919,126,126,7,42,5832,2015-12-19 18:24:41.869,Transferência entre CC - Débito,-32.1,126,74.12
9920,773,773,2,82,4192,2011-06-23 09:30:07.424,Compra Crédito,-36.98,773,23568.46
9921,678,678,9,66,8303,2022-09-24 08:22:27.538,Pix - Realizado,-1097.8,678,49659.67
9922,480,480,7,7,5991,2016-05-26 21:00:47.191,Compra Crédito,-66.39,480,16640.89
9923,161,161,6,44,8400,2022-12-30 14:03:21.084,Compra Débito,-20.42,161,14288.86
9924,166,166,7,14,7754,2021-03-24 23:04:08.345,Compra Crédito,-45.38,166,782.5
9925,254,254,7,100,8400,2022-12-30 23:58:29.352,Compra Crédito,-26.54,254,980.6
9926,810,810,2,9,5560,2015-03-22 00:52:54.159,Compra Crédito,-74.47,810,125.43
9927,761,761,3,91,4870,2013-05-01 12:33:52.798,Compra Débito,-25.82,761,964.05
9928,53,53,5,63,8396,2022-12-26 19:39:01.797,Pix - Realizado,-185.4,53,9931.98
9929,61,61,1,11,4922,2013-06-22 21:04:35.901,DOC - Recebido,12150.0,61,12882.9
9930,867,867,2,70,4530,2012-05-26 03:51:02.454,Compra Crédito,-39.12,867,15541.16
9931,520,520,1,60,5687,2015-07-27 07:29:08.928,Compra Débito,-109.32,520,9224.06
9932,98,98,2,78,6088,2016-08-31 15:39:21.868,Compra Crédito,-11.56,98,1330.67
9933,542,542,7,71,5969,2016-05-04 04:25:00.656,Compra Crédito,-25.7,542,23.69
9934,57,57,2,84,5397,2014-10-10 02:29:22.358,Compra Débito,-28.7,57,46453.98
9935,777,777,8,23,6946,2019-01-06 08:22:02.118,Compra Débito,-23.57,777,5.03
9936,174,174,8,52,7966,2021-10-22 09:54:44.158,Compra Crédito,-12.21,174,29.3
9937,269,269,5,63,5625,2015-05-26 18:23:08.972,TED - Recebido,39165.0,269,37274.48
9938,708,708,3,73,7025,2019-03-26 01:09:56.503,Compra Crédito,-10.8,708,81.79
9939,358,358,3,51,7038,2019-04-08 09:50:13.734,Depósito em espécie,95.48,358,143.47
9940,143,143,7,7,7810,2021-05-19 02:45:06.539,Compra Crédito,-19.88,143,309.11
9941,183,183,1,62,7153,2019-08-01 08:13:09.748,Compra Crédito,-13.55,183,117.76
9942,142,142,2,81,7133,2019-07-12 13:45:17.359,Compra Crédito,-15.3,142,23.92
9943,686,686,8,37,8396,2022-12-26 08:31:40.535,Transferência entre CC - Débito,-409.1,686,3154.29
9944,752,752,7,42,7933,2021-09-19 14:15:04.116,Pix - Realizado,-594.9,752,3163.64
9945,858,858,7,14,8400,2022-12-30 04:51:47.552,Compra Crédito,-2.26,858,8063.11
9946,134,134,5,43,7253,2019-11-09 03:00:29.082,Compra Crédito,-15.01,134,33031.09
9947,794,794,7,33,6953,2019-01-13 09:29:51.827,Compra Débito,-38.27,794,454.95
9948,330,330,9,59,7640,2020-11-30 06:46:39.458,Pix - Realizado,-181.2,330,93.01
9949,652,652,7,14,8205,2022-06-18 09:05:48.877,Pix - Recebido,350.1,652,117.65
9950,31,31,6,40,6305,2017-04-05 19:23:08.665,Compra Débito,-22.73,31,271.65
9951,501,501,4,35,5468,2014-12-20 08:16:26.779,Compra Crédito,-55.05,501,44.82
9952,647,647,5,43,7998,2021-11-23 11:23:13.889,Transferência entre CC - Crédito,575.7,647,679.15
9953,609,609,7,14,7953,2021-10-09 00:16:11.236,Pix - Realizado,-440.6,609,4968.54
9954,265,265,7,42,6212,2017-01-02 11:25:55.754,Compra Débito,-37.16,265,836.77
9955,432,432,7,100,6957,2019-01-17 12:56:59.115,Compra Crédito,-47.13,432,15.63
9956,670,670,3,73,6919,2018-12-10 09:54:25.624,Depósito em espécie,20.78,670,1285.7
9957,653,653,7,71,7327,2020-01-22 04:20:13.022,Compra Débito,-49.05,653,24.9
9958,823,823,2,70,7705,2021-02-03 01:34:15.512,Compra Crédito,-45.94,823,557.38
9959,223,223,7,14,7509,2020-07-22 14:08:27.944,Compra Débito,-6.83,223,13.51
9960,931,931,7,42,6687,2018-04-22 07:52:26.410,Compra Débito,-8.54,931,79.3
9961,135,135,1,75,7770,2021-04-09 06:36:43.808,Compra Crédito,-110.33,135,408.51
9962,846,846,8,23,8332,2022-10-23 17:29:10.449,Compra Crédito,-17.24,846,2090.0
9963,5,5,6,48,5758,2015-10-06 02:21:17.756,Compra Débito,-23.99,5,58.36
9964,139,139,6,22,5995,2016-05-30 08:06:25.468,Compra Crédito,-4.89,139,82508.39
9965,715,715,8,23,8282,2022-09-03 03:48:08.672,Pix - Realizado,-691.3,715,1222.03
9966,463,463,7,100,8096,2022-03-01 21:54:47.375,Pix - Realizado,-627.4,463,848.28
9967,548,548,7,33,8296,2022-09-17 01:18:24.856,Compra Crédito,-26.35,548,3522.41
9968,624,624,7,100,6575,2017-12-31 04:19:34.321,Compra Crédito,-18.13,624,169.09
9969,919,919,7,14,8271,2022-08-23 19:56:12.747,Compra Crédito,-5.98,919,137.51
9970,313,313,2,76,7334,2020-01-29 06:33:39.139,Compra Crédito,-27.76,313,71620.68
9971,393,393,7,14,7034,2019-04-04 02:38:33.136,Compra Crédito,-20.35,393,36.51
9972,152,152,7,42,8400,2022-12-30 22:25:16.439,Pix - Realizado,-151.4,152,209.11
9973,611,611,6,48,8400,2022-12-30 22:56:58.172,Saque,-163.87,611,24506.47
9974,763,763,6,4,6982,2019-02-11 15:45:16.974,Compra Crédito,-25.12,763,3.04
9975,425,425,5,67,5436,2014-11-18 16:51:26.794,Compra Débito,-37.07,425,9.86
9976,606,606,7,14,6473,2017-09-20 07:56:41.911,Compra Débito,-32.75,606,408.77
9977,99,99,7,7,8375,2022-12-05 22:18:32.889,Pix - Recebido,158.0,99,6159.31
9978,412,412,7,42,7713,2021-02-11 22:37:11.919,Pix - Recebido,2188.3,412,31263.77
9979,62,62,2,82,6797,2018-08-10 05:50:55.236,Compra Débito,-8.49,62,14.12
9980,383,383,7,14,7859,2021-07-07 10:32:14.440,Pix - Realizado,-751.2,383,2380.07
9981,724,724,7,71,7446,2020-05-20 08:59:34.651,Compra Crédito,-29.68,724,998.2
9982,190,190,7,14,8334,2022-10-25 20:24:24.850,Compra Crédito,-29.14,190,97.54
9983,173,173,1,60,5339,2014-08-13 08:49:19.874,Compra Crédito,-67.92,173,140.11
9984,431,431,2,85,4818,2013-03-10 20:08:19.197,Depósito em espécie,20.69,431,28.76
9985,980,980,7,7,7150,2019-07-29 16:08:33.252,Compra Débito,-17.01,980,49.3
9986,344,344,7,71,8127,2022-04-01 20:53:52.752,TED - Recebido,28270.0,344,27444.25
9987,183,183,1,62,7153,2019-08-01 08:15:13.866,Compra Crédito,-77.4,183,117.76
9988,299,299,6,96,7257,2019-11-13 05:47:00.518,Compra Crédito,-17.97,299,146.82
9989,868,868,9,87,7822,2021-05-31 12:32:50.489,Depósito em espécie,49.14,868,193.38
9990,167,167,7,7,6928,2018-12-19 00:27:56.563,Depósito em espécie,13.21,167,7155.67
9991,964,964,7,7,7945,2021-10-01 06:16:22.804,Pix - Realizado,-933.2,964,1104.14
9992,558,558,6,44,7201,2019-09-18 12:06:20.883,Depósito em espécie,10.53,558,1.67
9993,243,243,5,49,7814,2021-05-23 05:33:21.507,Compra Débito,-3.97,243,1150.34
9994,298,298,6,4,7850,2021-06-28 16:15:26.494,Saque,-1200.54,298,8507.51
9995,663,663,2,70,5975,2016-05-10 13:23:11.393,Compra Débito,-104.09,663,5.92
9996,423,423,8,47,8220,2022-07-03 14:01:11.982,Compra Débito,-62.64,423,501.5
9997,994,994,7,7,6491,2017-10-08 03:47:21.522,Compra Crédito,-12.65,994,576.6
9998,246,246,2,86,6347,2017-05-17 21:41:55.473,TED - Realizado,-12280.0,246,53774.09
9999,50,50,1,18,7422,2020-04-26 21:13:06.979,Compra Débito,-78.4,50,806.55
10000,349,349,7,14,8360,2022-11-20 17:06:02.892,Pix - Realizado,-291.0,349,810.24
10001,46,46,7,33,7190,2019-09-07 04:44:43.656,Compra Crédito,-70.61,46,51.14
10002,597,597,2,94,7504,2020-07-17 21:33:52.510,Compra Crédito,-27.21,597,404.1
10003,945,945,8,89,7313,2020-01-08 02:24:32.602,Compra Crédito,-26.37,945,21810.32
10004,380,380,7,42,8042,2022-01-06 11:36:41.289,Pix - Recebido,2619.6,380,4916.56
10005,752,752,7,42,7945,2021-10-01 09:52:30.441,Pix - Recebido,2182.4,752,3163.64
10006,772,772,3,16,5307,2014-07-12 13:00:41.966,Transferência entre CC - Crédito,872.7,772,816.66
10007,578,578,7,7,8386,2022-12-16 03:42:48.902,Compra Débito,-30.4,578,815.65
10008,290,290,7,42,8175,2022-05-19 21:04:29.015,Pix - Recebido,581.5,290,21.07
10009,539,539,1,32,5677,2015-07-17 04:32:41.781,Compra Crédito,-101.09,539,100962.93
10010,828,828,2,24,4825,2013-03-17 20:05:29.343,Depósito em espécie,88.94,828,1.1
10011,216,216,1,26,4528,2012-05-24 19:20:45.394,Compra Débito,-17.23,216,622.12
10012,895,895,7,14,5964,2016-04-29 22:49:44.079,Saque,-328.17,895,386.08
10013,627,627,7,33,6421,2017-07-30 07:28:08.791,Depósito em espécie,22.73,627,1.39
10014,409,409,2,82,4432,2012-02-18 15:45:37.606,Depósito em espécie,22.49,409,112.47
10015,965,965,2,9,7320,2020-01-15 01:35:50.592,Compra Crédito,-33.27,965,5877.77
10016,662,662,7,42,7600,2020-10-21 15:59:24.776,Compra Débito,-32.05,662,21469.65
10017,614,614,7,7,7921,2021-09-07 11:35:50.724,Saque,-386.41,614,919.54
10018,506,506,8,38,8164,2022-05-08 20:16:25.740,Pix - Recebido,350.9,506,268.56
10019,642,642,7,100,7311,2020-01-06 20:19:01.882,Compra Débito,-24.97,642,5.39
10020,119,119,6,88,6037,2016-07-11 23:17:52.391,Depósito em espécie,87.32,119,5.21
10021,828,828,2,24,4826,2013-03-18 05:51:25.140,Compra Débito,-69.05,828,1.1
10022,591,591,7,100,5946,2016-04-11 16:34:39.012,Compra Crédito,-18.35,591,46.46
10023,568,568,7,71,6852,2018-10-04 01:50:45.834,Compra Crédito,-22.62,568,25.73
10024,326,326,7,100,8400,2022-12-30 20:34:44.016,Compra Crédito,-47.59,326,3626.75
10025,454,454,1,26,5280,2014-06-15 11:34:01.244,Compra Crédito,-253.42,454,21390.15
10026,10,10,3,98,5897,2016-02-22 18:07:52.878,Compra Débito,-1253.57,10,8835.58
10027,473,473,7,71,8394,2022-12-24 17:37:44.792,Compra Crédito,-6.55,473,353.47
10028,678,678,9,66,8371,2022-12-01 16:31:19.544,Saque,-202.16,678,49659.67
10029,916,916,3,73,5549,2015-03-11 02:42:51.289,Compra Crédito,-128.41,916,76592.34
10030,738,738,7,14,7986,2021-11-11 05:55:05.357,Compra Débito,-52.21,738,641.13
10031,499,499,7,7,6794,2018-08-07 03:12:38.309,Compra Crédito,-49.2,499,22.94
10032,913,913,7,33,7089,2019-05-29 07:58:12.977,Compra Crédito,-84.61,913,575.77
10033,721,721,7,33,8068,2022-02-01 19:55:59.046,Compra Crédito,-47.72,721,179.84
10034,213,213,7,100,7471,2020-06-14 10:46:21.858,Depósito em espécie,42.19,213,741.68
10035,719,719,3,51,8067,2022-01-31 11:09:14.269,Pix - Realizado,-349.4,719,392.74
10036,966,966,7,14,8128,2022-04-02 14:11:57.069,Compra Débito,-10.05,966,1425.28
10037,540,540,5,2,7755,2021-03-25 19:33:15.254,Pix - Recebido,372.4,540,441.01
10038,802,802,3,13,8381,2022-12-11 09:11:30.805,Pix - Realizado,-180.2,802,981.85
10039,951,951,7,33,7798,2021-05-07 09:26:00.304,Compra Débito,-7.03,951,9861.48
10040,302,302,7,71,8287,2022-09-08 04:11:18.193,Pix - Realizado,-443.9,302,1444.94
10041,354,354,7,100,6694,2018-04-29 09:55:49.618,TED - Recebido,25770.0,354,76726.35
10042,860,860,5,55,6086,2016-08-29 08:43:20.865,Compra Crédito,-27.07,860,5.32
10043,255,255,7,100,7219,2019-10-06 11:45:59.381,Compra Crédito,-104.33,255,163.21
10044,213,213,7,100,7471,2020-06-14 10:49:57.860,Compra Crédito,-26.94,213,741.68
10045,5,5,6,48,5758,2015-10-06 03:31:49.898,Compra Crédito,-23.88,5,58.36
10046,391,391,8,38,7080,2019-05-20 11:19:09.067,Compra Débito,-65.57,391,11983.94
10047,880,880,7,71,7647,2020-12-07 05:09:22.342,Depósito em espécie,140.86,880,28337.91
10048,498,498,4,45,8289,2022-09-10 23:32:35.093,Compra Crédito,-26.37,498,841.1
10049,649,649,3,16,8406,2023-01-05 20:38:35.822,Compra Débito,-13.08,649,3.6
10050,525,525,7,71,8257,2022-08-09 19:26:40.945,Pix - Realizado,-416.3,525,24.17
10051,957,957,3,73,5613,2015-05-14 23:34:57.972,Depósito em espécie,42.23,957,15.95
10052,741,741,7,100,7527,2020-08-09 22:56:22.350,Depósito em espécie,133.88,741,691.71
10053,954,954,7,33,6730,2018-06-04 13:58:04.415,Saque,-75.76,954,115.38
10054,476,476,2,95,4979,2013-08-18 00:59:06.470,Compra Débito,-34.39,476,234.35
10055,288,288,7,33,6874,2018-10-26 12:52:38.957,Compra Débito,-25.86,288,951.59
10056,51,51,3,13,4980,2013-08-19 06:54:47.850,DOC - Recebido,8985.0,51,8756.25
10057,838,838,7,100,6567,2017-12-23 08:35:38.079,Compra Crédito,-6.26,838,1128.51
10058,776,776,4,1,6751,2018-06-25 04:34:57.008,Compra Crédito,-38.87,776,164.21
10059,569,569,4,45,7882,2021-07-30 01:08:15.580,Compra Crédito,-6.6,569,125.24
10060,387,387,7,14,7415,2020-04-19 00:48:54.508,Depósito em espécie,20.23,387,25.59
10061,183,183,1,62,7194,2019-09-11 13:51:23.459,Compra Crédito,-24.34,183,117.76
10062,283,283,4,19,5640,2015-06-10 17:45:46.033,Compra Crédito,-83.71,283,3416.3
10063,39,39,2,84,5884,2016-02-09 16:34:10.933,Compra Crédito,-44.77,39,41879.26
10064,242,242,7,14,7243,2019-10-30 15:21:30.923,Compra Débito,-179.0,242,2838.61
10065,161,161,6,44,8400,2022-12-30 14:54:49.036,Compra Crédito,-32.25,161,14288.86
10066,134,134,5,43,7253,2019-11-09 17:05:11.099,DOC - Recebido,30725.0,134,33031.09
10067,691,691,7,7,8325,2022-10-16 05:58:33.902,Pix - Realizado,-305.5,691,1154.22
10068,354,354,7,100,6694,2018-04-29 16:58:13.435,Compra Crédito,-142.8,354,76726.35
10069,629,629,3,98,6385,2017-06-24 04:55:42.693,Depósito em espécie,120.21,629,8813.34
10070,307,307,6,54,6969,2019-01-29 09:56:15.821,Compra Débito,-43.37,307,250.85
10071,356,356,7,42,7410,2020-04-14 19:42:38.872,Compra Crédito,-21.47,356,68663.09
10072,909,909,3,98,6500,2017-10-17 08:41:40.292,Transferência entre CC - Débito,-279.1,909,10436.29
10073,306,306,7,7,6510,2017-10-27 10:40:09.788,Depósito em espécie,73.42,306,86.7
10074,864,864,7,14,6977,2019-02-06 17:55:30.868,Pagamento de boleto,-910.8,864,17812.14
10075,595,595,2,29,7950,2021-10-06 12:26:32.557,TED - Recebido,28345.0,595,27566.85
10076,838,838,7,100,6803,2018-08-16 09:52:56.480,Compra Crédito,-4.26,838,1128.51
10077,633,633,7,14,7231,2019-10-18 04:11:58.434,Compra Crédito,-19.59,633,438.87
10078,759,759,1,80,8390,2022-12-20 07:51:23.229,Compra Crédito,-141.0,759,339.17
10079,425,425,5,67,5439,2014-11-21 01:46:52.531,Transferência entre CC - Crédito,266.2,425,9.86
10080,94,94,9,87,7830,2021-06-08 02:01:54.869,Compra Débito,-104.62,94,556.12
10081,728,728,7,42,7953,2021-10-09 03:33:58.051,Pix - Realizado,-167.1,728,640.32
10082,140,140,6,22,8220,2022-07-03 08:56:27.666,Compra Crédito,-97.2,140,533.87
10083,487,487,7,100,6718,2018-05-23 10:10:55.624,Compra Crédito,-29.8,487,40.33
10084,723,723,7,14,6301,2017-04-01 20:35:05.791,Compra Débito,-82.89,723,1361.01
10085,357,357,7,7,7117,2019-06-26 06:33:22.588,Compra Débito,-22.34,357,20.01
10086,874,874,7,14,6755,2018-06-29 00:58:02.308,Compra Crédito,-17.39,874,41.36
10087,165,165,7,42,8381,2022-12-11 03:53:03.014,Compra Crédito,-95.64,165,537.34
10088,841,841,5,63,6418,2017-07-27 14:08:01.494,Compra Crédito,-12.23,841,1.02
10089,275,275,3,13,5911,2016-03-07 18:06:05.752,Saque,-329.17,275,134056.74
10090,485,485,3,13,4953,2013-07-23 16:09:31.098,Compra Débito,-32.1,485,272.31
10091,249,249,2,24,6208,2016-12-29 12:23:49.641,Compra Crédito,-76.34,249,45973.33
10092,319,319,3,31,5031,2013-10-09 21:03:47.933,Compra Crédito,-11.74,319,24.22
10093,286,286,7,71,8384,2022-12-14 01:40:50.425,Compra Débito,-111.43,286,1724.25
10094,752,752,7,42,7946,2021-10-02 19:58:26.214,Pix - Recebido,317.1,752,3163.64
10095,236,236,4,19,6123,2016-10-05 17:04:19.941,Depósito em espécie,124.77,236,20614.17
10096,688,688,7,42,6875,2018-10-27 06:07:01.839,Estorno de Debito,265.9,688,228.81
10097,835,835,7,71,8400,2022-12-30 18:15:38.667,Pix - Realizado,-474.0,835,273.63
10098,785,785,7,100,8397,2022-12-27 08:41:26.212,Pix - Realizado,-1864.2,785,3150.15
10099,61,61,1,11,4922,2013-06-22 21:13:56.816,Compra Crédito,-123.14,61,12882.9
10100,121,121,7,71,6459,2017-09-06 04:10:44.298,Compra Crédito,-21.44,121,129.51
10101,840,840,7,100,8392,2022-12-22 07:52:49.798,Pix - Realizado,-170.9,840,1092.15
10102,499,499,7,7,6794,2018-08-07 15:25:08.226,Compra Débito,-11.22,499,22.94
10103,533,533,7,14,7222,2019-10-09 13:50:11.695,Compra Débito,-91.02,533,219.27
10104,205,205,5,55,7149,2019-07-28 22:40:20.085,Compra Débito,-50.98,205,547.56
10105,945,945,8,89,7313,2020-01-08 04:15:33.641,Compra Crédito,-56.43,945,21810.32
10106,768,768,7,42,8077,2022-02-10 13:58:24.480,Compra Crédito,-127.27,768,222.38
10107,566,566,7,7,7924,2021-09-10 09:22:50.413,Compra Crédito,-15.09,566,2055.49
10108,948,948,7,100,7697,2021-01-26 07:00:28.453,Pix - Realizado,-161.0,948,201.98
10109,65,65,7,7,8021,2021-12-16 22:27:53.792,Compra Débito,-44.35,65,575.37
10110,975,975,1,32,5444,2014-11-26 21:13:39.698,Compra Débito,-41.43,975,42.45
10111,909,909,3,98,6500,2017-10-17 13:35:36.859,Compra Crédito,-9.56,909,10436.29
10112,713,713,1,39,5547,2015-03-09 14:09:43.328,Compra Débito,-14.09,713,56.06
10113,433,433,9,99,8010,2021-12-05 04:53:38.476,Compra Crédito,-63.69,433,16.55
10114,985,985,7,33,7876,2021-07-24 01:53:12.385,Compra Débito,-45.5,985,86.56
10115,454,454,1,26,5280,2014-06-15 11:34:57.716,Compra Débito,-32.52,454,21390.15
10116,263,263,1,36,4865,2013-04-26 07:20:52.349,Compra Débito,-11.55,263,3.2
10117,202,202,7,100,6222,2017-01-12 11:10:41.745,Depósito em espécie,42.69,202,49.02
10118,226,226,4,35,8261,2022-08-13 06:23:04.877,Compra Crédito,-80.36,226,2367.0
10119,5,5,6,48,5758,2015-10-06 14:06:19.824,Depósito em espécie,27.1,5,58.36
10120,370,370,7,42,6870,2018-10-22 00:03:21.430,Compra Débito,-13.54,370,1415.06
10121,771,771,1,80,7118,2019-06-27 16:44:32.172,TED - Recebido,22145.0,771,23150.03
10122,793,793,7,71,8400,2022-12-30 23:59:59.393,Pix - Recebido,68.9,793,136.29
10123,189,189,7,7,7637,2020-11-27 18:16:24.836,Pix - Recebido,898.2,189,25382.15
10124,670,670,3,73,6931,2018-12-22 14:21:34.427,Compra Débito,-27.75,670,1285.7
10125,339,339,5,2,7767,2021-04-06 06:48:12.225,Compra Débito,-192.95,339,663.32
10126,27,27,7,42,7221,2019-10-08 14:22:54.707,Compra Crédito,-112.78,27,44370.52
10127,254,254,7,100,8400,2022-12-30 23:58:37.686,Compra Débito,-56.52,254,980.6
10128,495,495,7,33,8314,2022-10-05 12:46:28.029,Compra Débito,-45.99,495,134.75
10129,467,467,10,27,8399,2022-12-29 22:54:09.137,Pix - Realizado,-310.8,467,403.93
10130,102,102,7,7,8039,2022-01-03 13:25:51.298,Pix - Realizado,-1040.5,102,13201.87
10131,456,456,3,13,5374,2014-09-17 15:24:20.764,Compra Débito,-53.84,456,60535.86
10132,226,226,4,35,8264,2022-08-16 02:10:31.872,Compra Débito,-17.39,226,2367.0
10133,243,243,5,49,7814,2021-05-23 10:58:41.005,Pix - Recebido,1126.3,243,1150.34
10134,754,754,1,61,4342,2011-11-20 05:15:52.341,Compra Crédito,-6.67,754,21.71
10135,200,200,2,82,7814,2021-05-23 10:00:09.098,Compra Débito,-25.8,200,32.5
10136,154,154,7,33,6883,2018-11-04 22:52:24.335,Compra Débito,-49.66,154,339.43
10137,396,396,7,71,8056,2022-01-20 13:45:28.571,Pix - Recebido,766.3,396,765.0
10138,663,663,2,70,5975,2016-05-10 16:09:21.992,Compra Débito,-86.86,663,5.92
10139,141,141,7,42,8139,2022-04-13 13:19:58.175,Saque,-196.37,141,270.68
10140,880,880,7,71,7647,2020-12-07 10:01:45.403,Pix - Recebido,1049.6,880,28337.91
10141,296,296,2,76,5181,2014-03-08 05:16:46.799,Compra Crédito,-30.58,296,67795.77
10142,831,831,7,14,7903,2021-08-20 10:11:55.140,Compra Crédito,-65.04,831,866.91
10143,758,758,5,50,6051,2016-07-25 04:21:21.931,Depósito em espécie,95.51,758,92.52
10144,660,660,4,45,5498,2015-01-19 06:53:21.918,Compra Crédito,-42.06,660,122736.82
10145,480,480,7,7,5993,2016-05-28 08:16:41.663,DOC - Recebido,16715.0,480,16640.89
10146,816,816,3,51,4945,2013-07-15 02:54:51.899,Compra Crédito,-27.36,816,347.91
10147,104,104,3,91,6965,2019-01-25 09:12:41.021,Compra Crédito,-8.33,104,154.77
10148,570,570,4,1,7034,2019-04-04 10:13:35.664,Compra Débito,-7.07,570,17.65
10149,865,865,4,1,7351,2020-02-15 19:34:01.753,Compra Débito,-18.91,865,102.36
10150,905,905,1,80,4536,2012-06-01 03:06:00.390,Depósito em espécie,219.2,905,645.84
10151,956,956,8,10,7608,2020-10-29 20:17:56.725,Compra Crédito,-40.14,956,95.15
10152,778,778,5,55,6342,2017-05-12 17:15:25.906,Compra Crédito,-47.47,778,86.63
10153,603,603,4,35,8024,2021-12-19 03:13:10.489,Compra Débito,-50.28,603,329.45
10154,328,328,8,6,8400,2022-12-30 22:20:54.070,Depósito em espécie,45.02,328,89.76
10155,354,354,7,100,6700,2018-05-05 17:36:29.175,Compra Crédito,-111.87,354,76726.35
10156,934,934,1,26,5865,2016-01-21 07:10:32.993,Compra Débito,-91.44,934,17360.35
10157,935,935,7,14,6976,2019-02-05 02:35:45.984,Compra Débito,-25.71,935,7894.24
10158,553,553,5,43,8218,2022-07-01 20:29:28.040,Compra Crédito,-61.89,553,317.19
10159,551,551,1,32,6455,2017-09-02 19:29:56.579,Compra Débito,-6.34,551,33084.37
10160,477,477,7,71,5941,2016-04-06 06:50:28.487,TED - Recebido,34330.0,477,36068.85
10161,821,821,7,71,8367,2022-11-27 16:07:34.866,Pix - Recebido,1259.1,821,1325.06
10162,408,408,7,100,8352,2022-11-12 14:46:06.974,Compra Crédito,-14.73,408,209.1
10163,914,914,5,55,5568,2015-03-30 13:18:31.979,Compra Débito,-37.28,914,7492.2
10164,286,286,7,71,8384,2022-12-14 11:42:40.435,Compra Débito,-83.86,286,1724.25
10165,426,426,7,100,8109,2022-03-14 20:10:04.755,Compra Débito,-24.03,426,999.75
10166,38,38,3,13,7884,2021-08-01 22:25:23.553,Compra Crédito,-12.48,38,105.86
10167,803,803,7,100,8305,2022-09-26 21:39:00.907,Pix - Realizado,-497.4,803,1778.51
10168,210,210,3,91,5774,2015-10-22 19:10:10.715,Compra Crédito,-15.13,210,24.59
10169,414,414,1,39,5061,2013-11-08 20:07:31.026,Depósito em espécie,115.88,414,21.49
10170,169,169,3,91,7697,2021-01-26 16:02:21.388,Pix - Realizado,-1590.3,169,1676.8
10171,582,582,7,42,7843,2021-06-21 00:28:53.004,Compra Crédito,-32.63,582,41301.32
10172,84,84,7,42,7366,2020-03-01 07:38:35.950,Compra Débito,-17.49,84,629.81
10173,221,221,4,45,6896,2018-11-17 13:12:04.714,Depósito em espécie,221.24,221,238.48
10174,874,874,7,14,6768,2018-07-12 14:38:17.891,Compra Débito,-13.42,874,41.36
10175,319,319,3,31,5060,2013-11-07 03:58:11.432,Compra Crédito,-17.6,319,24.22
10176,518,518,3,31,5429,2014-11-11 21:29:29.681,Compra Crédito,-5.18,518,20526.06
10177,827,827,6,88,8177,2022-05-21 03:15:06.200,Pix - Recebido,102.5,827,113.21
10178,313,313,2,76,7337,2020-02-01 00:57:45.513,Compra Débito,-11.3,313,71620.68
10179,612,612,6,54,6266,2017-02-25 10:58:07.472,Compra Crédito,-19.42,612,18531.99
10180,508,508,4,1,7136,2019-07-15 16:24:13.827,Compra Crédito,-20.09,508,1454.88
10181,984,984,1,72,5131,2014-01-17 22:43:46.320,DOC - Realizado,-10800.0,984,16163.39
10182,907,907,7,100,6533,2017-11-19 07:13:13.613,Depósito em espécie,33.04,907,76.9
10183,427,427,6,4,7495,2020-07-08 04:36:32.191,Compra Crédito,-46.34,427,54.63
10184,231,231,7,14,6437,2017-08-15 09:59:17.569,Compra Débito,-25.72,231,2564.84
10185,363,363,1,18,8218,2022-07-01 21:06:53.330,Compra Crédito,-67.9,363,1334.98
10186,300,300,9,46,7836,2021-06-14 15:47:05.087,Compra Débito,-38.99,300,3224.34
10187,137,137,1,36,7058,2019-04-28 21:53:15.345,Depósito em espécie,261.94,137,338.5
10188,464,464,3,13,5451,2014-12-03 00:00:13.017,Compra Crédito,-11.92,464,16.34
10189,601,601,7,7,6129,2016-10-11 20:09:39.096,Transferência entre CC - Crédito,46.3,601,0.91
10190,839,839,5,50,8370,2022-11-30 14:59:04.484,Pix - Recebido,158.9,839,308.53
10191,516,516,1,36,6258,2017-02-17 23:39:30.002,Saque,-133.41,516,9930.41
10192,744,744,7,7,8398,2022-12-28 12:28:29.565,Compra Débito,-3.7,744,1041.45
10193,53,53,5,63,8397,2022-12-27 16:54:12.940,Pix - Realizado,-468.5,53,9931.98
10194,428,428,5,55,7296,2019-12-22 04:49:13.956,Saque,-46.27,428,51.82
10195,914,914,5,55,5610,2015-05-11 08:31:32.253,TED - Recebido,7175.0,914,7492.2
10196,749,749,5,50,5670,2015-07-10 18:05:26.134,Compra Crédito,-58.41,749,49928.0
10197,733,733,6,4,8079,2022-02-12 03:51:31.015,Compra Débito,-64.94,733,1849.3
10198,544,544,7,71,7335,2020-01-30 22:13:50.047,Compra Débito,-18.39,544,14855.02
10199,678,678,9,66,8373,2022-12-03 08:54:14.302,Pix - Realizado,-183.5,678,49659.67
10200,832,832,7,33,6232,2017-01-22 20:32:59.619,Compra Crédito,-35.16,832,87.14
10201,630,630,8,89,8103,2022-03-08 22:13:57.238,Pix - Realizado,-331.5,630,758.44
10202,234,234,5,49,7484,2020-06-27 17:51:54.050,Compra Crédito,-17.46,234,1129.01
10203,556,556,7,100,6843,2018-09-25 21:14:59.561,Compra Débito,-26.67,556,15.61
10204,543,543,8,10,7798,2021-05-07 17:13:14.506,Compra Débito,-16.82,543,566.44
10205,629,629,3,98,6397,2017-07-06 21:40:30.934,Compra Crédito,-100.16,629,8813.34
10206,386,386,3,51,5049,2013-10-27 15:13:36.284,Compra Crédito,-31.96,386,1806.71
10207,921,921,5,34,6626,2018-02-20 20:07:43.260,Compra Crédito,-101.14,921,3706.46
10208,530,530,1,80,5594,2015-04-25 22:17:05.037,Compra Crédito,-34.04,530,181.44
10209,150,150,3,31,7354,2020-02-18 13:05:39.482,Compra Débito,-26.99,150,7121.49
10210,860,860,5,55,6152,2016-11-03 19:50:05.573,Compra Débito,-5.39,860,5.32
10211,111,111,7,33,8400,2022-12-30 22:01:27.231,Compra Débito,-47.6,111,288.35
10212,872,872,7,71,6871,2018-10-23 15:22:40.974,Compra Crédito,-21.93,872,4227.81
10213,419,419,6,4,7546,2020-08-28 23:50:30.030,Compra Débito,-16.11,419,96414.93
10214,251,251,5,63,6707,2018-05-12 01:56:15.440,Compra Débito,-13.64,251,19.73
10215,42,42,7,14,8063,2022-01-27 11:51:05.855,Pix - Realizado,-621.5,42,95.06
10216,149,149,7,33,8133,2022-04-07 02:08:22.910,Pix - Realizado,-312.0,149,1259.47
10217,232,232,5,15,8334,2022-10-25 07:51:30.692,Compra Crédito,-135.77,232,16812.45
10218,101,101,7,71,7102,2019-06-11 11:39:47.406,Compra Crédito,-156.34,101,7497.62
10219,743,743,2,81,5408,2014-10-21 23:47:15.828,Depósito em espécie,11.96,743,18.63
10220,267,267,6,22,7476,2020-06-19 22:19:32.158,Depósito em espécie,269.23,267,288.77
10221,873,873,6,44,7682,2021-01-11 03:36:11.719,Pix - Realizado,-206.3,873,6549.26
10222,919,919,7,14,8277,2022-08-29 22:36:04.257,Depósito em espécie,130.27,919,137.51
10223,104,104,3,91,6966,2019-01-26 11:23:01.566,Compra Débito,-123.17,104,154.77
10224,819,819,10,53,8223,2022-07-06 03:13:09.918,Pix - Realizado,-584.5,819,9921.46
10225,190,190,7,14,8334,2022-10-25 23:08:18.195,Compra Crédito,-30.44,190,97.54
10226,849,849,7,7,7591,2020-10-12 09:36:17.054,DOC - Recebido,45835.0,849,48289.13
10227,219,219,7,14,7417,2020-04-21 05:40:22.897,Compra Crédito,-20.91,219,212159.56
10228,550,550,1,3,7547,2020-08-29 09:19:19.476,Compra Débito,-10.12,550,140.29
10229,241,241,5,15,7613,2020-11-03 00:19:20.000,Compra Débito,-31.01,241,536.84
10230,436,436,1,18,6551,2017-12-07 07:25:49.284,Compra Débito,-97.39,436,43193.28
10231,265,265,7,42,6214,2017-01-04 13:19:45.171,Compra Crédito,-14.0,265,836.77
10232,551,551,1,32,6480,2017-09-27 20:15:31.132,Compra Débito,-28.91,551,33084.37
10233,395,395,9,59,7997,2021-11-22 09:21:42.481,Pix - Recebido,264.2,395,791.86
10234,959,959,1,61,6398,2017-07-07 19:42:31.507,Compra Crédito,-22.21,959,96.49
10235,49,49,7,100,7872,2021-07-20 18:02:17.089,Depósito em espécie,55.91,49,1.99
10236,282,282,7,42,5945,2016-04-10 16:07:07.240,Compra Crédito,-13.23,282,12427.22
10237,105,105,7,7,6015,2016-06-19 18:50:27.007,Compra Crédito,-8.92,105,132.78
10238,554,554,1,75,6603,2018-01-28 22:15:58.734,Depósito em espécie,35.13,554,25.68
10239,406,406,6,22,8400,2022-12-30 10:53:37.803,Pix - Realizado,-145.6,406,166.64
10240,213,213,7,100,7471,2020-06-14 12:47:52.289,Transferência entre CC - Crédito,735.9,213,741.68
10241,4,4,7,42,7228,2019-10-15 04:11:47.939,Transferência entre CC - Crédito,264.3,4,403.16
10242,417,417,7,14,8074,2022-02-07 03:30:12.602,Compra Débito,-131.64,417,486.42
10243,609,609,7,14,8220,2022-07-03 21:47:43.142,Pix - Realizado,-400.2,609,4968.54
10244,222,222,6,22,6981,2019-02-10 17:29:47.143,Compra Débito,-108.75,222,563.31
10245,792,792,7,42,6604,2018-01-29 17:10:22.951,Compra Débito,-5.42,792,3.98
10246,6,6,7,100,6540,2017-11-26 19:59:43.928,Compra Débito,-18.45,6,105.6
10247,267,267,6,22,7483,2020-06-26 07:05:57.339,Compra Crédito,-10.2,267,288.77
10248,718,718,4,45,5394,2014-10-07 11:55:14.893,Compra Crédito,-6.25,718,445.88
10249,899,899,1,92,7834,2021-06-12 14:09:53.359,Compra Débito,-37.4,899,6.64
10250,758,758,5,50,6051,2016-07-25 12:59:34.069,Compra Crédito,-19.19,758,92.52
10251,966,966,7,14,8128,2022-04-02 14:23:10.761,Pix - Recebido,561.2,966,1425.28
10252,585,585,7,71,6534,2017-11-20 16:13:19.176,Compra Débito,-10.65,585,59.76
10253,597,597,2,94,7534,2020-08-16 01:15:51.847,Compra Débito,-45.38,597,404.1
10254,712,712,7,42,8397,2022-12-27 06:39:07.368,Compra Débito,-22.71,712,450.19
10255,424,424,2,76,4464,2012-03-21 13:38:43.925,TED - Recebido,47560.0,424,46029.34
10256,692,692,3,31,7347,2020-02-11 03:16:00.572,Compra Débito,-36.14,692,2.06
10257,439,439,1,32,7173,2019-08-21 22:54:57.050,Compra Débito,-20.56,439,37.0
10258,544,544,7,71,7336,2020-01-31 01:44:18.207,Transferência entre CC - Débito,-1639.8,544,14855.02
10259,790,790,7,7,7961,2021-10-17 18:16:35.149,Compra Crédito,-28.22,790,47.89
10260,380,380,7,42,8042,2022-01-06 12:35:43.749,Pix - Realizado,-1043.7,380,4916.56
10261,293,293,6,44,5922,2016-03-18 18:19:52.582,Compra Crédito,-33.05,293,226.71
10262,366,366,1,80,5729,2015-09-07 21:28:36.045,Compra Crédito,-107.27,366,12287.89
10263,770,770,7,14,7905,2021-08-22 17:22:02.863,Pix - Recebido,339.7,770,349.01
10264,756,756,7,100,7483,2020-06-26 16:34:51.546,Compra Crédito,-23.76,756,79.57
10265,376,376,7,14,8352,2022-11-12 17:06:11.534,Pix - Realizado,-188.4,376,53.04
10266,138,138,2,84,5399,2014-10-12 14:56:17.958,Compra Crédito,-7.08,138,19.91
10267,642,642,7,100,7312,2020-01-07 20:14:56.828,Depósito em espécie,31.65,642,5.39
10268,972,972,7,42,8010,2021-12-05 01:14:33.945,Pix - Realizado,-381.4,972,468.02
10269,658,658,3,16,6273,2017-03-04 20:14:25.271,Compra Crédito,-15.99,658,7.08
10270,51,51,3,13,4981,2013-08-20 23:37:23.986,Compra Débito,-44.74,51,8756.25
10271,337,337,7,100,6823,2018-09-05 23:28:04.814,Compra Débito,-32.26,337,14854.02
10272,993,993,7,14,7308,2020-01-03 21:20:27.870,Compra Crédito,-5.55,993,33.5
10273,306,306,7,7,6511,2017-10-28 09:59:43.883,Compra Débito,-11.75,306,86.7
10274,641,641,7,100,7610,2020-10-31 15:39:13.461,Compra Débito,-32.24,641,5294.41
10275,351,351,2,94,8111,2022-03-16 10:48:38.163,Compra Crédito,-51.18,351,632.44
10276,510,510,1,80,5898,2016-02-23 22:02:30.522,Compra Crédito,-10.12,510,5629.63
10277,479,479,7,42,7416,2020-04-20 16:58:58.838,Compra Débito,-36.54,479,63.54
10278,381,381,4,57,8399,2022-12-29 22:57:54.262,Pix - Realizado,-1082.2,381,1432.54
10279,243,243,5,49,7814,2021-05-23 13:49:15.732,Pix - Recebido,793.2,243,1150.34
10280,398,398,5,67,7635,2020-11-25 12:21:04.394,TED - Recebido,97915.0,398,98018.34
10281,146,146,1,80,5466,2014-12-18 15:07:17.420,Compra Crédito,-15.89,146,708.81
10282,516,516,1,36,6259,2017-02-18 00:42:11.815,Compra Crédito,-29.29,516,9930.41
10283,875,875,7,71,8400,2022-12-30 23:24:57.942,Compra Crédito,-32.36,875,130.76
10284,692,692,3,31,7349,2020-02-13 09:24:32.653,Depósito em espécie,40.88,692,2.06
10285,908,908,5,58,5688,2015-07-28 20:04:18.610,Compra Débito,-42.79,908,1.83
10286,309,309,1,39,8325,2022-10-16 16:51:50.203,Compra Crédito,-59.47,309,759.62
10287,892,892,1,18,4308,2011-10-17 03:13:43.183,Compra Crédito,-20.54,892,6656.82
10288,219,219,7,14,7417,2020-04-21 07:15:46.034,Saque,-104.58,219,212159.56
10289,547,547,2,24,6512,2017-10-29 06:36:51.400,Compra Débito,-70.03,547,31426.79
10290,711,711,8,47,8367,2022-11-27 08:12:07.658,Depósito em espécie,29.72,711,14.31
10291,420,420,5,50,5966,2016-05-01 14:52:53.140,TED - Recebido,7335.0,420,7641.25
10292,783,783,7,14,6627,2018-02-21 19:00:17.381,Saque,-811.72,783,27460.42
10293,115,115,2,84,7828,2021-06-06 06:25:40.477,Compra Crédito,-28.48,115,2036.75
10294,37,37,3,98,4580,2012-07-15 03:30:00.800,Compra Crédito,-7.64,37,65.02
10295,582,582,7,42,7843,2021-06-21 07:50:19.173,Saque,-140.33,582,41301.32
10296,730,730,8,69,7469,2020-06-12 13:09:54.680,Compra Crédito,-27.3,730,133.46
10297,15,15,7,33,7269,2019-11-25 12:55:49.368,Compra Crédito,-7.99,15,689.76
10298,552,552,4,1,8397,2022-12-27 11:16:24.793,Compra Crédito,-18.25,552,386.22
10299,709,709,3,31,7404,2020-04-08 07:51:14.845,Compra Débito,-30.47,709,5626.82
10300,24,24,6,54,5790,2015-11-07 21:19:55.099,Depósito em espécie,60.68,24,129.36
10301,187,187,7,7,6331,2017-05-01 16:48:23.471,Compra Crédito,-10.65,187,111.14
10302,294,294,2,95,5557,2015-03-19 18:33:23.944,Saque,-474.59,294,14975.62
10303,85,85,7,14,8053,2022-01-17 09:09:00.065,Compra Débito,-12.72,85,669.94
10304,332,332,1,60,6679,2018-04-14 15:17:58.357,Compra Débito,-17.85,332,37.78
10305,294,294,2,95,5615,2015-05-16 02:46:38.949,Depósito em espécie,184.96,294,14975.62
10306,689,689,2,84,5302,2014-07-07 12:53:57.169,Compra Crédito,-237.55,689,27162.12
10307,52,52,7,7,7189,2019-09-06 12:10:49.834,Compra Crédito,-10.38,52,33.85
10308,398,398,5,67,7661,2020-12-21 12:25:38.063,TED - Realizado,-21050.0,398,98018.34
10309,387,387,7,14,7415,2020-04-19 20:20:06.760,Compra Crédito,-19.92,387,25.59
10310,28,28,2,76,6386,2017-06-25 06:41:00.131,Compra Crédito,-29.81,28,2982.91
10311,458,458,7,14,6519,2017-11-05 15:47:34.145,Compra Crédito,-11.94,458,24.67
10312,314,314,7,100,7611,2020-11-01 02:40:05.106,Compra Crédito,-34.78,314,14314.99
10313,591,591,7,100,5947,2016-04-12 17:51:13.356,Depósito em espécie,11.46,591,46.46
10314,523,523,7,14,7077,2019-05-17 06:36:57.069,Depósito em espécie,35.22,523,5.67
10315,958,958,6,40,5870,2016-01-26 20:55:21.178,Compra Crédito,-25.78,958,72.3
10316,787,787,4,19,8400,2022-12-30 19:58:24.779,Pix - Realizado,-1015.3,787,25561.95
10317,416,416,7,7,8175,2022-05-19 09:17:56.044,Compra Débito,-81.17,416,241.6
10318,985,985,7,33,7957,2021-10-13 21:46:28.560,Compra Crédito,-32.26,985,86.56
10319,284,284,2,70,4162,2011-05-24 23:25:39.191,Compra Crédito,-38.35,284,222.27
10320,72,72,7,100,8347,2022-11-07 06:25:41.249,Compra Débito,-42.3,72,183.32
10321,411,411,1,75,4960,2013-07-30 14:30:59.510,Compra Débito,-20.86,411,53894.21
10322,560,560,7,7,6668,2018-04-03 17:25:30.563,Depósito em espécie,141.07,560,1.13
10323,326,326,7,100,8400,2022-12-30 21:49:19.462,Compra Crédito,-91.19,326,3626.75
10324,448,448,8,10,7706,2021-02-04 16:06:29.297,Compra Crédito,-96.71,448,23366.23
10325,176,176,4,35,6763,2018-07-07 05:33:00.533,Compra Crédito,-20.95,176,43.45
10326,625,625,3,51,6164,2016-11-15 07:12:12.552,Transferência entre CC - Débito,-561.9,625,1736.31
10327,979,979,7,71,8400,2022-12-30 23:51:01.522,Pix - Recebido,255.0,979,1006.13
10328,815,815,3,98,5045,2013-10-23 19:13:29.009,Compra Crédito,-24.46,815,510.28
10329,72,72,7,100,8347,2022-11-07 07:01:21.425,Pix - Recebido,157.8,72,183.32
10330,122,122,7,100,6909,2018-11-30 08:43:22.902,Transferência entre CC - Crédito,501.1,122,437.76
10331,127,127,5,34,7631,2020-11-21 17:04:24.201,Pix - Recebido,236.5,127,163.93
10332,755,755,7,42,8035,2021-12-30 12:34:01.508,Compra Débito,-18.59,755,25.99
10333,178,178,9,20,8163,2022-05-07 18:57:30.959,Pix - Recebido,701.0,178,1437.96
10334,646,646,7,14,6109,2016-09-21 09:57:49.285,Compra Débito,-18.52,646,1677.94
10335,133,133,9,93,7404,2020-04-08 00:55:11.490,Depósito em espécie,41.62,133,41.65
10336,869,869,3,98,7785,2021-04-24 06:00:13.308,Compra Crédito,-21.53,869,135.54
10337,54,54,1,26,7623,2020-11-13 13:03:08.482,Compra Débito,-104.0,54,9.45
10338,32,32,8,69,6996,2019-02-25 01:29:45.005,Compra Crédito,-21.5,32,53414.48
10339,885,885,7,14,6659,2018-03-25 15:50:18.698,Compra Crédito,-85.77,885,29102.28
10340,799,799,2,85,4787,2013-02-07 14:02:43.133,Compra Débito,-41.84,799,3574.21
10341,337,337,7,100,6824,2018-09-06 00:02:16.861,Compra Crédito,-51.91,337,14854.02
10342,824,824,7,14,7396,2020-03-31 05:06:03.539,Compra Débito,-52.07,824,32360.92
10343,215,215,9,12,7973,2021-10-29 10:53:07.358,Compra Crédito,-14.94,215,35.15
10344,921,921,5,34,6635,2018-03-01 10:23:15.150,Transferência entre CC - Débito,-1320.5,921,3706.46
10345,926,926,7,71,6368,2017-06-07 15:58:31.558,Depósito em espécie,54.4,926,4.32
10346,474,474,7,71,7281,2019-12-07 05:25:53.038,Compra Débito,-49.1,474,414.48
10347,417,417,7,14,8075,2022-02-08 21:33:46.000,Compra Crédito,-21.33,417,486.42
10348,22,22,1,26,5444,2014-11-26 09:01:59.040,Depósito em espécie,64.99,22,2.67
10349,934,934,1,26,5865,2016-01-21 09:10:02.118,Compra Débito,-37.97,934,17360.35
10350,368,368,7,71,7640,2020-11-30 11:16:25.524,Pix Saque,-142.61,368,3208.56
10351,266,266,7,100,7891,2021-08-08 22:00:09.571,Compra Crédito,-36.18,266,8.44
10352,354,354,7,100,6741,2018-06-15 02:30:21.567,TED - Recebido,51210.0,354,76726.35
10353,779,779,9,83,7921,2021-09-07 21:17:15.026,Compra Crédito,-36.41,779,2128.75
10354,738,738,7,14,7986,2021-11-11 11:32:42.832,Compra Crédito,-56.53,738,641.13
10355,394,394,3,51,4812,2013-03-04 13:39:01.954,Compra Crédito,-362.43,394,14982.14
10356,424,424,2,76,4464,2012-03-21 17:20:41.584,Compra Débito,-74.65,424,46029.34
10357,84,84,7,42,7371,2020-03-06 02:32:53.104,Compra Débito,-90.08,84,629.81
10358,935,935,7,14,6976,2019-02-05 23:44:00.136,Compra Crédito,-77.86,935,7894.24
10359,422,422,7,42,6433,2017-08-11 03:39:03.128,Saque,-92.62,422,23.08
10360,829,829,7,100,8106,2022-03-11 02:33:06.671,Compra Débito,-86.94,829,398.52
10361,777,777,8,23,6953,2019-01-13 10:12:37.586,Depósito em espécie,28.25,777,5.03
10362,905,905,1,80,4536,2012-06-01 05:56:03.061,Compra Crédito,-27.51,905,645.84
10363,577,577,1,61,7705,2021-02-03 23:05:58.678,Compra Débito,-11.94,577,9772.11
10364,150,150,3,31,7354,2020-02-18 13:58:10.394,Compra Débito,-101.83,150,7121.49
10365,923,923,7,71,7724,2021-02-22 03:20:34.023,Pix - Realizado,-230.0,923,621.23
10366,891,891,7,33,6706,2018-05-11 01:06:17.443,Compra Débito,-40.14,891,218.62
10367,868,868,9,87,7822,2021-05-31 13:00:47.172,Pix - Recebido,166.7,868,193.38
10368,373,373,2,86,4551,2012-06-16 09:00:29.324,Compra Crédito,-33.02,373,951.99
10369,379,379,2,86,4575,2012-07-10 18:40:50.776,Compra Crédito,-20.59,379,28219.68
10370,511,511,10,17,8243,2022-07-26 02:53:17.090,Compra Crédito,-48.09,511,128.53
10371,479,479,7,42,7417,2020-04-21 00:53:28.683,Compra Débito,-117.81,479,63.54
10372,580,580,7,33,8067,2022-01-31 02:04:37.012,Compra Crédito,-9.75,580,10.58
10373,934,934,1,26,5902,2016-02-27 11:18:52.264,Compra Crédito,-22.62,934,17360.35
10374,570,570,4,1,7037,2019-04-07 04:04:21.617,Compra Crédito,-12.18,570,17.65
10375,332,332,1,60,6679,2018-04-14 16:38:20.786,Estorno de Debito,223.59,332,37.78
10376,348,348,7,100,7303,2019-12-29 07:03:47.032,Compra Débito,-12.67,348,79.31
10377,119,119,6,88,6038,2016-07-12 13:05:20.953,Compra Débito,-66.77,119,5.21
10378,358,358,3,51,7057,2019-04-27 01:39:08.924,Compra Débito,-135.3,358,143.47
10379,797,797,3,13,6419,2017-07-28 04:15:45.465,Compra Crédito,-18.91,797,1456.93
10380,783,783,7,14,6631,2018-02-25 10:53:11.890,Compra Crédito,-110.01,783,27460.42
10381,845,845,3,13,4938,2013-07-08 07:58:05.426,Compra Débito,-149.84,845,14733.18
10382,409,409,2,82,5274,2014-06-09 04:13:42.237,Depósito em espécie,71.35,409,112.47
10383,821,821,7,71,8368,2022-11-28 01:04:31.235,Saque,-99.12,821,1325.06
10384,814,814,2,9,8400,2022-12-30 23:44:07.598,Compra Crédito,-43.54,814,133.48
10385,539,539,1,32,5677,2015-07-17 04:50:14.177,Depósito em espécie,57.44,539,100962.93
10386,841,841,5,63,6420,2017-07-29 23:43:45.515,Depósito em espécie,480.29,841,1.02
10387,722,722,7,7,7171,2019-08-19 21:06:37.139,Compra Crédito,-54.56,722,6971.66
10388,11,11,4,19,7972,2021-10-28 16:35:27.436,Pix - Recebido,134.5,11,21.04
10389,315,315,7,100,6444,2017-08-22 18:31:46.855,Compra Crédito,-99.6,315,131.09
10390,183,183,1,62,7210,2019-09-27 08:20:44.704,Compra Débito,-91.8,183,117.76
10391,346,346,1,26,8279,2022-08-31 09:48:55.181,Compra Crédito,-21.44,346,57814.67
10392,304,304,7,42,7417,2020-04-21 20:18:25.168,Compra Débito,-68.99,304,60127.5
10393,76,76,1,60,5373,2014-09-16 11:04:46.580,Compra Crédito,-19.59,76,35.47
10394,771,771,1,80,7118,2019-06-27 17:21:58.807,Compra Débito,-28.33,771,23150.03
10395,872,872,7,71,6871,2018-10-23 21:38:03.228,Compra Débito,-22.86,872,4227.81
10396,931,931,7,42,6687,2018-04-22 07:56:43.590,Depósito em espécie,18.52,931,79.3
10397,247,247,7,42,6162,2016-11-13 17:31:21.351,Compra Débito,-6.97,247,2451.09
10398,128,128,8,6,7139,2019-07-18 11:13:01.867,Saque,-136.87,128,44201.24
10399,404,404,4,19,7902,2021-08-19 09:08:15.349,Compra Débito,-86.12,404,161.87
10400,23,23,7,33,6073,2016-08-16 16:57:37.184,Depósito em espécie,50.46,23,7554.2
10401,166,166,7,14,8038,2022-01-02 02:58:48.656,Compra Crédito,-23.13,166,782.5
10402,447,447,3,16,7675,2021-01-04 08:54:49.285,Compra Débito,-23.28,447,1560.83
10403,182,182,4,45,7196,2019-09-13 20:23:04.850,Compra Crédito,-26.46,182,13622.15
10404,320,320,4,19,5764,2015-10-12 00:15:17.607,Compra Crédito,-24.02,320,14108.84
10405,969,969,2,76,7663,2020-12-23 18:53:19.621,Pix - Realizado,-252.3,969,924.98
10406,346,346,1,26,8279,2022-08-31 11:08:09.680,TED - Recebido,59940.0,346,57814.67
10407,359,359,1,80,5253,2014-05-19 06:34:24.705,Compra Crédito,-18.05,359,24410.06
10408,79,79,4,35,5213,2014-04-09 09:56:23.986,Compra Crédito,-23.08,79,219.09
10409,726,726,3,91,6910,2018-12-01 17:53:04.891,Compra Crédito,-7.13,726,30.63
10410,420,420,5,50,5966,2016-05-01 15:02:34.006,Compra Crédito,-67.45,420,7641.25
10411,264,264,7,71,8400,2022-12-30 23:59:47.001,Compra Crédito,-20.95,264,217.51
10412,526,526,3,51,8002,2021-11-27 12:57:08.597,Compra Crédito,-64.44,526,2246.83
10413,349,349,7,14,8399,2022-12-29 12:46:30.241,Compra Débito,-26.16,349,810.24
10414,803,803,7,100,8308,2022-09-29 11:37:31.135,Pix - Realizado,-897.5,803,1778.51
10415,792,792,7,42,6605,2018-01-30 00:41:37.873,Depósito em espécie,58.67,792,3.98
10416,914,914,5,55,5692,2015-08-01 17:09:29.853,Compra Crédito,-147.75,914,7492.2
10417,645,645,7,71,8400,2022-12-30 20:43:15.817,Pix - Realizado,-378.0,645,41775.87
10418,648,648,8,10,8390,2022-12-20 13:08:16.484,Pix - Recebido,162.9,648,220.85
10419,549,549,8,38,7309,2020-01-04 04:30:38.811,Compra Débito,-4.89,549,325.26
10420,851,851,7,7,7392,2020-03-27 18:55:43.681,Compra Débito,-11.46,851,4.05
10421,772,772,3,16,5307,2014-07-12 23:48:34.455,Compra Crédito,-40.33,772,816.66
10422,596,596,7,100,6570,2017-12-26 14:42:57.945,Compra Crédito,-13.02,596,147.68
10423,721,721,7,33,8068,2022-02-01 20:45:25.219,Pix - Recebido,235.8,721,179.84
10424,968,968,5,55,5390,2014-10-03 14:36:59.610,DOC - Recebido,12760.0,968,7480.46
10425,176,176,4,35,6763,2018-07-07 10:15:02.845,Compra Crédito,-10.44,176,43.45
10426,399,399,7,33,7950,2021-10-06 20:26:16.292,Compra Crédito,-11.87,399,2064.69
10427,161,161,6,44,8400,2022-12-30 23:35:00.391,Pix - Realizado,-104.5,161,14288.86
10428,790,790,7,7,7962,2021-10-18 01:00:03.661,Compra Débito,-17.49,790,47.89
10429,998,998,2,84,4957,2013-07-27 03:30:02.112,Compra Crédito,-12.31,998,36.07
10430,629,629,3,98,6399,2017-07-08 18:30:49.741,Compra Crédito,-78.87,629,8813.34
10431,899,899,1,92,7943,2021-09-29 18:27:49.019,Pix - Realizado,-117.3,899,6.64
10550,42,42,7,14,8064,2022-01-28 17:09:54.373,Saque,-47.08,42,95.06
10432,799,799,2,85,4792,2013-02-12 09:59:16.832,Pagamento de boleto,-623.2,799,3574.21
10433,319,319,3,31,5061,2013-11-08 04:13:55.289,Compra Crédito,-9.53,319,24.22
10434,365,365,1,75,6470,2017-09-17 04:36:33.347,Compra Crédito,-48.98,365,5.78
10435,95,95,7,14,8392,2022-12-22 17:05:40.658,Compra Débito,-21.85,95,42.88
10436,344,344,7,71,8135,2022-04-09 22:54:01.964,Compra Crédito,-69.45,344,27444.25
10437,424,424,2,76,4488,2012-04-14 23:57:35.428,Compra Crédito,-33.45,424,46029.34
10438,435,435,9,21,8400,2022-12-30 22:12:49.296,Compra Crédito,-57.36,435,1790.34
10439,556,556,7,100,6846,2018-09-28 07:37:44.926,Compra Crédito,-9.14,556,15.61
10440,960,960,1,39,7204,2019-09-21 11:30:12.927,Compra Crédito,-18.4,960,987.51
10441,278,278,4,57,5570,2015-04-01 20:04:24.165,Compra Débito,-25.82,278,30.67
10442,266,266,7,100,7891,2021-08-08 22:25:05.589,Depósito em espécie,183.23,266,8.44
10443,886,886,7,33,8380,2022-12-10 00:04:55.129,Pix - Recebido,283.4,886,54.27
10444,750,750,4,19,6002,2016-06-06 02:24:34.260,Compra Débito,-23.8,750,1945.52
10445,431,431,2,85,4827,2013-03-19 06:41:35.126,Compra Débito,-2.13,431,28.76
10446,464,464,3,13,5451,2014-12-03 14:07:27.484,Compra Crédito,-8.01,464,16.34
10447,514,514,9,65,7967,2021-10-23 19:43:57.092,Compra Débito,-18.87,514,29138.28
10448,689,689,2,84,5305,2014-07-10 08:48:38.038,Saque,-558.0,689,27162.12
10449,790,790,7,7,7971,2021-10-27 05:49:21.505,Compra Crédito,-18.48,790,47.89
10450,292,292,5,67,6126,2016-10-08 04:29:50.696,Compra Crédito,-15.62,292,436.53
10451,134,134,5,43,7259,2019-11-15 03:45:06.499,Compra Débito,-81.56,134,33031.09
10452,941,941,7,7,6306,2017-04-06 05:46:14.833,Compra Débito,-18.89,941,35080.31
10453,46,46,7,33,7190,2019-09-07 04:58:28.630,Compra Débito,-7.89,46,51.14
10454,844,844,7,7,6588,2018-01-13 20:49:20.822,Compra Crédito,-19.01,844,2.69
10455,875,875,7,71,8400,2022-12-30 23:51:45.979,Depósito em espécie,121.18,875,130.76
10456,536,536,4,45,6578,2018-01-03 03:04:25.194,Depósito em espécie,8.82,536,14.4
10457,435,435,9,21,8400,2022-12-30 23:13:43.914,Pix - Realizado,-255.9,435,1790.34
10458,554,554,1,75,6603,2018-01-28 22:24:40.937,Compra Débito,-37.28,554,25.68
10459,548,548,7,33,8296,2022-09-17 02:46:46.880,Pix - Realizado,-414.4,548,3522.41
10460,722,722,7,7,7171,2019-08-19 21:06:50.668,Compra Débito,-91.0,722,6971.66
10461,383,383,7,14,7863,2021-07-11 12:32:25.019,Compra Crédito,-94.3,383,2380.07
10462,938,938,6,88,6834,2018-09-16 15:40:19.555,Compra Crédito,-166.7,938,1588.2
10463,491,491,7,100,6612,2018-02-06 15:33:58.970,Depósito em espécie,142.17,491,0.86
10464,177,177,3,16,4534,2012-05-30 08:10:15.276,Compra Crédito,-29.77,177,43.44
10465,377,377,2,29,8329,2022-10-20 16:30:12.342,Pix - Realizado,-21.4,377,7673.52
10466,73,73,3,73,8261,2022-08-13 10:48:26.486,Compra Crédito,-59.86,73,212.31
10467,556,556,7,100,6848,2018-09-30 13:53:35.699,Depósito em espécie,30.74,556,15.61
10468,15,15,7,33,7378,2020-03-13 23:52:38.741,Compra Débito,-114.97,15,689.76
10469,31,31,6,40,6354,2017-05-24 23:00:05.980,Compra Crédito,-40.94,31,271.65
10470,433,433,9,99,8011,2021-12-06 07:19:11.005,Compra Débito,-20.67,433,16.55
10471,493,493,7,42,7739,2021-03-09 13:42:09.420,Compra Crédito,-19.4,493,532.93
10472,132,132,7,14,8009,2021-12-04 20:42:04.853,Compra Crédito,-23.89,132,2593.5
10473,253,253,7,14,6607,2018-02-01 16:26:47.108,Compra Débito,-33.48,253,4.95
10474,606,606,7,14,6473,2017-09-20 08:13:56.205,Compra Débito,-14.13,606,408.77
10475,979,979,7,71,8400,2022-12-30 23:55:13.772,Compra Crédito,-83.53,979,1006.13
10476,48,48,7,100,8400,2022-12-30 23:54:51.310,Compra Débito,-14.37,48,557.6
10477,745,745,3,51,7027,2019-03-28 16:47:40.646,Compra Crédito,-21.31,745,28080.44
10478,4,4,7,42,7280,2019-12-06 08:43:44.079,Compra Crédito,-19.35,4,403.16
10479,238,238,6,48,8118,2022-03-23 20:20:39.229,Pix - Realizado,-279.9,238,2138.0
10480,213,213,7,100,7491,2020-07-04 22:06:16.038,Compra Débito,-43.0,213,741.68
10481,499,499,7,7,6795,2018-08-08 05:54:25.658,Compra Débito,-16.85,499,22.94
10482,433,433,9,99,8011,2021-12-06 07:23:48.840,Compra Débito,-10.85,433,16.55
10483,34,34,2,78,5479,2014-12-31 08:09:01.553,Compra Débito,-106.22,34,26823.17
10484,682,682,2,86,6021,2016-06-25 15:16:19.586,TED - Recebido,10805.0,682,22.02
10485,735,735,7,7,7102,2019-06-11 10:35:01.006,Compra Crédito,-31.27,735,43843.05
10486,940,940,7,14,6336,2017-05-06 07:59:41.333,Depósito em espécie,55.55,940,9.19
10487,154,154,7,33,6883,2018-11-04 23:42:22.406,Compra Crédito,-47.41,154,339.43
10488,716,716,1,36,8377,2022-12-07 01:08:44.029,Compra Crédito,-23.8,716,21.65
10489,357,357,7,7,7117,2019-06-26 11:37:09.870,Compra Crédito,-7.57,357,20.01
10490,950,950,3,31,6645,2018-03-11 18:51:14.268,Depósito em espécie,66.7,950,9658.42
10491,462,462,7,100,7650,2020-12-10 17:46:51.908,Pix - Realizado,-147.9,462,18922.28
10492,879,879,3,31,4855,2013-04-16 05:06:59.759,Compra Débito,-12.53,879,4.04
10493,181,181,2,85,5070,2013-11-17 03:50:40.733,Compra Crédito,-51.25,181,196.99
10494,122,122,7,100,6909,2018-11-30 11:28:29.632,Compra Débito,-61.45,122,437.76
10495,54,54,1,26,7628,2020-11-18 15:40:31.833,Pix - Recebido,609.5,54,9.45
10496,27,27,7,42,7221,2019-10-08 16:47:45.047,Compra Crédito,-136.62,27,44370.52
10497,63,63,1,26,8023,2021-12-18 08:45:33.753,Pix - Realizado,-179.3,63,2273.2
10498,328,328,8,6,8400,2022-12-30 23:54:53.476,Compra Crédito,-72.53,328,89.76
10499,33,33,9,93,7544,2020-08-26 23:39:23.629,Compra Débito,-24.0,33,57.66
10500,217,217,4,57,5152,2014-02-07 02:51:53.889,Compra Débito,-50.09,217,3307.79
10501,732,732,4,1,8381,2022-12-11 18:51:57.465,Compra Crédito,-393.41,732,35601.8
10502,688,688,7,42,7277,2019-12-03 16:40:22.832,Compra Crédito,-95.75,688,228.81
10503,727,727,3,91,8248,2022-07-31 21:38:00.778,Compra Crédito,-25.27,727,147.47
10504,626,626,10,97,8316,2022-10-07 08:54:02.747,DOC - Recebido,7015.0,626,45.21
10505,852,852,7,33,7142,2019-07-21 10:57:59.862,DOC - Recebido,25855.0,852,27073.51
10506,828,828,2,24,4827,2013-03-19 07:46:39.929,Compra Débito,-22.79,828,1.1
10507,285,285,2,82,7083,2019-05-23 18:32:42.843,Compra Débito,-12.88,285,30.87
10508,810,810,2,9,5560,2015-03-22 23:46:49.881,Compra Débito,-24.94,810,125.43
10509,295,295,6,44,6414,2017-07-23 12:46:10.571,Compra Crédito,-45.96,295,405.1
10510,413,413,8,6,8382,2022-12-12 06:07:06.813,Saque,-118.21,413,928.5
10511,852,852,7,33,7162,2019-08-10 08:31:58.021,Compra Débito,-79.27,852,27073.51
10512,943,943,7,14,6298,2017-03-29 02:08:56.130,Compra Crédito,-118.35,943,124.1
10513,411,411,1,75,4967,2013-08-06 08:43:58.117,Compra Débito,-113.49,411,53894.21
10514,991,991,4,57,6454,2017-09-01 23:26:24.025,Compra Crédito,-14.89,991,430.16
10515,993,993,7,14,7308,2020-01-03 22:59:17.637,Compra Crédito,-17.01,993,33.5
10516,354,354,7,100,6795,2018-08-08 02:39:28.729,Saque,-290.03,354,76726.35
10517,697,697,2,84,4794,2013-02-14 12:59:02.954,Compra Crédito,-31.59,697,976.46
10518,670,670,3,73,6984,2019-02-13 17:56:20.672,Compra Débito,-4.86,670,1285.7
10519,898,898,4,45,6622,2018-02-16 11:04:40.833,Depósito em espécie,29.77,898,32.21
10520,382,382,7,7,7454,2020-05-28 18:46:08.620,Depósito em espécie,45.94,382,1.46
10521,867,867,2,70,4530,2012-05-26 07:05:48.151,Compra Crédito,-11.1,867,15541.16
10522,155,155,3,16,7441,2020-05-15 17:46:55.221,Compra Crédito,-199.62,155,515.96
10523,485,485,3,13,4955,2013-07-25 20:02:02.345,Transferência entre CC - Crédito,230.6,485,272.31
10524,905,905,1,80,4538,2012-06-03 05:07:14.169,Compra Crédito,-39.12,905,645.84
10525,188,188,8,10,6739,2018-06-13 02:25:08.098,Depósito em espécie,17.86,188,84.9
10526,115,115,2,84,7832,2021-06-10 22:17:56.958,Compra Débito,-35.85,115,2036.75
10527,48,48,7,100,8400,2022-12-30 23:55:18.565,Pix - Recebido,433.9,48,557.6
10528,789,789,7,33,6400,2017-07-09 13:22:53.933,Compra Crédito,-31.09,789,63.36
10529,666,666,7,42,8258,2022-08-10 16:02:10.999,Pix - Realizado,-560.3,666,40437.53
10530,165,165,7,42,8386,2022-12-16 07:00:54.319,Compra Crédito,-64.78,165,537.34
10531,936,936,7,33,8312,2022-10-03 14:17:21.278,Pix - Realizado,-752.4,936,458.65
10532,254,254,7,100,8400,2022-12-30 23:58:55.845,Compra Crédito,-26.88,254,980.6
10533,253,253,7,14,6607,2018-02-01 16:34:21.520,Depósito em espécie,60.95,253,4.95
10534,156,156,2,9,4516,2012-05-12 11:59:41.983,Saque,-332.26,156,498.76
10535,647,647,5,43,8000,2021-11-25 12:49:36.281,Compra Crédito,-33.67,647,679.15
10536,624,624,7,100,6577,2018-01-02 07:08:42.227,Compra Débito,-18.73,624,169.09
10537,408,408,7,100,8356,2022-11-16 16:18:23.791,Depósito em espécie,33.1,408,209.1
10538,298,298,6,4,7863,2021-07-11 15:46:41.007,Depósito em espécie,59.63,298,8507.51
10539,617,617,7,33,8157,2022-05-01 12:35:34.760,Compra Débito,-51.22,617,189.04
10540,70,70,6,88,6695,2018-04-30 23:17:02.451,Compra Débito,-114.96,70,22097.13
10541,973,973,7,42,8019,2021-12-14 21:35:01.066,Pix - Realizado,-551.2,973,873.74
10542,40,40,7,7,8136,2022-04-10 01:46:10.806,Compra Débito,-98.34,40,639.41
10543,898,898,4,45,7132,2019-07-11 01:46:57.037,Compra Crédito,-9.75,898,32.21
10544,137,137,1,36,7059,2019-04-29 15:54:08.678,Saque,-111.85,137,338.5
10545,830,830,1,18,5679,2015-07-19 22:30:02.828,Compra Débito,-13.65,830,16.28
10546,294,294,2,95,5627,2015-05-28 09:01:32.241,Saque,-313.12,294,14975.62
10547,360,360,2,82,4555,2012-06-20 01:59:51.465,Compra Crédito,-133.26,360,1965.16
10548,661,661,5,55,5818,2015-12-05 11:34:30.163,Estorno de Debito,11.26,661,6239.1
10549,480,480,7,7,5993,2016-05-28 08:27:03.694,Compra Crédito,-13.78,480,16640.89
10551,894,894,7,14,8314,2022-10-05 10:44:04.596,Compra Débito,-63.53,894,184.42
10552,915,915,7,14,5876,2016-02-01 11:28:36.654,Compra Crédito,-51.8,915,134.73
10553,135,135,1,75,7775,2021-04-14 09:24:38.751,Pix - Realizado,-198.0,135,408.51
10554,177,177,3,16,4690,2012-11-02 22:15:31.789,Saque,-37.82,177,43.44
10555,818,818,7,33,5999,2016-06-03 04:51:56.176,Compra Crédito,-13.94,818,11.77
10556,461,461,6,28,6675,2018-04-10 08:36:48.705,Compra Crédito,-15.67,461,147.18
10557,887,887,7,42,6641,2018-03-07 02:07:57.135,Compra Débito,-43.32,887,68.2
10558,163,163,2,84,8399,2022-12-29 16:37:50.096,Compra Crédito,-6.69,163,37.1
10559,656,656,2,81,6938,2018-12-29 02:19:55.874,Compra Crédito,-103.38,656,72005.0
10560,866,866,7,42,8115,2022-03-20 21:42:20.759,Pix - Recebido,130.5,866,309.54
10561,263,263,1,36,4886,2013-05-17 22:02:39.061,Depósito em espécie,87.37,263,3.2
10562,269,269,5,63,5625,2015-05-26 18:34:58.850,Pagamento de boleto,-383.8,269,37274.48
10563,241,241,5,15,7613,2020-11-03 09:20:07.946,Compra Débito,-10.64,241,536.84
10564,554,554,1,75,6605,2018-01-30 15:57:12.614,Compra Crédito,-2.84,554,25.68
10565,137,137,1,36,7186,2019-09-03 05:41:41.976,Compra Crédito,-83.96,137,338.5
10566,576,576,7,14,6406,2017-07-15 11:14:17.288,Compra Crédito,-99.17,576,5024.21
10567,670,670,3,73,6993,2019-02-22 20:38:04.862,Compra Débito,-44.24,670,1285.7
10568,696,696,7,100,6651,2018-03-17 09:14:30.418,Compra Débito,-38.21,696,3036.27
10569,693,693,7,33,6238,2017-01-28 20:29:03.038,Depósito em espécie,14.35,693,2.12
10570,160,160,3,98,4876,2013-05-07 15:22:59.358,Compra Crédito,-31.17,160,20533.29
10571,208,208,4,35,7091,2019-05-31 21:12:34.228,Compra Crédito,-36.75,208,77.03
10572,685,685,7,33,6215,2017-01-05 09:40:31.234,Compra Débito,-37.18,685,8.32
10573,623,623,1,32,8399,2022-12-29 23:25:06.363,Compra Crédito,-24.81,623,317.47
10574,292,292,5,67,6140,2016-10-22 03:44:05.778,Compra Crédito,-121.84,292,436.53
10575,842,842,7,33,7155,2019-08-03 02:57:15.821,TED - Recebido,35035.0,842,1.24
10576,543,543,8,10,7799,2021-05-08 07:01:08.194,Compra Crédito,-31.19,543,566.44
10577,849,849,7,7,7594,2020-10-15 00:14:28.197,Saque,-707.94,849,48289.13
10578,949,949,7,42,6072,2016-08-15 16:55:20.276,Compra Crédito,-101.59,949,15912.64
10579,474,474,7,71,7307,2020-01-02 12:05:27.056,Compra Crédito,-33.34,474,414.48
10580,875,875,7,71,8400,2022-12-30 23:56:51.504,Compra Crédito,-25.55,875,130.76
10581,817,817,7,100,6929,2018-12-20 04:12:42.640,Compra Crédito,-80.94,817,19329.08
10582,553,553,5,43,8219,2022-07-02 13:45:27.837,Pix - Recebido,423.7,553,317.19
10583,284,284,2,70,4163,2011-05-25 01:26:36.477,Compra Débito,-8.73,284,222.27
10584,676,676,1,26,8125,2022-03-30 22:43:13.388,Compra Crédito,-13.09,676,91.0
10585,250,250,5,55,6345,2017-05-15 23:29:43.333,Depósito em espécie,13.67,250,12.9
10586,774,774,1,39,7278,2019-12-04 12:08:30.698,Compra Crédito,-24.71,774,492.43
10587,515,515,5,58,6095,2016-09-07 23:31:23.485,Compra Débito,-18.3,515,5657.69
10588,188,188,8,10,6745,2018-06-19 11:42:14.122,Compra Crédito,-22.57,188,84.9
10589,597,597,2,94,7541,2020-08-23 14:00:48.435,Compra Crédito,-42.5,597,404.1
10590,492,492,9,87,7481,2020-06-24 06:45:56.090,Depósito em espécie,68.95,492,5.99
10591,847,847,8,89,7775,2021-04-14 09:14:07.968,Compra Crédito,-24.42,847,114.56
10592,189,189,7,7,7640,2020-11-30 16:16:10.061,Compra Crédito,-54.46,189,25382.15
10593,110,110,3,31,5194,2014-03-21 07:36:45.446,Compra Crédito,-30.67,110,96140.95
10594,978,978,5,15,7729,2021-02-27 06:25:20.044,Compra Crédito,-15.95,978,40487.07
10595,168,168,7,100,7067,2019-05-07 20:05:49.121,Compra Crédito,-58.87,168,1688.88
10596,653,653,7,71,7329,2020-01-24 08:23:02.142,Estorno de Debito,12.62,653,24.9
10597,979,979,7,71,8400,2022-12-30 23:58:46.321,DOC - Recebido,62225.0,979,1006.13
10598,201,201,7,71,8393,2022-12-23 16:19:28.164,Compra Crédito,-17.79,201,266.97
10599,50,50,1,18,7422,2020-04-26 21:39:21.733,Compra Crédito,-89.07,50,806.55
10600,526,526,3,51,8003,2021-11-28 02:30:01.945,Pix - Realizado,-169.6,526,2246.83
10601,760,760,1,75,4079,2011-03-02 20:10:47.761,Compra Crédito,-28.8,760,15864.55
10602,125,125,1,61,7137,2019-07-16 21:10:36.643,Depósito em espécie,102.71,125,22.05
10603,655,655,7,42,7789,2021-04-28 19:29:33.001,Compra Crédito,-11.46,655,232.15
10604,277,277,7,33,8400,2022-12-30 23:57:22.720,Pix - Recebido,655.4,277,841.7
10605,48,48,7,100,8400,2022-12-30 23:58:42.027,Pix - Realizado,-393.0,48,557.6
10606,851,851,7,7,7392,2020-03-27 21:13:06.085,Depósito em espécie,173.72,851,4.05
10607,663,663,2,70,5979,2016-05-14 11:22:55.642,Depósito em espécie,26.24,663,5.92
10608,187,187,7,7,6331,2017-05-01 18:29:29.740,Depósito em espécie,95.88,187,111.14
10609,166,166,7,14,8038,2022-01-02 03:09:19.549,Pix - Recebido,801.1,166,782.5
10610,119,119,6,88,6040,2016-07-14 08:43:28.488,Compra Crédito,-32.54,119,5.21
10611,330,330,9,59,7640,2020-11-30 06:53:50.306,Compra Crédito,-23.26,330,93.01
10612,452,452,5,49,8308,2022-09-29 13:06:43.542,Compra Crédito,-44.21,452,340.61
10613,331,331,7,71,8350,2022-11-10 22:21:36.625,Pix - Realizado,-139.3,331,32267.25
10614,600,600,4,45,5834,2015-12-21 15:49:27.054,Transferência entre CC - Crédito,92.0,600,0.75
10615,994,994,7,7,6491,2017-10-08 06:04:49.229,Compra Crédito,-69.86,994,576.6
10616,981,981,10,17,8323,2022-10-14 08:39:27.277,Compra Crédito,-97.23,981,505.84
10617,563,563,1,62,7838,2021-06-16 14:30:10.034,Compra Crédito,-176.84,563,413.35
10618,723,723,7,14,6301,2017-04-01 22:47:29.950,Compra Crédito,-30.18,723,1361.01
10619,80,80,7,71,7581,2020-10-02 04:56:02.642,Depósito em espécie,15.97,80,27.45
10620,356,356,7,42,7410,2020-04-14 19:48:21.315,Compra Débito,-11.43,356,68663.09
10621,980,980,7,7,7151,2019-07-30 11:32:36.032,Compra Crédito,-20.2,980,49.3
10622,477,477,7,71,6210,2016-12-31 08:02:05.465,Compra Crédito,-144.63,477,36068.85
10623,298,298,6,4,7863,2021-07-11 15:46:48.047,Pix - Realizado,-924.4,298,8507.51
10624,48,48,7,100,8400,2022-12-30 23:59:47.759,Pix - Realizado,-409.8,48,557.6
10625,206,206,7,33,8374,2022-12-04 10:30:02.858,Compra Crédito,-16.27,206,24.58
10626,202,202,7,100,7080,2019-05-20 04:38:45.300,Compra Crédito,-24.82,202,49.02
10627,119,119,6,88,6041,2016-07-15 02:12:38.849,Depósito em espécie,23.6,119,5.21
10628,144,144,7,14,6939,2018-12-30 23:52:24.366,Compra Débito,-24.94,144,11.39
10629,285,285,2,82,7128,2019-07-07 09:35:49.708,Compra Crédito,-25.9,285,30.87
10630,692,692,3,31,7349,2020-02-13 10:12:45.574,Compra Débito,-42.85,692,2.06
10631,281,281,7,33,7550,2020-09-01 14:13:36.410,Compra Crédito,-30.01,281,77487.74
10632,376,376,7,14,8352,2022-11-12 17:06:15.832,Pix - Recebido,4791.8,376,53.04
10633,791,791,7,71,8389,2022-12-19 03:06:50.446,Pix - Recebido,980.8,791,83.77
10634,784,784,3,91,7250,2019-11-06 05:21:15.024,Compra Crédito,-44.64,784,276.1
10635,735,735,7,7,7102,2019-06-11 11:50:14.617,Compra Crédito,-8.74,735,43843.05
10636,849,849,7,7,7603,2020-10-24 16:24:13.155,Compra Débito,-13.44,849,48289.13
10637,423,423,8,47,8338,2022-10-29 03:01:32.422,Compra Crédito,-51.01,423,501.5
10638,890,890,2,85,8091,2022-02-24 01:20:16.160,TED - Recebido,5060.0,890,296.04
10639,692,692,3,31,7349,2020-02-13 10:16:02.899,Depósito em espécie,39.23,692,2.06
10640,625,625,3,51,6164,2016-11-15 09:42:47.793,Compra Débito,-18.79,625,1736.31
10641,389,389,7,71,7915,2021-09-01 02:11:03.037,Pix - Realizado,-579.4,389,1275.37
10642,272,272,2,24,5432,2014-11-14 04:07:28.623,Compra Crédito,-34.54,272,56695.45
10643,103,103,7,42,6454,2017-09-01 06:25:24.414,Depósito em espécie,35.01,103,1008.16
10644,529,529,6,48,6946,2019-01-06 22:50:32.251,Compra Débito,-53.63,529,10159.31
10645,752,752,7,42,7946,2021-10-02 21:21:55.966,Compra Crédito,-45.8,752,3163.64
10646,210,210,3,91,6545,2017-12-01 02:06:47.954,Depósito em espécie,31.42,210,24.59
10647,903,903,7,71,6856,2018-10-08 23:52:18.671,Compra Débito,-24.95,903,69.48
10648,864,864,7,14,6977,2019-02-06 23:22:27.621,Compra Crédito,-23.68,864,17812.14
10649,44,44,9,59,7677,2021-01-06 09:06:52.370,Pix - Realizado,-362.7,44,25295.97
10650,575,575,5,58,7417,2020-04-21 23:15:46.350,Compra Débito,-15.59,575,426.34
10651,859,859,7,100,8400,2022-12-30 09:33:24.604,Compra Débito,-16.29,859,586.87
10652,405,405,7,71,8417,2023-01-16 05:00:39.304,Pix - Realizado,-1075.1,405,15321.24
10653,338,338,7,42,8179,2022-05-23 19:39:22.922,Compra Crédito,-76.06,338,1187.02
10654,587,587,7,33,7478,2020-06-21 09:17:40.532,Compra Crédito,-16.05,587,9385.97
10655,445,445,1,92,3978,2010-11-21 04:41:03.061,Compra Débito,-87.09,445,101.02
10656,99,99,7,7,8377,2022-12-07 13:15:23.926,Compra Débito,-131.71,99,6159.31
10657,727,727,3,91,8248,2022-07-31 23:06:22.180,Compra Crédito,-59.65,727,147.47
10658,592,592,7,42,6996,2019-02-25 11:20:54.087,Compra Crédito,-11.03,592,21.29
10659,120,120,2,82,7267,2019-11-23 01:35:11.878,Compra Crédito,-73.17,120,7738.26
10660,706,706,7,14,6944,2019-01-04 16:58:01.817,Compra Crédito,-16.08,706,972.02
10661,485,485,3,13,4955,2013-07-25 21:44:17.751,Compra Crédito,-25.59,485,272.31
10662,318,318,3,91,7549,2020-08-31 22:13:11.366,TED - Recebido,41940.0,318,43585.91
10663,182,182,4,45,7196,2019-09-13 20:34:26.202,DOC - Recebido,14170.0,182,13622.15
10664,699,699,3,13,8195,2022-06-08 18:48:06.405,Pix - Recebido,196.8,699,93865.96
10665,631,631,6,88,6062,2016-08-05 03:50:48.975,Depósito em espécie,16.32,631,7311.87
10666,360,360,2,82,4619,2012-08-23 03:14:19.737,Compra Débito,-30.7,360,1965.16
10667,710,710,7,42,6550,2017-12-06 14:04:35.793,Compra Débito,-106.43,710,38354.24
10668,30,30,9,77,8020,2021-12-15 01:54:45.505,TED - Recebido,40290.0,30,8.42
10669,733,733,6,4,8079,2022-02-12 05:59:19.643,Pix - Realizado,-243.8,733,1849.3
10670,365,365,1,75,6470,2017-09-17 04:36:50.583,DOC - Recebido,41140.0,365,5.78
10671,346,346,1,26,8282,2022-09-03 22:10:35.946,Compra Débito,-22.87,346,57814.67
10672,228,228,1,80,5674,2015-07-14 09:26:00.148,Depósito em espécie,10.69,228,11.6
10673,277,277,7,33,8400,2022-12-30 23:57:39.606,Compra Crédito,-35.93,277,841.7
10674,431,431,2,85,4827,2013-03-19 09:23:27.863,Compra Crédito,-9.39,431,28.76
10675,688,688,7,42,7277,2019-12-03 17:18:54.966,Compra Débito,-33.25,688,228.81
10676,265,265,7,42,6214,2017-01-04 19:50:19.065,Transferência entre CC - Débito,-268.9,265,836.77
10677,576,576,7,14,6407,2017-07-16 04:35:30.186,Compra Crédito,-26.84,576,5024.21
10678,864,864,7,14,6978,2019-02-07 19:46:35.084,Compra Crédito,-107.81,864,17812.14
10679,208,208,4,35,7114,2019-06-23 17:30:44.604,Compra Débito,-78.57,208,77.03
10680,591,591,7,100,5948,2016-04-13 01:55:39.285,Compra Débito,-16.12,591,46.46
10681,525,525,7,71,8258,2022-08-10 23:39:53.800,Compra Débito,-16.98,525,24.17
10682,966,966,7,14,8162,2022-05-06 10:55:35.817,Compra Crédito,-35.28,966,1425.28
10683,510,510,1,80,5899,2016-02-24 23:02:58.710,Compra Crédito,-18.78,510,5629.63
10684,685,685,7,33,6216,2017-01-06 02:24:04.441,Compra Crédito,-5.11,685,8.32
10685,798,798,3,13,7827,2021-06-05 22:04:52.443,Pix - Realizado,-277.9,798,40174.06
10686,955,955,5,34,8381,2022-12-11 02:00:57.491,TED - Recebido,33585.0,955,25.34
10687,240,240,7,14,8215,2022-06-28 14:35:56.468,Pix - Recebido,162.3,240,1014.33
10688,149,149,7,33,8134,2022-04-08 19:33:45.111,Compra Crédito,-25.14,149,1259.47
10689,307,307,6,54,6969,2019-01-29 15:17:13.755,Compra Crédito,-30.44,307,250.85
10690,980,980,7,7,7151,2019-07-30 13:03:33.641,Depósito em espécie,354.02,980,49.3
10691,901,901,2,9,4231,2011-08-01 03:25:27.787,Saque,-182.35,901,23788.28
10692,409,409,2,82,5274,2014-06-09 08:03:26.636,Compra Débito,-11.67,409,112.47
10693,970,970,3,31,8336,2022-10-27 09:11:25.321,Compra Débito,-16.02,970,101.71
10694,657,657,3,73,5432,2014-11-14 14:47:39.122,Compra Crédito,-71.83,657,15464.38
10695,422,422,7,42,6435,2017-08-13 23:13:01.256,Compra Crédito,-17.41,422,23.08
10696,969,969,2,76,7677,2021-01-06 06:40:18.699,Compra Débito,-37.13,969,924.98
10697,87,87,7,100,8165,2022-05-09 06:00:20.958,Pix - Realizado,-211.3,87,1554.82
10698,592,592,7,42,6997,2019-02-26 05:00:24.647,Compra Crédito,-7.19,592,21.29
10699,44,44,9,59,7677,2021-01-06 13:10:04.164,Compra Crédito,-38.93,44,25295.97
10700,487,487,7,100,7026,2019-03-27 00:39:19.012,Compra Crédito,-24.14,487,40.33
10701,314,314,7,100,7735,2021-03-05 22:09:55.051,Compra Débito,-62.78,314,14314.99
10702,793,793,7,71,8400,2022-12-30 23:59:59.279,Compra Crédito,-45.26,793,136.29
10703,394,394,3,51,4813,2013-03-05 12:59:46.990,Compra Crédito,-20.45,394,14982.14
10704,401,401,7,14,8384,2022-12-14 07:32:11.334,Pix - Recebido,154.1,401,2.51
10705,134,134,5,43,7261,2019-11-17 09:02:11.633,Compra Crédito,-54.9,134,33031.09
10706,68,68,8,5,8186,2022-05-30 01:53:04.403,Pix - Recebido,662.6,68,192.9
10707,708,708,3,73,7053,2019-04-23 02:18:47.495,Compra Crédito,-12.76,708,81.79
10708,47,47,1,11,5124,2014-01-10 00:06:42.471,Compra Crédito,-24.3,47,218.62
10709,941,941,7,7,6306,2017-04-06 09:27:04.757,Compra Débito,-48.05,941,35080.31
10710,658,658,3,16,6274,2017-03-05 14:17:34.275,Depósito em espécie,48.33,658,7.08
10711,969,969,2,76,7677,2021-01-06 15:59:16.912,Compra Débito,-8.66,969,924.98
10712,122,122,7,100,7088,2019-05-28 21:02:33.837,Compra Crédito,-10.71,122,437.76
10713,404,404,4,19,7945,2021-10-01 03:53:06.579,Pix - Realizado,-415.5,404,161.87
10714,683,683,3,13,8399,2022-12-29 19:53:08.507,Compra Crédito,-135.64,683,308.98
10715,500,500,1,3,7295,2019-12-21 23:42:42.366,Compra Crédito,-10.35,500,107875.13
10716,733,733,6,4,8360,2022-11-20 14:41:45.472,Compra Débito,-20.07,733,1849.3
10717,688,688,7,42,7281,2019-12-07 05:08:09.301,Compra Débito,-91.73,688,228.81
10718,538,538,7,33,8212,2022-06-25 03:43:23.475,Pix - Recebido,317.7,538,435.36
10719,780,780,8,6,6659,2018-03-25 09:32:52.334,Depósito em espécie,55.14,780,15.8
10720,649,649,3,16,8406,2023-01-05 20:38:35.779,Pix - Recebido,528.7,649,3.6
10721,911,911,7,14,8196,2022-06-09 21:04:42.019,Compra Débito,-41.76,911,492.8
10722,863,863,7,42,8405,2023-01-04 11:20:24.076,Compra Débito,-56.23,863,418.28
10723,915,915,7,14,5876,2016-02-01 16:29:38.003,Compra Crédito,-44.43,915,134.73
10724,210,210,3,91,6545,2017-12-01 03:07:25.038,Compra Crédito,-14.82,210,24.59
10725,217,217,4,57,5152,2014-02-07 05:20:32.763,Compra Débito,-33.73,217,3307.79
10726,820,820,4,35,6371,2017-06-10 04:36:16.882,Compra Crédito,-20.33,820,50513.1
10727,629,629,3,98,6406,2017-07-15 09:40:06.053,Compra Crédito,-57.55,629,8813.34
10728,46,46,7,33,7190,2019-09-07 05:42:23.940,Compra Crédito,-23.87,46,51.14
10729,337,337,7,100,6824,2018-09-06 00:26:00.832,Depósito em espécie,11.6,337,14854.02
10730,936,936,7,33,8318,2022-10-09 06:04:51.170,Pix - Realizado,-276.2,936,458.65
10731,863,863,7,42,8405,2023-01-04 11:20:24.881,Compra Débito,-18.79,863,418.28
10732,318,318,3,91,7559,2020-09-10 12:48:41.270,Compra Crédito,-53.5,318,43585.91
10733,917,917,1,36,7834,2021-06-12 01:05:32.993,Compra Débito,-26.66,917,245.39
10734,379,379,2,86,5219,2014-04-15 04:13:18.240,Compra Crédito,-28.93,379,28219.68
10735,717,717,7,42,7499,2020-07-12 07:01:22.491,Compra Débito,-14.44,717,86.27
10736,241,241,5,15,7613,2020-11-03 13:28:59.464,Compra Crédito,-38.13,241,536.84
10737,943,943,7,14,6298,2017-03-29 19:37:26.274,Compra Crédito,-69.33,943,124.1
10738,6,6,7,100,6540,2017-11-26 20:46:35.235,Compra Débito,-35.49,6,105.6
10739,745,745,3,51,7039,2019-04-09 03:48:44.374,Compra Crédito,-16.4,745,28080.44
10740,216,216,1,26,4543,2012-06-08 08:53:35.967,Compra Crédito,-16.8,216,622.12
10741,713,713,1,39,5783,2015-10-31 07:59:19.055,Compra Crédito,-69.71,713,56.06
10742,93,93,1,92,7801,2021-05-10 22:10:31.580,Compra Débito,-16.44,93,80650.07
10743,974,974,7,7,7687,2021-01-16 23:40:12.298,Compra Débito,-18.99,974,372.33
10744,269,269,5,63,5644,2015-06-14 04:01:00.382,Compra Débito,-36.9,269,37274.48
10745,466,466,2,95,6748,2018-06-22 22:16:30.378,Compra Crédito,-42.15,466,61879.3
10746,776,776,4,1,6751,2018-06-25 08:44:34.754,Compra Crédito,-31.21,776,164.21
10747,857,857,2,70,7483,2020-06-26 22:46:30.922,Compra Débito,-36.26,857,11040.58
10748,180,180,7,71,6291,2017-03-22 19:25:43.683,Compra Débito,-247.12,180,12252.59
10749,313,313,2,76,7337,2020-02-01 03:04:58.960,Compra Crédito,-87.92,313,71620.68
10750,350,350,7,7,6399,2017-07-08 01:54:54.720,Compra Débito,-69.14,350,91.18
10751,340,340,4,35,8018,2021-12-13 00:05:35.769,Compra Débito,-48.6,340,393.03
10752,310,310,7,42,7262,2019-11-18 14:57:22.394,Compra Crédito,-10.63,310,30.65
10753,209,209,7,14,6414,2017-07-23 11:10:11.861,Compra Crédito,-83.33,209,5.22
10754,375,375,2,70,7378,2020-03-13 07:38:40.383,Compra Débito,-33.51,375,110.31
10755,592,592,7,42,7000,2019-03-01 15:21:52.748,Compra Débito,-18.99,592,21.29
10756,463,463,7,100,8097,2022-03-02 08:23:48.194,Pix - Realizado,-763.7,463,848.28
10757,355,355,7,71,8381,2022-12-11 22:11:48.572,Compra Débito,-15.2,355,1998.43
10758,818,818,7,33,6000,2016-06-04 02:54:01.008,Depósito em espécie,31.03,818,11.77
10759,423,423,8,47,8339,2022-10-30 13:18:17.966,Pix - Realizado,-410.3,423,501.5
10760,669,669,5,58,5837,2015-12-24 14:46:52.817,Compra Débito,-49.46,669,118.91
10761,254,254,7,100,8400,2022-12-30 23:59:18.664,Compra Crédito,-13.86,254,980.6
10762,957,957,3,73,5623,2015-05-24 08:11:14.877,Compra Crédito,-27.49,957,15.95
10763,822,822,5,34,8399,2022-12-29 22:42:42.655,Compra Crédito,-37.16,822,230.97
10764,996,996,2,24,8167,2022-05-11 02:13:30.121,Pix - Realizado,-246.8,996,30339.67
10765,501,501,4,35,5468,2014-12-20 08:37:19.850,Compra Crédito,-42.94,501,44.82
10766,950,950,3,31,6645,2018-03-11 18:55:39.166,Compra Crédito,-44.21,950,9658.42
10767,385,385,4,19,7577,2020-09-28 08:09:13.410,Transferência entre CC - Débito,-435.5,385,13281.25
10768,991,991,4,57,6974,2019-02-03 02:33:19.445,Compra Crédito,-18.57,991,430.16
10769,824,824,7,14,7396,2020-03-31 07:18:47.566,Compra Débito,-42.36,824,32360.92
10770,991,991,4,57,6974,2019-02-03 04:28:45.264,Compra Crédito,-38.0,991,430.16
10771,504,504,7,42,7045,2019-04-15 11:36:35.345,Compra Crédito,-80.51,504,941.58
10772,390,390,7,14,8051,2022-01-15 16:47:04.593,Pix - Recebido,1089.9,390,30642.59
10773,306,306,7,7,6511,2017-10-28 22:15:06.399,Depósito em espécie,177.27,306,86.7
10774,209,209,7,14,6414,2017-07-23 14:48:54.380,Compra Crédito,-3.99,209,5.22
10775,524,524,7,33,6607,2018-02-01 16:18:11.102,Depósito em espécie,158.17,524,9.47
10776,636,636,1,39,5568,2015-03-30 02:55:12.854,Compra Débito,-14.93,636,34782.8
10777,196,196,3,91,7672,2021-01-01 21:59:32.036,Compra Débito,-25.5,196,52.64
10778,837,837,5,15,7545,2020-08-27 14:59:10.655,Saque,-55.84,837,1685.83
10779,670,670,3,73,6994,2019-02-23 01:49:46.943,Compra Débito,-152.31,670,1285.7
10780,802,802,3,13,8392,2022-12-22 20:10:17.290,Compra Débito,-105.2,802,981.85
10781,122,122,7,100,7138,2019-07-17 18:10:52.942,Compra Crédito,-11.93,122,437.76
10782,953,953,7,7,7923,2021-09-09 00:30:38.439,Compra Débito,-21.88,953,102.72
10783,155,155,3,16,7538,2020-08-20 05:28:46.145,Compra Débito,-12.46,155,515.96
10784,897,897,7,33,7995,2021-11-20 16:30:12.797,Pix - Realizado,-82.6,897,84.61
10785,281,281,7,33,7553,2020-09-04 10:38:44.136,Compra Débito,-115.28,281,77487.74
10786,31,31,6,40,6607,2018-02-01 02:10:22.862,Compra Débito,-11.61,31,271.65
10787,854,854,6,96,7812,2021-05-21 23:17:19.860,Compra Débito,-46.96,854,2489.45
10788,254,254,7,100,8400,2022-12-30 23:59:38.958,Depósito em espécie,31.72,254,980.6
10789,421,421,7,14,7715,2021-02-13 23:31:15.565,Compra Crédito,-38.53,421,90.29
10790,276,276,5,15,6850,2018-10-02 07:45:11.088,Compra Débito,-12.0,276,40158.27
10791,826,826,7,71,6705,2018-05-10 21:45:55.953,Depósito em espécie,13.06,826,181.92
10792,384,384,3,98,6811,2018-08-24 12:28:17.598,Transferência entre CC - Débito,-550.1,384,78.72
10793,576,576,7,14,6407,2017-07-16 04:36:22.933,Saque,-100.08,576,5024.21
10794,835,835,7,71,8400,2022-12-30 22:35:46.135,Compra Débito,-67.23,835,273.63
10795,765,765,2,82,7892,2021-08-09 10:24:17.002,Pix - Recebido,465.4,765,483.83
10796,879,879,3,31,4861,2013-04-22 20:50:15.457,Depósito em espécie,74.59,879,4.04
10797,336,336,7,100,6525,2017-11-11 00:18:16.067,Compra Crédito,-8.7,336,9163.5
10798,396,396,7,71,8056,2022-01-20 15:20:36.209,Compra Débito,-38.59,396,765.0
10799,908,908,5,58,5704,2015-08-13 01:41:02.815,Depósito em espécie,32.7,908,1.83
10800,318,318,3,91,7562,2020-09-13 03:30:35.337,Compra Crédito,-21.0,318,43585.91
10801,666,666,7,42,8260,2022-08-12 00:03:25.569,Pix - Realizado,-315.8,666,40437.53
10802,795,795,4,35,7314,2020-01-09 07:50:32.280,Compra Crédito,-134.34,795,163.77
10803,221,221,4,45,6896,2018-11-17 15:25:47.097,Compra Crédito,-141.95,221,238.48
10804,51,51,3,13,4982,2013-08-21 08:32:08.796,Compra Débito,-14.7,51,8756.25
10805,154,154,7,33,6884,2018-11-05 16:35:01.406,Compra Crédito,-129.08,154,339.43
10806,860,860,5,55,6199,2016-12-20 00:03:53.692,Depósito em espécie,33.04,860,5.32
10807,744,744,7,7,8399,2022-12-29 08:22:41.260,Compra Débito,-76.8,744,1041.45
10808,195,195,4,45,5727,2015-09-05 08:35:33.192,Compra Crédito,-34.27,195,48.9
10809,327,327,3,98,6821,2018-09-03 12:59:01.379,Compra Débito,-31.77,327,73.88
10810,621,621,7,42,7369,2020-03-04 03:19:47.584,Depósito em espécie,132.27,621,697.1
10811,598,598,7,7,8307,2022-09-28 06:40:26.355,Compra Crédito,-13.48,598,442.26
10812,168,168,7,100,7067,2019-05-07 20:13:06.968,Compra Débito,-10.65,168,1688.88
10813,910,910,4,1,7130,2019-07-09 13:02:25.850,Depósito em espécie,11.21,910,79.63
10814,286,286,7,71,8388,2022-12-18 15:22:17.092,Depósito em espécie,14.09,286,1724.25
10815,551,551,1,32,6480,2017-09-27 20:23:40.311,Compra Débito,-49.6,551,33084.37
10816,910,910,4,1,7131,2019-07-10 17:48:51.562,Compra Débito,-40.14,910,79.63
10817,384,384,3,98,6827,2018-09-09 17:09:21.824,Compra Crédito,-38.6,384,78.72
10818,155,155,3,16,7539,2020-08-21 01:18:42.297,Compra Crédito,-79.5,155,515.96
10819,724,724,7,71,7502,2020-07-15 09:38:50.762,Compra Crédito,-41.1,724,998.2
10820,573,573,7,71,8386,2022-12-16 08:26:34.914,Pix - Recebido,699.4,573,21.88
10821,765,765,2,82,7893,2021-08-10 11:09:52.052,Pix - Realizado,-101.1,765,483.83
10822,103,103,7,42,6454,2017-09-01 12:23:18.945,Compra Crédito,-101.44,103,1008.16
10823,124,124,7,71,6377,2017-06-16 21:54:19.218,Compra Crédito,-46.95,124,71.68
10824,64,64,7,100,8219,2022-07-02 18:11:58.122,Compra Crédito,-75.33,64,682.16
10825,339,339,5,2,7768,2021-04-07 04:08:40.044,Compra Crédito,-56.15,339,663.32
10826,187,187,7,7,6347,2017-05-17 11:54:34.908,Compra Débito,-19.4,187,111.14
10827,577,577,1,61,7705,2021-02-03 23:36:11.636,Pix - Realizado,-330.9,577,9772.11
10828,950,950,3,31,6645,2018-03-11 21:14:18.986,Compra Crédito,-24.19,950,9658.42
10829,755,755,7,42,8035,2021-12-30 14:53:33.762,Pix - Realizado,-12.0,755,25.99
10830,246,246,2,86,6347,2017-05-17 23:43:15.391,Compra Débito,-6.19,246,53774.09
10831,653,653,7,71,7398,2020-04-02 01:39:49.996,Compra Débito,-17.08,653,24.9
10832,479,479,7,42,7439,2020-05-13 06:48:28.234,Compra Débito,-47.38,479,63.54
10833,485,485,3,13,4956,2013-07-26 17:37:00.815,Compra Crédito,-25.14,485,272.31
10834,542,542,7,71,6128,2016-10-10 02:50:05.802,TED - Recebido,22635.0,542,23.69
10835,839,839,5,50,8396,2022-12-26 08:11:58.459,Compra Crédito,-64.1,839,308.53
10836,474,474,7,71,7307,2020-01-02 12:25:21.025,Saque,-141.67,474,414.48
10837,768,768,7,42,8077,2022-02-10 14:06:56.426,Saque,-120.4,768,222.38
10838,21,21,2,86,4678,2012-10-21 23:36:04.261,Compra Crédito,-32.82,21,74.17
10839,260,260,7,7,7792,2021-05-01 05:58:56.734,Depósito em espécie,28.9,260,1864.93
10840,12,12,2,90,4889,2013-05-20 13:03:56.502,Compra Débito,-70.47,12,386.99
10841,772,772,3,16,5384,2014-09-27 10:14:21.999,Saque,-398.12,772,816.66
10842,112,112,4,19,8378,2022-12-08 13:01:46.051,Pix - Realizado,-307.1,112,532.48
10843,687,687,8,38,7249,2019-11-05 17:10:15.096,Compra Débito,-37.04,687,999.34
10844,914,914,5,55,5699,2015-08-08 13:27:43.562,DOC - Recebido,75520.0,914,7492.2
10845,244,244,7,14,7366,2020-03-01 10:01:47.567,Compra Débito,-40.16,244,2652.96
10846,704,704,4,57,6177,2016-11-28 14:49:07.223,Depósito em espécie,51.75,704,25.39
10847,362,362,2,85,6760,2018-07-04 03:42:12.468,Compra Crédito,-5.44,362,24.48
10848,951,951,7,33,7798,2021-05-07 09:32:41.761,Pix - Realizado,-255.8,951,9861.48
10849,188,188,8,10,6745,2018-06-19 20:29:43.911,Compra Débito,-77.23,188,84.9
10850,432,432,7,100,6958,2019-01-18 07:12:56.482,Compra Crédito,-5.35,432,15.63
10851,380,380,7,42,8042,2022-01-06 16:25:29.750,Depósito em espécie,53.02,380,4916.56
10852,388,388,3,98,5677,2015-07-17 03:21:33.212,Depósito em espécie,37.64,388,5.66
10853,209,209,7,14,6418,2017-07-27 07:38:56.006,Depósito em espécie,87.53,209,5.22
10854,840,840,7,100,8392,2022-12-22 13:54:05.377,Compra Crédito,-88.49,840,1092.15
10855,861,861,4,57,6324,2017-04-24 05:34:38.688,Compra Crédito,-15.13,861,35.17
10856,757,757,1,60,3944,2010-10-18 01:28:20.353,Compra Débito,-55.76,757,26295.87
10857,86,86,5,34,7913,2021-08-30 04:44:44.557,Pix - Realizado,-289.2,86,7186.34
10858,399,399,7,33,7950,2021-10-06 21:02:18.496,Compra Crédito,-31.05,399,2064.69
10859,229,229,7,14,7662,2020-12-22 22:01:35.956,Compra Crédito,-71.43,229,110.29
10860,189,189,7,7,7642,2020-12-02 04:20:44.701,Pix - Realizado,-482.2,189,25382.15
10861,466,466,2,95,7780,2021-04-19 17:40:50.243,Pix - Recebido,3561.6,466,61879.3
10862,51,51,3,13,4982,2013-08-21 11:19:18.115,Compra Crédito,-267.24,51,8756.25
10863,834,834,6,44,6153,2016-11-04 12:30:13.492,Depósito em espécie,36.74,834,38.68
10864,563,563,1,62,7838,2021-06-16 15:11:15.828,Compra Crédito,-43.73,563,413.35
10865,597,597,2,94,7548,2020-08-30 23:40:41.831,Depósito em espécie,20.44,597,404.1
10866,762,762,7,42,8218,2022-07-01 16:13:56.094,Pix - Recebido,592.9,762,723.01
10867,595,595,2,29,8188,2022-06-01 05:14:57.757,Compra Débito,-63.4,595,27566.85
10868,362,362,2,85,6761,2018-07-05 01:57:01.976,Compra Crédito,-15.15,362,24.48
10869,773,773,2,82,4199,2011-06-30 07:29:37.251,Compra Crédito,-61.3,773,23568.46
10870,97,97,3,13,7995,2021-11-20 05:49:15.639,Compra Débito,-18.51,97,9589.16
10871,351,351,2,94,8114,2022-03-19 03:15:07.682,Compra Débito,-159.42,351,632.44
10872,911,911,7,14,8379,2022-12-09 21:05:22.516,Compra Débito,-78.9,911,492.8
10873,742,742,1,75,5280,2014-06-15 10:57:39.666,Compra Débito,-11.17,742,29.02
10874,149,149,7,33,8196,2022-06-09 04:07:41.183,Compra Crédito,-19.73,149,1259.47
10875,899,899,1,92,7943,2021-09-29 20:17:14.741,Pix - Recebido,1751.4,899,6.64
10876,175,175,3,13,5719,2015-08-28 08:13:31.897,Compra Crédito,-26.48,175,79.74
10877,901,901,2,9,4231,2011-08-01 05:19:52.580,Depósito em espécie,76.7,901,23788.28
10878,741,741,7,100,7528,2020-08-10 00:33:32.692,Compra Crédito,-113.66,741,691.71
10879,656,656,2,81,6940,2018-12-31 04:31:34.096,Compra Crédito,-17.33,656,72005.0
10880,443,443,7,14,6550,2017-12-06 08:35:11.765,Compra Crédito,-23.35,443,37.09
10881,863,863,7,42,8405,2023-01-04 11:20:24.603,Compra Débito,-6.11,863,418.28
10882,735,735,7,7,7103,2019-06-12 01:04:53.679,Compra Débito,-21.08,735,43843.05
10883,424,424,2,76,4506,2012-05-02 01:11:26.096,Compra Débito,-5.67,424,46029.34
10884,742,742,1,75,5288,2014-06-23 18:45:08.291,Compra Crédito,-19.04,742,29.02
10885,952,952,7,14,7115,2019-06-24 00:00:43.303,Saque,-591.94,952,23583.77
10886,639,639,7,71,8241,2022-07-24 23:24:38.983,Pix - Realizado,-177.2,639,1176.54
10887,561,561,7,7,6997,2019-02-26 16:53:20.072,Compra Crédito,-55.39,561,86.17
10888,435,435,9,21,8400,2022-12-30 23:17:16.519,Saque,-129.87,435,1790.34
10889,411,411,1,75,4972,2013-08-11 16:41:16.256,Compra Crédito,-37.82,411,53894.21
10890,470,470,6,48,7764,2021-04-03 18:22:37.118,Pix - Recebido,253.8,470,585.06
10891,406,406,6,22,8400,2022-12-30 19:23:10.396,Compra Crédito,-48.27,406,166.64
10892,844,844,7,7,6590,2018-01-15 00:46:32.828,Transferência entre CC - Crédito,694.9,844,2.69
10893,745,745,3,51,7756,2021-03-26 23:26:57.804,Compra Crédito,-23.19,745,28080.44
10894,133,133,9,93,7404,2020-04-08 02:59:36.925,Compra Débito,-12.4,133,41.65
10895,766,766,3,73,4944,2013-07-14 05:32:02.090,Compra Crédito,-18.74,766,26.09
10896,325,325,1,92,4566,2012-07-01 18:36:05.446,Compra Crédito,-30.83,325,76.91
10897,179,179,3,98,4687,2012-10-30 19:13:20.713,Compra Débito,-57.71,179,57273.21
10898,827,827,6,88,8177,2022-05-21 03:51:59.361,Compra Crédito,-27.85,827,113.21
10899,122,122,7,100,7171,2019-08-19 12:14:35.430,Compra Crédito,-73.51,122,437.76
10900,713,713,1,39,5785,2015-11-02 06:50:29.894,Compra Crédito,-22.46,713,56.06
10901,211,211,9,59,8400,2022-12-30 23:56:37.462,Pix - Recebido,285.9,211,0.59
10902,957,957,3,73,5624,2015-05-25 08:40:18.023,Compra Crédito,-7.82,957,15.95
10903,460,460,7,71,7659,2020-12-19 02:45:29.479,Compra Crédito,-72.45,460,7316.98
10904,13,13,8,38,7695,2021-01-24 22:23:17.757,Pix - Realizado,-755.1,13,28351.16
10905,824,824,7,14,7398,2020-04-02 10:27:05.099,Compra Crédito,-21.9,824,32360.92
10906,708,708,3,73,7053,2019-04-23 02:50:38.334,Compra Crédito,-17.24,708,81.79
10907,770,770,7,14,7907,2021-08-24 03:04:42.062,Pix - Realizado,-110.6,770,349.01
10908,767,767,7,33,6256,2017-02-15 19:05:28.781,Depósito em espécie,143.32,767,6534.06
10909,651,651,7,7,6011,2016-06-15 18:20:32.597,Pagamento de boleto,-345.2,651,21634.01
10910,328,328,8,6,8400,2022-12-30 23:59:11.568,Compra Crédito,-23.86,328,89.76
10911,423,423,8,47,8399,2022-12-29 18:38:29.699,Compra Débito,-32.91,423,501.5
10912,900,900,1,60,8400,2022-12-30 13:26:02.614,Pix - Realizado,-158.8,900,7410.38
10913,455,455,7,7,7362,2020-02-26 04:37:18.350,Compra Débito,-19.29,455,37.34
10914,846,846,8,23,8333,2022-10-24 08:24:39.157,Pix - Realizado,-517.5,846,2090.0
10915,178,178,9,20,8163,2022-05-07 19:41:03.342,Pix - Recebido,577.8,178,1437.96
10916,403,403,1,72,4870,2013-05-01 09:49:27.272,Compra Crédito,-78.18,403,649.18
10917,131,131,1,60,3704,2010-02-20 17:32:38.380,Saque,-52.11,131,86.41
10918,237,237,2,95,7324,2020-01-19 01:33:55.894,Compra Crédito,-42.46,237,83.36
10919,149,149,7,33,8196,2022-06-09 04:10:24.398,Compra Crédito,-22.45,149,1259.47
10920,239,239,6,88,8319,2022-10-10 21:54:35.139,Compra Crédito,-63.45,239,13809.65
10921,432,432,7,100,6959,2019-01-19 16:28:49.170,Compra Débito,-11.6,432,15.63
10922,883,883,7,42,8390,2022-12-20 17:25:13.571,Pix - Realizado,-364.0,883,485.4
10923,123,123,4,57,5348,2014-08-22 06:22:57.930,Compra Débito,-9.13,123,14286.71
10924,317,317,2,95,4173,2011-06-04 16:45:41.630,Compra Crédito,-21.24,317,51156.1
10925,98,98,2,78,8104,2022-03-09 21:22:10.480,Compra Crédito,-44.75,98,1330.67
10926,101,101,7,71,7102,2019-06-11 13:08:54.168,Compra Débito,-100.93,101,7497.62
10927,712,712,7,42,8397,2022-12-27 07:27:14.713,Compra Débito,-48.17,712,450.19
10928,182,182,4,45,7196,2019-09-13 23:54:20.345,Compra Crédito,-44.8,182,13622.15
10929,803,803,7,100,8359,2022-11-19 07:04:01.115,Compra Crédito,-265.23,803,1778.51
10930,24,24,6,54,5791,2015-11-08 11:22:23.289,Compra Débito,-29.12,24,129.36
10931,204,204,7,100,7188,2019-09-05 14:25:34.875,Depósito em espécie,15.93,204,104.32
10932,466,466,2,95,7780,2021-04-19 19:01:43.907,Pix - Realizado,-970.0,466,61879.3
10933,716,716,1,36,8377,2022-12-07 14:26:12.335,Pix - Recebido,195.7,716,21.65
10934,857,857,2,70,7508,2020-07-21 06:15:09.594,TED - Recebido,66490.0,857,11040.58
10935,178,178,9,20,8165,2022-05-09 21:43:45.413,Pix - Realizado,-728.9,178,1437.96
10936,74,74,7,14,8237,2022-07-20 12:58:28.288,Compra Crédito,-18.73,74,47148.34
10937,364,364,3,16,8253,2022-08-05 06:15:10.735,Pix - Recebido,445.8,364,1783.15
10938,234,234,5,49,7484,2020-06-27 18:14:18.122,Compra Crédito,-87.91,234,1129.01
10939,70,70,6,88,6709,2018-05-14 00:45:03.675,Compra Débito,-190.93,70,22097.13
10940,210,210,3,91,6565,2017-12-21 20:38:31.091,Compra Crédito,-19.32,210,24.59
10941,144,144,7,14,6940,2018-12-31 04:21:55.391,Compra Crédito,-8.74,144,11.39
10942,484,484,1,75,5350,2014-08-24 10:44:45.538,Compra Débito,-16.95,484,103.52
10943,297,297,1,32,7978,2021-11-03 15:33:34.084,Compra Débito,-56.03,297,55701.51
10944,852,852,7,33,7393,2020-03-28 00:16:12.674,Compra Débito,-229.88,852,27073.51
10945,293,293,6,44,5922,2016-03-18 19:08:13.642,Compra Crédito,-24.28,293,226.71
10946,548,548,7,33,8400,2022-12-30 16:12:25.350,Compra Crédito,-2.79,548,3522.41
10947,404,404,4,19,7947,2021-10-03 07:38:04.559,Saque,-50.79,404,161.87
10948,760,760,1,75,4097,2011-03-20 18:50:11.264,Compra Crédito,-27.72,760,15864.55
10949,548,548,7,33,8400,2022-12-30 22:29:11.366,Compra Débito,-87.25,548,3522.41
10950,327,327,3,98,6821,2018-09-03 15:50:54.764,Compra Débito,-8.51,327,73.88
10951,538,538,7,33,8212,2022-06-25 19:04:39.224,Compra Crédito,-17.09,538,435.36
10952,476,476,2,95,4979,2013-08-18 05:33:22.460,Compra Débito,-146.41,476,234.35
10953,274,274,4,19,6620,2018-02-14 15:17:52.540,TED - Recebido,67615.0,274,16293.85
10954,370,370,7,42,7096,2019-06-05 20:14:20.201,Compra Débito,-4.77,370,1415.06
10955,620,620,7,71,7474,2020-06-17 17:44:04.280,Compra Crédito,-121.31,620,22052.71
10956,59,59,3,98,7161,2019-08-09 10:35:23.826,Depósito em espécie,36.77,59,1.8
10957,334,334,7,14,8302,2022-09-23 00:37:59.863,Compra Débito,-20.29,334,1195.42
10958,241,241,5,15,7613,2020-11-03 13:34:12.708,Compra Crédito,-106.52,241,536.84
10959,535,535,7,33,7094,2019-06-03 02:02:08.157,Compra Débito,-18.94,535,31.05
10960,557,557,2,29,6887,2018-11-08 09:31:56.423,Compra Crédito,-279.57,557,41512.44
10961,326,326,7,100,8400,2022-12-30 22:45:58.840,Compra Débito,-158.76,326,3626.75
10962,971,971,1,61,5937,2016-04-02 03:22:33.907,Compra Débito,-59.09,971,73.87
10963,739,739,7,100,7419,2020-04-23 04:04:36.917,Compra Crédito,-34.59,739,14568.3
10964,828,828,2,24,5006,2013-09-14 20:12:46.294,Depósito em espécie,27.77,828,1.1
10965,272,272,2,24,5432,2014-11-14 09:55:49.346,Compra Crédito,-14.47,272,56695.45
10966,90,90,1,11,5540,2015-03-02 05:37:41.946,Compra Crédito,-55.64,90,22210.21
10967,172,172,7,42,6326,2017-04-26 13:18:23.450,Compra Crédito,-76.29,172,187.41
10968,504,504,7,42,7056,2019-04-26 06:45:45.288,Saque,-114.27,504,941.58
10969,895,895,7,14,5966,2016-05-01 17:34:41.148,Compra Débito,-267.79,895,386.08
10970,223,223,7,14,7555,2020-09-06 10:21:52.354,Depósito em espécie,29.48,223,13.51
10971,212,212,7,14,8310,2022-10-01 12:55:17.751,Compra Crédito,-94.65,212,275.77
10972,232,232,5,15,8381,2022-12-11 13:53:48.166,Compra Crédito,-104.07,232,16812.45
10973,833,833,7,14,8399,2022-12-29 10:26:13.100,Pix - Realizado,-1051.4,833,7112.52
10974,334,334,7,14,8393,2022-12-23 17:24:37.619,Compra Crédito,-12.9,334,1195.42
10975,576,576,7,14,6408,2017-07-17 05:05:38.683,Saque,-160.61,576,5024.21
10976,304,304,7,42,7417,2020-04-21 20:23:52.618,Compra Crédito,-225.79,304,60127.5
10977,869,869,3,98,7786,2021-04-25 05:06:46.339,Pix - Recebido,245.8,869,135.54
10978,534,534,7,42,7963,2021-10-19 03:18:43.673,Compra Crédito,-6.08,534,31.94
10979,911,911,7,14,8379,2022-12-09 22:55:03.438,Pix - Recebido,196.4,911,492.8
10980,763,763,6,4,6982,2019-02-11 16:08:15.937,Depósito em espécie,298.14,763,3.04
10981,613,613,1,26,3690,2010-02-06 22:41:20.349,Compra Débito,-27.66,613,5863.47
10982,446,446,7,33,7152,2019-07-31 09:05:23.172,Compra Débito,-52.12,446,204.27
10983,762,762,7,42,8218,2022-07-01 16:52:06.427,Pix - Realizado,-47.1,762,723.01
10984,256,256,7,42,8103,2022-03-08 15:03:10.626,Pix - Recebido,182.2,256,648.1
10985,686,686,8,37,8399,2022-12-29 18:20:37.453,Compra Débito,-218.44,686,3154.29
10986,78,78,7,42,8387,2022-12-17 08:19:30.602,Compra Crédito,-15.46,78,1075.63
10987,67,67,9,46,8399,2022-12-29 21:43:29.240,Transferência entre CC - Débito,-280.2,67,33480.7
10988,834,834,6,44,6153,2016-11-04 13:14:51.784,Compra Crédito,-10.32,834,38.68
10989,114,114,7,33,8023,2021-12-18 18:01:27.901,Compra Crédito,-236.68,114,7855.66
10990,702,702,7,42,8251,2022-08-03 08:14:30.095,Pix - Realizado,-402.3,702,2887.37
10991,326,326,7,100,8400,2022-12-30 23:25:32.268,Saque,-165.88,326,3626.75
10992,922,922,7,100,6692,2018-04-27 19:42:58.534,Compra Crédito,-6.16,922,39.71
10993,26,26,8,38,7966,2021-10-22 06:51:01.985,Pix - Recebido,368.8,26,1736.37
10994,481,481,7,42,8304,2022-09-25 04:04:08.278,Pix - Realizado,-99.9,481,107.1
10995,5,5,6,48,5759,2015-10-07 12:03:06.543,Compra Crédito,-22.03,5,58.36
10996,643,643,7,7,7401,2020-04-05 10:05:02.717,Compra Débito,-18.95,643,2860.45
10997,545,545,7,7,7409,2020-04-13 09:40:10.888,Compra Débito,-8.58,545,32664.41
10998,517,517,4,35,8231,2022-07-14 04:28:18.245,Compra Débito,-93.88,517,102.72
10999,885,885,7,14,7290,2019-12-16 02:25:51.858,Compra Crédito,-450.4,885,29102.28
